model,sequence,frame,gt_persons,ignore_regions,predictions_ap_floor,tp,fp,fn,precision,recall,f1,matched_mask_iou,matched_dice,ignored_predictions,predictions_at_confidence
yolov9c-seg.pt,MOTS20-02,1,12,1,126,8,0,4,1.0,0.6666666666666666,0.8,0.753457115956784,0.8571569776645422,4,12
yolov9c-seg.pt,MOTS20-02,2,13,1,133,8,0,5,1.0,0.6153846153846154,0.7619047619047619,0.7444494130689596,0.8498753430262036,4,12
yolov9c-seg.pt,MOTS20-02,3,13,1,129,10,0,3,1.0,0.7692307692307693,0.8695652173913043,0.7171070436026623,0.8312459397490176,5,15
yolov9c-seg.pt,MOTS20-02,4,13,1,126,10,0,3,1.0,0.7692307692307693,0.8695652173913043,0.7307227007598062,0.841379477295963,4,14
yolov9c-seg.pt,MOTS20-02,5,15,1,134,10,0,5,1.0,0.6666666666666666,0.8,0.7299256877812722,0.8410790151794092,4,14
yolov9c-seg.pt,MOTS20-02,6,15,1,135,9,0,6,1.0,0.6,0.75,0.7365679519632083,0.8446195914146778,3,12
yolov9c-seg.pt,MOTS20-02,7,15,1,133,10,0,5,1.0,0.6666666666666666,0.8,0.7416169481989563,0.848442967574989,3,13
yolov9c-seg.pt,MOTS20-02,8,15,1,141,11,0,4,1.0,0.7333333333333333,0.8461538461538461,0.7198940329153682,0.832602774758215,2,13
yolov9c-seg.pt,MOTS20-02,9,15,1,144,11,0,4,1.0,0.7333333333333333,0.8461538461538461,0.7246342708979303,0.8356653340035323,2,13
yolov9c-seg.pt,MOTS20-02,10,15,1,137,11,0,4,1.0,0.7333333333333333,0.8461538461538461,0.7283346293641512,0.8380613111149778,3,14
yolov9c-seg.pt,MOTS20-02,11,14,1,135,11,0,3,1.0,0.7857142857142857,0.88,0.7295505609019799,0.8384889514162102,3,14
yolov9c-seg.pt,MOTS20-02,12,14,1,147,11,0,3,1.0,0.7857142857142857,0.88,0.7273871891904032,0.8367014081267983,3,14
yolov9c-seg.pt,MOTS20-02,13,14,1,132,11,1,3,0.9166666666666666,0.7857142857142857,0.8461538461538461,0.7109710569923903,0.8252972658666727,3,15
yolov9c-seg.pt,MOTS20-02,14,14,1,138,9,3,5,0.75,0.6428571428571429,0.6923076923076923,0.7547177857935782,0.8577594321267505,4,16
yolov9c-seg.pt,MOTS20-02,15,14,1,136,8,1,6,0.8888888888888888,0.5714285714285714,0.6956521739130435,0.742934874865596,0.849086633128369,2,11
yolov9c-seg.pt,MOTS20-02,16,13,1,133,10,0,3,1.0,0.7692307692307693,0.8695652173913043,0.7248804131577953,0.8354900765130422,2,12
yolov9c-seg.pt,MOTS20-02,17,13,1,140,8,1,5,0.8888888888888888,0.6153846153846154,0.7272727272727273,0.7649838644118462,0.8646208830192743,3,12
yolov9c-seg.pt,MOTS20-02,18,13,1,159,9,0,4,1.0,0.6923076923076923,0.8181818181818182,0.7390356085460531,0.8458915590641335,2,11
yolov9c-seg.pt,MOTS20-02,19,13,1,151,10,0,3,1.0,0.7692307692307693,0.8695652173913043,0.7359348890090338,0.8424001605016963,2,12
yolov9c-seg.pt,MOTS20-02,20,13,1,143,8,2,5,0.8,0.6153846153846154,0.6956521739130435,0.7887086657089759,0.8807338675561374,2,12
yolov9c-seg.pt,MOTS20-02,21,13,1,144,8,0,5,1.0,0.6153846153846154,0.7619047619047619,0.7855698438581915,0.8786892061762841,2,10
yolov9c-seg.pt,MOTS20-02,22,13,1,150,8,0,5,1.0,0.6153846153846154,0.7619047619047619,0.7761654857684162,0.8729253021477636,3,11
yolov9c-seg.pt,MOTS20-02,23,13,1,151,9,0,4,1.0,0.6923076923076923,0.8181818181818182,0.7553642019786593,0.8578824920543657,3,12
yolov9c-seg.pt,MOTS20-02,24,14,1,133,7,0,7,1.0,0.5,0.6666666666666666,0.7644912080032907,0.8636233070169784,4,11
yolov9c-seg.pt,MOTS20-02,25,14,1,132,8,0,6,1.0,0.5714285714285714,0.7272727272727273,0.7671846843277776,0.8655867534384791,4,12
yolov9c-seg.pt,MOTS20-02,26,14,1,144,7,0,7,1.0,0.5,0.6666666666666666,0.7709051926401976,0.8688918183252383,4,11
yolov9c-seg.pt,MOTS20-02,27,14,1,130,7,1,7,0.875,0.5,0.6363636363636364,0.7831362857508875,0.8772607386749627,3,11
yolov9c-seg.pt,MOTS20-02,28,14,1,142,7,1,7,0.875,0.5,0.6363636363636364,0.7941263435601169,0.8841044838019195,4,12
yolov9c-seg.pt,MOTS20-02,29,14,1,144,10,1,4,0.9090909090909091,0.7142857142857143,0.8,0.7272587480200263,0.8388208545065219,4,15
yolov9c-seg.pt,MOTS20-02,30,14,1,140,8,2,6,0.8,0.5714285714285714,0.6666666666666666,0.7628728981485087,0.8636776768079167,4,14
yolov9c-seg.pt,MOTS20-02,31,14,1,140,8,1,6,0.8888888888888888,0.5714285714285714,0.6956521739130435,0.7554564856436652,0.8587798145324299,4,13
yolov9c-seg.pt,MOTS20-02,32,14,1,150,8,2,6,0.8,0.5714285714285714,0.6666666666666666,0.7475299044159728,0.8523849831571686,3,13
yolov9c-seg.pt,MOTS20-02,33,14,1,133,10,2,4,0.8333333333333334,0.7142857142857143,0.7692307692307693,0.726030290649163,0.837071708378432,3,15
yolov9c-seg.pt,MOTS20-02,34,14,1,133,9,2,5,0.8181818181818182,0.6428571428571429,0.72,0.756567625560581,0.859799657843222,6,17
yolov9c-seg.pt,MOTS20-02,35,14,1,139,8,2,6,0.8,0.5714285714285714,0.6666666666666666,0.7631714161764219,0.8639233071105441,4,14
yolov9c-seg.pt,MOTS20-02,36,14,1,128,8,4,6,0.6666666666666666,0.5714285714285714,0.6153846153846154,0.7597877358622185,0.8621813541419172,4,16
yolov9c-seg.pt,MOTS20-02,37,14,1,130,10,0,4,1.0,0.7142857142857143,0.8333333333333334,0.7290657467790915,0.8395032045393748,3,13
yolov9c-seg.pt,MOTS20-02,38,14,1,141,10,0,4,1.0,0.7142857142857143,0.8333333333333334,0.7494232995552176,0.8546096646047937,3,13
yolov9c-seg.pt,MOTS20-02,39,14,1,153,9,0,5,1.0,0.6428571428571429,0.782608695652174,0.7514642261793889,0.8550148319973224,5,14
yolov9c-seg.pt,MOTS20-02,40,13,1,145,9,1,4,0.9,0.6923076923076923,0.782608695652174,0.7299104866410238,0.8406459749520243,2,12
yolov9c-seg.pt,MOTS20-02,41,13,1,138,10,1,3,0.9090909090909091,0.7692307692307693,0.8333333333333334,0.7505050489455541,0.8556264816824397,2,13
yolov9c-seg.pt,MOTS20-02,42,13,1,135,10,0,3,1.0,0.7692307692307693,0.8695652173913043,0.7493900501643467,0.8537812851869353,2,12
yolov9c-seg.pt,MOTS20-02,43,13,1,129,10,0,3,1.0,0.7692307692307693,0.8695652173913043,0.7529107106253796,0.8564675424667776,2,12
yolov9c-seg.pt,MOTS20-02,44,12,1,131,9,1,3,0.9,0.75,0.8181818181818182,0.7391434695878503,0.8473387144113339,4,14
yolov9c-seg.pt,MOTS20-02,45,12,1,130,8,1,4,0.8888888888888888,0.6666666666666666,0.7619047619047619,0.7490227138121327,0.8537021255313626,3,12
yolov9c-seg.pt,MOTS20-02,46,12,1,129,9,0,3,1.0,0.75,0.8571428571428571,0.728960907926618,0.8397667810574598,2,11
yolov9c-seg.pt,MOTS20-02,47,12,1,147,9,1,3,0.9,0.75,0.8181818181818182,0.7348630981114943,0.8435502064962535,3,13
yolov9c-seg.pt,MOTS20-02,48,13,1,147,9,2,4,0.8181818181818182,0.6923076923076923,0.75,0.7428259016503473,0.8481912233539232,2,13
yolov9c-seg.pt,MOTS20-02,49,13,1,149,8,1,5,0.8888888888888888,0.6153846153846154,0.7272727272727273,0.7416178612667574,0.8474393111138661,2,11
yolov9c-seg.pt,MOTS20-02,50,13,1,138,9,1,4,0.9,0.6923076923076923,0.782608695652174,0.7366228264155648,0.8446169585528882,2,12
yolov9c-seg.pt,MOTS20-02,51,13,1,137,10,2,3,0.8333333333333334,0.7692307692307693,0.8,0.7156299885223134,0.8281334182434932,3,15
yolov9c-seg.pt,MOTS20-02,52,12,1,134,9,2,3,0.8181818181818182,0.75,0.782608695652174,0.7250972431977627,0.8356603785753289,1,12
yolov9c-seg.pt,MOTS20-02,53,12,1,125,8,2,4,0.8,0.6666666666666666,0.7272727272727273,0.754062891429985,0.8566668422994175,2,12
yolov9c-seg.pt,MOTS20-02,54,13,1,126,9,2,4,0.8181818181818182,0.6923076923076923,0.75,0.7236826799416869,0.8353822862873881,2,13
yolov9c-seg.pt,MOTS20-02,55,13,1,128,8,3,5,0.7272727272727273,0.6153846153846154,0.6666666666666666,0.7424837348236051,0.850075337377042,3,14
yolov9c-seg.pt,MOTS20-02,56,13,1,138,8,5,5,0.6153846153846154,0.6153846153846154,0.6153846153846154,0.7358886985259472,0.8444373121245639,2,15
yolov9c-seg.pt,MOTS20-02,57,12,1,140,7,4,5,0.6363636363636364,0.5833333333333334,0.6086956521739131,0.7506760067942926,0.8552554843896021,3,14
yolov9c-seg.pt,MOTS20-02,58,12,1,144,7,3,5,0.7,0.5833333333333334,0.6363636363636364,0.7363074340387302,0.8454604651316467,4,14
yolov9c-seg.pt,MOTS20-02,59,12,1,134,7,2,5,0.7777777777777778,0.5833333333333334,0.6666666666666666,0.7172021276767772,0.8330048926867316,4,13
yolov9c-seg.pt,MOTS20-02,60,12,1,134,7,2,5,0.7777777777777778,0.5833333333333334,0.6666666666666666,0.7298647319310583,0.8413540011333727,3,12
yolov9c-seg.pt,MOTS20-02,61,12,1,132,8,3,4,0.7272727272727273,0.6666666666666666,0.6956521739130435,0.7114981834098655,0.8262820383627425,3,14
yolov9c-seg.pt,MOTS20-02,62,12,1,148,8,3,4,0.7272727272727273,0.6666666666666666,0.6956521739130435,0.7450215770379579,0.8511917916294576,4,15
yolov9c-seg.pt,MOTS20-02,63,12,1,134,8,4,4,0.6666666666666666,0.6666666666666666,0.6666666666666666,0.735755781792249,0.8456908353569181,4,16
yolov9c-seg.pt,MOTS20-02,64,12,1,145,7,3,5,0.7,0.5833333333333334,0.6363636363636364,0.7515920569374842,0.8553900728627314,4,14
yolov9c-seg.pt,MOTS20-02,65,11,1,138,7,2,4,0.7777777777777778,0.6363636363636364,0.7,0.7708504782711297,0.8695790497359225,4,13
yolov9c-seg.pt,MOTS20-02,66,12,1,136,7,2,5,0.7777777777777778,0.5833333333333334,0.6666666666666666,0.75566091519497,0.8587323844260647,3,12
yolov9c-seg.pt,MOTS20-02,67,12,1,146,7,2,5,0.7777777777777778,0.5833333333333334,0.6666666666666666,0.7533098395455277,0.8571573874580066,2,11
yolov9c-seg.pt,MOTS20-02,68,12,1,144,7,0,5,1.0,0.5833333333333334,0.7368421052631579,0.7548072993440246,0.8586199948092441,3,10
yolov9c-seg.pt,MOTS20-02,69,12,1,136,7,0,5,1.0,0.5833333333333334,0.7368421052631579,0.7436233529580305,0.8504481752250239,3,10
yolov9c-seg.pt,MOTS20-02,70,12,1,135,7,0,5,1.0,0.5833333333333334,0.7368421052631579,0.7594255938163831,0.8617862965608906,3,10
yolov9c-seg.pt,MOTS20-02,71,12,1,130,7,1,5,0.875,0.5833333333333334,0.7,0.757737817802265,0.8588828011424832,4,12
yolov9c-seg.pt,MOTS20-02,72,12,1,126,8,0,4,1.0,0.6666666666666666,0.8,0.7389263853514353,0.8448232823158437,4,12
yolov9c-seg.pt,MOTS20-02,73,12,1,123,7,1,5,0.875,0.5833333333333334,0.7,0.7668612212531228,0.8658000865747901,3,11
yolov9c-seg.pt,MOTS20-02,74,12,1,137,8,0,4,1.0,0.6666666666666666,0.8,0.7541807204687031,0.8562807564546908,5,13
yolov9c-seg.pt,MOTS20-02,75,12,1,125,8,1,4,0.8888888888888888,0.6666666666666666,0.7619047619047619,0.7698794935013183,0.8671800915169139,4,13
yolov9c-seg.pt,MOTS20-02,76,12,1,127,8,1,4,0.8888888888888888,0.6666666666666666,0.7619047619047619,0.749719933856535,0.8536624293414341,4,13
yolov9c-seg.pt,MOTS20-02,77,12,1,126,7,1,5,0.875,0.5833333333333334,0.7,0.7680431095772562,0.8664562915565958,4,12
yolov9c-seg.pt,MOTS20-02,78,12,1,142,7,1,5,0.875,0.5833333333333334,0.7,0.7588298915195202,0.859734669680056,5,13
yolov9c-seg.pt,MOTS20-02,79,12,1,144,7,1,5,0.875,0.5833333333333334,0.7,0.7521932263513555,0.8549268525193459,3,11
yolov9c-seg.pt,MOTS20-02,80,12,1,139,7,0,5,1.0,0.5833333333333334,0.7368421052631579,0.757013582584965,0.8585136764369029,2,9
yolov9c-seg.pt,MOTS20-02,81,11,1,150,8,0,3,1.0,0.7272727272727273,0.8421052631578947,0.7379390759840443,0.846582115068012,3,11
yolov9c-seg.pt,MOTS20-02,82,11,1,147,8,1,3,0.8888888888888888,0.7272727272727273,0.8,0.7384431456607501,0.8467194828877305,1,10
yolov9c-seg.pt,MOTS20-02,83,11,1,142,8,1,3,0.8888888888888888,0.7272727272727273,0.8,0.7218301406986894,0.8353182601061451,1,10
yolov9c-seg.pt,MOTS20-02,84,11,1,137,8,0,3,1.0,0.7272727272727273,0.8421052631578947,0.730730138367206,0.841602322247551,2,10
yolov9c-seg.pt,MOTS20-02,85,11,1,144,7,1,4,0.875,0.6363636363636364,0.7368421052631579,0.7663407093740708,0.8665884791816724,2,10
yolov9c-seg.pt,MOTS20-02,86,11,1,145,7,0,4,1.0,0.6363636363636364,0.7777777777777778,0.7583786893995919,0.8602212106658753,2,9
yolov9c-seg.pt,MOTS20-02,87,11,1,148,7,0,4,1.0,0.6363636363636364,0.7777777777777778,0.7592552837386312,0.8616749419834344,2,9
yolov9c-seg.pt,MOTS20-02,88,11,1,141,7,1,4,0.875,0.6363636363636364,0.7368421052631579,0.7540268223636003,0.8583105187308134,1,9
yolov9c-seg.pt,MOTS20-02,89,11,1,136,7,0,4,1.0,0.6363636363636364,0.7777777777777778,0.754277107185053,0.8587157161206979,3,10
yolov9c-seg.pt,MOTS20-02,90,11,1,129,7,0,4,1.0,0.6363636363636364,0.7777777777777778,0.740827093974257,0.849360795138611,3,10
yolov9c-seg.pt,MOTS20-02,91,11,1,130,7,0,4,1.0,0.6363636363636364,0.7777777777777778,0.7553132290948099,0.8594864381392435,3,10
yolov9c-seg.pt,MOTS20-02,92,11,1,132,7,0,4,1.0,0.6363636363636364,0.7777777777777778,0.7512473746678935,0.8565023984761965,3,10
yolov9c-seg.pt,MOTS20-02,93,11,1,144,7,0,4,1.0,0.6363636363636364,0.7777777777777778,0.7533880689769843,0.8575280575483467,3,10
yolov9c-seg.pt,MOTS20-02,94,11,1,136,8,0,3,1.0,0.7272727272727273,0.8421052631578947,0.7364958336091227,0.8440518504974815,1,9
yolov9c-seg.pt,MOTS20-02,95,11,1,128,7,2,4,0.7777777777777778,0.6363636363636364,0.7,0.7541603067243924,0.8584628630320511,2,11
yolov9c-seg.pt,MOTS20-02,96,11,1,129,9,2,2,0.8181818181818182,0.8181818181818182,0.8181818181818182,0.7327740881245437,0.843614536872288,2,13
yolov9c-seg.pt,MOTS20-02,97,11,1,129,8,1,3,0.8888888888888888,0.7272727272727273,0.8,0.7388955126042165,0.8477270399927319,3,12
yolov9c-seg.pt,MOTS20-02,98,11,1,131,8,2,3,0.8,0.7272727272727273,0.7619047619047619,0.7325959294294851,0.8425330194561989,2,12
yolov9c-seg.pt,MOTS20-02,99,11,1,141,9,0,2,1.0,0.8181818181818182,0.9,0.7114139697853809,0.8255397084464341,1,10
yolov9c-seg.pt,MOTS20-02,100,11,1,125,8,0,3,1.0,0.7272727272727273,0.8421052631578947,0.7192146211683106,0.8324254333966956,1,9
yolov9c-seg.pt,MOTS20-02,101,12,1,127,8,0,4,1.0,0.6666666666666666,0.8,0.7137170417937744,0.8277932657368048,1,9
yolov9c-seg.pt,MOTS20-02,102,12,1,127,8,0,4,1.0,0.6666666666666666,0.8,0.7181446239610216,0.8318166108640601,1,9
yolov9c-seg.pt,MOTS20-02,103,11,1,116,8,3,3,0.7272727272727273,0.7272727272727273,0.7272727272727273,0.7236479085497868,0.835609186713397,1,12
yolov9c-seg.pt,MOTS20-02,104,11,1,134,8,2,3,0.8,0.7272727272727273,0.7619047619047619,0.7254038032984182,0.8374331400852701,1,11
yolov9c-seg.pt,MOTS20-02,105,11,1,131,7,2,4,0.7777777777777778,0.6363636363636364,0.7,0.7290322760724907,0.8388875430496993,0,9
yolov9c-seg.pt,MOTS20-02,106,11,1,128,7,0,4,1.0,0.6363636363636364,0.7777777777777778,0.7248427528843485,0.834113443805231,0,7
yolov9c-seg.pt,MOTS20-02,107,11,1,139,6,1,5,0.8571428571428571,0.5454545454545454,0.6666666666666666,0.7584381853592377,0.8596952307631119,2,9
yolov9c-seg.pt,MOTS20-02,108,11,1,139,7,1,4,0.875,0.6363636363636364,0.7368421052631579,0.7285379393405574,0.8372215288083319,2,10
yolov9c-seg.pt,MOTS20-02,109,11,1,143,6,0,5,1.0,0.5454545454545454,0.7058823529411765,0.7569226017319735,0.8581959107311942,2,8
yolov9c-seg.pt,MOTS20-02,110,11,1,136,7,0,4,1.0,0.6363636363636364,0.7777777777777778,0.734307790715029,0.8415036332427123,1,8
yolov9c-seg.pt,MOTS20-02,111,11,1,128,7,0,4,1.0,0.6363636363636364,0.7777777777777778,0.7350914523997775,0.842086678189438,2,9
yolov9c-seg.pt,MOTS20-02,112,11,1,137,6,0,5,1.0,0.5454545454545454,0.7058823529411765,0.7681281214907578,0.8652985867058195,2,8
yolov9c-seg.pt,MOTS20-02,113,11,1,140,7,0,4,1.0,0.6363636363636364,0.7777777777777778,0.7441604823886688,0.8489279473072908,2,9
yolov9c-seg.pt,MOTS20-02,114,11,1,138,8,0,3,1.0,0.7272727272727273,0.8421052631578947,0.7383904937410308,0.8453738371341513,1,9
yolov9c-seg.pt,MOTS20-02,115,11,1,133,7,0,4,1.0,0.6363636363636364,0.7777777777777778,0.7284238442796699,0.8382299282431046,1,8
yolov9c-seg.pt,MOTS20-02,116,11,1,137,8,0,3,1.0,0.7272727272727273,0.8421052631578947,0.7318643634031817,0.8417818403276149,1,9
yolov9c-seg.pt,MOTS20-02,117,11,1,131,9,0,2,1.0,0.8181818181818182,0.9,0.7522163538729565,0.8555960699216274,1,10
yolov9c-seg.pt,MOTS20-02,118,11,1,119,9,0,2,1.0,0.8181818181818182,0.9,0.7384312626910141,0.8468007172073568,2,11
yolov9c-seg.pt,MOTS20-02,119,11,1,133,9,1,2,0.9,0.8181818181818182,0.8571428571428571,0.7457604963196977,0.8515557925884596,1,11
yolov9c-seg.pt,MOTS20-02,120,11,1,120,9,0,2,1.0,0.8181818181818182,0.9,0.7392819038699938,0.847071427840588,0,9
yolov9c-seg.pt,MOTS20-02,121,11,1,113,9,0,2,1.0,0.8181818181818182,0.9,0.7390638631585159,0.8476500604087671,0,9
yolov9c-seg.pt,MOTS20-02,122,11,1,125,8,0,3,1.0,0.7272727272727273,0.8421052631578947,0.7429105931250823,0.8485803993016343,1,9
yolov9c-seg.pt,MOTS20-02,123,11,1,119,9,0,2,1.0,0.8181818181818182,0.9,0.7231556646400471,0.8354021326689454,1,10
yolov9c-seg.pt,MOTS20-02,124,11,1,123,9,0,2,1.0,0.8181818181818182,0.9,0.7023009997552325,0.820228732897086,1,10
yolov9c-seg.pt,MOTS20-02,125,11,1,121,9,1,2,0.9,0.8181818181818182,0.8571428571428571,0.7083725111778296,0.8249040172207236,2,12
yolov9c-seg.pt,MOTS20-02,126,11,1,120,8,2,3,0.8,0.7272727272727273,0.7619047619047619,0.7205456671226405,0.8333004267829223,1,11
yolov9c-seg.pt,MOTS20-02,127,11,1,134,8,0,3,1.0,0.7272727272727273,0.8421052631578947,0.7072543471667759,0.8234465061100147,3,11
yolov9c-seg.pt,MOTS20-02,128,12,1,129,8,1,4,0.8888888888888888,0.6666666666666666,0.7619047619047619,0.7091283468325564,0.8235507561280287,3,12
yolov9c-seg.pt,MOTS20-02,129,12,1,140,8,1,4,0.8888888888888888,0.6666666666666666,0.7619047619047619,0.6970897141583687,0.8128694682124223,3,12
yolov9c-seg.pt,MOTS20-02,130,11,1,139,7,0,4,1.0,0.6363636363636364,0.7777777777777778,0.7381155286572633,0.8445698139938251,2,9
yolov9c-seg.pt,MOTS20-02,131,12,1,141,8,0,4,1.0,0.6666666666666666,0.8,0.7274021333856726,0.8369787237678583,2,10
yolov9c-seg.pt,MOTS20-02,132,12,1,136,9,0,3,1.0,0.75,0.8571428571428571,0.7232692502119694,0.8347082041558849,2,11
yolov9c-seg.pt,MOTS20-02,133,13,1,128,9,0,4,1.0,0.6923076923076923,0.8181818181818182,0.7315574390498782,0.8409898168297053,2,11
yolov9c-seg.pt,MOTS20-02,134,14,1,122,10,0,4,1.0,0.7142857142857143,0.8333333333333334,0.7195798820704551,0.8324168040530473,1,11
yolov9c-seg.pt,MOTS20-02,135,14,1,129,9,0,5,1.0,0.6428571428571429,0.782608695652174,0.7173679624751015,0.8306136950326107,1,10
yolov9c-seg.pt,MOTS20-02,136,14,1,138,8,0,6,1.0,0.5714285714285714,0.7272727272727273,0.7292110251578372,0.8389628408329204,1,9
yolov9c-seg.pt,MOTS20-02,137,14,1,141,7,0,7,1.0,0.5,0.6666666666666666,0.732546722426326,0.8393336575944209,3,10
yolov9c-seg.pt,MOTS20-02,138,14,1,146,8,1,6,0.8888888888888888,0.5714285714285714,0.6956521739130435,0.7143546484481964,0.8280140129137313,1,10
yolov9c-seg.pt,MOTS20-02,139,13,1,144,8,1,5,0.8888888888888888,0.6153846153846154,0.7272727272727273,0.7152517115401114,0.8287566436206678,1,10
yolov9c-seg.pt,MOTS20-02,140,13,1,127,8,1,5,0.8888888888888888,0.6153846153846154,0.7272727272727273,0.711593210811169,0.8259056643398082,2,11
yolov9c-seg.pt,MOTS20-02,141,13,1,133,7,0,6,1.0,0.5384615384615384,0.7,0.7292463541651182,0.8392224864514395,0,7
yolov9c-seg.pt,MOTS20-02,142,13,1,127,7,0,6,1.0,0.5384615384615384,0.7,0.7367572475267943,0.8435141835443465,2,9
yolov9c-seg.pt,MOTS20-02,143,13,1,124,8,0,5,1.0,0.6153846153846154,0.7619047619047619,0.7116342878428397,0.8263673223060075,1,9
yolov9c-seg.pt,MOTS20-02,144,13,1,131,8,0,5,1.0,0.6153846153846154,0.7619047619047619,0.7271606487599087,0.836393365185488,0,8
yolov9c-seg.pt,MOTS20-02,145,13,1,124,8,1,5,0.8888888888888888,0.6153846153846154,0.7272727272727273,0.7469328920820748,0.8517359789451839,0,9
yolov9c-seg.pt,MOTS20-02,146,13,1,143,10,1,3,0.9090909090909091,0.7692307692307693,0.8333333333333334,0.7249084965360335,0.8358189705611497,1,12
yolov9c-seg.pt,MOTS20-02,147,13,1,134,9,1,4,0.9,0.6923076923076923,0.782608695652174,0.7496204536286684,0.8531579464942077,1,11
yolov9c-seg.pt,MOTS20-02,148,13,1,125,9,1,4,0.9,0.6923076923076923,0.782608695652174,0.7496556087866212,0.853895185893711,2,12
yolov9c-seg.pt,MOTS20-02,149,13,1,133,10,1,3,0.9090909090909091,0.7692307692307693,0.8333333333333334,0.7471118493565572,0.8523953344143708,2,13
yolov9c-seg.pt,MOTS20-02,150,13,1,149,9,2,4,0.8181818181818182,0.6923076923076923,0.75,0.752801635623985,0.8565032525100599,1,12
yolov9c-seg.pt,MOTS20-02,151,13,1,132,10,2,3,0.8333333333333334,0.7692307692307693,0.8,0.7281547610176757,0.8396296687915825,2,14
yolov9c-seg.pt,MOTS20-02,152,13,1,138,11,2,2,0.8461538461538461,0.8461538461538461,0.8461538461538461,0.719032920798944,0.8324053339916084,0,13
yolov9c-seg.pt,MOTS20-02,153,14,1,129,11,1,3,0.9166666666666666,0.7857142857142857,0.8461538461538461,0.7061119632810653,0.8225973177192348,1,13
yolov9c-seg.pt,MOTS20-02,154,14,1,137,10,1,4,0.9090909090909091,0.7142857142857143,0.8,0.7285203522926235,0.8389187611245335,0,11
yolov9c-seg.pt,MOTS20-02,155,14,1,132,10,1,4,0.9090909090909091,0.7142857142857143,0.8,0.7098116555238082,0.8264203030158516,0,11
yolov9c-seg.pt,MOTS20-02,156,14,1,121,10,1,4,0.9090909090909091,0.7142857142857143,0.8,0.7122415530133621,0.8285495052538154,0,11
yolov9c-seg.pt,MOTS20-02,157,14,1,131,10,1,4,0.9090909090909091,0.7142857142857143,0.8,0.7204362870258094,0.8336583708621387,0,11
yolov9c-seg.pt,MOTS20-02,158,13,1,131,8,2,5,0.8,0.6153846153846154,0.6956521739130435,0.7659420949720129,0.8650505504543805,2,12
yolov9c-seg.pt,MOTS20-02,159,13,1,131,8,2,5,0.8,0.6153846153846154,0.6956521739130435,0.772250820432629,0.8692948157446874,1,11
yolov9c-seg.pt,MOTS20-02,160,13,1,121,8,2,5,0.8,0.6153846153846154,0.6956521739130435,0.7723639402359413,0.8688828361674072,1,11
yolov9c-seg.pt,MOTS20-02,161,12,1,121,9,1,3,0.9,0.75,0.8181818181818182,0.737740451687919,0.8440033657675134,1,11
yolov9c-seg.pt,MOTS20-02,162,12,1,119,9,2,3,0.8181818181818182,0.75,0.782608695652174,0.7428552580035178,0.8474472430483777,1,12
yolov9c-seg.pt,MOTS20-02,163,12,1,117,9,2,3,0.8181818181818182,0.75,0.782608695652174,0.7343848042912756,0.8414425968950249,1,12
yolov9c-seg.pt,MOTS20-02,164,12,1,117,9,2,3,0.8181818181818182,0.75,0.782608695652174,0.7441801628343714,0.8489008464453635,1,12
yolov9c-seg.pt,MOTS20-02,165,12,1,113,9,2,3,0.8181818181818182,0.75,0.782608695652174,0.7440601096386517,0.8486843190938917,1,12
yolov9c-seg.pt,MOTS20-02,166,12,1,114,9,3,3,0.75,0.75,0.75,0.7534836267512164,0.8552168337516771,0,12
yolov9c-seg.pt,MOTS20-02,167,12,1,119,9,3,3,0.75,0.75,0.75,0.7393876949179103,0.8460035360272666,2,14
yolov9c-seg.pt,MOTS20-02,168,12,1,120,9,3,3,0.75,0.75,0.75,0.746690972213016,0.8508798807364051,1,13
yolov9c-seg.pt,MOTS20-02,169,12,1,116,9,3,3,0.75,0.75,0.75,0.7415804024132749,0.845037957805143,1,13
yolov9c-seg.pt,MOTS20-02,170,12,1,122,8,3,4,0.7272727272727273,0.6666666666666666,0.6956521739130435,0.7691514330555134,0.8648538710248956,1,12
yolov9c-seg.pt,MOTS20-02,171,12,1,117,8,3,4,0.7272727272727273,0.6666666666666666,0.6956521739130435,0.7752151255442638,0.8692541286573264,1,12
yolov9c-seg.pt,MOTS20-02,172,13,1,126,7,3,6,0.7,0.5384615384615384,0.6086956521739131,0.7793495599922646,0.8706954904059243,1,11
yolov9c-seg.pt,MOTS20-02,173,12,1,125,7,3,5,0.7,0.5833333333333334,0.6363636363636364,0.79309451618636,0.8824240351926209,1,11
yolov9c-seg.pt,MOTS20-02,174,12,1,120,9,2,3,0.8181818181818182,0.75,0.782608695652174,0.7337463219261733,0.8410723962429462,0,11
yolov9c-seg.pt,MOTS20-02,175,12,1,129,9,3,3,0.75,0.75,0.75,0.73769101486254,0.8442195725160493,1,13
yolov9c-seg.pt,MOTS20-02,176,11,1,116,7,3,4,0.7,0.6363636363636364,0.6666666666666666,0.7307984358563061,0.8396643303782477,2,12
yolov9c-seg.pt,MOTS20-02,177,11,1,121,8,2,3,0.8,0.7272727272727273,0.7619047619047619,0.7190329844563181,0.8315135523513866,1,11
yolov9c-seg.pt,MOTS20-02,178,11,1,126,7,2,4,0.7777777777777778,0.6363636363636364,0.7,0.7453330853777543,0.848891193262733,1,10
yolov9c-seg.pt,MOTS20-02,179,12,1,122,7,2,5,0.7777777777777778,0.5833333333333334,0.6666666666666666,0.7438791608607105,0.8487915052770535,1,10
yolov9c-seg.pt,MOTS20-02,180,12,1,120,7,2,5,0.7777777777777778,0.5833333333333334,0.6666666666666666,0.7362725301535455,0.8432708926630378,1,10
yolov9c-seg.pt,MOTS20-02,181,12,1,117,7,2,5,0.7777777777777778,0.5833333333333334,0.6666666666666666,0.7733254591454904,0.8695096326603073,1,10
yolov9c-seg.pt,MOTS20-02,182,11,1,116,7,2,4,0.7777777777777778,0.6363636363636364,0.7,0.7644536696968196,0.8638164159338153,1,10
yolov9c-seg.pt,MOTS20-02,183,11,1,117,7,1,4,0.875,0.6363636363636364,0.7368421052631579,0.7662195286047636,0.8653982879643018,2,10
yolov9c-seg.pt,MOTS20-02,184,11,1,119,7,1,4,0.875,0.6363636363636364,0.7368421052631579,0.7773488081391278,0.8722136473255695,1,9
yolov9c-seg.pt,MOTS20-02,185,12,1,127,6,2,6,0.75,0.5,0.6,0.7760264948779607,0.870605570720905,1,9
yolov9c-seg.pt,MOTS20-02,186,12,1,133,6,1,6,0.8571428571428571,0.5,0.631578947368421,0.7821001100743571,0.8753205650821158,1,8
yolov9c-seg.pt,MOTS20-02,187,12,1,123,6,2,6,0.75,0.5,0.6,0.7849396941691932,0.8758843818510148,2,10
yolov9c-seg.pt,MOTS20-02,188,13,1,117,5,3,8,0.625,0.38461538461538464,0.47619047619047616,0.8160094772219466,0.8965486710472439,1,9
yolov9c-seg.pt,MOTS20-02,189,13,1,113,8,2,5,0.8,0.6153846153846154,0.6956521739130435,0.723557145345502,0.831813221087955,1,11
yolov9c-seg.pt,MOTS20-02,190,13,1,121,6,3,7,0.6666666666666666,0.46153846153846156,0.5454545454545454,0.7763585721687171,0.8678195763533306,1,10
yolov9c-seg.pt,MOTS20-02,191,13,1,121,9,4,4,0.6923076923076923,0.6923076923076923,0.6923076923076923,0.7316675163880976,0.8376712947147473,1,14
yolov9c-seg.pt,MOTS20-02,192,13,1,116,9,3,4,0.75,0.6923076923076923,0.72,0.7417546201309009,0.8459136712368194,1,13
yolov9c-seg.pt,MOTS20-02,193,13,1,124,10,3,3,0.7692307692307693,0.7692307692307693,0.7692307692307693,0.7309802242666705,0.8390807284836009,0,13
yolov9c-seg.pt,MOTS20-02,194,13,1,118,10,2,3,0.8333333333333334,0.7692307692307693,0.8,0.7386393209211288,0.8454421247650803,0,12
yolov9c-seg.pt,MOTS20-02,195,13,1,118,10,2,3,0.8333333333333334,0.7692307692307693,0.8,0.7339420168236237,0.8416054601781398,0,12
yolov9c-seg.pt,MOTS20-02,196,13,1,109,10,1,3,0.9090909090909091,0.7692307692307693,0.8333333333333334,0.7180028303430688,0.8297391270952614,0,11
yolov9c-seg.pt,MOTS20-02,197,13,1,127,10,1,3,0.9090909090909091,0.7692307692307693,0.8333333333333334,0.7425558254598853,0.8480266031334829,0,11
yolov9c-seg.pt,MOTS20-02,198,12,1,119,8,1,4,0.8888888888888888,0.6666666666666666,0.7619047619047619,0.7783308990691326,0.8732562165478311,1,10
yolov9c-seg.pt,MOTS20-02,199,12,1,114,9,1,3,0.9,0.75,0.8181818181818182,0.7600549518598023,0.8615480977098492,1,11
yolov9c-seg.pt,MOTS20-02,200,12,1,115,9,2,3,0.8181818181818182,0.75,0.782608695652174,0.7549949476362328,0.8570492578506744,2,13
yolov9c-seg.pt,MOTS20-02,201,12,1,126,9,2,3,0.8181818181818182,0.75,0.782608695652174,0.7501417544297571,0.8552970943378824,2,13
yolov9c-seg.pt,MOTS20-02,202,12,1,121,8,2,4,0.8,0.6666666666666666,0.7272727272727273,0.7654510357557386,0.8644212890859118,2,12
yolov9c-seg.pt,MOTS20-02,203,12,1,121,8,2,4,0.8,0.6666666666666666,0.7272727272727273,0.7586431523753289,0.8598198693229775,2,12
yolov9c-seg.pt,MOTS20-02,204,12,1,123,9,3,3,0.75,0.75,0.75,0.7511252039148076,0.8552158639168949,1,13
yolov9c-seg.pt,MOTS20-02,205,12,1,130,8,2,4,0.8,0.6666666666666666,0.7272727272727273,0.7560324907400784,0.858278676309989,0,10
yolov9c-seg.pt,MOTS20-02,206,12,1,139,8,1,4,0.8888888888888888,0.6666666666666666,0.7619047619047619,0.7600029119464979,0.8599215138722496,0,9
yolov9c-seg.pt,MOTS20-02,207,12,1,136,8,2,4,0.8,0.6666666666666666,0.7272727272727273,0.7572615742067424,0.8587847162328676,0,10
yolov9c-seg.pt,MOTS20-02,208,12,1,126,9,2,3,0.8181818181818182,0.75,0.782608695652174,0.7496082657502516,0.8528276823085128,0,11
yolov9c-seg.pt,MOTS20-02,209,11,1,125,7,2,4,0.7777777777777778,0.6363636363636364,0.7,0.7793181646830966,0.8745211061022572,0,9
yolov9c-seg.pt,MOTS20-02,210,12,1,118,8,0,4,1.0,0.6666666666666666,0.8,0.750570994017036,0.8523167727519885,1,9
yolov9c-seg.pt,MOTS20-02,211,12,1,116,8,0,4,1.0,0.6666666666666666,0.8,0.7536587583789822,0.8542300588814575,1,9
yolov9c-seg.pt,MOTS20-02,212,12,1,120,9,0,3,1.0,0.75,0.8571428571428571,0.7306449675972934,0.8393646494780066,0,9
yolov9c-seg.pt,MOTS20-02,213,12,1,118,8,2,4,0.8,0.6666666666666666,0.7272727272727273,0.7733162396474506,0.8692696203946786,0,10
yolov9c-seg.pt,MOTS20-02,214,11,1,125,9,0,2,1.0,0.8181818181818182,0.9,0.7231652402056914,0.832859512075411,0,9
yolov9c-seg.pt,MOTS20-02,215,11,1,124,9,1,2,0.9,0.8181818181818182,0.8571428571428571,0.7351781345117393,0.8424851012017988,1,11
yolov9c-seg.pt,MOTS20-02,216,11,1,112,9,1,2,0.9,0.8181818181818182,0.8571428571428571,0.7308091823054748,0.8384995785751401,1,11
yolov9c-seg.pt,MOTS20-02,217,11,1,119,10,1,1,0.9090909090909091,0.9090909090909091,0.9090909090909091,0.705259971608688,0.8197443768484558,1,12
yolov9c-seg.pt,MOTS20-02,218,11,1,111,9,0,2,1.0,0.8181818181818182,0.9,0.7229547238116325,0.831835258898868,0,9
yolov9c-seg.pt,MOTS20-02,219,11,1,120,9,2,2,0.8181818181818182,0.8181818181818182,0.8181818181818182,0.7211477657778564,0.8315695021670241,1,12
yolov9c-seg.pt,MOTS20-02,220,11,1,117,9,1,2,0.9,0.8181818181818182,0.8571428571428571,0.7275188228056405,0.8362787102488449,1,11
yolov9c-seg.pt,MOTS20-02,221,11,1,122,10,1,1,0.9090909090909091,0.9090909090909091,0.9090909090909091,0.6966156877763852,0.8144396811741533,1,12
yolov9c-seg.pt,MOTS20-02,222,11,1,117,9,0,2,1.0,0.8181818181818182,0.9,0.7063825569581432,0.8219345035889541,1,10
yolov9c-seg.pt,MOTS20-02,223,10,1,113,9,1,1,0.9,0.9,0.9,0.7093931989190012,0.8237543022270306,2,12
yolov9c-seg.pt,MOTS20-02,224,11,1,117,8,2,3,0.8,0.7272727272727273,0.7619047619047619,0.7498063008887599,0.8527456709234658,2,12
yolov9c-seg.pt,MOTS20-02,225,11,1,120,9,2,2,0.8181818181818182,0.8181818181818182,0.8181818181818182,0.7113750133658091,0.8241902009773694,2,13
yolov9c-seg.pt,MOTS20-02,226,11,1,120,9,1,2,0.9,0.8181818181818182,0.8571428571428571,0.7228342487866533,0.8331823598128358,2,12
yolov9c-seg.pt,MOTS20-02,227,11,1,120,9,0,2,1.0,0.8181818181818182,0.9,0.7250909923238464,0.8332538851932744,1,10
yolov9c-seg.pt,MOTS20-02,228,11,1,113,8,1,3,0.8888888888888888,0.7272727272727273,0.8,0.7453967379076902,0.847870456822131,2,11
yolov9c-seg.pt,MOTS20-02,229,11,1,113,8,3,3,0.7272727272727273,0.7272727272727273,0.7272727272727273,0.7243140893938833,0.8319978863455263,2,13
yolov9c-seg.pt,MOTS20-02,230,11,1,123,9,1,2,0.9,0.8181818181818182,0.8571428571428571,0.7172382558177612,0.827704042546325,3,13
yolov9c-seg.pt,MOTS20-02,231,10,1,117,9,3,1,0.75,0.9,0.8181818181818182,0.7403496403851472,0.8447141087722401,3,15
yolov9c-seg.pt,MOTS20-02,232,10,1,120,8,0,2,1.0,0.8,0.8888888888888888,0.7558991054006616,0.8550296441307832,3,11
yolov9c-seg.pt,MOTS20-02,233,10,1,109,8,2,2,0.8,0.8,0.8,0.7559349945076131,0.8545675778941685,3,13
yolov9c-seg.pt,MOTS20-02,234,10,1,112,9,3,1,0.75,0.9,0.8181818181818182,0.7276422618255893,0.8353696292011805,2,14
yolov9c-seg.pt,MOTS20-02,235,10,1,119,8,3,2,0.7272727272727273,0.8,0.7619047619047619,0.7700977493206341,0.8662458190625357,2,13
yolov9c-seg.pt,MOTS20-02,236,11,1,125,8,0,3,1.0,0.7272727272727273,0.8421052631578947,0.760740509908391,0.8601932972161983,2,10
yolov9c-seg.pt,MOTS20-02,237,11,1,122,7,2,4,0.7777777777777778,0.6363636363636364,0.7,0.7864036131910218,0.8781891694397552,1,10
yolov9c-seg.pt,MOTS20-02,238,10,1,123,8,0,2,1.0,0.8,0.8888888888888888,0.7429568132255424,0.8475866585020538,1,9
yolov9c-seg.pt,MOTS20-02,239,10,1,127,7,0,3,1.0,0.7,0.8235294117647058,0.7715413071671151,0.865825515838658,0,7
yolov9c-seg.pt,MOTS20-02,240,10,1,124,6,2,4,0.75,0.6,0.6666666666666666,0.8113894913681666,0.8951387364595188,0,8
yolov9c-seg.pt,MOTS20-02,241,10,1,131,7,1,3,0.875,0.7,0.7777777777777778,0.7896997891845731,0.8812100605723504,1,9
yolov9c-seg.pt,MOTS20-02,242,10,1,135,6,2,4,0.75,0.6,0.6666666666666666,0.7970906892468502,0.8864735939643427,1,9
yolov9c-seg.pt,MOTS20-02,243,10,1,128,8,1,2,0.8888888888888888,0.8,0.8421052631578947,0.7369077893320162,0.8424878682972049,1,10
yolov9c-seg.pt,MOTS20-02,244,10,1,141,8,1,2,0.8888888888888888,0.8,0.8421052631578947,0.7269352141006777,0.8371151028639513,1,10
yolov9c-seg.pt,MOTS20-02,245,10,1,140,8,3,2,0.7272727272727273,0.8,0.7619047619047619,0.7225424551842148,0.8338820635212099,1,12
yolov9c-seg.pt,MOTS20-02,246,10,1,131,8,3,2,0.7272727272727273,0.8,0.7619047619047619,0.7281482808173101,0.8393083856985442,3,14
yolov9c-seg.pt,MOTS20-02,247,10,1,130,8,1,2,0.8888888888888888,0.8,0.8421052631578947,0.7242337266857469,0.8375125244407267,2,11
yolov9c-seg.pt,MOTS20-02,248,10,1,138,8,1,2,0.8888888888888888,0.8,0.8421052631578947,0.7177590517675663,0.830723957025845,3,12
yolov9c-seg.pt,MOTS20-02,249,10,1,132,8,1,2,0.8888888888888888,0.8,0.8421052631578947,0.74231192066606,0.8488063907777548,4,13
yolov9c-seg.pt,MOTS20-02,250,10,1,138,6,2,4,0.75,0.6,0.6666666666666666,0.7595995898381566,0.8602457134395003,4,12
yolov9c-seg.pt,MOTS20-02,251,10,1,129,7,2,3,0.7777777777777778,0.7,0.7368421052631579,0.7244280937366253,0.835303243306243,3,12
yolov9c-seg.pt,MOTS20-02,252,10,1,122,7,1,3,0.875,0.7,0.7777777777777778,0.7428416287849142,0.8480300031746363,5,13
yolov9c-seg.pt,MOTS20-02,253,9,1,138,7,3,2,0.7,0.7777777777777778,0.7368421052631579,0.7139064516734871,0.827314015119029,4,14
yolov9c-seg.pt,MOTS20-02,254,10,1,136,9,3,1,0.75,0.9,0.8181818181818182,0.7071973954238874,0.8224738793795969,4,16
yolov9c-seg.pt,MOTS20-02,255,10,1,121,9,1,1,0.9,0.9,0.9,0.7086497633807599,0.8216345245303587,4,14
yolov9c-seg.pt,MOTS20-02,256,10,1,142,9,1,1,0.9,0.9,0.9,0.7017750267914228,0.8159559452696957,3,13
yolov9c-seg.pt,MOTS20-02,257,10,1,131,9,0,1,1.0,0.9,0.9473684210526315,0.7273026061304707,0.8341758410347369,4,13
yolov9c-seg.pt,MOTS20-02,258,10,1,117,7,1,3,0.875,0.7,0.7777777777777778,0.7499060363176835,0.8502217979605268,4,12
yolov9c-seg.pt,MOTS20-02,259,11,1,114,8,0,3,1.0,0.7272727272727273,0.8421052631578947,0.7349658154809997,0.8409372282148988,4,12
yolov9c-seg.pt,MOTS20-02,260,11,1,116,8,2,3,0.8,0.7272727272727273,0.7619047619047619,0.7358676333694003,0.8404276046905805,4,14
yolov9c-seg.pt,MOTS20-02,261,11,1,114,9,1,2,0.9,0.8181818181818182,0.8571428571428571,0.7078208074849311,0.8217834072106686,2,12
yolov9c-seg.pt,MOTS20-02,262,11,1,123,8,0,3,1.0,0.7272727272727273,0.8421052631578947,0.7351171002438228,0.8404202512262198,4,12
yolov9c-seg.pt,MOTS20-02,263,11,1,117,8,1,3,0.8888888888888888,0.7272727272727273,0.8,0.7572228168430504,0.8568596045824988,4,13
yolov9c-seg.pt,MOTS20-02,264,12,1,129,8,0,4,1.0,0.6666666666666666,0.8,0.7649134439650066,0.8627237220301596,3,11
yolov9c-seg.pt,MOTS20-02,265,12,1,127,9,0,3,1.0,0.75,0.8571428571428571,0.7497925664907977,0.8524357409276653,4,13
yolov9c-seg.pt,MOTS20-02,266,12,1,138,8,0,4,1.0,0.6666666666666666,0.8,0.7733482969203449,0.8682026753871106,2,10
yolov9c-seg.pt,MOTS20-02,267,12,1,117,10,0,2,1.0,0.8333333333333334,0.9090909090909091,0.7361162225614564,0.8423418141147794,2,12
yolov9c-seg.pt,MOTS20-02,268,12,1,129,9,1,3,0.9,0.75,0.8181818181818182,0.7542589104895957,0.855865175624152,3,13
yolov9c-seg.pt,MOTS20-02,269,12,1,121,10,0,2,1.0,0.8333333333333334,0.9090909090909091,0.7238709763042058,0.8350985859174338,2,12
yolov9c-seg.pt,MOTS20-02,270,12,1,117,10,0,2,1.0,0.8333333333333334,0.9090909090909091,0.7224534553324773,0.8339054273649203,3,13
yolov9c-seg.pt,MOTS20-02,271,12,1,126,10,0,2,1.0,0.8333333333333334,0.9090909090909091,0.722304150026849,0.8332009641199496,2,12
yolov9c-seg.pt,MOTS20-02,272,12,1,120,10,0,2,1.0,0.8333333333333334,0.9090909090909091,0.7232488873121328,0.8339652272974603,2,12
yolov9c-seg.pt,MOTS20-02,273,13,1,136,10,0,3,1.0,0.7692307692307693,0.8695652173913043,0.7199654679443613,0.8307079037733214,2,12
yolov9c-seg.pt,MOTS20-02,274,13,1,134,10,1,3,0.9090909090909091,0.7692307692307693,0.8333333333333334,0.7264329112152594,0.8355083219947115,3,14
yolov9c-seg.pt,MOTS20-02,275,13,1,141,11,0,2,1.0,0.8461538461538461,0.9166666666666666,0.7211895791875313,0.8316295106672016,2,13
yolov9c-seg.pt,MOTS20-02,276,13,1,145,10,1,3,0.9090909090909091,0.7692307692307693,0.8333333333333334,0.7251007225257906,0.8339720418180777,2,13
yolov9c-seg.pt,MOTS20-02,277,13,1,137,9,1,4,0.9,0.6923076923076923,0.782608695652174,0.7417967584285374,0.8448419983224127,1,11
yolov9c-seg.pt,MOTS20-02,278,13,1,142,10,0,3,1.0,0.7692307692307693,0.8695652173913043,0.7296108603573626,0.8378615594257898,2,12
yolov9c-seg.pt,MOTS20-02,279,13,1,146,9,0,4,1.0,0.6923076923076923,0.8181818181818182,0.7633960629722256,0.861908838849339,2,11
yolov9c-seg.pt,MOTS20-02,280,13,1,145,10,0,3,1.0,0.7692307692307693,0.8695652173913043,0.7400718300419109,0.8466040518191325,0,10
yolov9c-seg.pt,MOTS20-02,281,13,1,140,9,0,4,1.0,0.6923076923076923,0.8181818181818182,0.7600897068338959,0.860288826310697,1,10
yolov9c-seg.pt,MOTS20-02,282,13,1,131,11,0,2,1.0,0.8461538461538461,0.9166666666666666,0.7430853222850632,0.8478526149018651,1,12
yolov9c-seg.pt,MOTS20-02,283,13,1,135,11,1,2,0.9166666666666666,0.8461538461538461,0.88,0.7193588054465985,0.8308544204859124,1,13
yolov9c-seg.pt,MOTS20-02,284,13,1,131,11,0,2,1.0,0.8461538461538461,0.9166666666666666,0.7433490335080243,0.84833869616044,2,13
yolov9c-seg.pt,MOTS20-02,285,12,1,129,11,0,1,1.0,0.9166666666666666,0.9565217391304348,0.7476691928142337,0.8526420696596122,2,13
yolov9c-seg.pt,MOTS20-02,286,12,1,123,11,2,1,0.8461538461538461,0.9166666666666666,0.88,0.7426659056087064,0.8485563101111334,1,14
yolov9c-seg.pt,MOTS20-02,287,12,1,128,11,1,1,0.9166666666666666,0.9166666666666666,0.9166666666666666,0.7417337382916518,0.8481379775869677,1,13
yolov9c-seg.pt,MOTS20-02,288,13,1,138,10,1,3,0.9090909090909091,0.7692307692307693,0.8333333333333334,0.7290930623951086,0.8392442831720018,1,12
yolov9c-seg.pt,MOTS20-02,289,13,1,147,8,2,5,0.8,0.6153846153846154,0.6956521739130435,0.7504887486397861,0.8541954988171463,1,11
yolov9c-seg.pt,MOTS20-02,290,13,1,143,9,1,4,0.9,0.6923076923076923,0.782608695652174,0.7544068146518759,0.8571240893066316,1,11
yolov9c-seg.pt,MOTS20-02,291,13,1,142,10,2,3,0.8333333333333334,0.7692307692307693,0.8,0.7209453767122245,0.8336478098448227,1,13
yolov9c-seg.pt,MOTS20-02,292,13,1,141,10,1,3,0.9090909090909091,0.7692307692307693,0.8333333333333334,0.752796546776403,0.8561487947743233,0,11
yolov9c-seg.pt,MOTS20-02,293,13,1,131,10,0,3,1.0,0.7692307692307693,0.8695652173913043,0.7503615444541898,0.8536037938379261,0,10
yolov9c-seg.pt,MOTS20-02,294,13,1,131,9,0,4,1.0,0.6923076923076923,0.8181818181818182,0.7781993588484012,0.8724134550105614,1,10
yolov9c-seg.pt,MOTS20-02,295,13,1,138,9,1,4,0.9,0.6923076923076923,0.782608695652174,0.7634136166047569,0.8614664088057349,1,11
yolov9c-seg.pt,MOTS20-02,296,13,1,144,10,0,3,1.0,0.7692307692307693,0.8695652173913043,0.733166535796681,0.839820900498203,1,11
yolov9c-seg.pt,MOTS20-02,297,13,1,149,10,0,3,1.0,0.7692307692307693,0.8695652173913043,0.7326885441718919,0.8396244808122144,1,11
yolov9c-seg.pt,MOTS20-02,298,12,1,136,9,0,3,1.0,0.75,0.8571428571428571,0.7513905836188276,0.8526544985330842,1,10
yolov9c-seg.pt,MOTS20-02,299,12,1,142,8,2,4,0.8,0.6666666666666666,0.7272727272727273,0.7796080069052804,0.8735730558068733,2,12
yolov9c-seg.pt,MOTS20-02,300,12,1,134,9,0,3,1.0,0.75,0.8571428571428571,0.7478541734214955,0.8516433218289365,3,12
yolov9c-seg.pt,MOTS20-02,301,12,1,136,9,2,3,0.8181818181818182,0.75,0.782608695652174,0.7557895774633527,0.8559289325302452,4,15
yolov9c-seg.pt,MOTS20-02,302,12,1,141,9,2,3,0.8181818181818182,0.75,0.782608695652174,0.7460491903105331,0.8498229308287805,3,14
yolov9c-seg.pt,MOTS20-02,303,12,1,132,9,0,3,1.0,0.75,0.8571428571428571,0.7761637877262196,0.8712627711912557,3,12
yolov9c-seg.pt,MOTS20-02,304,13,1,137,10,1,3,0.9090909090909091,0.7692307692307693,0.8333333333333334,0.7690437663690269,0.8671778955988158,2,13
yolov9c-seg.pt,MOTS20-02,305,13,1,118,10,2,3,0.8333333333333334,0.7692307692307693,0.8,0.7639079568548414,0.8630991760350497,3,15
yolov9c-seg.pt,MOTS20-02,306,13,1,119,10,0,3,1.0,0.7692307692307693,0.8695652173913043,0.7772049696872677,0.8728184498424479,2,12
yolov9c-seg.pt,MOTS20-02,307,14,1,117,10,0,4,1.0,0.7142857142857143,0.8333333333333334,0.7897826404164524,0.8805184378936813,2,12
yolov9c-seg.pt,MOTS20-02,308,14,1,110,10,0,4,1.0,0.7142857142857143,0.8333333333333334,0.7946976472001344,0.8831187278007635,2,12
yolov9c-seg.pt,MOTS20-02,309,13,1,108,9,0,4,1.0,0.6923076923076923,0.8181818181818182,0.7920943022784522,0.8809770307679494,3,12
yolov9c-seg.pt,MOTS20-02,310,13,1,119,9,0,4,1.0,0.6923076923076923,0.8181818181818182,0.7937643903325486,0.8821815644770926,4,13
yolov9c-seg.pt,MOTS20-02,311,13,1,130,10,0,3,1.0,0.7692307692307693,0.8695652173913043,0.7710039050739279,0.8659031495527942,3,13
yolov9c-seg.pt,MOTS20-02,312,13,1,115,10,0,3,1.0,0.7692307692307693,0.8695652173913043,0.7750845135853821,0.8687922319903592,4,14
yolov9c-seg.pt,MOTS20-02,313,13,1,121,10,1,3,0.9090909090909091,0.7692307692307693,0.8333333333333334,0.7708864995415678,0.8660018206568869,3,14
yolov9c-seg.pt,MOTS20-02,314,13,1,136,10,0,3,1.0,0.7692307692307693,0.8695652173913043,0.7665325518450189,0.8625275917642586,3,13
yolov9c-seg.pt,MOTS20-02,315,13,1,134,11,1,2,0.9166666666666666,0.8461538461538461,0.88,0.7645484128413714,0.8617229565825402,3,15
yolov9c-seg.pt,MOTS20-02,316,13,1,130,11,0,2,1.0,0.8461538461538461,0.9166666666666666,0.7477665674308113,0.8514613958161544,3,14
yolov9c-seg.pt,MOTS20-02,317,13,1,126,11,2,2,0.8461538461538461,0.8461538461538461,0.8461538461538461,0.7668355424162914,0.86306441458534,3,16
yolov9c-seg.pt,MOTS20-02,318,13,1,137,11,0,2,1.0,0.8461538461538461,0.9166666666666666,0.764062268519773,0.8626898429988348,3,14
yolov9c-seg.pt,MOTS20-02,319,13,1,143,11,0,2,1.0,0.8461538461538461,0.9166666666666666,0.771725974814666,0.8674028839484244,3,14
yolov9c-seg.pt,MOTS20-02,320,13,1,130,11,0,2,1.0,0.8461538461538461,0.9166666666666666,0.7806070407976811,0.8727740170205682,3,14
yolov9c-seg.pt,MOTS20-02,321,13,1,130,11,0,2,1.0,0.8461538461538461,0.9166666666666666,0.7632656286413447,0.8608727894222813,3,14
yolov9c-seg.pt,MOTS20-02,322,13,1,121,11,0,2,1.0,0.8461538461538461,0.9166666666666666,0.7598150714529534,0.8580116016421374,3,14
yolov9c-seg.pt,MOTS20-02,323,12,1,134,9,1,3,0.9,0.75,0.8181818181818182,0.7808372628832552,0.8742845284011852,4,14
yolov9c-seg.pt,MOTS20-02,324,12,1,126,10,1,2,0.9090909090909091,0.8333333333333334,0.8695652173913043,0.7457503449208034,0.8493486876466319,4,15
yolov9c-seg.pt,MOTS20-02,325,12,1,138,10,0,2,1.0,0.8333333333333334,0.9090909090909091,0.7454505055019126,0.8495757182641238,3,13
yolov9c-seg.pt,MOTS20-02,326,12,1,140,8,1,4,0.8888888888888888,0.6666666666666666,0.7619047619047619,0.7873303339454784,0.8796550595117067,2,11
yolov9c-seg.pt,MOTS20-02,327,12,1,136,9,1,3,0.9,0.75,0.8181818181818182,0.7674969355821444,0.8657275849618666,6,16
yolov9c-seg.pt,MOTS20-02,328,12,1,142,9,3,3,0.75,0.75,0.75,0.7512497881987877,0.8548721223223581,3,15
yolov9c-seg.pt,MOTS20-02,329,12,1,140,9,1,3,0.9,0.75,0.8181818181818182,0.7529241089425743,0.8562005553494632,4,14
yolov9c-seg.pt,MOTS20-02,330,12,1,136,9,1,3,0.9,0.75,0.8181818181818182,0.7627349958696348,0.8622301494227417,4,14
yolov9c-seg.pt,MOTS20-02,331,12,1,141,9,2,3,0.8181818181818182,0.75,0.782608695652174,0.7561772027245435,0.8569041399919038,6,17
yolov9c-seg.pt,MOTS20-02,332,12,1,143,9,2,3,0.8181818181818182,0.75,0.782608695652174,0.7595837375640039,0.8586039467747898,5,16
yolov9c-seg.pt,MOTS20-02,333,12,1,132,9,2,3,0.8181818181818182,0.75,0.782608695652174,0.7648300021758552,0.8627792799310233,7,18
yolov9c-seg.pt,MOTS20-02,334,11,1,134,8,2,3,0.8,0.7272727272727273,0.7619047619047619,0.7872494030576626,0.8757441415671562,5,15
yolov9c-seg.pt,MOTS20-02,335,12,1,133,9,1,3,0.9,0.75,0.8181818181818182,0.7719929487662193,0.8691087768053547,3,13
yolov9c-seg.pt,MOTS20-02,336,12,1,135,8,2,4,0.8,0.6666666666666666,0.7272727272727273,0.7699468444463852,0.8681136563988158,3,13
yolov9c-seg.pt,MOTS20-02,337,11,1,142,8,1,3,0.8888888888888888,0.7272727272727273,0.8,0.7334740570701435,0.8421501874933904,6,15
yolov9c-seg.pt,MOTS20-02,338,10,1,147,8,1,2,0.8888888888888888,0.8,0.8421052631578947,0.7599518790978883,0.8598852428636337,5,14
yolov9c-seg.pt,MOTS20-02,339,9,1,144,7,1,2,0.875,0.7777777777777778,0.8235294117647058,0.8063397372841633,0.8915008214730856,5,13
yolov9c-seg.pt,MOTS20-02,340,8,1,146,7,1,1,0.875,0.875,0.875,0.7963609311329146,0.8848950052520763,5,13
yolov9c-seg.pt,MOTS20-02,341,8,1,159,6,2,2,0.75,0.75,0.75,0.7877723153801001,0.879760030544971,4,12
yolov9c-seg.pt,MOTS20-02,342,8,1,152,7,2,1,0.7777777777777778,0.875,0.8235294117647058,0.7779635373003523,0.8723370195023687,3,12
yolov9c-seg.pt,MOTS20-02,343,8,1,162,5,0,3,1.0,0.625,0.7692307692307693,0.8198208932230827,0.9000247719687184,3,8
yolov9c-seg.pt,MOTS20-02,344,8,1,153,6,0,2,1.0,0.75,0.8571428571428571,0.7933422436649936,0.8832353052139776,4,10
yolov9c-seg.pt,MOTS20-02,345,8,1,160,6,0,2,1.0,0.75,0.8571428571428571,0.7844809771069418,0.8772111531310157,5,11
yolov9c-seg.pt,MOTS20-02,346,8,1,150,6,2,2,0.75,0.75,0.75,0.8015393228596164,0.8886738175701231,5,13
yolov9c-seg.pt,MOTS20-02,347,8,1,145,6,0,2,1.0,0.75,0.8571428571428571,0.7841456716224787,0.8770123143823181,4,10
yolov9c-seg.pt,MOTS20-02,348,8,1,144,7,2,1,0.7777777777777778,0.875,0.8235294117647058,0.761840873752839,0.861584336496919,5,14
yolov9c-seg.pt,MOTS20-02,349,9,1,137,8,1,1,0.8888888888888888,0.8888888888888888,0.8888888888888888,0.734005567684108,0.8427310119225885,3,12
yolov9c-seg.pt,MOTS20-02,350,9,1,148,6,1,3,0.8571428571428571,0.6666666666666666,0.75,0.7639146970409,0.8615494661962488,4,11
yolov9c-seg.pt,MOTS20-02,351,9,1,146,7,1,2,0.875,0.7777777777777778,0.8235294117647058,0.7485959775587467,0.8521818189472086,6,14
yolov9c-seg.pt,MOTS20-02,352,9,1,147,7,1,2,0.875,0.7777777777777778,0.8235294117647058,0.7196026908470216,0.8321981257767208,6,14
yolov9c-seg.pt,MOTS20-02,353,10,1,152,8,1,2,0.8888888888888888,0.8,0.8421052631578947,0.7587112955741865,0.859009723014643,4,13
yolov9c-seg.pt,MOTS20-02,354,11,1,136,8,1,3,0.8888888888888888,0.7272727272727273,0.8,0.751053127412209,0.8538558893926946,6,15
yolov9c-seg.pt,MOTS20-02,355,9,1,138,7,1,2,0.875,0.7777777777777778,0.8235294117647058,0.7565759629024534,0.8584155215725483,6,14
yolov9c-seg.pt,MOTS20-02,356,9,1,142,7,1,2,0.875,0.7777777777777778,0.8235294117647058,0.7517676978036066,0.854070434741935,6,14
yolov9c-seg.pt,MOTS20-02,357,9,1,150,7,1,2,0.875,0.7777777777777778,0.8235294117647058,0.779536414077537,0.8739196698425519,5,13
yolov9c-seg.pt,MOTS20-02,358,10,1,139,7,1,3,0.875,0.7,0.7777777777777778,0.7883388865595136,0.8800046751310822,4,12
yolov9c-seg.pt,MOTS20-02,359,10,1,148,7,2,3,0.7777777777777778,0.7,0.7368421052631579,0.7817416217523804,0.8754386850057213,4,13
yolov9c-seg.pt,MOTS20-02,360,10,1,137,7,1,3,0.875,0.7,0.7777777777777778,0.7757234858417009,0.869890745780512,4,12
yolov9c-seg.pt,MOTS20-02,361,10,1,147,7,0,3,1.0,0.7,0.8235294117647058,0.7710618870514186,0.8670077928556029,6,13
yolov9c-seg.pt,MOTS20-02,362,9,1,133,7,0,2,1.0,0.7777777777777778,0.875,0.7960038684814049,0.8850031398698395,3,10
yolov9c-seg.pt,MOTS20-02,363,9,1,129,7,1,2,0.875,0.7777777777777778,0.8235294117647058,0.7933541670622338,0.8836035203844783,4,12
yolov9c-seg.pt,MOTS20-02,364,9,1,125,7,0,2,1.0,0.7777777777777778,0.875,0.7849821622551075,0.8786086488590276,4,11
yolov9c-seg.pt,MOTS20-02,365,9,1,146,5,0,4,1.0,0.5555555555555556,0.7142857142857143,0.8135436723275837,0.8966579922537437,4,9
yolov9c-seg.pt,MOTS20-02,366,9,1,141,7,1,2,0.875,0.7777777777777778,0.8235294117647058,0.7723213992600348,0.8698283409403794,4,12
yolov9c-seg.pt,MOTS20-02,367,8,1,144,7,0,1,1.0,0.875,0.9333333333333333,0.7700811586461149,0.8682541780906515,4,11
yolov9c-seg.pt,MOTS20-02,368,8,1,156,7,0,1,1.0,0.875,0.9333333333333333,0.7708616333548045,0.8694558015972895,5,12
yolov9c-seg.pt,MOTS20-02,369,8,1,143,7,0,1,1.0,0.875,0.9333333333333333,0.7555059956157419,0.858278906774162,6,13
yolov9c-seg.pt,MOTS20-02,370,8,1,139,6,2,2,0.75,0.75,0.75,0.7885797087890795,0.8808343069911113,7,15
yolov9c-seg.pt,MOTS20-02,371,7,1,144,6,1,1,0.8571428571428571,0.8571428571428571,0.8571428571428571,0.7770346202928512,0.8728681648748111,7,14
yolov9c-seg.pt,MOTS20-02,372,8,1,149,7,0,1,1.0,0.875,0.9333333333333333,0.7482709468996038,0.8510013384592198,6,13
yolov9c-seg.pt,MOTS20-02,373,9,1,143,7,2,2,0.7777777777777778,0.7777777777777778,0.7777777777777778,0.7743061590128273,0.8715857316188924,3,12
yolov9c-seg.pt,MOTS20-02,374,9,1,138,8,0,1,1.0,0.8888888888888888,0.9411764705882353,0.7493710059689307,0.8532471923513848,5,13
yolov9c-seg.pt,MOTS20-02,375,9,1,143,8,0,1,1.0,0.8888888888888888,0.9411764705882353,0.7742245141011824,0.8706132416881476,5,13
yolov9c-seg.pt,MOTS20-02,376,9,1,139,8,0,1,1.0,0.8888888888888888,0.9411764705882353,0.7758275089011843,0.8716648495597521,4,12
yolov9c-seg.pt,MOTS20-02,377,9,1,133,8,1,1,0.8888888888888888,0.8888888888888888,0.8888888888888888,0.7582719938044973,0.8578676085778274,6,15
yolov9c-seg.pt,MOTS20-02,378,9,1,138,8,1,1,0.8888888888888888,0.8888888888888888,0.8888888888888888,0.7457753715424897,0.8500361694291183,7,16
yolov9c-seg.pt,MOTS20-02,379,9,1,135,8,0,1,1.0,0.8888888888888888,0.9411764705882353,0.7487827801760956,0.8527272140637907,6,14
yolov9c-seg.pt,MOTS20-02,380,10,1,140,9,0,1,1.0,0.9,0.9473684210526315,0.7393243921289326,0.8455081755583963,4,13
yolov9c-seg.pt,MOTS20-02,381,10,1,131,7,1,3,0.875,0.7,0.7777777777777778,0.7631494483885449,0.8622131591538725,5,13
yolov9c-seg.pt,MOTS20-02,382,10,1,136,8,0,2,1.0,0.8,0.8888888888888888,0.7573465267850653,0.8585693407090706,4,12
yolov9c-seg.pt,MOTS20-02,383,11,1,147,8,0,3,1.0,0.7272727272727273,0.8421052631578947,0.7679445568101657,0.8655407786177944,3,11
yolov9c-seg.pt,MOTS20-02,384,9,1,138,8,0,1,1.0,0.8888888888888888,0.9411764705882353,0.7783040338989686,0.871602529837917,4,12
yolov9c-seg.pt,MOTS20-02,385,10,1,135,7,0,3,1.0,0.7,0.8235294117647058,0.804008314889546,0.8908994062145157,4,11
yolov9c-seg.pt,MOTS20-02,386,9,1,138,7,0,2,1.0,0.7777777777777778,0.875,0.7586993676908086,0.8596942961180278,5,12
yolov9c-seg.pt,MOTS20-02,387,8,1,132,7,0,1,1.0,0.875,0.9333333333333333,0.8132355325511785,0.8965558836711377,5,12
yolov9c-seg.pt,MOTS20-02,388,8,1,120,8,0,0,1.0,1.0,1.0,0.7889340963621043,0.8801437123767188,5,13
yolov9c-seg.pt,MOTS20-02,389,8,1,118,8,0,0,1.0,1.0,1.0,0.7921192234594836,0.8823301806183927,4,12
yolov9c-seg.pt,MOTS20-02,390,8,1,130,8,1,0,0.8888888888888888,1.0,0.9411764705882353,0.7812338986438061,0.8753410829928294,4,13
yolov9c-seg.pt,MOTS20-02,391,8,1,121,8,1,0,0.8888888888888888,1.0,0.9411764705882353,0.7711410413646831,0.8680224420651457,5,14
yolov9c-seg.pt,MOTS20-02,392,8,1,118,8,0,0,1.0,1.0,1.0,0.7986588901199954,0.8865487839850152,3,11
yolov9c-seg.pt,MOTS20-02,393,8,1,117,8,0,0,1.0,1.0,1.0,0.8037782564095395,0.8894516599808293,3,11
yolov9c-seg.pt,MOTS20-02,394,8,1,115,8,1,0,0.8888888888888888,1.0,0.9411764705882353,0.7892272087936754,0.8795155732064595,4,13
yolov9c-seg.pt,MOTS20-02,395,8,1,115,8,0,0,1.0,1.0,1.0,0.7849450031443563,0.8762906052662229,3,11
yolov9c-seg.pt,MOTS20-02,396,8,1,110,8,1,0,0.8888888888888888,1.0,0.9411764705882353,0.770998593024002,0.8686433211922486,3,12
yolov9c-seg.pt,MOTS20-02,397,8,1,116,8,0,0,1.0,1.0,1.0,0.789538296521316,0.88063138857508,3,11
yolov9c-seg.pt,MOTS20-02,398,7,1,109,7,0,0,1.0,1.0,1.0,0.7983388812709598,0.886392951275478,3,10
yolov9c-seg.pt,MOTS20-02,399,7,1,116,7,1,0,0.875,1.0,0.9333333333333333,0.782543571425502,0.875629376468963,2,10
yolov9c-seg.pt,MOTS20-02,400,7,1,110,7,1,0,0.875,1.0,0.9333333333333333,0.792456615354481,0.8830574752865508,2,10
yolov9c-seg.pt,MOTS20-02,401,7,1,111,7,0,0,1.0,1.0,1.0,0.8000129888353679,0.8876697663852927,2,9
yolov9c-seg.pt,MOTS20-02,402,7,1,118,7,0,0,1.0,1.0,1.0,0.8133585574306148,0.8966974387671088,2,9
yolov9c-seg.pt,MOTS20-02,403,8,1,126,7,0,1,1.0,0.875,0.9333333333333333,0.7965040289611102,0.8856874845766823,2,9
yolov9c-seg.pt,MOTS20-02,404,8,1,113,7,1,1,0.875,0.875,0.875,0.8119014714965818,0.8953876379456351,2,10
yolov9c-seg.pt,MOTS20-02,405,9,1,118,8,1,1,0.8888888888888888,0.8888888888888888,0.8888888888888888,0.7819258192133538,0.8758563202946146,2,11
yolov9c-seg.pt,MOTS20-02,406,9,1,133,8,1,1,0.8888888888888888,0.8888888888888888,0.8888888888888888,0.767349385579223,0.8656314534659204,3,12
yolov9c-seg.pt,MOTS20-02,407,9,1,132,8,1,1,0.8888888888888888,0.8888888888888888,0.8888888888888888,0.7834013656616683,0.876642859548966,2,11
yolov9c-seg.pt,MOTS20-02,408,9,1,130,8,1,1,0.8888888888888888,0.8888888888888888,0.8888888888888888,0.7742905173187671,0.8708869992824215,2,11
yolov9c-seg.pt,MOTS20-02,409,9,1,128,8,2,1,0.8,0.8888888888888888,0.8421052631578947,0.7706485681275769,0.8679248563337949,2,12
yolov9c-seg.pt,MOTS20-02,410,9,1,115,9,0,0,1.0,1.0,1.0,0.7458266019906434,0.8495109175569194,2,11
yolov9c-seg.pt,MOTS20-02,411,9,1,108,8,1,1,0.8888888888888888,0.8888888888888888,0.8888888888888888,0.7669958266982367,0.8645699725108343,2,11
yolov9c-seg.pt,MOTS20-02,412,9,1,111,8,3,1,0.7272727272727273,0.8888888888888888,0.8,0.7565249682264863,0.8573486081010011,1,12
yolov9c-seg.pt,MOTS20-02,413,9,1,118,8,1,1,0.8888888888888888,0.8888888888888888,0.8888888888888888,0.7612922357029561,0.8615472403645454,3,12
yolov9c-seg.pt,MOTS20-02,414,9,1,124,8,2,1,0.8,0.8888888888888888,0.8421052631578947,0.7575227564908963,0.8587088408135399,1,11
yolov9c-seg.pt,MOTS20-02,415,10,1,132,8,2,2,0.8,0.8,0.8,0.7624770727365158,0.861678574679632,3,13
yolov9c-seg.pt,MOTS20-02,416,10,1,132,9,1,1,0.9,0.9,0.9,0.7541724332136872,0.8567868803521042,2,12
yolov9c-seg.pt,MOTS20-02,417,9,1,120,8,1,1,0.8888888888888888,0.8888888888888888,0.8888888888888888,0.751262491867947,0.8539594520444052,3,12
yolov9c-seg.pt,MOTS20-02,418,9,1,121,7,2,2,0.7777777777777778,0.7777777777777778,0.7777777777777778,0.7979212122382823,0.8862966578061515,3,12
yolov9c-seg.pt,MOTS20-02,419,9,1,115,7,2,2,0.7777777777777778,0.7777777777777778,0.7777777777777778,0.8057186593221343,0.8918637696547738,3,12
yolov9c-seg.pt,MOTS20-02,420,9,1,122,7,2,2,0.7777777777777778,0.7777777777777778,0.7777777777777778,0.7755993235363591,0.8722016978152032,3,12
yolov9c-seg.pt,MOTS20-02,421,9,1,130,7,2,2,0.7777777777777778,0.7777777777777778,0.7777777777777778,0.7744938649588367,0.8716760117319176,3,12
yolov9c-seg.pt,MOTS20-02,422,9,1,105,8,3,1,0.7272727272727273,0.8888888888888888,0.8,0.7693865535450826,0.8681567520111242,2,13
yolov9c-seg.pt,MOTS20-02,423,9,1,130,8,2,1,0.8,0.8888888888888888,0.8421052631578947,0.7605625362324562,0.8631418250608502,1,11
yolov9c-seg.pt,MOTS20-02,424,9,1,147,9,2,0,0.8181818181818182,1.0,0.9,0.7341491880990495,0.8445043174284691,1,12
yolov9c-seg.pt,MOTS20-02,425,9,1,151,9,2,0,0.8181818181818182,1.0,0.9,0.7390088006491373,0.8475159380145629,2,13
yolov9c-seg.pt,MOTS20-02,426,10,1,154,10,1,0,0.9090909090909091,1.0,0.9523809523809523,0.7335542447624194,0.8445560599597648,1,12
yolov9c-seg.pt,MOTS20-02,427,10,1,136,10,1,0,0.9090909090909091,1.0,0.9523809523809523,0.7354213871612438,0.8442307392818339,1,12
yolov9c-seg.pt,MOTS20-02,428,10,1,115,10,1,0,0.9090909090909091,1.0,0.9523809523809523,0.7453559314340806,0.8507769175934946,1,12
yolov9c-seg.pt,MOTS20-02,429,10,1,129,10,1,0,0.9090909090909091,1.0,0.9523809523809523,0.7807295967846288,0.8758093649597075,0,11
yolov9c-seg.pt,MOTS20-02,430,11,1,126,10,2,1,0.8333333333333334,0.9090909090909091,0.8695652173913043,0.7781325801866414,0.8741272495492574,0,12
yolov9c-seg.pt,MOTS20-02,431,11,1,115,9,2,2,0.8181818181818182,0.8181818181818182,0.8181818181818182,0.7667360578547517,0.8666640765728201,0,11
yolov9c-seg.pt,MOTS20-02,432,11,1,114,10,2,1,0.8333333333333334,0.9090909090909091,0.8695652173913043,0.7694553479892858,0.8664934811780709,1,13
yolov9c-seg.pt,MOTS20-02,433,11,1,120,11,4,0,0.7333333333333333,1.0,0.8461538461538461,0.7673603167125379,0.8638191443617831,0,15
yolov9c-seg.pt,MOTS20-02,434,11,1,122,10,3,1,0.7692307692307693,0.9090909090909091,0.8333333333333334,0.7830981485124985,0.8745772418255658,0,13
yolov9c-seg.pt,MOTS20-02,435,11,1,123,11,0,0,1.0,1.0,1.0,0.7693111040511685,0.8651102833535077,3,14
yolov9c-seg.pt,MOTS20-02,436,11,1,128,10,2,1,0.8333333333333334,0.9090909090909091,0.8695652173913043,0.7888483317366032,0.8783061047412172,2,14
yolov9c-seg.pt,MOTS20-02,437,10,1,128,9,1,1,0.9,0.9,0.9,0.812094941123179,0.89493654640588,3,13
yolov9c-seg.pt,MOTS20-02,438,9,1,127,8,1,1,0.8888888888888888,0.8888888888888888,0.8888888888888888,0.8248741913839321,0.9030907162301085,1,10
yolov9c-seg.pt,MOTS20-02,439,9,1,122,7,1,2,0.875,0.7777777777777778,0.8235294117647058,0.8037429526126624,0.8903570938733297,1,9
yolov9c-seg.pt,MOTS20-02,440,9,1,125,7,1,2,0.875,0.7777777777777778,0.8235294117647058,0.7978499865385414,0.8863916667043655,2,10
yolov9c-seg.pt,MOTS20-02,441,10,1,140,7,1,3,0.875,0.7,0.7777777777777778,0.8000387456424763,0.8876760781472707,1,9
yolov9c-seg.pt,MOTS20-02,442,10,1,151,7,0,3,1.0,0.7,0.8235294117647058,0.7738200803653464,0.870404531266663,1,8
yolov9c-seg.pt,MOTS20-02,443,9,1,145,9,1,0,0.9,1.0,0.9473684210526315,0.7869072176872418,0.8794606618065899,1,11
yolov9c-seg.pt,MOTS20-02,444,10,1,124,10,2,0,0.8333333333333334,1.0,0.9090909090909091,0.7590210627641768,0.8594202948672931,1,13
yolov9c-seg.pt,MOTS20-02,445,11,1,131,10,3,1,0.7692307692307693,0.9090909090909091,0.8333333333333334,0.732893122503403,0.8408617044892006,1,14
yolov9c-seg.pt,MOTS20-02,446,12,1,117,11,1,1,0.9166666666666666,0.9166666666666666,0.9166666666666666,0.7637321326562666,0.8628103571881738,1,13
yolov9c-seg.pt,MOTS20-02,447,12,1,100,11,1,1,0.9166666666666666,0.9166666666666666,0.9166666666666666,0.7518657158412793,0.8551918453881651,1,13
yolov9c-seg.pt,MOTS20-02,448,12,1,111,10,0,2,1.0,0.8333333333333334,0.9090909090909091,0.7472976031970684,0.8511480099756434,2,12
yolov9c-seg.pt,MOTS20-02,449,11,1,129,9,1,2,0.9,0.8181818181818182,0.8571428571428571,0.7506296667317409,0.8548304014304611,2,12
yolov9c-seg.pt,MOTS20-02,450,10,1,120,9,2,1,0.8181818181818182,0.9,0.8571428571428571,0.7563888103186681,0.85602055113725,2,13
yolov9c-seg.pt,MOTS20-02,451,12,1,115,9,1,3,0.9,0.75,0.8181818181818182,0.7592375747609905,0.8596271983051968,2,12
yolov9c-seg.pt,MOTS20-02,452,11,1,104,9,1,2,0.9,0.8181818181818182,0.8571428571428571,0.7607986296243884,0.8613424258669931,2,12
yolov9c-seg.pt,MOTS20-02,453,12,1,119,8,0,4,1.0,0.6666666666666666,0.8,0.7428523187994894,0.8472932297030911,2,10
yolov9c-seg.pt,MOTS20-02,454,12,1,106,8,1,4,0.8888888888888888,0.6666666666666666,0.7619047619047619,0.7608627691694954,0.86166988701322,1,10
yolov9c-seg.pt,MOTS20-02,455,12,1,109,9,1,3,0.9,0.75,0.8181818181818182,0.6966095925572563,0.8143286558463366,1,11
yolov9c-seg.pt,MOTS20-02,456,13,1,116,7,1,6,0.875,0.5384615384615384,0.6666666666666666,0.7631062665449466,0.859492786470116,4,12
yolov9c-seg.pt,MOTS20-02,457,12,1,120,7,3,5,0.7,0.5833333333333334,0.6363636363636364,0.7879612506086332,0.8787519911452965,1,11
yolov9c-seg.pt,MOTS20-02,458,12,1,104,6,2,6,0.75,0.5,0.6,0.8121566438207216,0.8938887825844238,2,10
yolov9c-seg.pt,MOTS20-02,459,14,1,110,6,2,8,0.75,0.42857142857142855,0.5454545454545454,0.8116040879473362,0.8942764350388656,3,11
yolov9c-seg.pt,MOTS20-02,460,13,1,106,6,1,7,0.8571428571428571,0.46153846153846156,0.6,0.7869053928103825,0.877791449745482,1,8
yolov9c-seg.pt,MOTS20-02,461,12,1,101,8,2,4,0.8,0.6666666666666666,0.7272727272727273,0.7138669363816433,0.826921582860302,1,11
yolov9c-seg.pt,MOTS20-02,462,12,1,109,8,1,4,0.8888888888888888,0.6666666666666666,0.7619047619047619,0.7342908047300725,0.8411355539473807,1,10
yolov9c-seg.pt,MOTS20-02,463,12,1,134,8,0,4,1.0,0.6666666666666666,0.8,0.7994375324680667,0.8868001567021118,1,9
yolov9c-seg.pt,MOTS20-02,464,12,1,114,8,0,4,1.0,0.6666666666666666,0.8,0.7868591879820962,0.8787830869330008,2,10
yolov9c-seg.pt,MOTS20-02,465,12,1,132,9,0,3,1.0,0.75,0.8571428571428571,0.7851834925531662,0.8779155003611538,1,10
yolov9c-seg.pt,MOTS20-02,466,12,1,137,9,0,3,1.0,0.75,0.8571428571428571,0.8123078901139245,0.8953245007293629,1,10
yolov9c-seg.pt,MOTS20-02,467,12,1,118,9,0,3,1.0,0.75,0.8571428571428571,0.7848564264271574,0.8749723401519431,3,12
yolov9c-seg.pt,MOTS20-02,468,12,1,116,10,1,2,0.9090909090909091,0.8333333333333334,0.8695652173913043,0.7497869612125208,0.8513618457207125,3,14
yolov9c-seg.pt,MOTS20-02,469,12,1,136,7,1,5,0.875,0.5833333333333334,0.7,0.8274224284458074,0.9051834655266087,3,11
yolov9c-seg.pt,MOTS20-02,470,11,1,119,8,1,3,0.8888888888888888,0.7272727272727273,0.8,0.8269469955047607,0.9040408303033398,3,12
yolov9c-seg.pt,MOTS20-02,471,13,1,118,10,2,3,0.8333333333333334,0.7692307692307693,0.8,0.8012738173703642,0.8879131495118212,2,14
yolov9c-seg.pt,MOTS20-02,472,12,1,126,8,1,4,0.8888888888888888,0.6666666666666666,0.7619047619047619,0.8210353145074494,0.8990468814622923,3,12
yolov9c-seg.pt,MOTS20-02,473,13,1,140,8,1,5,0.8888888888888888,0.6153846153846154,0.7272727272727273,0.835331618037997,0.9085180715430294,2,11
yolov9c-seg.pt,MOTS20-02,474,14,1,162,8,1,6,0.8888888888888888,0.5714285714285714,0.6956521739130435,0.8305262088055569,0.906256985078756,1,10
yolov9c-seg.pt,MOTS20-02,475,14,1,155,9,0,5,1.0,0.6428571428571429,0.782608695652174,0.8230163653121321,0.9010220194369454,3,12
yolov9c-seg.pt,MOTS20-02,476,14,1,153,8,3,6,0.7272727272727273,0.5714285714285714,0.64,0.8388464079145348,0.9114172605133072,3,14
yolov9c-seg.pt,MOTS20-02,477,13,1,135,8,4,5,0.6666666666666666,0.6153846153846154,0.64,0.7988795664069348,0.8829841488719735,4,16
yolov9c-seg.pt,MOTS20-02,478,14,1,130,8,2,6,0.8,0.5714285714285714,0.6666666666666666,0.7867598458202407,0.8764011817425437,4,14
yolov9c-seg.pt,MOTS20-02,479,15,1,138,8,2,7,0.8,0.5333333333333333,0.64,0.799734579357782,0.8858655042736994,3,13
yolov9c-seg.pt,MOTS20-02,480,15,1,139,10,1,5,0.9090909090909091,0.6666666666666666,0.7692307692307693,0.7652970127271941,0.8632731081346166,4,15
yolov9c-seg.pt,MOTS20-02,481,15,1,136,10,1,5,0.9090909090909091,0.6666666666666666,0.7692307692307693,0.7749413643346932,0.8703184792427304,4,15
yolov9c-seg.pt,MOTS20-02,482,15,1,125,9,0,6,1.0,0.6,0.75,0.8038598159629885,0.8893215474438514,4,13
yolov9c-seg.pt,MOTS20-02,483,15,1,130,10,0,5,1.0,0.6666666666666666,0.8,0.7928590178318193,0.8815362762903576,3,13
yolov9c-seg.pt,MOTS20-02,484,15,1,130,11,0,4,1.0,0.7333333333333333,0.8461538461538461,0.7834383047783834,0.8759136167620323,5,16
yolov9c-seg.pt,MOTS20-02,485,15,1,145,10,0,5,1.0,0.6666666666666666,0.8,0.7705011086641566,0.8677728441634487,4,14
yolov9c-seg.pt,MOTS20-02,486,16,1,132,11,0,5,1.0,0.6875,0.8148148148148148,0.7653410567989097,0.8640653076479584,5,16
yolov9c-seg.pt,MOTS20-02,487,16,1,128,11,1,5,0.9166666666666666,0.6875,0.7857142857142857,0.724653362033322,0.8357559630229182,5,17
yolov9c-seg.pt,MOTS20-02,488,14,1,122,9,2,5,0.8181818181818182,0.6428571428571429,0.72,0.7619774250109146,0.8609611798911546,5,16
yolov9c-seg.pt,MOTS20-02,489,14,1,132,9,1,5,0.9,0.6428571428571429,0.75,0.7451202275770834,0.8478023729572833,4,14
yolov9c-seg.pt,MOTS20-02,490,15,1,125,11,1,4,0.9166666666666666,0.7333333333333333,0.8148148148148148,0.7502222691491451,0.8528777789142118,4,16
yolov9c-seg.pt,MOTS20-02,491,15,1,116,9,1,6,0.9,0.6,0.72,0.7790809466763514,0.8730168534499451,3,13
yolov9c-seg.pt,MOTS20-02,492,14,1,117,10,2,4,0.8333333333333334,0.7142857142857143,0.7692307692307693,0.7543986546706661,0.8550103301410641,5,17
yolov9c-seg.pt,MOTS20-02,493,16,1,116,10,2,6,0.8333333333333334,0.625,0.7142857142857143,0.7323522690960319,0.8402123599790446,3,15
yolov9c-seg.pt,MOTS20-02,494,15,1,116,7,5,8,0.5833333333333334,0.4666666666666667,0.5185185185185185,0.7867502998758769,0.8776948664871739,4,16
yolov9c-seg.pt,MOTS20-02,495,14,1,113,8,3,6,0.7272727272727273,0.5714285714285714,0.64,0.7985011170995073,0.8858677570265809,4,15
yolov9c-seg.pt,MOTS20-02,496,14,1,104,8,2,6,0.8,0.5714285714285714,0.6666666666666666,0.8005344281525826,0.886765991445461,3,13
yolov9c-seg.pt,MOTS20-02,497,13,1,113,7,2,6,0.7777777777777778,0.5384615384615384,0.6363636363636364,0.7820776187406192,0.8753323176604997,4,13
yolov9c-seg.pt,MOTS20-02,498,13,1,108,7,2,6,0.7777777777777778,0.5384615384615384,0.6363636363636364,0.7764156541490372,0.8722296071447905,4,13
yolov9c-seg.pt,MOTS20-02,499,13,1,100,8,2,5,0.8,0.6153846153846154,0.6956521739130435,0.7623787505118795,0.8626875234112401,4,14
yolov9c-seg.pt,MOTS20-02,500,13,1,98,9,3,4,0.75,0.6923076923076923,0.72,0.7527795976535495,0.8564782874909063,3,15
yolov9c-seg.pt,MOTS20-02,501,13,1,106,8,4,5,0.6666666666666666,0.6153846153846154,0.64,0.7796461639970473,0.8714659128420899,3,15
yolov9c-seg.pt,MOTS20-02,502,13,1,123,8,3,5,0.7272727272727273,0.6153846153846154,0.6666666666666666,0.7886914502780757,0.8796545750743676,3,14
yolov9c-seg.pt,MOTS20-02,503,13,1,133,9,2,4,0.8181818181818182,0.6923076923076923,0.75,0.7653895765227027,0.861610094733104,4,15
yolov9c-seg.pt,MOTS20-02,504,14,1,122,8,2,6,0.8,0.5714285714285714,0.6666666666666666,0.7936686127460768,0.8822532403906214,5,15
yolov9c-seg.pt,MOTS20-02,505,14,1,115,9,0,5,1.0,0.6428571428571429,0.782608695652174,0.7567771107671413,0.85642969745657,5,14
yolov9c-seg.pt,MOTS20-02,506,14,1,109,9,0,5,1.0,0.6428571428571429,0.782608695652174,0.7636979041261811,0.8617803480353267,3,12
yolov9c-seg.pt,MOTS20-02,507,15,1,114,8,1,7,0.8888888888888888,0.5333333333333333,0.6666666666666666,0.8116850108042653,0.8945054379528325,3,12
yolov9c-seg.pt,MOTS20-02,508,14,1,104,9,2,5,0.8181818181818182,0.6428571428571429,0.72,0.77815031188316,0.8721991598443781,3,14
yolov9c-seg.pt,MOTS20-02,509,14,1,100,8,2,6,0.8,0.5714285714285714,0.6666666666666666,0.8062028021271596,0.8897264711577837,3,13
yolov9c-seg.pt,MOTS20-02,510,14,1,99,8,2,6,0.8,0.5714285714285714,0.6666666666666666,0.8007223078509282,0.8877591755639129,3,13
yolov9c-seg.pt,MOTS20-02,511,14,1,110,8,2,6,0.8,0.5714285714285714,0.6666666666666666,0.8114749515846738,0.8940626498496538,3,13
yolov9c-seg.pt,MOTS20-02,512,14,1,99,8,1,6,0.8888888888888888,0.5714285714285714,0.6956521739130435,0.817001562891036,0.8974331463154359,4,13
yolov9c-seg.pt,MOTS20-02,513,14,1,108,10,1,4,0.9090909090909091,0.7142857142857143,0.8,0.7760943146645671,0.8698460115760692,3,14
yolov9c-seg.pt,MOTS20-02,514,14,1,111,11,1,3,0.9166666666666666,0.7857142857142857,0.8461538461538461,0.7745974762212243,0.8689945290742997,3,15
yolov9c-seg.pt,MOTS20-02,515,14,1,113,10,1,4,0.9090909090909091,0.7142857142857143,0.8,0.7875063911574538,0.8797316880353726,3,14
yolov9c-seg.pt,MOTS20-02,516,14,1,101,9,1,5,0.9,0.6428571428571429,0.75,0.8069135183640666,0.8921953265947798,3,13
yolov9c-seg.pt,MOTS20-02,517,13,1,95,9,1,4,0.9,0.6923076923076923,0.782608695652174,0.7683065152674149,0.8651198673052015,4,14
yolov9c-seg.pt,MOTS20-02,518,13,1,113,8,1,5,0.8888888888888888,0.6153846153846154,0.7272727272727273,0.8091657751825944,0.8938419985830645,4,13
yolov9c-seg.pt,MOTS20-02,519,13,1,115,8,1,5,0.8888888888888888,0.6153846153846154,0.7272727272727273,0.7975533851833763,0.8862205248837065,6,15
yolov9c-seg.pt,MOTS20-02,520,12,1,122,10,0,2,1.0,0.8333333333333334,0.9090909090909091,0.748345243105498,0.85135523910204,5,15
yolov9c-seg.pt,MOTS20-02,521,12,1,115,9,0,3,1.0,0.75,0.8571428571428571,0.7748957503968842,0.8707534188441836,5,14
yolov9c-seg.pt,MOTS20-02,522,12,1,113,8,1,4,0.8888888888888888,0.6666666666666666,0.7619047619047619,0.7776858509926525,0.8723372397847748,5,14
yolov9c-seg.pt,MOTS20-02,523,12,1,115,8,1,4,0.8888888888888888,0.6666666666666666,0.7619047619047619,0.777320021417169,0.8717738066110561,4,13
yolov9c-seg.pt,MOTS20-02,524,12,1,103,9,1,3,0.9,0.75,0.8181818181818182,0.7582430865394372,0.8590490738725031,4,14
yolov9c-seg.pt,MOTS20-02,525,12,1,117,8,1,4,0.8888888888888888,0.6666666666666666,0.7619047619047619,0.7797961923375649,0.8725416793930321,4,13
yolov9c-seg.pt,MOTS20-02,526,13,1,113,9,0,4,1.0,0.6923076923076923,0.8181818181818182,0.77343155773979,0.8697505088267605,4,13
yolov9c-seg.pt,MOTS20-02,527,13,1,106,9,0,4,1.0,0.6923076923076923,0.8181818181818182,0.764538479667286,0.8631410831080591,2,11
yolov9c-seg.pt,MOTS20-02,528,13,1,109,10,0,3,1.0,0.7692307692307693,0.8695652173913043,0.7496883648103633,0.8523128750305663,2,12
yolov9c-seg.pt,MOTS20-02,529,13,1,111,11,1,2,0.9166666666666666,0.8461538461538461,0.88,0.7064494550375097,0.822674656141754,2,14
yolov9c-seg.pt,MOTS20-02,530,13,1,104,10,0,3,1.0,0.7692307692307693,0.8695652173913043,0.7675629767395338,0.8653781394267985,2,12
yolov9c-seg.pt,MOTS20-02,531,13,1,106,11,1,2,0.9166666666666666,0.8461538461538461,0.88,0.7409512457275264,0.8468923075099688,2,14
yolov9c-seg.pt,MOTS20-02,532,14,1,106,13,0,1,1.0,0.9285714285714286,0.9629629629629629,0.7161261872794399,0.8298404068490004,2,15
yolov9c-seg.pt,MOTS20-02,533,14,1,87,11,1,3,0.9166666666666666,0.7857142857142857,0.8461538461538461,0.7550377149075658,0.8571468292801108,1,13
yolov9c-seg.pt,MOTS20-02,534,15,1,98,11,0,4,1.0,0.7333333333333333,0.8461538461538461,0.7516773774825058,0.854485380489907,1,12
yolov9c-seg.pt,MOTS20-02,535,15,1,92,11,1,4,0.9166666666666666,0.7333333333333333,0.8148148148148148,0.7472899340620675,0.8516385942229919,1,13
yolov9c-seg.pt,MOTS20-02,536,15,1,88,11,1,4,0.9166666666666666,0.7333333333333333,0.8148148148148148,0.7318067583624205,0.8411579445066901,1,13
yolov9c-seg.pt,MOTS20-02,537,15,1,104,11,0,4,1.0,0.7333333333333333,0.8461538461538461,0.7438156261313295,0.8471611415121277,2,13
yolov9c-seg.pt,MOTS20-02,538,14,1,116,11,0,3,1.0,0.7857142857142857,0.88,0.739508030882251,0.8457711122112826,3,14
yolov9c-seg.pt,MOTS20-02,539,14,1,117,11,0,3,1.0,0.7857142857142857,0.88,0.7373078883145475,0.8435749289674109,2,13
yolov9c-seg.pt,MOTS20-02,540,13,1,108,11,0,2,1.0,0.8461538461538461,0.9166666666666666,0.7401908781057759,0.8464163756599795,2,13
yolov9c-seg.pt,MOTS20-02,541,13,1,95,12,0,1,1.0,0.9230769230769231,0.96,0.7178666370438472,0.8312769204196514,1,13
yolov9c-seg.pt,MOTS20-02,542,13,1,99,12,0,1,1.0,0.9230769230769231,0.96,0.7343828782082605,0.8441779616056019,2,14
yolov9c-seg.pt,MOTS20-02,543,13,1,115,11,0,2,1.0,0.8461538461538461,0.9166666666666666,0.7409895140805968,0.848795571748477,2,13
yolov9c-seg.pt,MOTS20-02,544,13,1,107,12,0,1,1.0,0.9230769230769231,0.96,0.7296369724644496,0.8413980926787782,2,14
yolov9c-seg.pt,MOTS20-02,545,13,1,112,11,0,2,1.0,0.8461538461538461,0.9166666666666666,0.7344314798086496,0.8436386495133672,2,13
yolov9c-seg.pt,MOTS20-02,546,14,1,104,11,1,3,0.9166666666666666,0.7857142857142857,0.8461538461538461,0.7274576600092526,0.8389781051650662,2,14
yolov9c-seg.pt,MOTS20-02,547,14,1,106,12,0,2,1.0,0.8571428571428571,0.9230769230769231,0.6985483612900474,0.818875119894941,2,14
yolov9c-seg.pt,MOTS20-02,548,13,1,113,11,0,2,1.0,0.8461538461538461,0.9166666666666666,0.727265368355889,0.8394747558800688,3,14
yolov9c-seg.pt,MOTS20-02,549,13,1,117,12,0,1,1.0,0.9230769230769231,0.96,0.6945498726276901,0.8152806476461918,3,15
yolov9c-seg.pt,MOTS20-02,550,13,1,121,11,0,2,1.0,0.8461538461538461,0.9166666666666666,0.7096708635215987,0.8263519421896277,3,14
yolov9c-seg.pt,MOTS20-02,551,13,1,116,12,0,1,1.0,0.9230769230769231,0.96,0.703172337557552,0.8216221854675325,3,15
yolov9c-seg.pt,MOTS20-02,552,14,1,118,10,2,4,0.8333333333333334,0.7142857142857143,0.7692307692307693,0.70154652785358,0.8197616069915205,2,14
yolov9c-seg.pt,MOTS20-02,553,14,1,118,10,2,4,0.8333333333333334,0.7142857142857143,0.7692307692307693,0.7052606076746681,0.8223375281519025,2,14
yolov9c-seg.pt,MOTS20-02,554,14,1,124,10,2,4,0.8333333333333334,0.7142857142857143,0.7692307692307693,0.7143778324390597,0.8287365044836085,1,13
yolov9c-seg.pt,MOTS20-02,555,14,1,133,10,1,4,0.9090909090909091,0.7142857142857143,0.8,0.6946953175497933,0.8129684311834524,2,13
yolov9c-seg.pt,MOTS20-02,556,14,1,116,9,2,5,0.8181818181818182,0.6428571428571429,0.72,0.7205868725655236,0.8336345222203683,2,13
yolov9c-seg.pt,MOTS20-02,557,13,1,112,9,2,4,0.8181818181818182,0.6923076923076923,0.75,0.7278328264999576,0.8389496502591007,2,13
yolov9c-seg.pt,MOTS20-02,558,13,1,112,9,1,4,0.9,0.6923076923076923,0.782608695652174,0.7097273840900312,0.826672388298082,2,12
yolov9c-seg.pt,MOTS20-02,559,13,1,123,11,0,2,1.0,0.8461538461538461,0.9166666666666666,0.6908893283067618,0.8126038372028066,1,12
yolov9c-seg.pt,MOTS20-02,560,13,1,124,11,0,2,1.0,0.8461538461538461,0.9166666666666666,0.6947567052814076,0.8145986195044894,1,12
yolov9c-seg.pt,MOTS20-02,561,12,1,122,11,0,1,1.0,0.9166666666666666,0.9565217391304348,0.697787900965431,0.8168684887368584,1,12
yolov9c-seg.pt,MOTS20-02,562,12,1,120,10,0,2,1.0,0.8333333333333334,0.9090909090909091,0.7205116342135471,0.8349611826632612,1,11
yolov9c-seg.pt,MOTS20-02,563,12,1,113,10,0,2,1.0,0.8333333333333334,0.9090909090909091,0.7299631603598448,0.8408076409954557,1,11
yolov9c-seg.pt,MOTS20-02,564,12,1,120,10,0,2,1.0,0.8333333333333334,0.9090909090909091,0.7311436464964526,0.8409011914042978,2,12
yolov9c-seg.pt,MOTS20-02,565,12,1,105,10,0,2,1.0,0.8333333333333334,0.9090909090909091,0.7355870810158045,0.843465179668321,2,12
yolov9c-seg.pt,MOTS20-02,566,12,1,115,9,1,3,0.9,0.75,0.8181818181818182,0.7464730108755512,0.8527866357785955,1,11
yolov9c-seg.pt,MOTS20-02,567,12,1,117,9,1,3,0.9,0.75,0.8181818181818182,0.7399700666140576,0.8480946943045189,2,12
yolov9c-seg.pt,MOTS20-02,568,14,1,118,10,1,4,0.9090909090909091,0.7142857142857143,0.8,0.7230326047231953,0.8359570588002286,1,12
yolov9c-seg.pt,MOTS20-02,569,14,1,104,9,1,5,0.9,0.6428571428571429,0.75,0.725491664371967,0.8390165501303718,1,11
yolov9c-seg.pt,MOTS20-02,570,14,1,109,11,0,3,1.0,0.7857142857142857,0.88,0.7080455152237023,0.8242434797028602,1,12
yolov9c-seg.pt,MOTS20-02,571,13,1,105,9,1,4,0.9,0.6923076923076923,0.782608695652174,0.7391138840513335,0.8473834380725765,3,13
yolov9c-seg.pt,MOTS20-02,572,13,1,114,9,1,4,0.9,0.6923076923076923,0.782608695652174,0.7389850409045935,0.8467306138556808,2,12
yolov9c-seg.pt,MOTS20-02,573,13,1,123,10,1,3,0.9090909090909091,0.7692307692307693,0.8333333333333334,0.718622180647777,0.8312934055636617,1,12
yolov9c-seg.pt,MOTS20-02,574,12,1,125,10,1,2,0.9090909090909091,0.8333333333333334,0.8695652173913043,0.6903202197311971,0.8120718106309137,3,14
yolov9c-seg.pt,MOTS20-02,575,11,1,117,9,1,2,0.9,0.8181818181818182,0.8571428571428571,0.7199693365778781,0.8337728754757466,4,14
yolov9c-seg.pt,MOTS20-02,576,11,1,118,10,0,1,1.0,0.9090909090909091,0.9523809523809523,0.7204407871220339,0.8347154630069049,3,13
yolov9c-seg.pt,MOTS20-02,577,11,1,121,10,0,1,1.0,0.9090909090909091,0.9523809523809523,0.7089619177558457,0.8271831411698578,2,12
yolov9c-seg.pt,MOTS20-02,578,11,1,122,10,1,1,0.9090909090909091,0.9090909090909091,0.9090909090909091,0.7266847705154769,0.8389155796487042,2,13
yolov9c-seg.pt,MOTS20-02,579,11,1,119,11,1,0,0.9166666666666666,1.0,0.9565217391304348,0.7125167136261358,0.8278418795917635,3,15
yolov9c-seg.pt,MOTS20-02,580,11,1,115,10,1,1,0.9090909090909091,0.9090909090909091,0.9090909090909091,0.7249218108726312,0.8378368489223886,3,14
yolov9c-seg.pt,MOTS20-02,581,11,1,123,10,1,1,0.9090909090909091,0.9090909090909091,0.9090909090909091,0.6922665135284857,0.8140198533898758,2,13
yolov9c-seg.pt,MOTS20-02,582,11,1,107,10,1,1,0.9090909090909091,0.9090909090909091,0.9090909090909091,0.697469811557289,0.8179806032199869,1,12
yolov9c-seg.pt,MOTS20-02,583,11,1,117,10,1,1,0.9090909090909091,0.9090909090909091,0.9090909090909091,0.6945093412377057,0.8153970365220081,1,12
yolov9c-seg.pt,MOTS20-02,584,11,1,120,10,1,1,0.9090909090909091,0.9090909090909091,0.9090909090909091,0.690866678628396,0.8127104156553951,2,13
yolov9c-seg.pt,MOTS20-02,585,11,1,106,10,2,1,0.8333333333333334,0.9090909090909091,0.8695652173913043,0.6895483805324708,0.8130665343381784,2,14
yolov9c-seg.pt,MOTS20-02,586,11,1,111,10,0,1,1.0,0.9090909090909091,0.9523809523809523,0.7084878564784437,0.8255569022554905,2,12
yolov9c-seg.pt,MOTS20-02,587,10,1,92,8,0,2,1.0,0.8,0.8888888888888888,0.6913317473257523,0.8147728691131144,4,12
yolov9c-seg.pt,MOTS20-02,588,10,1,103,8,0,2,1.0,0.8,0.8888888888888888,0.6958493645487844,0.8178791654760632,5,13
yolov9c-seg.pt,MOTS20-02,589,10,1,119,9,0,1,1.0,0.9,0.9473684210526315,0.6974729879875372,0.8195525043689942,4,13
yolov9c-seg.pt,MOTS20-02,590,10,1,121,9,0,1,1.0,0.9,0.9473684210526315,0.6984186205493925,0.8200229231156266,3,12
yolov9c-seg.pt,MOTS20-02,591,10,1,140,9,0,1,1.0,0.9,0.9473684210526315,0.695766613868465,0.8182707055010909,4,13
yolov9c-seg.pt,MOTS20-02,592,10,1,127,9,1,1,0.9,0.9,0.9,0.6846698807073983,0.8103535570175266,3,13
yolov9c-seg.pt,MOTS20-02,593,10,1,134,10,1,0,0.9090909090909091,1.0,0.9523809523809523,0.6643145804564886,0.7963240031982926,3,14
yolov9c-seg.pt,MOTS20-02,594,10,1,126,10,1,0,0.9090909090909091,1.0,0.9523809523809523,0.6676769415089719,0.7984318520760456,3,14
yolov9c-seg.pt,MOTS20-02,595,10,1,126,9,0,1,1.0,0.9,0.9473684210526315,0.6851630138218051,0.8113280439575696,2,11
yolov9c-seg.pt,MOTS20-02,596,10,1,131,8,1,2,0.8888888888888888,0.8,0.8421052631578947,0.6751453556673713,0.8045577814301872,2,11
yolov9c-seg.pt,MOTS20-02,597,10,1,128,10,1,0,0.9090909090909091,1.0,0.9523809523809523,0.6784141730828661,0.8069988295192477,3,14
yolov9c-seg.pt,MOTS20-02,598,10,1,130,10,1,0,0.9090909090909091,1.0,0.9523809523809523,0.6771417425332176,0.8055430113384403,2,13
yolov9c-seg.pt,MOTS20-02,599,10,1,117,10,0,0,1.0,1.0,1.0,0.6732516748450438,0.802947087143553,2,12
yolov9c-seg.pt,MOTS20-02,600,10,1,115,10,1,0,0.9090909090909091,1.0,0.9523809523809523,0.6805234170083735,0.8081487644546115,4,15
yolov9c-seg.pt,MOTS20-05,1,5,1,17,2,0,3,1.0,0.4,0.5714285714285714,0.8704415875230644,0.9302028365366128,0,2
yolov9c-seg.pt,MOTS20-05,2,6,1,31,5,0,1,1.0,0.8333333333333334,0.9090909090909091,0.7222505415506012,0.8285460075469485,0,5
yolov9c-seg.pt,MOTS20-05,3,7,1,40,5,0,2,1.0,0.7142857142857143,0.8333333333333334,0.6950548841784646,0.8105631696316147,1,6
yolov9c-seg.pt,MOTS20-05,4,8,1,56,6,0,2,1.0,0.75,0.8571428571428571,0.747253423872191,0.8470350987429466,0,6
yolov9c-seg.pt,MOTS20-05,5,8,1,60,6,0,2,1.0,0.75,0.8571428571428571,0.7769761039156599,0.8696495279661547,1,7
yolov9c-seg.pt,MOTS20-05,6,9,1,75,6,0,3,1.0,0.6666666666666666,0.8,0.7401641012337065,0.8471474040820217,1,7
yolov9c-seg.pt,MOTS20-05,7,8,1,70,6,0,2,1.0,0.75,0.8571428571428571,0.7932010939017085,0.8828548283185977,1,7
yolov9c-seg.pt,MOTS20-05,8,9,1,67,6,0,3,1.0,0.6666666666666666,0.8,0.788674400458385,0.8801386127187062,1,7
yolov9c-seg.pt,MOTS20-05,9,9,1,73,7,0,2,1.0,0.7777777777777778,0.875,0.8014833518509542,0.8885182199531962,1,8
yolov9c-seg.pt,MOTS20-05,10,11,1,97,7,0,4,1.0,0.6363636363636364,0.7777777777777778,0.751793109191329,0.8543541693897873,1,8
yolov9c-seg.pt,MOTS20-05,11,11,1,85,9,1,2,0.9,0.8181818181818182,0.8571428571428571,0.7541065050823865,0.8573761393886021,1,11
yolov9c-seg.pt,MOTS20-05,12,11,1,96,9,2,2,0.8181818181818182,0.8181818181818182,0.8181818181818182,0.741520810879816,0.8481611887538223,2,13
yolov9c-seg.pt,MOTS20-05,13,11,1,94,8,1,3,0.8888888888888888,0.7272727272727273,0.8,0.7619757436895563,0.862392390369639,1,10
yolov9c-seg.pt,MOTS20-05,14,11,1,95,6,1,5,0.8571428571428571,0.5454545454545454,0.6666666666666666,0.7701388327105042,0.8666277730298044,1,8
yolov9c-seg.pt,MOTS20-05,15,10,1,102,6,1,4,0.8571428571428571,0.6,0.7058823529411765,0.7396423963237627,0.8446053644028396,1,8
yolov9c-seg.pt,MOTS20-05,16,9,1,81,5,1,4,0.8333333333333334,0.5555555555555556,0.6666666666666666,0.8081049822672487,0.8919953554401479,1,7
yolov9c-seg.pt,MOTS20-05,17,10,1,72,6,1,4,0.8571428571428571,0.6,0.7058823529411765,0.7373230420442091,0.8424188062711679,1,8
yolov9c-seg.pt,MOTS20-05,18,10,1,85,6,1,4,0.8571428571428571,0.6,0.7058823529411765,0.7907203401107389,0.8806912461394388,1,8
yolov9c-seg.pt,MOTS20-05,19,10,1,83,6,2,4,0.75,0.6,0.6666666666666666,0.7981710929036031,0.8858638254283018,1,9
yolov9c-seg.pt,MOTS20-05,20,9,1,94,5,2,4,0.7142857142857143,0.5555555555555556,0.625,0.8063164551396188,0.8893591921933457,1,8
yolov9c-seg.pt,MOTS20-05,21,9,1,68,4,0,5,1.0,0.4444444444444444,0.6153846153846154,0.7470334681685582,0.8437340220578848,1,5
yolov9c-seg.pt,MOTS20-05,22,7,1,71,4,1,3,0.8,0.5714285714285714,0.6666666666666666,0.7805549567650956,0.8702779292039932,1,6
yolov9c-seg.pt,MOTS20-05,23,6,1,61,5,0,1,1.0,0.8333333333333334,0.9090909090909091,0.7603434275496186,0.8555484524488085,1,6
yolov9c-seg.pt,MOTS20-05,24,6,1,62,5,1,1,0.8333333333333334,0.8333333333333334,0.8333333333333334,0.7343847892097444,0.8366078049198317,1,7
yolov9c-seg.pt,MOTS20-05,25,5,1,55,3,1,2,0.75,0.6,0.6666666666666666,0.8295157056307015,0.9000901254277277,1,5
yolov9c-seg.pt,MOTS20-05,26,5,1,49,3,1,2,0.75,0.6,0.6666666666666666,0.8222358646134871,0.8949742835196698,1,5
yolov9c-seg.pt,MOTS20-05,27,5,1,42,3,1,2,0.75,0.6,0.6666666666666666,0.8403645130607001,0.9083238242816077,1,5
yolov9c-seg.pt,MOTS20-05,28,3,1,29,3,1,0,0.75,1.0,0.8571428571428571,0.8358451182784187,0.9061161695187688,1,5
yolov9c-seg.pt,MOTS20-05,29,5,1,33,3,1,2,0.75,0.6,0.6666666666666666,0.8393375241206105,0.9074805884391544,1,5
yolov9c-seg.pt,MOTS20-05,30,7,1,52,5,2,2,0.7142857142857143,0.7142857142857143,0.7142857142857143,0.8006598186956719,0.8849085337247204,1,8
yolov9c-seg.pt,MOTS20-05,31,8,1,53,6,1,2,0.8571428571428571,0.75,0.8,0.8127304137390915,0.8936621079708419,1,8
yolov9c-seg.pt,MOTS20-05,32,8,1,52,6,2,2,0.75,0.75,0.75,0.8015109473159946,0.8853991050178589,1,9
yolov9c-seg.pt,MOTS20-05,33,8,1,62,7,1,1,0.875,0.875,0.875,0.7841079669767618,0.8755619543670198,2,10
yolov9c-seg.pt,MOTS20-05,34,8,1,61,7,1,1,0.875,0.875,0.875,0.7810025809148582,0.8722086524543488,1,9
yolov9c-seg.pt,MOTS20-05,35,9,1,58,7,2,2,0.7777777777777778,0.7777777777777778,0.7777777777777778,0.8169635155620015,0.8953852270486443,1,10
yolov9c-seg.pt,MOTS20-05,36,10,1,52,7,2,3,0.7777777777777778,0.7,0.7368421052631579,0.7817470988045588,0.8736525183509741,1,10
yolov9c-seg.pt,MOTS20-05,37,10,1,60,7,1,3,0.875,0.7,0.7777777777777778,0.7846320997062379,0.8750897771395899,1,9
yolov9c-seg.pt,MOTS20-05,38,10,1,61,8,2,2,0.8,0.8,0.8,0.7502083239646086,0.8507363191907722,1,11
yolov9c-seg.pt,MOTS20-05,39,10,1,61,6,3,4,0.6666666666666666,0.6,0.631578947368421,0.8093020865655971,0.8921483751745397,1,10
yolov9c-seg.pt,MOTS20-05,40,10,1,67,8,1,2,0.8888888888888888,0.8,0.8421052631578947,0.7406822681019036,0.8445469490562432,2,11
yolov9c-seg.pt,MOTS20-05,41,10,1,56,8,1,2,0.8888888888888888,0.8,0.8421052631578947,0.7454440474674003,0.8456900399836382,2,11
yolov9c-seg.pt,MOTS20-05,42,10,1,68,6,1,4,0.8571428571428571,0.6,0.7058823529411765,0.7978097072654716,0.8799554060318463,1,8
yolov9c-seg.pt,MOTS20-05,43,9,1,65,5,1,4,0.8333333333333334,0.5555555555555556,0.6666666666666666,0.7779136843382624,0.8639692522261774,2,8
yolov9c-seg.pt,MOTS20-05,44,9,1,54,4,1,5,0.8,0.4444444444444444,0.5714285714285714,0.8158706328790906,0.8887240054414589,1,6
yolov9c-seg.pt,MOTS20-05,45,7,1,51,3,2,4,0.6,0.42857142857142855,0.5,0.9027045791258267,0.9485188700132636,3,8
yolov9c-seg.pt,MOTS20-05,46,5,1,40,3,2,2,0.6,0.6,0.6,0.9080508717989648,0.9514755377164885,2,7
yolov9c-seg.pt,MOTS20-05,47,5,1,43,3,2,2,0.6,0.6,0.6,0.9099962853348494,0.9524319370426939,2,7
yolov9c-seg.pt,MOTS20-05,48,6,1,32,3,1,3,0.75,0.5,0.6,0.9098620308493378,0.9524252113560082,3,7
yolov9c-seg.pt,MOTS20-05,49,7,1,43,4,1,3,0.8,0.5714285714285714,0.6666666666666666,0.8760413477239409,0.931895116631031,1,6
yolov9c-seg.pt,MOTS20-05,50,7,1,53,5,1,2,0.8333333333333334,0.7142857142857143,0.7692307692307693,0.8322668359414476,0.9051042056680216,3,9
yolov9c-seg.pt,MOTS20-05,51,8,1,50,3,1,5,0.75,0.375,0.5,0.9191161400622345,0.9574214723169848,1,5
yolov9c-seg.pt,MOTS20-05,52,6,1,27,3,0,3,1.0,0.5,0.6666666666666666,0.9322229973164907,0.9648175969800882,2,5
yolov9c-seg.pt,MOTS20-05,53,4,1,34,3,0,1,1.0,0.75,0.8571428571428571,0.9182598382689857,0.9570268591537959,1,4
yolov9c-seg.pt,MOTS20-05,54,4,1,37,3,0,1,1.0,0.75,0.8571428571428571,0.919672996172113,0.9578209406623538,2,5
yolov9c-seg.pt,MOTS20-05,55,4,1,40,3,0,1,1.0,0.75,0.8571428571428571,0.9258930985558695,0.9612732383372684,1,4
yolov9c-seg.pt,MOTS20-05,56,5,1,27,3,0,2,1.0,0.6,0.75,0.9280964238931618,0.9624685119168387,2,5
yolov9c-seg.pt,MOTS20-05,57,3,1,22,3,0,0,1.0,1.0,1.0,0.9395865990892328,0.9687369985115124,1,4
yolov9c-seg.pt,MOTS20-05,58,3,1,27,3,0,0,1.0,1.0,1.0,0.9275700672402802,0.9621754653377668,1,4
yolov9c-seg.pt,MOTS20-05,59,3,1,23,3,0,0,1.0,1.0,1.0,0.9343972027193819,0.965880181791355,2,5
yolov9c-seg.pt,MOTS20-05,60,3,1,18,3,0,0,1.0,1.0,1.0,0.9278544777875425,0.9623030903406793,2,5
yolov9c-seg.pt,MOTS20-05,61,3,1,12,3,0,0,1.0,1.0,1.0,0.9306225432756382,0.9638636987436687,2,5
yolov9c-seg.pt,MOTS20-05,62,4,1,25,3,0,1,1.0,0.75,0.8571428571428571,0.9377135867056033,0.9677025674981584,2,5
yolov9c-seg.pt,MOTS20-05,63,4,1,35,3,1,1,0.75,0.75,0.75,0.9370452151390611,0.9673950063300963,1,5
yolov9c-seg.pt,MOTS20-05,64,5,1,43,4,1,1,0.8,0.8,0.8,0.8600867516314661,0.9179150930211424,2,7
yolov9c-seg.pt,MOTS20-05,65,5,1,33,4,1,1,0.8,0.8,0.8,0.8780013396950272,0.9311575438432343,3,8
yolov9c-seg.pt,MOTS20-05,66,6,1,45,4,1,2,0.8,0.6666666666666666,0.7272727272727273,0.884630086694064,0.9348329525273071,2,7
yolov9c-seg.pt,MOTS20-05,67,6,1,35,4,1,2,0.8,0.6666666666666666,0.7272727272727273,0.8769257573045668,0.9303958982310268,2,7
yolov9c-seg.pt,MOTS20-05,68,6,1,42,4,1,2,0.8,0.6666666666666666,0.7272727272727273,0.8915533435312712,0.9399927448009056,2,7
yolov9c-seg.pt,MOTS20-05,69,8,1,57,7,2,1,0.7777777777777778,0.875,0.8235294117647058,0.8076971047501024,0.8858147112819947,2,11
yolov9c-seg.pt,MOTS20-05,70,8,1,64,7,1,1,0.875,0.875,0.875,0.827149968360571,0.9020468606904718,2,10
yolov9c-seg.pt,MOTS20-05,71,8,1,66,7,1,1,0.875,0.875,0.875,0.8302591815036706,0.904062317534404,2,10
yolov9c-seg.pt,MOTS20-05,72,8,1,63,7,1,1,0.875,0.875,0.875,0.8267194753734041,0.9015478207602705,1,9
yolov9c-seg.pt,MOTS20-05,73,8,1,73,7,0,1,1.0,0.875,0.9333333333333333,0.8128566034510241,0.8922344610129139,2,9
yolov9c-seg.pt,MOTS20-05,74,8,1,68,7,1,1,0.875,0.875,0.875,0.7881124257791943,0.8748604768938831,2,10
yolov9c-seg.pt,MOTS20-05,75,8,1,60,7,1,1,0.875,0.875,0.875,0.7840381968632882,0.8719009702574265,2,10
yolov9c-seg.pt,MOTS20-05,76,8,1,46,5,1,3,0.8333333333333334,0.625,0.7142857142857143,0.8233932032313227,0.8961899868686135,2,8
yolov9c-seg.pt,MOTS20-05,77,6,1,51,5,1,1,0.8333333333333334,0.8333333333333334,0.8333333333333334,0.8480874216422487,0.9138013925795944,2,8
yolov9c-seg.pt,MOTS20-05,78,5,1,55,5,1,0,0.8333333333333334,1.0,0.9090909090909091,0.857804634511649,0.9203587347880262,2,8
yolov9c-seg.pt,MOTS20-05,79,5,1,44,5,2,0,0.7142857142857143,1.0,0.8333333333333334,0.8627419173253303,0.9230819275462941,2,9
yolov9c-seg.pt,MOTS20-05,80,5,1,42,4,0,1,1.0,0.8,0.8888888888888888,0.8959605953676798,0.9436960066180176,2,6
yolov9c-seg.pt,MOTS20-05,81,5,1,32,4,0,1,1.0,0.8,0.8888888888888888,0.8924511853427738,0.9409321692719499,2,6
yolov9c-seg.pt,MOTS20-05,82,5,1,34,3,0,2,1.0,0.6,0.75,0.927155045952215,0.9618813979308198,2,5
yolov9c-seg.pt,MOTS20-05,83,3,1,24,3,0,0,1.0,1.0,1.0,0.9332567591563358,0.9653278906444474,2,5
yolov9c-seg.pt,MOTS20-05,84,3,1,28,3,0,0,1.0,1.0,1.0,0.9263530738653211,0.9615080958212979,2,5
yolov9c-seg.pt,MOTS20-05,85,4,1,30,4,0,0,1.0,1.0,1.0,0.9036688758260029,0.9486545885030221,2,6
yolov9c-seg.pt,MOTS20-05,86,7,1,42,6,0,1,1.0,0.8571428571428571,0.9230769230769231,0.8186331594532882,0.8944273058608774,2,8
yolov9c-seg.pt,MOTS20-05,87,7,1,49,7,0,0,1.0,1.0,1.0,0.8261638142237254,0.9005426487921607,2,9
yolov9c-seg.pt,MOTS20-05,88,7,1,47,6,0,1,1.0,0.8571428571428571,0.9230769230769231,0.8363698169401274,0.907124629755713,2,8
yolov9c-seg.pt,MOTS20-05,89,7,1,58,6,0,1,1.0,0.8571428571428571,0.9230769230769231,0.8289794564907766,0.9022690700222565,2,8
yolov9c-seg.pt,MOTS20-05,90,6,1,50,6,1,0,0.8571428571428571,1.0,0.9230769230769231,0.833674847726377,0.9050300263528864,2,9
yolov9c-seg.pt,MOTS20-05,91,8,1,65,7,0,1,1.0,0.875,0.9333333333333333,0.8189818084531016,0.8959539061931864,2,9
yolov9c-seg.pt,MOTS20-05,92,8,1,59,7,0,1,1.0,0.875,0.9333333333333333,0.8028117450642449,0.8843652749425709,3,10
yolov9c-seg.pt,MOTS20-05,93,9,1,62,7,1,2,0.875,0.7777777777777778,0.8235294117647058,0.8294679456009116,0.9033123063051222,3,11
yolov9c-seg.pt,MOTS20-05,94,7,1,74,6,1,1,0.8571428571428571,0.8571428571428571,0.8571428571428571,0.8133743623645907,0.8904100856537495,3,10
yolov9c-seg.pt,MOTS20-05,95,9,1,94,6,0,3,1.0,0.6666666666666666,0.8,0.8098749191587733,0.8898606791805269,1,7
yolov9c-seg.pt,MOTS20-05,96,10,1,83,8,0,2,1.0,0.8,0.8888888888888888,0.8361421088340147,0.907217461387058,3,11
yolov9c-seg.pt,MOTS20-05,97,9,1,76,8,1,1,0.8888888888888888,0.8888888888888888,0.8888888888888888,0.8137682414618765,0.8927867815814727,4,13
yolov9c-seg.pt,MOTS20-05,98,9,1,71,8,1,1,0.8888888888888888,0.8888888888888888,0.8888888888888888,0.8029496572719126,0.8859418667960528,2,11
yolov9c-seg.pt,MOTS20-05,99,9,1,77,8,2,1,0.8,0.8888888888888888,0.8421052631578947,0.804322205380798,0.8867047247028708,3,13
yolov9c-seg.pt,MOTS20-05,100,9,1,75,8,1,1,0.8888888888888888,0.8888888888888888,0.8888888888888888,0.8097076442926694,0.8901756943873025,3,12
yolov9c-seg.pt,MOTS20-05,101,9,1,78,8,1,1,0.8888888888888888,0.8888888888888888,0.8888888888888888,0.7760337437419219,0.867217072985748,2,11
yolov9c-seg.pt,MOTS20-05,102,9,1,74,6,0,3,1.0,0.6666666666666666,0.8,0.805843726244739,0.885362687070352,1,7
yolov9c-seg.pt,MOTS20-05,103,9,1,76,7,0,2,1.0,0.7777777777777778,0.875,0.8030537607641562,0.8851242080330983,2,9
yolov9c-seg.pt,MOTS20-05,104,9,1,72,7,0,2,1.0,0.7777777777777778,0.875,0.8012026152617363,0.8838668448778728,1,8
yolov9c-seg.pt,MOTS20-05,105,9,1,79,7,0,2,1.0,0.7777777777777778,0.875,0.8104941172242759,0.8897595698965377,2,9
yolov9c-seg.pt,MOTS20-05,106,9,1,73,7,1,2,0.875,0.7777777777777778,0.8235294117647058,0.792378012572747,0.8755158005673257,2,10
yolov9c-seg.pt,MOTS20-05,107,9,1,78,8,1,1,0.8888888888888888,0.8888888888888888,0.8888888888888888,0.7815453459585517,0.8702803165961099,2,11
yolov9c-seg.pt,MOTS20-05,108,9,1,76,7,2,2,0.7777777777777778,0.7777777777777778,0.7777777777777778,0.7817155697881842,0.8689232281791269,2,11
yolov9c-seg.pt,MOTS20-05,109,9,1,65,5,1,4,0.8333333333333334,0.5555555555555556,0.6666666666666666,0.8441058303300455,0.911413431693768,2,8
yolov9c-seg.pt,MOTS20-05,110,9,1,45,5,1,4,0.8333333333333334,0.5555555555555556,0.6666666666666666,0.8470449419923286,0.9133339019951437,1,7
yolov9c-seg.pt,MOTS20-05,111,7,1,47,5,3,2,0.625,0.7142857142857143,0.6666666666666666,0.8592776909268517,0.922038739080081,2,10
yolov9c-seg.pt,MOTS20-05,112,6,1,56,5,4,1,0.5555555555555556,0.8333333333333334,0.6666666666666666,0.8445155673269861,0.9124136371075012,1,10
yolov9c-seg.pt,MOTS20-05,113,6,1,42,4,3,2,0.5714285714285714,0.6666666666666666,0.6153846153846154,0.91552497061436,0.9553953763281435,1,8
yolov9c-seg.pt,MOTS20-05,114,6,1,52,3,1,3,0.75,0.5,0.6,0.944612239812615,0.9714585297407005,1,5
yolov9c-seg.pt,MOTS20-05,115,3,1,28,3,1,0,0.75,1.0,0.8571428571428571,0.9431645021660885,0.970695359131824,1,5
yolov9c-seg.pt,MOTS20-05,116,3,1,29,3,0,0,1.0,1.0,1.0,0.9443712033460052,0.9713338244109825,0,3
yolov9c-seg.pt,MOTS20-05,117,3,1,24,3,1,0,0.75,1.0,0.8571428571428571,0.9410438708138772,0.9695559693119277,1,5
yolov9c-seg.pt,MOTS20-05,118,4,1,43,4,2,0,0.6666666666666666,1.0,0.8,0.8940924413775344,0.9424114135463859,2,8
yolov9c-seg.pt,MOTS20-05,119,6,1,51,6,3,0,0.6666666666666666,1.0,0.8,0.8453861596479957,0.9134343134362491,2,11
yolov9c-seg.pt,MOTS20-05,120,6,1,51,6,1,0,0.8571428571428571,1.0,0.9230769230769231,0.8335532812034648,0.9049311298914017,1,8
yolov9c-seg.pt,MOTS20-05,121,6,1,40,6,1,0,0.8571428571428571,1.0,0.9230769230769231,0.8296262530566922,0.902204610345791,2,9
yolov9c-seg.pt,MOTS20-05,122,6,1,45,5,2,1,0.7142857142857143,0.8333333333333334,0.7692307692307693,0.8444886769144663,0.911821637539673,2,9
yolov9c-seg.pt,MOTS20-05,123,9,1,58,6,2,3,0.75,0.6666666666666666,0.7058823529411765,0.824719621699742,0.9003713481729448,3,11
yolov9c-seg.pt,MOTS20-05,124,9,1,65,7,3,2,0.7,0.7777777777777778,0.7368421052631579,0.8158680239997488,0.8957785574624129,2,12
yolov9c-seg.pt,MOTS20-05,125,9,1,61,7,2,2,0.7777777777777778,0.7777777777777778,0.7777777777777778,0.8173391642647292,0.8967004805417635,3,12
yolov9c-seg.pt,MOTS20-05,126,9,1,66,7,3,2,0.7,0.7777777777777778,0.7368421052631579,0.8192199846577777,0.8978038977100453,2,12
yolov9c-seg.pt,MOTS20-05,127,9,1,66,7,2,2,0.7777777777777778,0.7777777777777778,0.7777777777777778,0.8357557809616065,0.9085588731244952,2,11
yolov9c-seg.pt,MOTS20-05,128,9,1,70,7,2,2,0.7777777777777778,0.7777777777777778,0.7777777777777778,0.7989676707097894,0.8832606438563942,3,12
yolov9c-seg.pt,MOTS20-05,129,10,1,74,8,2,2,0.8,0.8,0.8,0.7881679222138342,0.8755081185822948,2,12
yolov9c-seg.pt,MOTS20-05,130,10,1,69,7,3,3,0.7,0.7,0.7,0.8310246470953706,0.9053227865509558,0,10
yolov9c-seg.pt,MOTS20-05,131,10,1,61,7,2,3,0.7777777777777778,0.7,0.7368421052631579,0.814753915136401,0.8929778724168635,1,10
yolov9c-seg.pt,MOTS20-05,132,10,1,68,6,3,4,0.6666666666666666,0.6,0.631578947368421,0.833728456541983,0.9068106389599487,0,9
yolov9c-seg.pt,MOTS20-05,133,10,1,58,6,2,4,0.75,0.6,0.6666666666666666,0.7850487814033262,0.8712769107920839,2,10
yolov9c-seg.pt,MOTS20-05,134,10,1,68,6,2,4,0.75,0.6,0.6666666666666666,0.7808347811214219,0.868169298642078,1,9
yolov9c-seg.pt,MOTS20-05,135,10,1,72,7,0,3,1.0,0.7,0.8235294117647058,0.7430426955674437,0.841492828332295,3,10
yolov9c-seg.pt,MOTS20-05,136,10,1,75,7,1,3,0.875,0.7,0.7777777777777778,0.7592768805004636,0.8536643165717497,3,11
yolov9c-seg.pt,MOTS20-05,137,10,1,77,6,2,4,0.75,0.6,0.6666666666666666,0.8358284409481608,0.9074528483617351,2,10
yolov9c-seg.pt,MOTS20-05,138,9,1,72,7,0,2,1.0,0.7777777777777778,0.875,0.7726990087576465,0.8618629140151651,2,9
yolov9c-seg.pt,MOTS20-05,139,9,1,77,6,0,3,1.0,0.6666666666666666,0.8,0.7534215873706979,0.8465825200431194,2,8
yolov9c-seg.pt,MOTS20-05,140,9,1,72,7,0,2,1.0,0.7777777777777778,0.875,0.772004972009982,0.8640648790333607,2,9
yolov9c-seg.pt,MOTS20-05,141,9,1,58,7,1,2,0.875,0.7777777777777778,0.8235294117647058,0.7687475101591784,0.8598533866100336,2,10
yolov9c-seg.pt,MOTS20-05,142,9,1,67,6,1,3,0.8571428571428571,0.6666666666666666,0.75,0.7638921869028769,0.8566827356496928,1,8
yolov9c-seg.pt,MOTS20-05,143,9,1,63,7,0,2,1.0,0.7777777777777778,0.875,0.7749134226566939,0.862185763300572,2,9
yolov9c-seg.pt,MOTS20-05,144,9,1,55,8,0,1,1.0,0.8888888888888888,0.9411764705882353,0.7640506992644411,0.8560120920630109,2,10
yolov9c-seg.pt,MOTS20-05,145,8,1,63,7,1,1,0.875,0.875,0.875,0.8014298352681701,0.882689129504827,2,10
yolov9c-seg.pt,MOTS20-05,146,7,1,41,5,0,2,1.0,0.7142857142857143,0.8333333333333334,0.7792113449244091,0.8635933024255709,2,7
yolov9c-seg.pt,MOTS20-05,147,5,1,51,5,1,0,0.8333333333333334,1.0,0.9090909090909091,0.8148784489564923,0.887081472689853,2,8
yolov9c-seg.pt,MOTS20-05,148,5,1,39,5,0,0,1.0,1.0,1.0,0.8257248785428001,0.8951121741920316,1,6
yolov9c-seg.pt,MOTS20-05,149,5,1,38,4,1,1,0.8,0.8,0.8,0.8978911805553027,0.9449760790913492,2,7
yolov9c-seg.pt,MOTS20-05,150,5,1,30,3,0,2,1.0,0.6,0.75,0.9338516802441297,0.9657587393441253,2,5
yolov9c-seg.pt,MOTS20-05,151,3,1,27,3,0,0,1.0,1.0,1.0,0.9352531958238902,0.9665113230808519,2,5
yolov9c-seg.pt,MOTS20-05,152,3,1,23,3,0,0,1.0,1.0,1.0,0.9343381550685944,0.9660339990374669,2,5
yolov9c-seg.pt,MOTS20-05,153,6,1,51,4,1,2,0.8,0.6666666666666666,0.7272727272727273,0.8391041067785041,0.9032205067942467,2,7
yolov9c-seg.pt,MOTS20-05,154,7,1,50,6,0,1,1.0,0.8571428571428571,0.9230769230769231,0.827083129578649,0.9001784079791971,2,8
yolov9c-seg.pt,MOTS20-05,155,7,1,54,6,0,1,1.0,0.8571428571428571,0.9230769230769231,0.8172458404841288,0.8917191363623013,1,7
yolov9c-seg.pt,MOTS20-05,156,7,1,59,6,1,1,0.8571428571428571,0.8571428571428571,0.8571428571428571,0.8208354714074365,0.8952541320580804,2,9
yolov9c-seg.pt,MOTS20-05,157,7,1,66,7,0,0,1.0,1.0,1.0,0.7639351367323306,0.8552877937889092,2,9
yolov9c-seg.pt,MOTS20-05,158,7,1,59,7,1,0,0.875,1.0,0.9333333333333333,0.7731419851340657,0.8609960285568082,2,10
yolov9c-seg.pt,MOTS20-05,159,9,1,63,6,1,3,0.8571428571428571,0.6666666666666666,0.75,0.8442393563229663,0.911051349128872,2,9
yolov9c-seg.pt,MOTS20-05,160,9,1,72,8,2,1,0.8,0.8888888888888888,0.8421052631578947,0.8453334442379389,0.9134463249062909,2,12
yolov9c-seg.pt,MOTS20-05,161,9,1,77,8,1,1,0.8888888888888888,0.8888888888888888,0.8888888888888888,0.8184242891892256,0.8940756578088405,2,11
yolov9c-seg.pt,MOTS20-05,162,9,1,72,8,1,1,0.8888888888888888,0.8888888888888888,0.8888888888888888,0.8077384364981283,0.8891262730272145,3,12
yolov9c-seg.pt,MOTS20-05,163,9,1,76,6,1,3,0.8571428571428571,0.6666666666666666,0.75,0.8398844212180858,0.9069924002439017,2,9
yolov9c-seg.pt,MOTS20-05,164,9,1,78,7,2,2,0.7777777777777778,0.7777777777777778,0.7777777777777778,0.7979988712259738,0.8776984586992417,0,9
yolov9c-seg.pt,MOTS20-05,165,9,1,58,7,3,2,0.7,0.7777777777777778,0.7368421052631579,0.8383522317657085,0.9084577108979576,1,11
yolov9c-seg.pt,MOTS20-05,166,9,1,59,7,1,2,0.875,0.7777777777777778,0.8235294117647058,0.8296830160870797,0.9027284676694064,1,9
yolov9c-seg.pt,MOTS20-05,167,9,1,59,7,2,2,0.7777777777777778,0.7777777777777778,0.7777777777777778,0.8259332268640722,0.89976643588569,0,9
yolov9c-seg.pt,MOTS20-05,168,9,1,67,7,0,2,1.0,0.7777777777777778,0.875,0.8160221944587539,0.8927210513559709,0,7
yolov9c-seg.pt,MOTS20-05,169,9,1,72,6,1,3,0.8571428571428571,0.6666666666666666,0.75,0.859379856720826,0.9213144977339676,0,7
yolov9c-seg.pt,MOTS20-05,170,8,1,75,6,0,2,1.0,0.75,0.8571428571428571,0.8516180641446286,0.915110729477763,0,6
yolov9c-seg.pt,MOTS20-05,171,5,1,43,3,0,2,1.0,0.6,0.75,0.9471241629856756,0.9728085679494329,0,3
yolov9c-seg.pt,MOTS20-05,172,5,1,49,4,0,1,1.0,0.8,0.8888888888888888,0.8702201780615112,0.924858803170566,0,4
yolov9c-seg.pt,MOTS20-05,173,5,1,42,4,0,1,1.0,0.8,0.8888888888888888,0.8521638370250615,0.9102644549223939,0,4
yolov9c-seg.pt,MOTS20-05,174,4,1,62,3,0,1,1.0,0.75,0.8571428571428571,0.9515097260628472,0.9751211957980795,0,3
yolov9c-seg.pt,MOTS20-05,175,4,1,37,3,1,1,0.75,0.75,0.75,0.9509501674239571,0.97480473985318,0,4
yolov9c-seg.pt,MOTS20-05,176,3,1,42,3,0,0,1.0,1.0,1.0,0.9502594786003756,0.9744596434644955,0,3
yolov9c-seg.pt,MOTS20-05,177,4,1,36,3,0,1,1.0,0.75,0.8571428571428571,0.9514964093145876,0.9751245420697833,0,3
yolov9c-seg.pt,MOTS20-05,178,7,1,50,6,2,1,0.75,0.8571428571428571,0.8,0.8785466053813688,0.9330870228056679,0,8
yolov9c-seg.pt,MOTS20-05,179,7,1,55,6,2,1,0.75,0.8571428571428571,0.8,0.8882488734745199,0.9394515555987396,0,8
yolov9c-seg.pt,MOTS20-05,180,7,1,54,6,1,1,0.8571428571428571,0.8571428571428571,0.8571428571428571,0.8511245893814524,0.9157478634034861,0,7
yolov9c-seg.pt,MOTS20-05,181,7,1,57,6,1,1,0.8571428571428571,0.8571428571428571,0.8571428571428571,0.8554200450946575,0.9188292334171303,0,7
yolov9c-seg.pt,MOTS20-05,182,9,1,66,6,1,3,0.8571428571428571,0.6666666666666666,0.75,0.8550750472303159,0.9187342518902936,0,7
yolov9c-seg.pt,MOTS20-05,183,9,1,60,6,1,3,0.8571428571428571,0.6666666666666666,0.75,0.8667090988970924,0.9263465443347562,0,7
yolov9c-seg.pt,MOTS20-05,184,9,1,56,6,1,3,0.8571428571428571,0.6666666666666666,0.75,0.8237390403800963,0.8949173656798797,1,8
yolov9c-seg.pt,MOTS20-05,185,9,1,60,6,3,3,0.6666666666666666,0.6666666666666666,0.6666666666666666,0.8354360924513875,0.9052239261816578,0,9
yolov9c-seg.pt,MOTS20-05,186,9,1,65,8,3,1,0.7272727272727273,0.8888888888888888,0.8,0.7969573736366868,0.8793842453214002,0,11
yolov9c-seg.pt,MOTS20-05,187,9,1,61,8,0,1,1.0,0.8888888888888888,0.9411764705882353,0.8064065046692788,0.8862374890080131,0,8
yolov9c-seg.pt,MOTS20-05,188,9,1,55,8,1,1,0.8888888888888888,0.8888888888888888,0.8888888888888888,0.8063029434241641,0.8864246666968246,0,9
yolov9c-seg.pt,MOTS20-05,189,9,1,58,8,1,1,0.8888888888888888,0.8888888888888888,0.8888888888888888,0.8016315323474343,0.881287898291713,0,9
yolov9c-seg.pt,MOTS20-05,190,9,1,62,8,0,1,1.0,0.8888888888888888,0.9411764705882353,0.7930280020092476,0.8771640327418795,0,8
yolov9c-seg.pt,MOTS20-05,191,9,1,56,8,0,1,1.0,0.8888888888888888,0.9411764705882353,0.7869257124537987,0.8705187342155006,0,8
yolov9c-seg.pt,MOTS20-05,192,9,1,60,7,0,2,1.0,0.7777777777777778,0.875,0.7980579721640045,0.8786629351538936,0,7
yolov9c-seg.pt,MOTS20-05,193,9,1,62,7,0,2,1.0,0.7777777777777778,0.875,0.8193086182041498,0.8935020396685672,0,7
yolov9c-seg.pt,MOTS20-05,194,9,1,59,7,0,2,1.0,0.7777777777777778,0.875,0.8213974095748097,0.8958577439409448,0,7
yolov9c-seg.pt,MOTS20-05,195,9,1,51,7,0,2,1.0,0.7777777777777778,0.875,0.8238467452066083,0.8951304239878003,0,7
yolov9c-seg.pt,MOTS20-05,196,9,1,42,6,1,3,0.8571428571428571,0.6666666666666666,0.75,0.8581543664758645,0.9210678643672795,0,7
yolov9c-seg.pt,MOTS20-05,197,9,1,39,6,1,3,0.8571428571428571,0.6666666666666666,0.75,0.874383962874354,0.9311867892829154,0,7
yolov9c-seg.pt,MOTS20-05,198,9,1,46,6,1,3,0.8571428571428571,0.6666666666666666,0.75,0.8586264375712281,0.9205834655554774,0,7
yolov9c-seg.pt,MOTS20-05,199,9,1,48,6,0,3,1.0,0.6666666666666666,0.8,0.8581529811631837,0.9207737456435451,0,6
yolov9c-seg.pt,MOTS20-05,200,9,1,52,6,1,3,0.8571428571428571,0.6666666666666666,0.75,0.8559856327776275,0.9178693574968602,1,8
yolov9c-seg.pt,MOTS20-05,201,9,1,41,6,0,3,1.0,0.6666666666666666,0.8,0.8606812455433204,0.9218001920770829,1,7
yolov9c-seg.pt,MOTS20-05,202,9,1,42,7,0,2,1.0,0.7777777777777778,0.875,0.7964540176087563,0.878011502193521,1,8
yolov9c-seg.pt,MOTS20-05,203,9,1,40,5,1,4,0.8333333333333334,0.5555555555555556,0.6666666666666666,0.8939061430525213,0.9421704340354037,1,7
yolov9c-seg.pt,MOTS20-05,204,9,1,41,5,2,4,0.7142857142857143,0.5555555555555556,0.625,0.8888250667874222,0.9394142755595339,1,8
yolov9c-seg.pt,MOTS20-05,205,9,1,38,6,1,3,0.8571428571428571,0.6666666666666666,0.75,0.8198453574286476,0.8921568336482347,1,8
yolov9c-seg.pt,MOTS20-05,206,9,1,39,5,2,4,0.7142857142857143,0.5555555555555556,0.625,0.8634974354923596,0.9229348030080043,0,7
yolov9c-seg.pt,MOTS20-05,207,8,1,35,6,0,2,1.0,0.75,0.8571428571428571,0.8269062383611435,0.896430046640592,2,8
yolov9c-seg.pt,MOTS20-05,208,7,1,33,6,0,1,1.0,0.8571428571428571,0.9230769230769231,0.8314766074618162,0.9004041534336897,1,7
yolov9c-seg.pt,MOTS20-05,209,7,1,36,5,1,2,0.8333333333333334,0.7142857142857143,0.7692307692307693,0.897721876667202,0.9444802399039857,1,7
yolov9c-seg.pt,MOTS20-05,210,6,1,39,6,1,0,0.8571428571428571,1.0,0.9230769230769231,0.8306515337596331,0.8996736747986879,2,9
yolov9c-seg.pt,MOTS20-05,211,6,1,46,6,2,0,0.75,1.0,0.8571428571428571,0.8327743953721439,0.902151766211322,0,8
yolov9c-seg.pt,MOTS20-05,212,6,1,35,5,1,1,0.8333333333333334,0.8333333333333334,0.8333333333333334,0.8859822224932078,0.9385484838586384,0,6
yolov9c-seg.pt,MOTS20-05,213,6,1,43,5,2,1,0.7142857142857143,0.8333333333333334,0.7692307692307693,0.8997221017937884,0.9458733006715452,0,7
yolov9c-seg.pt,MOTS20-05,214,6,1,28,5,2,1,0.7142857142857143,0.8333333333333334,0.7692307692307693,0.9014671799020431,0.9468563203258512,0,7
yolov9c-seg.pt,MOTS20-05,215,6,1,36,6,1,0,0.8571428571428571,1.0,0.9230769230769231,0.8504442413804615,0.9153907005081346,1,8
yolov9c-seg.pt,MOTS20-05,216,6,1,37,6,1,0,0.8571428571428571,1.0,0.9230769230769231,0.8433746927467386,0.9112705101554447,0,7
yolov9c-seg.pt,MOTS20-05,217,6,1,33,6,1,0,0.8571428571428571,1.0,0.9230769230769231,0.8440505740132623,0.9114902089670122,3,10
yolov9c-seg.pt,MOTS20-05,218,6,1,44,6,0,0,1.0,1.0,1.0,0.8607605631543915,0.9224387735032149,4,10
yolov9c-seg.pt,MOTS20-05,219,6,1,46,6,0,0,1.0,1.0,1.0,0.8596806874499316,0.9223212626884635,1,7
yolov9c-seg.pt,MOTS20-05,220,6,1,47,6,1,0,0.8571428571428571,1.0,0.9230769230769231,0.8447822258698975,0.9119863631240491,2,9
yolov9c-seg.pt,MOTS20-05,221,6,1,46,6,1,0,0.8571428571428571,1.0,0.9230769230769231,0.8578890835580871,0.9203477359250472,3,10
yolov9c-seg.pt,MOTS20-05,222,6,1,53,6,0,0,1.0,1.0,1.0,0.8720972880057191,0.9298276518935538,1,7
yolov9c-seg.pt,MOTS20-05,223,6,1,70,6,0,0,1.0,1.0,1.0,0.859063393994099,0.9218429407179616,1,7
yolov9c-seg.pt,MOTS20-05,224,7,1,65,6,0,1,1.0,0.8571428571428571,0.9230769230769231,0.8610149650232994,0.9229360751180447,3,9
yolov9c-seg.pt,MOTS20-05,225,7,1,59,6,0,1,1.0,0.8571428571428571,0.9230769230769231,0.8491711009402957,0.9147280901385232,2,8
yolov9c-seg.pt,MOTS20-05,226,7,1,66,6,0,1,1.0,0.8571428571428571,0.9230769230769231,0.8637145192929975,0.9240463108009532,2,8
yolov9c-seg.pt,MOTS20-05,227,7,1,44,6,0,1,1.0,0.8571428571428571,0.9230769230769231,0.8830598510677384,0.9366996990753828,2,8
yolov9c-seg.pt,MOTS20-05,228,8,1,59,7,0,1,1.0,0.875,0.9333333333333333,0.8156205597123992,0.8916655490700248,3,10
yolov9c-seg.pt,MOTS20-05,229,8,1,69,7,1,1,0.875,0.875,0.875,0.8614183748591798,0.923489657576907,4,12
yolov9c-seg.pt,MOTS20-05,230,8,1,71,7,2,1,0.7777777777777778,0.875,0.8235294117647058,0.8538885767916226,0.9196245373262916,2,11
yolov9c-seg.pt,MOTS20-05,231,8,1,71,7,0,1,1.0,0.875,0.9333333333333333,0.8649627930832537,0.9264594207037904,3,10
yolov9c-seg.pt,MOTS20-05,232,8,1,49,7,0,1,1.0,0.875,0.9333333333333333,0.8629280591843813,0.9246703386797842,1,8
yolov9c-seg.pt,MOTS20-05,233,7,1,82,7,1,0,0.875,1.0,0.9333333333333333,0.8610074903373998,0.9240238789324152,1,9
yolov9c-seg.pt,MOTS20-05,234,8,1,75,7,1,1,0.875,0.875,0.875,0.826889547426405,0.9005967200400079,2,10
yolov9c-seg.pt,MOTS20-05,235,8,1,92,7,2,1,0.7777777777777778,0.875,0.8235294117647058,0.8350063683456643,0.90670684186378,1,10
yolov9c-seg.pt,MOTS20-05,236,10,1,98,6,3,4,0.6666666666666666,0.6,0.631578947368421,0.8130358242424189,0.8900794109804782,2,11
yolov9c-seg.pt,MOTS20-05,237,10,1,69,9,1,1,0.9,0.9,0.9,0.751655232949648,0.8503628623514167,2,12
yolov9c-seg.pt,MOTS20-05,238,10,1,96,7,1,3,0.875,0.7,0.7777777777777778,0.7940826734455798,0.8791120203217098,2,10
yolov9c-seg.pt,MOTS20-05,239,10,1,97,8,1,2,0.8888888888888888,0.8,0.8421052631578947,0.8035112097836807,0.8875988694741401,2,11
yolov9c-seg.pt,MOTS20-05,240,8,1,90,7,0,1,1.0,0.875,0.9333333333333333,0.7985681136153752,0.8822368193656007,4,11
yolov9c-seg.pt,MOTS20-05,241,8,1,102,7,0,1,1.0,0.875,0.9333333333333333,0.7830684007473668,0.8701217781698994,3,10
yolov9c-seg.pt,MOTS20-05,242,10,1,94,7,3,3,0.7,0.7,0.7,0.8134161104232944,0.8900393544652693,1,11
yolov9c-seg.pt,MOTS20-05,243,10,1,70,9,2,1,0.8181818181818182,0.9,0.8571428571428571,0.8022581178299857,0.8833205603069599,0,11
yolov9c-seg.pt,MOTS20-05,244,10,1,59,8,0,2,1.0,0.8,0.8888888888888888,0.845152584910345,0.9134273549392309,0,8
yolov9c-seg.pt,MOTS20-05,245,9,1,51,8,1,1,0.8888888888888888,0.8888888888888888,0.8888888888888888,0.8745273049993335,0.9319462033775553,0,9
yolov9c-seg.pt,MOTS20-05,246,9,1,65,8,0,1,1.0,0.8888888888888888,0.9411764705882353,0.8420104097983299,0.910098896163103,0,8
yolov9c-seg.pt,MOTS20-05,247,8,1,42,7,0,1,1.0,0.875,0.9333333333333333,0.8306640520637932,0.9012990744285359,2,9
yolov9c-seg.pt,MOTS20-05,248,8,1,54,6,1,2,0.8571428571428571,0.75,0.8,0.8528139991540454,0.9189071719739985,1,8
yolov9c-seg.pt,MOTS20-05,249,8,1,64,8,0,0,1.0,1.0,1.0,0.8006077731833401,0.8825602659111451,1,9
yolov9c-seg.pt,MOTS20-05,250,10,1,64,9,0,1,1.0,0.9,0.9473684210526315,0.8098567824074926,0.8902040586583274,1,10
yolov9c-seg.pt,MOTS20-05,251,10,1,70,10,0,0,1.0,1.0,1.0,0.8082103577730011,0.8905257155062491,1,11
yolov9c-seg.pt,MOTS20-05,252,10,1,77,10,0,0,1.0,1.0,1.0,0.7970145820027345,0.8835609393059739,0,10
yolov9c-seg.pt,MOTS20-05,253,13,1,71,10,1,3,0.9090909090909091,0.7692307692307693,0.8333333333333334,0.780331010393217,0.8715471993147943,0,11
yolov9c-seg.pt,MOTS20-05,254,14,1,74,9,2,5,0.8181818181818182,0.6428571428571429,0.72,0.7830934104276546,0.8734276985984802,0,11
yolov9c-seg.pt,MOTS20-05,255,13,1,79,8,0,5,1.0,0.6153846153846154,0.7619047619047619,0.8418146460948575,0.9122726400890945,2,10
yolov9c-seg.pt,MOTS20-05,256,13,1,71,9,2,4,0.8181818181818182,0.6923076923076923,0.75,0.8350042221114475,0.9068381696331715,0,11
yolov9c-seg.pt,MOTS20-05,257,13,1,67,10,0,3,1.0,0.7692307692307693,0.8695652173913043,0.8121677549555807,0.8918578407585909,0,10
yolov9c-seg.pt,MOTS20-05,258,12,1,59,10,0,2,1.0,0.8333333333333334,0.9090909090909091,0.799220714309768,0.884363962570689,0,10
yolov9c-seg.pt,MOTS20-05,259,12,1,47,9,0,3,1.0,0.75,0.8571428571428571,0.7995691835023018,0.8832536496237542,0,9
yolov9c-seg.pt,MOTS20-05,260,10,1,46,7,0,3,1.0,0.7,0.8235294117647058,0.8134915589189193,0.8926861827383314,0,7
yolov9c-seg.pt,MOTS20-05,261,9,1,57,6,1,3,0.8571428571428571,0.6666666666666666,0.75,0.839253288165473,0.9092601567995665,0,7
yolov9c-seg.pt,MOTS20-05,262,9,1,101,6,0,3,1.0,0.6666666666666666,0.8,0.8050742708991646,0.8849767629916552,0,6
yolov9c-seg.pt,MOTS20-05,263,7,1,63,4,2,3,0.6666666666666666,0.5714285714285714,0.6153846153846154,0.8720691120166947,0.9295041635751279,3,9
yolov9c-seg.pt,MOTS20-05,264,7,1,50,4,0,3,1.0,0.5714285714285714,0.7272727272727273,0.8691753110252015,0.9273683468953315,2,6
yolov9c-seg.pt,MOTS20-05,265,8,1,46,5,0,3,1.0,0.625,0.7692307692307693,0.8275953581502092,0.8952126733085402,0,5
yolov9c-seg.pt,MOTS20-05,266,8,1,60,5,0,3,1.0,0.625,0.7692307692307693,0.8753282970074332,0.9320125343254805,0,5
yolov9c-seg.pt,MOTS20-05,267,8,1,48,6,0,2,1.0,0.75,0.8571428571428571,0.8991510216481444,0.946556317795332,0,6
yolov9c-seg.pt,MOTS20-05,268,8,1,58,6,1,2,0.8571428571428571,0.75,0.8,0.877933574001681,0.9335507654725052,1,8
yolov9c-seg.pt,MOTS20-05,269,10,1,53,5,2,5,0.7142857142857143,0.5,0.5882352941176471,0.8978441514121467,0.9458731496882263,1,8
yolov9c-seg.pt,MOTS20-05,270,11,1,54,6,1,5,0.8571428571428571,0.5454545454545454,0.6666666666666666,0.8699404788701921,0.9289685151394126,1,8
yolov9c-seg.pt,MOTS20-05,271,11,1,87,6,1,5,0.8571428571428571,0.5454545454545454,0.6666666666666666,0.8733422377301064,0.9308494597397031,1,8
yolov9c-seg.pt,MOTS20-05,272,9,1,75,6,1,3,0.8571428571428571,0.6666666666666666,0.75,0.8711855565181432,0.9298217660050261,1,8
yolov9c-seg.pt,MOTS20-05,273,9,1,113,6,1,3,0.8571428571428571,0.6666666666666666,0.75,0.8290132497066752,0.9019673319856646,0,7
yolov9c-seg.pt,MOTS20-05,274,10,1,70,6,1,4,0.8571428571428571,0.6,0.7058823529411765,0.8351087370722294,0.90711577566704,0,7
yolov9c-seg.pt,MOTS20-05,275,11,1,79,7,0,4,1.0,0.6363636363636364,0.7777777777777778,0.8182555285118716,0.8965870530690107,0,7
yolov9c-seg.pt,MOTS20-05,276,11,1,90,9,1,2,0.9,0.8181818181818182,0.8571428571428571,0.7674619737358443,0.8597492985889852,0,10
yolov9c-seg.pt,MOTS20-05,277,10,1,93,8,1,2,0.8888888888888888,0.8,0.8421052631578947,0.7513949899421171,0.8497124434261287,0,9
yolov9c-seg.pt,MOTS20-05,278,10,1,88,7,1,3,0.875,0.7,0.7777777777777778,0.8634962973341824,0.9260441156979645,0,8
yolov9c-seg.pt,MOTS20-05,279,10,1,60,7,0,3,1.0,0.7,0.8235294117647058,0.8194566778453575,0.895127353084648,0,7
yolov9c-seg.pt,MOTS20-05,280,10,1,54,6,0,4,1.0,0.6,0.75,0.9006720726632311,0.9473832314874664,0,6
yolov9c-seg.pt,MOTS20-05,281,9,1,31,7,1,2,0.875,0.7777777777777778,0.8235294117647058,0.8504346531242964,0.9129019595347182,0,8
yolov9c-seg.pt,MOTS20-05,282,10,1,57,8,0,2,1.0,0.8,0.8888888888888888,0.8338700118878835,0.9048381415367481,0,8
yolov9c-seg.pt,MOTS20-05,283,10,1,67,9,0,1,1.0,0.9,0.9473684210526315,0.8345300300111173,0.9070875752170144,0,9
yolov9c-seg.pt,MOTS20-05,284,10,1,51,9,0,1,1.0,0.9,0.9473684210526315,0.830493176297953,0.9030829987239463,0,9
yolov9c-seg.pt,MOTS20-05,285,9,1,58,8,0,1,1.0,0.8888888888888888,0.9411764705882353,0.8745914310758851,0.932003556819059,0,8
yolov9c-seg.pt,MOTS20-05,286,9,1,35,8,0,1,1.0,0.8888888888888888,0.9411764705882353,0.8760248812527657,0.9325075247087007,0,8
yolov9c-seg.pt,MOTS20-05,287,9,1,44,9,0,0,1.0,1.0,1.0,0.8640332777848273,0.924585704895455,0,9
yolov9c-seg.pt,MOTS20-05,288,9,1,54,9,0,0,1.0,1.0,1.0,0.8831247474902183,0.9367203293634563,1,10
yolov9c-seg.pt,MOTS20-05,289,8,1,59,8,0,0,1.0,1.0,1.0,0.8606003948613521,0.9241069201954619,2,10
yolov9c-seg.pt,MOTS20-05,290,8,1,72,8,0,0,1.0,1.0,1.0,0.8264785169961243,0.9008811865006174,4,12
yolov9c-seg.pt,MOTS20-05,291,8,1,49,8,0,0,1.0,1.0,1.0,0.8224488601307367,0.896341464183299,2,10
yolov9c-seg.pt,MOTS20-05,292,8,1,50,8,0,0,1.0,1.0,1.0,0.8275375088901594,0.8988541059760342,1,9
yolov9c-seg.pt,MOTS20-05,293,9,1,41,7,0,2,1.0,0.7777777777777778,0.875,0.8861422826551781,0.9382925725634601,1,8
yolov9c-seg.pt,MOTS20-05,294,9,1,35,8,0,1,1.0,0.8888888888888888,0.9411764705882353,0.8845792122267262,0.9374712985310344,1,9
yolov9c-seg.pt,MOTS20-05,295,10,1,34,7,1,3,0.875,0.7,0.7777777777777778,0.892695258422638,0.9421429242583388,0,8
yolov9c-seg.pt,MOTS20-05,296,10,1,31,8,0,2,1.0,0.8,0.8888888888888888,0.8937674069228537,0.9431664870319137,0,8
yolov9c-seg.pt,MOTS20-05,297,10,1,43,8,1,2,0.8888888888888888,0.8,0.8421052631578947,0.8833652887754677,0.9367606803574645,0,9
yolov9c-seg.pt,MOTS20-05,298,10,1,56,9,1,1,0.9,0.9,0.9,0.8266689065408,0.9001902671126781,0,10
yolov9c-seg.pt,MOTS20-05,299,10,1,52,8,0,2,1.0,0.8,0.8888888888888888,0.8622929423486182,0.9248082982223698,0,8
yolov9c-seg.pt,MOTS20-05,300,9,1,44,9,0,0,1.0,1.0,1.0,0.8511468627024016,0.9178714490916408,0,9
yolov9c-seg.pt,MOTS20-05,301,9,1,74,8,0,1,1.0,0.8888888888888888,0.9411764705882353,0.8599184718101948,0.9230651750801003,1,9
yolov9c-seg.pt,MOTS20-05,302,10,0,67,10,1,0,0.9090909090909091,1.0,0.9523809523809523,0.82404480899841,0.8992234590827459,0,11
yolov9c-seg.pt,MOTS20-05,303,12,1,100,11,0,1,1.0,0.9166666666666666,0.9565217391304348,0.7651367082398665,0.8598206392372898,0,11
yolov9c-seg.pt,MOTS20-05,304,14,1,60,11,0,3,1.0,0.7857142857142857,0.88,0.7763126035052873,0.8682224220690302,0,11
yolov9c-seg.pt,MOTS20-05,305,13,1,71,12,0,1,1.0,0.9230769230769231,0.96,0.7812843769517909,0.8707957864811701,0,12
yolov9c-seg.pt,MOTS20-05,306,13,1,117,10,2,3,0.8333333333333334,0.7692307692307693,0.8,0.7600085573111866,0.8580823043925582,1,13
yolov9c-seg.pt,MOTS20-05,307,12,1,107,10,1,2,0.9090909090909091,0.8333333333333334,0.8695652173913043,0.7338026476540696,0.8413751957377007,1,12
yolov9c-seg.pt,MOTS20-05,308,12,1,74,8,3,4,0.7272727272727273,0.6666666666666666,0.6956521739130435,0.7944285104020732,0.8814445919035775,0,11
yolov9c-seg.pt,MOTS20-05,309,12,1,92,10,0,2,1.0,0.8333333333333334,0.9090909090909091,0.7289920756030124,0.8367368614219182,1,11
yolov9c-seg.pt,MOTS20-05,310,11,1,71,9,0,2,1.0,0.8181818181818182,0.9,0.7403626247731298,0.8432598887171986,0,9
yolov9c-seg.pt,MOTS20-05,311,11,1,79,8,0,3,1.0,0.7272727272727273,0.8421052631578947,0.7705576136078712,0.8638480885760966,0,8
yolov9c-seg.pt,MOTS20-05,312,10,1,63,8,0,2,1.0,0.8,0.8888888888888888,0.7767123260267481,0.86970324084545,1,9
yolov9c-seg.pt,MOTS20-05,313,11,1,54,8,0,3,1.0,0.7272727272727273,0.8421052631578947,0.8141240874075402,0.8939710379085669,1,9
yolov9c-seg.pt,MOTS20-05,314,11,1,78,8,0,3,1.0,0.7272727272727273,0.8421052631578947,0.8298054157702526,0.9039753038392093,0,8
yolov9c-seg.pt,MOTS20-05,315,11,1,75,8,0,3,1.0,0.7272727272727273,0.8421052631578947,0.7985759249915979,0.8849372358477877,1,9
yolov9c-seg.pt,MOTS20-05,316,9,1,60,9,0,0,1.0,1.0,1.0,0.7783195425461911,0.8720762701751922,1,10
yolov9c-seg.pt,MOTS20-05,317,8,1,43,7,0,1,1.0,0.875,0.9333333333333333,0.7800396416741578,0.8718524015145593,2,9
yolov9c-seg.pt,MOTS20-05,318,8,1,38,7,1,1,0.875,0.875,0.875,0.7781811205825083,0.8710512050060141,2,10
yolov9c-seg.pt,MOTS20-05,319,7,1,37,7,0,0,1.0,1.0,1.0,0.8197588470887537,0.8980701990308783,2,9
yolov9c-seg.pt,MOTS20-05,320,8,1,65,8,0,0,1.0,1.0,1.0,0.809257569174215,0.8918451233135993,0,8
yolov9c-seg.pt,MOTS20-05,321,10,1,59,9,0,1,1.0,0.9,0.9473684210526315,0.7983081723433849,0.883294653698533,0,9
yolov9c-seg.pt,MOTS20-05,322,10,1,83,10,2,0,0.8333333333333334,1.0,0.9090909090909091,0.8157712149995401,0.8951148256001483,0,12
yolov9c-seg.pt,MOTS20-05,323,9,1,64,8,2,1,0.8,0.8888888888888888,0.8421052631578947,0.8025522674208254,0.8871704365582598,0,10
yolov9c-seg.pt,MOTS20-05,324,10,1,73,7,2,3,0.7777777777777778,0.7,0.7368421052631579,0.8153342563160806,0.8953398094139023,2,11
yolov9c-seg.pt,MOTS20-05,325,10,1,73,8,0,2,1.0,0.8,0.8888888888888888,0.7835073179069156,0.874836839253734,1,9
yolov9c-seg.pt,MOTS20-05,326,11,1,64,9,1,2,0.9,0.8181818181818182,0.8571428571428571,0.7951494300132343,0.8833180849437927,1,11
yolov9c-seg.pt,MOTS20-05,327,9,1,63,8,1,1,0.8888888888888888,0.8888888888888888,0.8888888888888888,0.8480243852435783,0.9161295207714188,2,11
yolov9c-seg.pt,MOTS20-05,328,9,1,60,9,0,0,1.0,1.0,1.0,0.8340883414081378,0.9079375106075696,1,10
yolov9c-seg.pt,MOTS20-05,329,10,1,69,8,0,2,1.0,0.8,0.8888888888888888,0.8556516456879915,0.9212540576557597,2,10
yolov9c-seg.pt,MOTS20-05,330,11,1,71,8,2,3,0.8,0.7272727272727273,0.7619047619047619,0.837195127977671,0.9093084546758543,1,11
yolov9c-seg.pt,MOTS20-05,331,10,1,56,9,0,1,1.0,0.9,0.9473684210526315,0.8122005921942088,0.8916457386273723,1,10
yolov9c-seg.pt,MOTS20-05,332,11,1,78,6,0,5,1.0,0.5454545454545454,0.7058823529411765,0.8329131309815807,0.9062232845954014,1,7
yolov9c-seg.pt,MOTS20-05,333,8,1,76,7,1,1,0.875,0.875,0.875,0.826389669895047,0.9016394618980337,1,9
yolov9c-seg.pt,MOTS20-05,334,8,1,64,7,0,1,1.0,0.875,0.9333333333333333,0.8399188942985042,0.9108125369173982,2,9
yolov9c-seg.pt,MOTS20-05,335,9,1,71,8,1,1,0.8888888888888888,0.8888888888888888,0.8888888888888888,0.8069640758563936,0.890113101840675,1,10
yolov9c-seg.pt,MOTS20-05,336,9,1,99,8,3,1,0.7272727272727273,0.8888888888888888,0.8,0.8018532995462051,0.8858584612621406,0,11
yolov9c-seg.pt,MOTS20-05,337,8,1,76,7,0,1,1.0,0.875,0.9333333333333333,0.7870542310420895,0.8755840374978107,2,9
yolov9c-seg.pt,MOTS20-05,338,9,1,70,8,0,1,1.0,0.8888888888888888,0.9411764705882353,0.7755553376929025,0.8691369004938696,1,9
yolov9c-seg.pt,MOTS20-05,339,9,1,95,8,1,1,0.8888888888888888,0.8888888888888888,0.8888888888888888,0.762000577118743,0.8578257058887626,1,10
yolov9c-seg.pt,MOTS20-05,340,9,1,82,9,0,0,1.0,1.0,1.0,0.788383367082297,0.8776522375857784,0,9
yolov9c-seg.pt,MOTS20-05,341,9,1,69,9,0,0,1.0,1.0,1.0,0.8106240770878935,0.8924262535357185,0,9
yolov9c-seg.pt,MOTS20-05,342,8,1,70,8,1,0,0.8888888888888888,1.0,0.9411764705882353,0.7933812586000605,0.8797655029149858,1,10
yolov9c-seg.pt,MOTS20-05,343,8,1,62,8,0,0,1.0,1.0,1.0,0.8239909311367234,0.9008152494891863,0,8
yolov9c-seg.pt,MOTS20-05,344,8,1,66,8,1,0,0.8888888888888888,1.0,0.9411764705882353,0.8029987352309198,0.887089307725526,0,9
yolov9c-seg.pt,MOTS20-05,345,8,1,62,8,0,0,1.0,1.0,1.0,0.8022867506969429,0.8871157341330717,0,8
yolov9c-seg.pt,MOTS20-05,346,8,1,62,8,0,0,1.0,1.0,1.0,0.815482188148818,0.8956959401850394,0,8
yolov9c-seg.pt,MOTS20-05,347,7,1,72,7,0,0,1.0,1.0,1.0,0.7953419967001796,0.8827504149195136,2,9
yolov9c-seg.pt,MOTS20-05,348,7,1,69,7,0,0,1.0,1.0,1.0,0.8368243625816862,0.9074731532544301,1,8
yolov9c-seg.pt,MOTS20-05,349,7,1,41,6,0,1,1.0,0.8571428571428571,0.9230769230769231,0.87140678036299,0.9300209106186249,1,7
yolov9c-seg.pt,MOTS20-05,350,7,1,63,6,1,1,0.8571428571428571,0.8571428571428571,0.8571428571428571,0.8683338550553873,0.9288657177893436,1,8
yolov9c-seg.pt,MOTS20-05,351,5,1,70,5,0,0,1.0,1.0,1.0,0.8506630542729436,0.9175846365794547,1,6
yolov9c-seg.pt,MOTS20-05,352,5,1,52,5,0,0,1.0,1.0,1.0,0.8692778827377982,0.929395919483548,1,6
yolov9c-seg.pt,MOTS20-05,353,7,1,53,7,0,0,1.0,1.0,1.0,0.791537597654055,0.8767118184319941,1,8
yolov9c-seg.pt,MOTS20-05,354,7,1,44,6,2,1,0.75,0.8571428571428571,0.8,0.8826316608999373,0.9367291649074652,0,8
yolov9c-seg.pt,MOTS20-05,355,7,1,58,7,1,0,0.875,1.0,0.9333333333333333,0.8405546764156292,0.910567280944061,1,9
yolov9c-seg.pt,MOTS20-05,356,7,1,54,6,0,1,1.0,0.8571428571428571,0.9230769230769231,0.8762149854870703,0.9332171240090618,0,6
yolov9c-seg.pt,MOTS20-05,357,7,1,42,6,1,1,0.8571428571428571,0.8571428571428571,0.8571428571428571,0.8909501928742561,0.9420427029491534,0,7
yolov9c-seg.pt,MOTS20-05,358,7,1,53,6,0,1,1.0,0.8571428571428571,0.9230769230769231,0.8942786025663728,0.9437804678085103,0,6
yolov9c-seg.pt,MOTS20-05,359,7,1,50,6,0,1,1.0,0.8571428571428571,0.9230769230769231,0.8790309730737881,0.9345916056752618,1,7
yolov9c-seg.pt,MOTS20-05,360,7,1,61,6,0,1,1.0,0.8571428571428571,0.9230769230769231,0.8688451872271828,0.9285257857619688,0,6
yolov9c-seg.pt,MOTS20-05,361,7,1,62,6,1,1,0.8571428571428571,0.8571428571428571,0.8571428571428571,0.8173474160707354,0.8943162791365519,0,7
yolov9c-seg.pt,MOTS20-05,362,7,1,49,6,0,1,1.0,0.8571428571428571,0.9230769230769231,0.8655439056313886,0.9275537344951447,0,6
yolov9c-seg.pt,MOTS20-05,363,7,1,37,6,0,1,1.0,0.8571428571428571,0.9230769230769231,0.8407625009684505,0.912662922093276,0,6
yolov9c-seg.pt,MOTS20-05,364,6,1,40,6,0,0,1.0,1.0,1.0,0.8723926227847582,0.9307679768334358,0,6
yolov9c-seg.pt,MOTS20-05,365,6,1,29,6,0,0,1.0,1.0,1.0,0.8445090103119747,0.9140642397546229,0,6
yolov9c-seg.pt,MOTS20-05,366,7,1,53,6,1,1,0.8571428571428571,0.8571428571428571,0.8571428571428571,0.822739688007485,0.8954824806719813,0,7
yolov9c-seg.pt,MOTS20-05,367,7,1,70,5,1,2,0.8333333333333334,0.7142857142857143,0.7692307692307693,0.814101849524689,0.8905489442858758,0,6
yolov9c-seg.pt,MOTS20-05,368,6,1,32,4,1,2,0.8,0.6666666666666666,0.7272727272727273,0.8712572615980383,0.9298779840717947,0,5
yolov9c-seg.pt,MOTS20-05,369,6,1,45,4,1,2,0.8,0.6666666666666666,0.7272727272727273,0.8542494158142202,0.9205499975586247,0,5
yolov9c-seg.pt,MOTS20-05,370,7,1,38,6,0,1,1.0,0.8571428571428571,0.9230769230769231,0.8090203529514395,0.891126494157859,0,6
yolov9c-seg.pt,MOTS20-05,371,7,1,52,6,0,1,1.0,0.8571428571428571,0.9230769230769231,0.8205551854812664,0.8996567553803333,0,6
yolov9c-seg.pt,MOTS20-05,372,6,1,51,5,0,1,1.0,0.8333333333333334,0.9090909090909091,0.83210578226719,0.9065970728266981,1,6
yolov9c-seg.pt,MOTS20-05,373,8,1,54,6,0,2,1.0,0.75,0.8571428571428571,0.8356097709549548,0.9077199532219894,0,6
yolov9c-seg.pt,MOTS20-05,374,8,1,45,7,0,1,1.0,0.875,0.9333333333333333,0.8100138999787996,0.8921370308187624,0,7
yolov9c-seg.pt,MOTS20-05,375,8,1,49,8,0,0,1.0,1.0,1.0,0.7764858363324665,0.8667294401650656,0,8
yolov9c-seg.pt,MOTS20-05,376,10,1,47,10,0,0,1.0,1.0,1.0,0.7320010526501032,0.8377458990655413,0,10
yolov9c-seg.pt,MOTS20-05,377,10,1,54,10,1,0,0.9090909090909091,1.0,0.9523809523809523,0.748643345956113,0.8514630771124642,0,11
yolov9c-seg.pt,MOTS20-05,378,11,1,64,9,1,2,0.9,0.8181818181818182,0.8571428571428571,0.7803108413005212,0.8735880974638753,0,10
yolov9c-seg.pt,MOTS20-05,379,11,1,65,10,1,1,0.9090909090909091,0.9090909090909091,0.9090909090909091,0.7764631357502473,0.8722803804564945,0,11
yolov9c-seg.pt,MOTS20-05,380,11,1,72,10,2,1,0.8333333333333334,0.9090909090909091,0.8695652173913043,0.767361276461479,0.863757284849728,0,12
yolov9c-seg.pt,MOTS20-05,381,11,1,75,10,3,1,0.7692307692307693,0.9090909090909091,0.8333333333333334,0.7629845740315385,0.8620691790936095,0,13
yolov9c-seg.pt,MOTS20-05,382,10,1,62,10,0,0,1.0,1.0,1.0,0.7752806039865352,0.8705991511781941,1,11
yolov9c-seg.pt,MOTS20-05,383,10,1,69,10,1,0,0.9090909090909091,1.0,0.9523809523809523,0.7728666664632523,0.8677100071471224,0,11
yolov9c-seg.pt,MOTS20-05,384,9,1,75,8,0,1,1.0,0.8888888888888888,0.9411764705882353,0.7847490355633557,0.8766219644368207,1,9
yolov9c-seg.pt,MOTS20-05,385,9,1,79,9,0,0,1.0,1.0,1.0,0.7358460957419223,0.8417581107987967,2,11
yolov9c-seg.pt,MOTS20-05,386,9,1,74,9,1,0,0.9,1.0,0.9473684210526315,0.763320871402873,0.8607045670806527,0,10
yolov9c-seg.pt,MOTS20-05,387,9,1,53,9,1,0,0.9,1.0,0.9473684210526315,0.7930176572855719,0.8804626159406159,0,10
yolov9c-seg.pt,MOTS20-05,388,9,1,57,9,0,0,1.0,1.0,1.0,0.809338492255893,0.8912833932140841,2,11
yolov9c-seg.pt,MOTS20-05,389,9,1,55,9,1,0,0.9,1.0,0.9473684210526315,0.7633903601147196,0.8599350876936716,1,11
yolov9c-seg.pt,MOTS20-05,390,9,1,53,9,1,0,0.9,1.0,0.9473684210526315,0.7869299761273836,0.8766081426170166,0,10
yolov9c-seg.pt,MOTS20-05,391,9,1,68,9,0,0,1.0,1.0,1.0,0.7612431578568633,0.8583199339587515,1,10
yolov9c-seg.pt,MOTS20-05,392,9,1,70,9,1,0,0.9,1.0,0.9473684210526315,0.7859096975277807,0.8771885828874993,1,11
yolov9c-seg.pt,MOTS20-05,393,9,1,64,8,2,1,0.8,0.8888888888888888,0.8421052631578947,0.7949316591236271,0.883713442737083,2,12
yolov9c-seg.pt,MOTS20-05,394,9,1,72,8,2,1,0.8,0.8888888888888888,0.8421052631578947,0.7865942684628899,0.8775075130474939,0,10
yolov9c-seg.pt,MOTS20-05,395,9,1,77,9,1,0,0.9,1.0,0.9473684210526315,0.7512611739478617,0.8531523424632286,2,12
yolov9c-seg.pt,MOTS20-05,396,9,1,71,8,2,1,0.8,0.8888888888888888,0.8421052631578947,0.7294740951700955,0.8356768485606683,1,11
yolov9c-seg.pt,MOTS20-05,397,8,1,84,8,1,0,0.8888888888888888,1.0,0.9411764705882353,0.7333105833737863,0.8412637965702422,2,11
yolov9c-seg.pt,MOTS20-05,398,8,1,52,6,1,2,0.8571428571428571,0.75,0.8,0.7422587008532878,0.8465527770496905,1,8
yolov9c-seg.pt,MOTS20-05,399,8,1,53,7,0,1,1.0,0.875,0.9333333333333333,0.7156262412870035,0.827361556966738,2,9
yolov9c-seg.pt,MOTS20-05,400,7,1,53,6,0,1,1.0,0.8571428571428571,0.9230769230769231,0.7475919323855829,0.846760988732004,3,9
yolov9c-seg.pt,MOTS20-05,401,7,1,47,6,0,1,1.0,0.8571428571428571,0.9230769230769231,0.7772898084006447,0.869106145604666,3,9
yolov9c-seg.pt,MOTS20-05,402,7,1,62,7,0,0,1.0,1.0,1.0,0.7220940773167666,0.8312400069308507,2,9
yolov9c-seg.pt,MOTS20-05,403,6,1,69,6,1,0,0.8571428571428571,1.0,0.9230769230769231,0.732513813982662,0.8399922141304161,3,10
yolov9c-seg.pt,MOTS20-05,404,6,1,64,5,1,1,0.8333333333333334,0.8333333333333334,0.8333333333333334,0.7370626857551894,0.8439589331820383,0,6
yolov9c-seg.pt,MOTS20-05,405,5,1,54,5,0,0,1.0,1.0,1.0,0.6902860160037548,0.8083440105584291,4,9
yolov9c-seg.pt,MOTS20-05,406,4,1,43,3,0,1,1.0,0.75,0.8571428571428571,0.7387973686795989,0.8405258304566541,3,6
yolov9c-seg.pt,MOTS20-05,407,4,1,38,3,0,1,1.0,0.75,0.8571428571428571,0.7606350130391687,0.8541401132189822,3,6
yolov9c-seg.pt,MOTS20-05,408,4,1,41,2,1,2,0.6666666666666666,0.5,0.5714285714285714,0.8531859129050242,0.9195564809588457,2,5
yolov9c-seg.pt,MOTS20-05,409,4,1,37,2,2,2,0.5,0.5,0.5,0.8452583788623225,0.9150689890980916,1,5
yolov9c-seg.pt,MOTS20-05,410,4,1,49,4,1,0,0.8,1.0,0.8888888888888888,0.7066559706942946,0.8209122475903865,1,6
yolov9c-seg.pt,MOTS20-05,411,4,1,51,4,0,0,1.0,1.0,1.0,0.7176161709774889,0.8281792248937506,3,7
yolov9c-seg.pt,MOTS20-05,412,4,1,49,4,1,0,0.8,1.0,0.8888888888888888,0.6966547686900925,0.8136370279225897,3,8
yolov9c-seg.pt,MOTS20-05,413,4,1,61,4,2,0,0.6666666666666666,1.0,0.8,0.6973233866712691,0.8127353001000504,2,8
yolov9c-seg.pt,MOTS20-05,414,5,1,65,5,0,0,1.0,1.0,1.0,0.7223237704085405,0.8344779313310307,1,6
yolov9c-seg.pt,MOTS20-05,415,6,1,46,5,1,1,0.8333333333333334,0.8333333333333334,0.8333333333333334,0.7002958563593829,0.8166729423607203,1,7
yolov9c-seg.pt,MOTS20-05,416,6,1,77,5,0,1,1.0,0.8333333333333334,0.9090909090909091,0.7674774195831748,0.861848770408795,0,5
yolov9c-seg.pt,MOTS20-05,417,6,1,75,5,0,1,1.0,0.8333333333333334,0.9090909090909091,0.7446090139993016,0.8442741914833121,1,6
yolov9c-seg.pt,MOTS20-05,418,6,1,55,4,1,2,0.8,0.6666666666666666,0.7272727272727273,0.7724475197069349,0.862769242943738,2,7
yolov9c-seg.pt,MOTS20-05,419,6,1,31,4,0,2,1.0,0.6666666666666666,0.8,0.7954665754664862,0.8795850739296613,0,4
yolov9c-seg.pt,MOTS20-05,420,6,1,47,4,1,2,0.8,0.6666666666666666,0.7272727272727273,0.7854412862496142,0.8717865534753708,1,6
yolov9c-seg.pt,MOTS20-05,421,6,1,61,4,0,2,1.0,0.6666666666666666,0.8,0.7926583243015155,0.8779676227307062,1,5
yolov9c-seg.pt,MOTS20-05,422,5,1,42,4,0,1,1.0,0.8,0.8888888888888888,0.8087495340407512,0.8885524201995577,0,4
yolov9c-seg.pt,MOTS20-05,423,6,1,51,4,0,2,1.0,0.6666666666666666,0.8,0.7962144907357005,0.8806876811132827,0,4
yolov9c-seg.pt,MOTS20-05,424,5,1,53,4,1,1,0.8,0.8,0.8,0.8064315518886823,0.8874023982054196,0,5
yolov9c-seg.pt,MOTS20-05,425,6,1,64,4,0,2,1.0,0.6666666666666666,0.8,0.7896970061888342,0.8759423750496479,2,6
yolov9c-seg.pt,MOTS20-05,426,6,1,70,5,1,1,0.8333333333333334,0.8333333333333334,0.8333333333333334,0.7582002547183035,0.8560215931683992,2,8
yolov9c-seg.pt,MOTS20-05,427,6,1,64,4,2,2,0.6666666666666666,0.6666666666666666,0.6666666666666666,0.8043787601616518,0.8886832509790389,1,7
yolov9c-seg.pt,MOTS20-05,428,7,1,95,5,2,2,0.7142857142857143,0.7142857142857143,0.7142857142857143,0.8423180989931179,0.9126365097738995,0,7
yolov9c-seg.pt,MOTS20-05,429,7,1,61,6,1,1,0.8571428571428571,0.8571428571428571,0.8571428571428571,0.7761961145436778,0.8654762976448106,1,8
yolov9c-seg.pt,MOTS20-05,430,7,1,41,6,2,1,0.75,0.8571428571428571,0.8,0.8200595258745037,0.8966929399206444,0,8
yolov9c-seg.pt,MOTS20-05,431,8,1,43,6,2,2,0.75,0.75,0.75,0.8595227417577084,0.9212559743762667,0,8
yolov9c-seg.pt,MOTS20-05,432,8,1,53,6,0,2,1.0,0.75,0.8571428571428571,0.8267172707292846,0.9013916582572906,0,6
yolov9c-seg.pt,MOTS20-05,433,7,1,67,6,0,1,1.0,0.8571428571428571,0.9230769230769231,0.8150779011923892,0.8933455367495489,2,8
yolov9c-seg.pt,MOTS20-05,434,7,1,52,6,0,1,1.0,0.8571428571428571,0.9230769230769231,0.7944147272803507,0.8803634968808124,2,8
yolov9c-seg.pt,MOTS20-05,435,7,1,46,7,0,0,1.0,1.0,1.0,0.7819473701538154,0.8705660439371304,1,8
yolov9c-seg.pt,MOTS20-05,436,7,1,56,6,1,1,0.8571428571428571,0.8571428571428571,0.8571428571428571,0.7728575925563418,0.8673952408446054,1,8
yolov9c-seg.pt,MOTS20-05,437,8,1,62,7,1,1,0.875,0.875,0.875,0.7416317726401104,0.844389664774406,0,8
yolov9c-seg.pt,MOTS20-05,438,9,1,54,8,0,1,1.0,0.8888888888888888,0.9411764705882353,0.7363360163406936,0.8388549136062373,0,8
yolov9c-seg.pt,MOTS20-05,439,7,1,48,7,1,0,0.875,1.0,0.9333333333333333,0.8208436149253661,0.8981698862708216,0,8
yolov9c-seg.pt,MOTS20-05,440,6,1,45,6,0,0,1.0,1.0,1.0,0.8419440022052457,0.9109790950047857,0,6
yolov9c-seg.pt,MOTS20-05,441,6,0,42,4,0,2,1.0,0.6666666666666666,0.8,0.8443221663852979,0.9127165662059308,0,4
yolov9c-seg.pt,MOTS20-05,442,6,0,29,5,0,1,1.0,0.8333333333333334,0.9090909090909091,0.8481004801452439,0.9158830618548098,0,5
yolov9c-seg.pt,MOTS20-05,443,5,0,17,5,1,0,0.8333333333333334,1.0,0.9090909090909091,0.8850421711820111,0.9372244184609944,0,6
yolov9c-seg.pt,MOTS20-05,444,8,1,46,7,1,1,0.875,0.875,0.875,0.8307308595409841,0.9019154672784353,0,8
yolov9c-seg.pt,MOTS20-05,445,9,1,45,8,1,1,0.8888888888888888,0.8888888888888888,0.8888888888888888,0.8242214714647125,0.8978473747985578,0,9
yolov9c-seg.pt,MOTS20-05,446,9,1,52,8,1,1,0.8888888888888888,0.8888888888888888,0.8888888888888888,0.8103042449925586,0.8889317092082677,0,9
yolov9c-seg.pt,MOTS20-05,447,9,1,46,8,0,1,1.0,0.8888888888888888,0.9411764705882353,0.7597163057589715,0.859288446629725,0,8
yolov9c-seg.pt,MOTS20-05,448,9,1,41,9,0,0,1.0,1.0,1.0,0.8226089432952094,0.8980504572697594,0,9
yolov9c-seg.pt,MOTS20-05,449,9,1,43,9,0,0,1.0,1.0,1.0,0.8272112847740369,0.9025167724871653,0,9
yolov9c-seg.pt,MOTS20-05,450,9,1,47,8,0,1,1.0,0.8888888888888888,0.9411764705882353,0.8368356106604626,0.9074834170213605,0,8
yolov9c-seg.pt,MOTS20-05,451,9,1,42,9,0,0,1.0,1.0,1.0,0.811444127741065,0.8900641843273852,0,9
yolov9c-seg.pt,MOTS20-05,452,9,1,50,7,0,2,1.0,0.7777777777777778,0.875,0.8766416392227331,0.9330570294550967,0,7
yolov9c-seg.pt,MOTS20-05,453,9,1,28,8,0,1,1.0,0.8888888888888888,0.9411764705882353,0.81533426501188,0.8921854162804661,0,8
yolov9c-seg.pt,MOTS20-05,454,9,1,34,7,0,2,1.0,0.7777777777777778,0.875,0.8458430599302453,0.9128069508266773,0,7
yolov9c-seg.pt,MOTS20-05,455,9,1,19,8,0,1,1.0,0.8888888888888888,0.9411764705882353,0.8431350199159777,0.912003598926663,0,8
yolov9c-seg.pt,MOTS20-05,456,9,1,31,7,0,2,1.0,0.7777777777777778,0.875,0.8694362166581792,0.9286440831393571,0,7
yolov9c-seg.pt,MOTS20-05,457,9,1,30,7,1,2,0.875,0.7777777777777778,0.8235294117647058,0.854696146066025,0.9190499192321077,0,8
yolov9c-seg.pt,MOTS20-05,458,9,1,28,8,0,1,1.0,0.8888888888888888,0.9411764705882353,0.841868752240367,0.9103449090070642,1,9
yolov9c-seg.pt,MOTS20-05,459,9,1,32,7,1,2,0.875,0.7777777777777778,0.8235294117647058,0.8589743690747985,0.9221462644246946,0,8
yolov9c-seg.pt,MOTS20-05,460,9,1,37,7,0,2,1.0,0.7777777777777778,0.875,0.8484500876620645,0.9149720035395396,0,7
yolov9c-seg.pt,MOTS20-05,461,8,1,47,6,0,2,1.0,0.75,0.8571428571428571,0.8877127397184922,0.9396222910576205,0,6
yolov9c-seg.pt,MOTS20-05,462,8,1,51,6,0,2,1.0,0.75,0.8571428571428571,0.8751248812813052,0.9322277382312788,0,6
yolov9c-seg.pt,MOTS20-05,463,8,1,29,6,0,2,1.0,0.75,0.8571428571428571,0.8798718984358098,0.9349999131233084,0,6
yolov9c-seg.pt,MOTS20-05,464,8,1,25,6,0,2,1.0,0.75,0.8571428571428571,0.8841357149463568,0.9370549834766416,0,6
yolov9c-seg.pt,MOTS20-05,465,7,1,22,6,0,1,1.0,0.8571428571428571,0.9230769230769231,0.8759621923830165,0.9320869931632064,0,6
yolov9c-seg.pt,MOTS20-05,466,7,1,27,6,0,1,1.0,0.8571428571428571,0.9230769230769231,0.8913804287357331,0.9402703346965601,0,6
yolov9c-seg.pt,MOTS20-05,467,7,1,30,6,0,1,1.0,0.8571428571428571,0.9230769230769231,0.8602738216708182,0.9208777007392501,0,6
yolov9c-seg.pt,MOTS20-05,468,7,1,47,6,0,1,1.0,0.8571428571428571,0.9230769230769231,0.8438521291268127,0.9099975113110147,0,6
yolov9c-seg.pt,MOTS20-05,469,6,1,39,6,0,0,1.0,1.0,1.0,0.8477862249360774,0.9126035873674194,0,6
yolov9c-seg.pt,MOTS20-05,470,6,1,29,6,0,0,1.0,1.0,1.0,0.8062336995313645,0.8817819248660662,1,7
yolov9c-seg.pt,MOTS20-05,471,6,1,31,5,1,1,0.8333333333333334,0.8333333333333334,0.8333333333333334,0.8932937003933002,0.9430624441070362,0,6
yolov9c-seg.pt,MOTS20-05,472,6,1,31,5,1,1,0.8333333333333334,0.8333333333333334,0.8333333333333334,0.8811932570214566,0.9338901801241161,0,6
yolov9c-seg.pt,MOTS20-05,473,5,1,25,5,0,0,1.0,1.0,1.0,0.8960755774674501,0.9443014361557414,0,5
yolov9c-seg.pt,MOTS20-05,474,5,1,20,5,0,0,1.0,1.0,1.0,0.9095472498852647,0.9521927480796395,0,5
yolov9c-seg.pt,MOTS20-05,475,5,1,44,5,1,0,0.8333333333333334,1.0,0.9090909090909091,0.8990135472400237,0.9462738027899444,1,7
yolov9c-seg.pt,MOTS20-05,476,5,1,43,5,0,0,1.0,1.0,1.0,0.90592348689433,0.9495954090150571,2,7
yolov9c-seg.pt,MOTS20-05,477,5,1,61,5,0,0,1.0,1.0,1.0,0.8675649997245497,0.9267785769083945,1,6
yolov9c-seg.pt,MOTS20-05,478,5,1,62,5,0,0,1.0,1.0,1.0,0.8897902989736078,0.9405101004201134,0,5
yolov9c-seg.pt,MOTS20-05,479,5,1,40,5,1,0,0.8333333333333334,1.0,0.9090909090909091,0.8938443861314977,0.9428379261230789,0,6
yolov9c-seg.pt,MOTS20-05,480,5,1,45,5,0,0,1.0,1.0,1.0,0.8656287337849816,0.9258481971179677,1,6
yolov9c-seg.pt,MOTS20-05,481,5,1,38,5,0,0,1.0,1.0,1.0,0.8489015383370745,0.9113395414568954,1,6
yolov9c-seg.pt,MOTS20-05,482,5,1,35,5,0,0,1.0,1.0,1.0,0.8506076039088424,0.9097310742889668,1,6
yolov9c-seg.pt,MOTS20-05,483,5,1,55,4,0,1,1.0,0.8,0.8888888888888888,0.9213862940978065,0.9590066483296036,0,4
yolov9c-seg.pt,MOTS20-05,484,5,1,66,4,0,1,1.0,0.8,0.8888888888888888,0.9165617616370162,0.9564115447820136,0,4
yolov9c-seg.pt,MOTS20-05,485,5,1,42,4,0,1,1.0,0.8,0.8888888888888888,0.9112779045570206,0.9535432903558725,0,4
yolov9c-seg.pt,MOTS20-05,486,5,1,34,4,0,1,1.0,0.8,0.8888888888888888,0.9093675307648701,0.9525033762531664,0,4
yolov9c-seg.pt,MOTS20-05,487,5,1,36,4,0,1,1.0,0.8,0.8888888888888888,0.9163407691599895,0.9562990014999803,1,5
yolov9c-seg.pt,MOTS20-05,488,5,1,36,4,0,1,1.0,0.8,0.8888888888888888,0.8972491575661633,0.9458324567642734,1,5
yolov9c-seg.pt,MOTS20-05,489,5,1,42,4,0,1,1.0,0.8,0.8888888888888888,0.8928155641262253,0.9432802592654228,1,5
yolov9c-seg.pt,MOTS20-05,490,5,1,81,4,0,1,1.0,0.8,0.8888888888888888,0.8816032680418144,0.9367273416875593,1,5
yolov9c-seg.pt,MOTS20-05,491,5,1,84,4,0,1,1.0,0.8,0.8888888888888888,0.8867579791626514,0.9398338311308776,0,4
yolov9c-seg.pt,MOTS20-05,492,5,1,54,4,0,1,1.0,0.8,0.8888888888888888,0.8794158837394563,0.9354769332051782,0,4
yolov9c-seg.pt,MOTS20-05,493,5,1,62,4,0,1,1.0,0.8,0.8888888888888888,0.8723922180968928,0.9313723645981109,0,4
yolov9c-seg.pt,MOTS20-05,494,5,1,64,4,0,1,1.0,0.8,0.8888888888888888,0.8954869051463769,0.9444002622438108,0,4
yolov9c-seg.pt,MOTS20-05,495,5,1,61,5,0,0,1.0,1.0,1.0,0.8440723214248829,0.9122891219668183,0,5
yolov9c-seg.pt,MOTS20-05,496,5,1,45,5,1,0,0.8333333333333334,1.0,0.9090909090909091,0.8190901726566613,0.8910106595564086,0,6
yolov9c-seg.pt,MOTS20-05,497,5,1,72,5,0,0,1.0,1.0,1.0,0.8243739859273532,0.8972627970809526,0,5
yolov9c-seg.pt,MOTS20-05,498,5,1,45,5,1,0,0.8333333333333334,1.0,0.9090909090909091,0.8707946372585406,0.929146593859049,0,6
yolov9c-seg.pt,MOTS20-05,499,5,1,48,5,1,0,0.8333333333333334,1.0,0.9090909090909091,0.8364868080386463,0.9042537610713224,0,6
yolov9c-seg.pt,MOTS20-05,500,5,1,41,5,1,0,0.8333333333333334,1.0,0.9090909090909091,0.8736332536874581,0.931579576220253,0,6
yolov9c-seg.pt,MOTS20-05,501,5,1,41,5,0,0,1.0,1.0,1.0,0.807076436583779,0.8844119056159228,0,5
yolov9c-seg.pt,MOTS20-05,502,5,1,54,5,0,0,1.0,1.0,1.0,0.812979663953038,0.8905833448460081,2,7
yolov9c-seg.pt,MOTS20-05,503,6,1,36,6,1,0,0.8571428571428571,1.0,0.9230769230769231,0.8208489872911392,0.8984862454663292,0,7
yolov9c-seg.pt,MOTS20-05,504,6,0,36,5,0,1,1.0,0.8333333333333334,0.9090909090909091,0.8224877099349847,0.8950123925784919,0,5
yolov9c-seg.pt,MOTS20-05,505,6,0,30,4,0,2,1.0,0.6666666666666666,0.8,0.8959824617641969,0.9445925199829652,0,4
yolov9c-seg.pt,MOTS20-05,506,6,0,22,5,0,1,1.0,0.8333333333333334,0.9090909090909091,0.8236273710469465,0.8957451346135337,0,5
yolov9c-seg.pt,MOTS20-05,507,6,0,21,5,1,1,0.8333333333333334,0.8333333333333334,0.8333333333333334,0.851481002599496,0.9183320463251686,0,6
yolov9c-seg.pt,MOTS20-05,508,6,0,25,5,0,1,1.0,0.8333333333333334,0.9090909090909091,0.8600376901823191,0.923614860288747,0,5
yolov9c-seg.pt,MOTS20-05,509,5,1,23,5,0,0,1.0,1.0,1.0,0.8516008206597496,0.9183444607890182,0,5
yolov9c-seg.pt,MOTS20-05,510,5,1,33,5,0,0,1.0,1.0,1.0,0.8706538261940773,0.9300420313879846,1,6
yolov9c-seg.pt,MOTS20-05,511,7,0,28,6,0,1,1.0,0.8571428571428571,0.9230769230769231,0.7997334582787868,0.8834293874761342,0,6
yolov9c-seg.pt,MOTS20-05,512,7,0,34,5,0,2,1.0,0.7142857142857143,0.8333333333333334,0.8673844727479825,0.9280340355265444,0,5
yolov9c-seg.pt,MOTS20-05,513,7,0,17,5,0,2,1.0,0.7142857142857143,0.8333333333333334,0.9062201460342262,0.9506855009493697,0,5
yolov9c-seg.pt,MOTS20-05,514,7,0,9,5,0,2,1.0,0.7142857142857143,0.8333333333333334,0.8972468331376404,0.9456142516693149,0,5
yolov9c-seg.pt,MOTS20-05,515,6,1,18,5,0,1,1.0,0.8333333333333334,0.9090909090909091,0.8831092731790726,0.9377420029697611,0,5
yolov9c-seg.pt,MOTS20-05,516,6,0,29,6,1,0,0.8571428571428571,1.0,0.9230769230769231,0.8308137691089788,0.9026910178104721,0,7
yolov9c-seg.pt,MOTS20-05,517,6,1,25,5,0,1,1.0,0.8333333333333334,0.9090909090909091,0.9005947191990489,0.947668921385025,0,5
yolov9c-seg.pt,MOTS20-05,518,6,1,11,5,0,1,1.0,0.8333333333333334,0.9090909090909091,0.8579319233338657,0.9233563512035765,0,5
yolov9c-seg.pt,MOTS20-05,519,4,1,39,3,0,1,1.0,0.75,0.8571428571428571,0.8622033462684846,0.9248956638557252,0,3
yolov9c-seg.pt,MOTS20-05,520,4,1,22,3,0,1,1.0,0.75,0.8571428571428571,0.858994668006669,0.9232814541226851,0,3
yolov9c-seg.pt,MOTS20-05,521,4,1,20,3,0,1,1.0,0.75,0.8571428571428571,0.8904691886094076,0.9413805562767698,0,3
yolov9c-seg.pt,MOTS20-05,522,4,1,32,3,0,1,1.0,0.75,0.8571428571428571,0.8407914785167586,0.9078089649044401,0,3
yolov9c-seg.pt,MOTS20-05,523,4,1,32,3,1,1,0.75,0.75,0.75,0.8073241876224384,0.8841420086161847,1,5
yolov9c-seg.pt,MOTS20-05,524,4,1,52,3,0,1,1.0,0.75,0.8571428571428571,0.9017041929872683,0.9480526815932063,1,4
yolov9c-seg.pt,MOTS20-05,525,4,1,9,4,0,0,1.0,1.0,1.0,0.8415506164839816,0.9082820218101337,0,4
yolov9c-seg.pt,MOTS20-05,526,5,1,24,4,0,1,1.0,0.8,0.8888888888888888,0.8924328643859626,0.9408957425618081,0,4
yolov9c-seg.pt,MOTS20-05,527,5,1,33,5,0,0,1.0,1.0,1.0,0.8494615139887752,0.9156218739466384,0,5
yolov9c-seg.pt,MOTS20-05,528,5,1,19,5,0,0,1.0,1.0,1.0,0.8901812169453155,0.939883134997538,0,5
yolov9c-seg.pt,MOTS20-05,529,6,1,14,5,0,1,1.0,0.8333333333333334,0.9090909090909091,0.8923878162789528,0.9416863157115125,0,5
yolov9c-seg.pt,MOTS20-05,530,7,1,25,5,0,2,1.0,0.7142857142857143,0.8333333333333334,0.8812882248311782,0.9359459186026745,0,5
yolov9c-seg.pt,MOTS20-05,531,8,1,48,5,1,3,0.8333333333333334,0.625,0.7142857142857143,0.8801449909663864,0.9351321050935368,0,6
yolov9c-seg.pt,MOTS20-05,532,8,1,45,6,1,2,0.8571428571428571,0.75,0.8,0.8639301713919605,0.9258740018943631,0,7
yolov9c-seg.pt,MOTS20-05,533,8,1,30,7,0,1,1.0,0.875,0.9333333333333333,0.8490562059307626,0.91652251646313,0,7
yolov9c-seg.pt,MOTS20-05,534,8,1,44,7,0,1,1.0,0.875,0.9333333333333333,0.841352027723994,0.9087960611968265,0,7
yolov9c-seg.pt,MOTS20-05,535,8,1,46,6,1,2,0.8571428571428571,0.75,0.8,0.8695515791864205,0.9277363017886019,0,7
yolov9c-seg.pt,MOTS20-05,536,8,1,43,7,0,1,1.0,0.875,0.9333333333333333,0.8611680488535829,0.9232200154174848,0,7
yolov9c-seg.pt,MOTS20-05,537,9,1,57,7,0,2,1.0,0.7777777777777778,0.875,0.8501829916627562,0.9172680063210772,0,7
yolov9c-seg.pt,MOTS20-05,538,9,0,49,8,0,1,1.0,0.8888888888888888,0.9411764705882353,0.8745151616818819,0.9317865867444339,0,8
yolov9c-seg.pt,MOTS20-05,539,9,0,29,8,0,1,1.0,0.8888888888888888,0.9411764705882353,0.8860719701369961,0.9390247313199079,0,8
yolov9c-seg.pt,MOTS20-05,540,9,1,25,8,0,1,1.0,0.8888888888888888,0.9411764705882353,0.8674746849167736,0.9278713238141159,0,8
yolov9c-seg.pt,MOTS20-05,541,9,1,37,9,0,0,1.0,1.0,1.0,0.8572846625745556,0.9208106039674401,0,9
yolov9c-seg.pt,MOTS20-05,542,9,1,44,9,0,0,1.0,1.0,1.0,0.8636567409960191,0.92609849765726,0,9
yolov9c-seg.pt,MOTS20-05,543,9,1,60,9,0,0,1.0,1.0,1.0,0.8545908827099704,0.9194143070060092,0,9
yolov9c-seg.pt,MOTS20-05,544,8,1,79,8,0,0,1.0,1.0,1.0,0.8090996512350243,0.8894436094643607,1,9
yolov9c-seg.pt,MOTS20-05,545,8,1,55,7,2,1,0.7777777777777778,0.875,0.8235294117647058,0.8531802575684416,0.919541041482396,0,9
yolov9c-seg.pt,MOTS20-05,546,8,1,59,7,0,1,1.0,0.875,0.9333333333333333,0.8297753597136018,0.9048801806078541,0,7
yolov9c-seg.pt,MOTS20-05,547,7,1,77,7,1,0,0.875,1.0,0.9333333333333333,0.7959834539875769,0.8820609611000882,0,8
yolov9c-seg.pt,MOTS20-05,548,7,1,66,6,0,1,1.0,0.8571428571428571,0.9230769230769231,0.8630312657320173,0.9257788487011093,0,6
yolov9c-seg.pt,MOTS20-05,549,7,1,61,6,0,1,1.0,0.8571428571428571,0.9230769230769231,0.8694281343620328,0.9296799803806276,0,6
yolov9c-seg.pt,MOTS20-05,550,7,1,63,6,0,1,1.0,0.8571428571428571,0.9230769230769231,0.8624869859051342,0.9257020833758506,0,6
yolov9c-seg.pt,MOTS20-05,551,7,1,44,6,1,1,0.8571428571428571,0.8571428571428571,0.8571428571428571,0.8858133227973095,0.939132544411487,1,8
yolov9c-seg.pt,MOTS20-05,552,8,1,62,6,0,2,1.0,0.75,0.8571428571428571,0.860991768293268,0.9239408916776686,0,6
yolov9c-seg.pt,MOTS20-05,553,8,1,78,6,1,2,0.8571428571428571,0.75,0.8,0.8737263070949015,0.9313813159681171,0,7
yolov9c-seg.pt,MOTS20-05,554,9,1,84,6,0,3,1.0,0.6666666666666666,0.8,0.8579981498483763,0.918319626464524,0,6
yolov9c-seg.pt,MOTS20-05,555,9,1,84,6,0,3,1.0,0.6666666666666666,0.8,0.8461178523181679,0.9120915806982804,0,6
yolov9c-seg.pt,MOTS20-05,556,9,1,58,6,0,3,1.0,0.6666666666666666,0.8,0.8792611826558204,0.9345204755460702,0,6
yolov9c-seg.pt,MOTS20-05,557,9,1,54,6,0,3,1.0,0.6666666666666666,0.8,0.8879547117946451,0.9404484762097874,0,6
yolov9c-seg.pt,MOTS20-05,558,9,1,55,6,0,3,1.0,0.6666666666666666,0.8,0.8798257789782135,0.9359132363710477,0,6
yolov9c-seg.pt,MOTS20-05,559,9,1,62,6,1,3,0.8571428571428571,0.6666666666666666,0.75,0.8846530659142697,0.9383347444823862,0,7
yolov9c-seg.pt,MOTS20-05,560,9,1,40,7,1,2,0.875,0.7777777777777778,0.8235294117647058,0.8399412330446256,0.9089753588312474,0,8
yolov9c-seg.pt,MOTS20-05,561,9,1,31,7,1,2,0.875,0.7777777777777778,0.8235294117647058,0.8478234999974653,0.9145763828616339,0,8
yolov9c-seg.pt,MOTS20-05,562,9,1,46,7,0,2,1.0,0.7777777777777778,0.875,0.8583520198908952,0.9212668733953336,0,7
yolov9c-seg.pt,MOTS20-05,563,9,1,53,7,0,2,1.0,0.7777777777777778,0.875,0.8525127029928786,0.9187887077168674,0,7
yolov9c-seg.pt,MOTS20-05,564,7,1,61,5,0,2,1.0,0.7142857142857143,0.8333333333333334,0.8781458724362974,0.9348052080121011,0,5
yolov9c-seg.pt,MOTS20-05,565,7,1,55,4,0,3,1.0,0.5714285714285714,0.7272727272727273,0.8889880942952361,0.9411329225956894,1,5
yolov9c-seg.pt,MOTS20-05,566,6,1,35,4,0,2,1.0,0.6666666666666666,0.8,0.917823552902735,0.9570689197878306,0,4
yolov9c-seg.pt,MOTS20-05,567,5,1,61,3,0,2,1.0,0.6,0.75,0.916665761691613,0.9564672064205902,1,4
yolov9c-seg.pt,MOTS20-05,568,7,1,45,3,1,4,0.75,0.42857142857142855,0.5454545454545454,0.9141225912219532,0.9550915589886076,1,5
yolov9c-seg.pt,MOTS20-05,569,7,1,56,4,2,3,0.6666666666666666,0.5714285714285714,0.6153846153846154,0.8722338415675619,0.9283944414907497,0,6
yolov9c-seg.pt,MOTS20-05,570,6,1,39,4,0,2,1.0,0.6666666666666666,0.8,0.9053087083839795,0.9493513824867292,0,4
yolov9c-seg.pt,MOTS20-05,571,6,1,15,4,0,2,1.0,0.6666666666666666,0.8,0.9361540185214468,0.9669588811752254,0,4
yolov9c-seg.pt,MOTS20-05,572,6,1,11,4,1,2,0.8,0.6666666666666666,0.7272727272727273,0.9280599154530523,0.9626135305263799,0,5
yolov9c-seg.pt,MOTS20-05,573,6,1,32,4,1,2,0.8,0.6666666666666666,0.7272727272727273,0.8922753769504381,0.9411043046130619,0,5
yolov9c-seg.pt,MOTS20-05,574,5,1,65,2,0,3,1.0,0.4,0.5714285714285714,0.9351859990054294,0.9664967019737973,1,3
yolov9c-seg.pt,MOTS20-05,575,5,1,64,2,0,3,1.0,0.4,0.5714285714285714,0.934453887737835,0.9661130236444802,0,2
yolov9c-seg.pt,MOTS20-05,576,5,1,25,2,0,3,1.0,0.4,0.5714285714285714,0.9394803386767424,0.9687959352632409,0,2
yolov9c-seg.pt,MOTS20-05,577,4,1,26,2,0,2,1.0,0.5,0.6666666666666666,0.925903599825424,0.9614897223545242,0,2
yolov9c-seg.pt,MOTS20-05,578,5,1,38,2,0,3,1.0,0.4,0.5714285714285714,0.9524653002121212,0.9756539689185979,0,2
yolov9c-seg.pt,MOTS20-05,579,5,1,55,4,0,1,1.0,0.8,0.8888888888888888,0.8757724736663042,0.9317164007036359,0,4
yolov9c-seg.pt,MOTS20-05,580,5,1,61,3,0,2,1.0,0.6,0.75,0.8736626735654598,0.9312747119733708,0,3
yolov9c-seg.pt,MOTS20-05,581,5,1,32,4,0,1,1.0,0.8,0.8888888888888888,0.8239134857709163,0.9002089916845478,0,4
yolov9c-seg.pt,MOTS20-05,582,6,1,43,4,0,2,1.0,0.6666666666666666,0.8,0.7768821075989225,0.8627450062442799,0,4
yolov9c-seg.pt,MOTS20-05,583,5,1,37,4,2,1,0.6666666666666666,0.8,0.7272727272727273,0.8175859539975014,0.8966280730954901,0,6
yolov9c-seg.pt,MOTS20-05,584,5,1,28,4,1,1,0.8,0.8,0.8,0.8043946601834289,0.8896957454425987,0,5
yolov9c-seg.pt,MOTS20-05,585,6,1,48,6,2,0,0.75,1.0,0.8571428571428571,0.741370517326415,0.8436740865604127,0,8
yolov9c-seg.pt,MOTS20-05,586,6,1,31,5,0,1,1.0,0.8333333333333334,0.9090909090909091,0.7695590674460789,0.8615930618042036,0,5
yolov9c-seg.pt,MOTS20-05,587,6,1,32,5,0,1,1.0,0.8333333333333334,0.9090909090909091,0.7793541017084745,0.870161290946073,0,5
yolov9c-seg.pt,MOTS20-05,588,5,1,40,5,0,0,1.0,1.0,1.0,0.8019531110271487,0.8864810424516871,0,5
yolov9c-seg.pt,MOTS20-05,589,6,1,54,4,1,2,0.8,0.6666666666666666,0.7272727272727273,0.7757580603327573,0.8662179954651363,0,5
yolov9c-seg.pt,MOTS20-05,590,6,1,59,6,0,0,1.0,1.0,1.0,0.7263686708400897,0.8334041372261961,0,6
yolov9c-seg.pt,MOTS20-05,591,6,1,64,6,0,0,1.0,1.0,1.0,0.7506869481024642,0.8523323164781592,0,6
yolov9c-seg.pt,MOTS20-05,592,6,1,53,5,0,1,1.0,0.8333333333333334,0.9090909090909091,0.7750591451770493,0.866901372707145,0,5
yolov9c-seg.pt,MOTS20-05,593,6,1,60,5,0,1,1.0,0.8333333333333334,0.9090909090909091,0.7581696736508171,0.8513393390895416,1,6
yolov9c-seg.pt,MOTS20-05,594,6,1,44,5,1,1,0.8333333333333334,0.8333333333333334,0.8333333333333334,0.8108933821973826,0.892542489713323,1,7
yolov9c-seg.pt,MOTS20-05,595,6,1,47,4,1,2,0.8,0.6666666666666666,0.7272727272727273,0.8083348293955231,0.8866419321058463,1,6
yolov9c-seg.pt,MOTS20-05,596,6,1,39,4,1,2,0.8,0.6666666666666666,0.7272727272727273,0.8451255965346345,0.913534766212283,1,6
yolov9c-seg.pt,MOTS20-05,597,6,1,47,5,1,1,0.8333333333333334,0.8333333333333334,0.8333333333333334,0.8194890664702698,0.8975462609628643,1,7
yolov9c-seg.pt,MOTS20-05,598,5,1,59,5,0,0,1.0,1.0,1.0,0.7570036441728938,0.8508394364894682,2,7
yolov9c-seg.pt,MOTS20-05,599,5,1,63,4,0,1,1.0,0.8,0.8888888888888888,0.8058356656808598,0.8838419797716504,2,6
yolov9c-seg.pt,MOTS20-05,600,5,1,56,3,1,2,0.75,0.6,0.6666666666666666,0.8202019890698002,0.8980435709924889,1,5
yolov9c-seg.pt,MOTS20-05,601,5,1,47,3,0,2,1.0,0.6,0.75,0.8552738097009208,0.9206932882828772,0,3
yolov9c-seg.pt,MOTS20-05,602,5,1,53,5,0,0,1.0,1.0,1.0,0.7467288595035773,0.845906523785243,0,5
yolov9c-seg.pt,MOTS20-05,603,5,1,55,4,2,1,0.6666666666666666,0.8,0.7272727272727273,0.8023435690045442,0.8806047782187714,0,6
yolov9c-seg.pt,MOTS20-05,604,6,1,41,5,3,1,0.625,0.8333333333333334,0.7142857142857143,0.7838581285804256,0.870195355470942,0,8
yolov9c-seg.pt,MOTS20-05,605,6,1,42,4,2,2,0.6666666666666666,0.6666666666666666,0.6666666666666666,0.8372854906622951,0.9047176804075899,0,6
yolov9c-seg.pt,MOTS20-05,606,6,1,47,4,2,2,0.6666666666666666,0.6666666666666666,0.6666666666666666,0.8714604951946773,0.9295773039154808,0,6
yolov9c-seg.pt,MOTS20-05,607,6,1,42,5,2,1,0.7142857142857143,0.8333333333333334,0.7692307692307693,0.8189751332664963,0.8971866310739356,0,7
yolov9c-seg.pt,MOTS20-05,608,6,1,59,5,0,1,1.0,0.8333333333333334,0.9090909090909091,0.8140630079513759,0.8944559937903248,0,5
yolov9c-seg.pt,MOTS20-05,609,5,1,53,4,0,1,1.0,0.8,0.8888888888888888,0.8198865330491174,0.8977140321981434,0,4
yolov9c-seg.pt,MOTS20-05,610,6,1,60,5,1,1,0.8333333333333334,0.8333333333333334,0.8333333333333334,0.8025795854221827,0.8874254151352128,0,6
yolov9c-seg.pt,MOTS20-05,611,6,1,45,5,0,1,1.0,0.8333333333333334,0.9090909090909091,0.8396474745982442,0.910891793957495,0,5
yolov9c-seg.pt,MOTS20-05,612,6,1,34,5,0,1,1.0,0.8333333333333334,0.9090909090909091,0.855915021218469,0.9217837634152548,0,5
yolov9c-seg.pt,MOTS20-05,613,6,1,33,5,1,1,0.8333333333333334,0.8333333333333334,0.8333333333333334,0.8480053575887714,0.9160209581514233,0,6
yolov9c-seg.pt,MOTS20-05,614,5,1,29,5,0,0,1.0,1.0,1.0,0.8351542210551143,0.9049753633707143,0,5
yolov9c-seg.pt,MOTS20-05,615,5,1,35,5,0,0,1.0,1.0,1.0,0.892899885157344,0.9430917569902475,0,5
yolov9c-seg.pt,MOTS20-05,616,7,1,26,6,0,1,1.0,0.8571428571428571,0.9230769230769231,0.8717530834494792,0.9304244686341251,0,6
yolov9c-seg.pt,MOTS20-05,617,7,1,27,7,0,0,1.0,1.0,1.0,0.8784357040609269,0.9347628884631005,0,7
yolov9c-seg.pt,MOTS20-05,618,7,1,27,7,0,0,1.0,1.0,1.0,0.8771439741233158,0.9340722630403003,0,7
yolov9c-seg.pt,MOTS20-05,619,7,0,23,6,0,1,1.0,0.8571428571428571,0.9230769230769231,0.8965805166810078,0.9450575705458366,0,6
yolov9c-seg.pt,MOTS20-05,620,6,0,12,6,0,0,1.0,1.0,1.0,0.9082816073249352,0.9517148540328594,0,6
yolov9c-seg.pt,MOTS20-05,621,6,0,8,6,0,0,1.0,1.0,1.0,0.8923626299037425,0.9427237594518436,0,6
yolov9c-seg.pt,MOTS20-05,622,6,0,9,6,0,0,1.0,1.0,1.0,0.8960564154192804,0.9447081879867496,0,6
yolov9c-seg.pt,MOTS20-05,623,6,1,17,6,0,0,1.0,1.0,1.0,0.88068097760337,0.9357282414001697,0,6
yolov9c-seg.pt,MOTS20-05,624,6,1,22,6,0,0,1.0,1.0,1.0,0.8589250978451464,0.9232243741633562,0,6
yolov9c-seg.pt,MOTS20-05,625,7,1,31,4,1,3,0.8,0.5714285714285714,0.6666666666666666,0.8691347027515028,0.929048937566301,0,5
yolov9c-seg.pt,MOTS20-05,626,7,1,30,4,0,3,1.0,0.5714285714285714,0.7272727272727273,0.858088580941501,0.9221742786644793,0,4
yolov9c-seg.pt,MOTS20-05,627,6,1,27,4,0,2,1.0,0.6666666666666666,0.8,0.8634055814591006,0.9252965063837224,0,4
yolov9c-seg.pt,MOTS20-05,628,7,1,34,5,0,2,1.0,0.7142857142857143,0.8333333333333334,0.8315739319715508,0.9042107148209713,0,5
yolov9c-seg.pt,MOTS20-05,629,7,0,23,5,0,2,1.0,0.7142857142857143,0.8333333333333334,0.8539116768584506,0.9196844498871789,0,5
yolov9c-seg.pt,MOTS20-05,630,7,1,45,6,0,1,1.0,0.8571428571428571,0.9230769230769231,0.8471287636546023,0.9160110721410191,0,6
yolov9c-seg.pt,MOTS20-05,631,8,0,31,6,0,2,1.0,0.75,0.8571428571428571,0.8262871283079347,0.9033371434621067,0,6
yolov9c-seg.pt,MOTS20-05,632,8,0,38,6,1,2,0.8571428571428571,0.75,0.8,0.8618028939149064,0.924785190487647,0,7
yolov9c-seg.pt,MOTS20-05,633,8,0,38,7,1,1,0.875,0.875,0.875,0.8435065570713622,0.9101834232430456,0,8
yolov9c-seg.pt,MOTS20-05,634,8,0,61,7,0,1,1.0,0.875,0.9333333333333333,0.8587403860954231,0.9218544105942058,0,7
yolov9c-seg.pt,MOTS20-05,635,8,1,64,6,1,2,0.8571428571428571,0.75,0.8,0.8237129855870471,0.8976531781588865,0,7
yolov9c-seg.pt,MOTS20-05,636,7,1,42,5,0,2,1.0,0.7142857142857143,0.8333333333333334,0.8791489668479333,0.9351350026359769,0,5
yolov9c-seg.pt,MOTS20-05,637,6,1,33,5,0,1,1.0,0.8333333333333334,0.9090909090909091,0.8796974222412919,0.9354443390850424,0,5
yolov9c-seg.pt,MOTS20-05,638,6,1,45,5,0,1,1.0,0.8333333333333334,0.9090909090909091,0.87836344821812,0.9343104737653851,0,5
yolov9c-seg.pt,MOTS20-05,639,6,1,46,5,0,1,1.0,0.8333333333333334,0.9090909090909091,0.888728496758238,0.9405274940371768,0,5
yolov9c-seg.pt,MOTS20-05,640,6,1,51,6,1,0,0.8571428571428571,1.0,0.9230769230769231,0.8259596403576315,0.8991451396067368,0,7
yolov9c-seg.pt,MOTS20-05,641,6,1,37,6,0,0,1.0,1.0,1.0,0.8412418000684565,0.9123749630129069,0,6
yolov9c-seg.pt,MOTS20-05,642,6,1,44,6,0,0,1.0,1.0,1.0,0.8574649090666367,0.9224770291567591,0,6
yolov9c-seg.pt,MOTS20-05,643,6,1,45,6,0,0,1.0,1.0,1.0,0.8650515181840993,0.9271088055161836,0,6
yolov9c-seg.pt,MOTS20-05,644,6,1,41,6,1,0,0.8571428571428571,1.0,0.9230769230769231,0.8690825124604217,0.9291147158121751,0,7
yolov9c-seg.pt,MOTS20-05,645,6,1,44,5,0,1,1.0,0.8333333333333334,0.9090909090909091,0.8731696203972815,0.9312931624910525,0,5
yolov9c-seg.pt,MOTS20-05,646,5,1,52,5,0,0,1.0,1.0,1.0,0.8540795957268734,0.9200582462484457,0,5
yolov9c-seg.pt,MOTS20-05,647,5,1,53,5,0,0,1.0,1.0,1.0,0.8488624635304051,0.9172942637514414,0,5
yolov9c-seg.pt,MOTS20-05,648,5,1,43,5,0,0,1.0,1.0,1.0,0.8250288698184935,0.901166137049216,0,5
yolov9c-seg.pt,MOTS20-05,649,5,1,53,5,0,0,1.0,1.0,1.0,0.8323106371123524,0.9059644347094402,0,5
yolov9c-seg.pt,MOTS20-05,650,5,1,74,5,0,0,1.0,1.0,1.0,0.8533384222844262,0.9200013869727931,0,5
yolov9c-seg.pt,MOTS20-05,651,5,1,61,5,0,0,1.0,1.0,1.0,0.8439266530171873,0.9128241857379888,0,5
yolov9c-seg.pt,MOTS20-05,652,5,1,67,4,0,1,1.0,0.8,0.8888888888888888,0.8746698510295581,0.932609132136386,0,4
yolov9c-seg.pt,MOTS20-05,653,5,1,75,4,1,1,0.8,0.8,0.8,0.868120952946517,0.9287413781869434,0,5
yolov9c-seg.pt,MOTS20-05,654,5,1,45,4,0,1,1.0,0.8,0.8888888888888888,0.8544782374061728,0.9205657912541421,0,4
yolov9c-seg.pt,MOTS20-05,655,6,1,47,5,0,1,1.0,0.8333333333333334,0.9090909090909091,0.782447946184717,0.8709012516458268,0,5
yolov9c-seg.pt,MOTS20-05,656,6,1,54,5,0,1,1.0,0.8333333333333334,0.9090909090909091,0.825870313906127,0.8982001923916162,0,5
yolov9c-seg.pt,MOTS20-05,657,6,1,47,5,0,1,1.0,0.8333333333333334,0.9090909090909091,0.8755978161897495,0.9331067092653896,0,5
yolov9c-seg.pt,MOTS20-05,658,6,1,63,5,0,1,1.0,0.8333333333333334,0.9090909090909091,0.8743189371292143,0.9325967992203694,0,5
yolov9c-seg.pt,MOTS20-05,659,7,1,63,4,0,3,1.0,0.5714285714285714,0.7272727272727273,0.83177278159091,0.9063667626458779,0,4
yolov9c-seg.pt,MOTS20-05,660,6,1,65,4,0,2,1.0,0.6666666666666666,0.8,0.8701851098875706,0.9298313515739569,0,4
yolov9c-seg.pt,MOTS20-05,661,5,1,72,5,0,0,1.0,1.0,1.0,0.8581030223992532,0.9229349202491128,0,5
yolov9c-seg.pt,MOTS20-05,662,5,1,63,5,0,0,1.0,1.0,1.0,0.8587652898804832,0.9230729663252625,0,5
yolov9c-seg.pt,MOTS20-05,663,5,1,60,5,0,0,1.0,1.0,1.0,0.869320684580115,0.9293495024570507,0,5
yolov9c-seg.pt,MOTS20-05,664,5,1,52,5,0,0,1.0,1.0,1.0,0.8715612209092706,0.9307312052992678,0,5
yolov9c-seg.pt,MOTS20-05,665,6,1,40,5,0,1,1.0,0.8333333333333334,0.9090909090909091,0.8780924581841916,0.9345600934069171,1,6
yolov9c-seg.pt,MOTS20-05,666,6,1,42,5,0,1,1.0,0.8333333333333334,0.9090909090909091,0.8852101829019718,0.9385614572241442,1,6
yolov9c-seg.pt,MOTS20-05,667,7,1,42,7,0,0,1.0,1.0,1.0,0.8291497420719479,0.903593747449302,0,7
yolov9c-seg.pt,MOTS20-05,668,7,1,40,7,0,0,1.0,1.0,1.0,0.8790209423709431,0.9350725668648826,0,7
yolov9c-seg.pt,MOTS20-05,669,8,1,14,7,0,1,1.0,0.875,0.9333333333333333,0.8855063501397495,0.9389191114857216,0,7
yolov9c-seg.pt,MOTS20-05,670,8,1,39,7,0,1,1.0,0.875,0.9333333333333333,0.8618839864720175,0.9247686332486078,0,7
yolov9c-seg.pt,MOTS20-05,671,7,1,37,7,0,0,1.0,1.0,1.0,0.8596450903511703,0.9234790713277397,0,7
yolov9c-seg.pt,MOTS20-05,672,8,1,60,7,1,1,0.875,0.875,0.875,0.8515653939561962,0.9173349734215279,0,8
yolov9c-seg.pt,MOTS20-05,673,7,1,62,6,0,1,1.0,0.8571428571428571,0.9230769230769231,0.8813448085770439,0.9365169362584446,0,6
yolov9c-seg.pt,MOTS20-05,674,7,1,53,7,0,0,1.0,1.0,1.0,0.8614600208440779,0.9231212568719409,0,7
yolov9c-seg.pt,MOTS20-05,675,7,1,44,7,0,0,1.0,1.0,1.0,0.7951795142002239,0.8817789400923294,0,7
yolov9c-seg.pt,MOTS20-05,676,7,1,34,6,0,1,1.0,0.8571428571428571,0.9230769230769231,0.8184012785189761,0.8942736589623896,0,6
yolov9c-seg.pt,MOTS20-05,677,9,1,48,6,0,3,1.0,0.6666666666666666,0.8,0.8110047967272186,0.8875257724002853,0,6
yolov9c-seg.pt,MOTS20-05,678,8,1,61,5,0,3,1.0,0.625,0.7692307692307693,0.8602778572870748,0.924119478114769,1,6
yolov9c-seg.pt,MOTS20-05,679,8,1,65,7,1,1,0.875,0.875,0.875,0.8009182394258233,0.8830360462891989,0,8
yolov9c-seg.pt,MOTS20-05,680,8,1,54,7,1,1,0.875,0.875,0.875,0.8447784457066806,0.9146985204109136,0,8
yolov9c-seg.pt,MOTS20-05,681,9,1,65,8,0,1,1.0,0.8888888888888888,0.9411764705882353,0.8031889302456006,0.8863824772650841,0,8
yolov9c-seg.pt,MOTS20-05,682,9,1,56,7,0,2,1.0,0.7777777777777778,0.875,0.8796652188449423,0.9354392801683803,0,7
yolov9c-seg.pt,MOTS20-05,683,8,1,60,7,0,1,1.0,0.875,0.9333333333333333,0.8746757527953142,0.9326921649655447,0,7
yolov9c-seg.pt,MOTS20-05,684,7,1,58,6,0,1,1.0,0.8571428571428571,0.9230769230769231,0.8834053007203236,0.9376565597154217,0,6
yolov9c-seg.pt,MOTS20-05,685,7,1,50,6,0,1,1.0,0.8571428571428571,0.9230769230769231,0.8695133096099572,0.9296484119213172,0,6
yolov9c-seg.pt,MOTS20-05,686,8,1,72,6,0,2,1.0,0.75,0.8571428571428571,0.8832603657089849,0.9375271955245571,0,6
yolov9c-seg.pt,MOTS20-05,687,8,1,94,7,0,1,1.0,0.875,0.9333333333333333,0.8674696664010745,0.9279530355620172,0,7
yolov9c-seg.pt,MOTS20-05,688,9,1,82,7,0,2,1.0,0.7777777777777778,0.875,0.8697171401514799,0.9295899875961912,0,7
yolov9c-seg.pt,MOTS20-05,689,9,1,98,7,0,2,1.0,0.7777777777777778,0.875,0.8462902403615574,0.9121178036518052,0,7
yolov9c-seg.pt,MOTS20-05,690,9,1,93,8,1,1,0.8888888888888888,0.8888888888888888,0.8888888888888888,0.8650804342778275,0.9271174273500069,0,9
yolov9c-seg.pt,MOTS20-05,691,9,1,70,8,2,1,0.8,0.8888888888888888,0.8421052631578947,0.8661589539380545,0.9266915157234571,0,10
yolov9c-seg.pt,MOTS20-05,692,9,1,55,8,2,1,0.8,0.8888888888888888,0.8421052631578947,0.8373915615915818,0.9090792793779794,0,10
yolov9c-seg.pt,MOTS20-05,693,11,0,78,9,0,2,1.0,0.8181818181818182,0.9,0.7975331057607039,0.8830403119142636,0,9
yolov9c-seg.pt,MOTS20-05,694,10,1,88,8,0,2,1.0,0.8,0.8888888888888888,0.8568859409448722,0.9202238569825708,0,8
yolov9c-seg.pt,MOTS20-05,695,10,1,54,8,0,2,1.0,0.8,0.8888888888888888,0.8180544901325182,0.8940956064626128,0,8
yolov9c-seg.pt,MOTS20-05,696,9,1,58,8,0,1,1.0,0.8888888888888888,0.9411764705882353,0.845304221282732,0.9140608899346963,0,8
yolov9c-seg.pt,MOTS20-05,697,8,1,82,7,0,1,1.0,0.875,0.9333333333333333,0.8476517552401776,0.9154574318202569,0,7
yolov9c-seg.pt,MOTS20-05,698,9,1,49,7,0,2,1.0,0.7777777777777778,0.875,0.8601000723176234,0.923667521062734,0,7
yolov9c-seg.pt,MOTS20-05,699,8,1,56,7,0,1,1.0,0.875,0.9333333333333333,0.8641643273204613,0.9263751510250389,0,7
yolov9c-seg.pt,MOTS20-05,700,10,1,74,9,2,1,0.8181818181818182,0.9,0.8571428571428571,0.8080325428701168,0.889704809409533,1,12
yolov9c-seg.pt,MOTS20-05,701,11,0,54,10,1,1,0.9090909090909091,0.9090909090909091,0.9090909090909091,0.8169692355243596,0.8974851426171171,0,11
yolov9c-seg.pt,MOTS20-05,702,10,1,59,9,1,1,0.9,0.9,0.9,0.7953274851777692,0.8823544713076621,1,11
yolov9c-seg.pt,MOTS20-05,703,10,1,66,10,1,0,0.9090909090909091,1.0,0.9523809523809523,0.8302906652936931,0.9053024625513864,0,11
yolov9c-seg.pt,MOTS20-05,704,10,0,54,8,0,2,1.0,0.8,0.8888888888888888,0.8185939781725453,0.8941650150301261,0,8
yolov9c-seg.pt,MOTS20-05,705,8,1,73,7,0,1,1.0,0.875,0.9333333333333333,0.8722711996149288,0.9303490254560379,1,8
yolov9c-seg.pt,MOTS20-05,706,8,1,50,7,0,1,1.0,0.875,0.9333333333333333,0.8398644521983069,0.9064024134961937,0,7
yolov9c-seg.pt,MOTS20-05,707,8,1,49,7,0,1,1.0,0.875,0.9333333333333333,0.8278515894208824,0.8998288771628468,1,8
yolov9c-seg.pt,MOTS20-05,708,8,1,51,6,0,2,1.0,0.75,0.8571428571428571,0.866578182091632,0.926786274117604,0,6
yolov9c-seg.pt,MOTS20-05,709,7,1,56,5,0,2,1.0,0.7142857142857143,0.8333333333333334,0.8754826756469557,0.9326098339562063,1,6
yolov9c-seg.pt,MOTS20-05,710,7,1,41,5,0,2,1.0,0.7142857142857143,0.8333333333333334,0.8789991346597359,0.9346289466767539,0,5
yolov9c-seg.pt,MOTS20-05,711,8,1,56,6,0,2,1.0,0.75,0.8571428571428571,0.8558774600489758,0.9209490784120663,0,6
yolov9c-seg.pt,MOTS20-05,712,7,1,38,6,0,1,1.0,0.8571428571428571,0.9230769230769231,0.8668847190647551,0.9279487984517324,0,6
yolov9c-seg.pt,MOTS20-05,713,7,1,60,6,0,1,1.0,0.8571428571428571,0.9230769230769231,0.8559311814440672,0.9215961021147328,0,6
yolov9c-seg.pt,MOTS20-05,714,8,1,51,6,0,2,1.0,0.75,0.8571428571428571,0.8311647316336493,0.9048905425123687,0,6
yolov9c-seg.pt,MOTS20-05,715,8,0,59,6,0,2,1.0,0.75,0.8571428571428571,0.8165906569128781,0.8957928401647829,0,6
yolov9c-seg.pt,MOTS20-05,716,8,1,50,5,0,3,1.0,0.625,0.7692307692307693,0.8786342260412306,0.9350448959594084,0,5
yolov9c-seg.pt,MOTS20-05,717,7,1,49,6,0,1,1.0,0.8571428571428571,0.9230769230769231,0.8825786466721398,0.937036006797496,0,6
yolov9c-seg.pt,MOTS20-05,718,6,1,56,6,0,0,1.0,1.0,1.0,0.8491846039476746,0.9150035630040075,1,7
yolov9c-seg.pt,MOTS20-05,719,6,1,52,5,0,1,1.0,0.8333333333333334,0.9090909090909091,0.8984562466821521,0.9463502222774103,0,5
yolov9c-seg.pt,MOTS20-05,720,7,1,73,5,0,2,1.0,0.7142857142857143,0.8333333333333334,0.8946792845348555,0.9441214876668527,1,6
yolov9c-seg.pt,MOTS20-05,721,8,1,48,7,0,1,1.0,0.875,0.9333333333333333,0.8387168995073802,0.9070515878634128,0,7
yolov9c-seg.pt,MOTS20-05,722,8,1,59,7,0,1,1.0,0.875,0.9333333333333333,0.8300630297642474,0.9020451647679923,0,7
yolov9c-seg.pt,MOTS20-05,723,9,1,51,8,0,1,1.0,0.8888888888888888,0.9411764705882353,0.8247483100950808,0.8987205225744543,0,8
yolov9c-seg.pt,MOTS20-05,724,9,1,44,9,0,0,1.0,1.0,1.0,0.8229077674090911,0.898916701577376,0,9
yolov9c-seg.pt,MOTS20-05,725,9,1,48,9,0,0,1.0,1.0,1.0,0.8333276209920901,0.9061728984025204,0,9
yolov9c-seg.pt,MOTS20-05,726,9,1,44,9,0,0,1.0,1.0,1.0,0.835212811236023,0.9078541831456083,0,9
yolov9c-seg.pt,MOTS20-05,727,9,1,34,9,0,0,1.0,1.0,1.0,0.8030545569837381,0.8855694534739423,0,9
yolov9c-seg.pt,MOTS20-05,728,9,1,64,9,0,0,1.0,1.0,1.0,0.8152808875290933,0.8940084346337537,1,10
yolov9c-seg.pt,MOTS20-05,729,9,1,55,9,0,0,1.0,1.0,1.0,0.8066961427914447,0.8880222968934958,1,10
yolov9c-seg.pt,MOTS20-05,730,8,1,77,8,0,0,1.0,1.0,1.0,0.78767679719041,0.8749387274230502,2,10
yolov9c-seg.pt,MOTS20-05,731,9,1,54,8,1,1,0.8888888888888888,0.8888888888888888,0.8888888888888888,0.7711495117361751,0.8627922097704446,0,9
yolov9c-seg.pt,MOTS20-05,732,8,1,52,8,0,0,1.0,1.0,1.0,0.7628031763595793,0.8558750586935442,0,8
yolov9c-seg.pt,MOTS20-05,733,9,1,61,7,1,2,0.875,0.7777777777777778,0.8235294117647058,0.8376613861833793,0.9095305406633803,0,8
yolov9c-seg.pt,MOTS20-05,734,9,1,60,7,2,2,0.7777777777777778,0.7777777777777778,0.7777777777777778,0.7899588480838358,0.876954995309081,1,10
yolov9c-seg.pt,MOTS20-05,735,9,1,55,9,1,0,0.9,1.0,0.9473684210526315,0.7566043249393818,0.8546042931453529,1,11
yolov9c-seg.pt,MOTS20-05,736,8,1,52,8,1,0,0.8888888888888888,1.0,0.9411764705882353,0.8187913573117047,0.8957567053200154,1,10
yolov9c-seg.pt,MOTS20-05,737,7,1,44,7,1,0,0.875,1.0,0.9333333333333333,0.8452421396988382,0.9137299015334249,2,10
yolov9c-seg.pt,MOTS20-05,738,7,1,57,7,1,0,0.875,1.0,0.9333333333333333,0.8191869382523207,0.8961596752419202,1,9
yolov9c-seg.pt,MOTS20-05,739,7,1,40,7,0,0,1.0,1.0,1.0,0.8362004032284888,0.908556821402387,1,8
yolov9c-seg.pt,MOTS20-05,740,7,1,43,7,1,0,0.875,1.0,0.9333333333333333,0.8340776406877566,0.9081113549609555,0,8
yolov9c-seg.pt,MOTS20-05,741,8,1,48,8,0,0,1.0,1.0,1.0,0.8050309204530409,0.8895034489363308,0,8
yolov9c-seg.pt,MOTS20-05,742,8,1,31,8,0,0,1.0,1.0,1.0,0.8172336160510503,0.8977101780361301,0,8
yolov9c-seg.pt,MOTS20-05,743,8,1,27,8,0,0,1.0,1.0,1.0,0.8578919084278711,0.9224608692906624,1,9
yolov9c-seg.pt,MOTS20-05,744,8,1,27,8,0,0,1.0,1.0,1.0,0.8260711817765151,0.9014578292666541,1,9
yolov9c-seg.pt,MOTS20-05,745,8,1,22,8,0,0,1.0,1.0,1.0,0.8476676430651735,0.9162445239407653,0,8
yolov9c-seg.pt,MOTS20-05,746,8,1,39,7,0,1,1.0,0.875,0.9333333333333333,0.8532478074157926,0.9193610315194201,0,7
yolov9c-seg.pt,MOTS20-05,747,9,1,46,7,0,2,1.0,0.7777777777777778,0.875,0.8534728900908896,0.9188538179692934,0,7
yolov9c-seg.pt,MOTS20-05,748,8,1,59,8,1,0,0.8888888888888888,1.0,0.9411764705882353,0.8305158578261347,0.9002723929719304,0,9
yolov9c-seg.pt,MOTS20-05,749,8,1,23,8,0,0,1.0,1.0,1.0,0.8512987942287318,0.9173536564105662,0,8
yolov9c-seg.pt,MOTS20-05,750,8,1,25,7,0,1,1.0,0.875,0.9333333333333333,0.846175031430457,0.9144613964993592,0,7
yolov9c-seg.pt,MOTS20-05,751,8,1,19,7,0,1,1.0,0.875,0.9333333333333333,0.8618062792114746,0.9244466607407051,0,7
yolov9c-seg.pt,MOTS20-05,752,9,1,33,7,0,2,1.0,0.7777777777777778,0.875,0.8625673921905771,0.9250371932647596,0,7
yolov9c-seg.pt,MOTS20-05,753,8,1,50,6,1,2,0.8571428571428571,0.75,0.8,0.8350872881869633,0.908338271998359,2,9
yolov9c-seg.pt,MOTS20-05,754,10,1,48,10,0,0,1.0,1.0,1.0,0.8000366739274636,0.8840166492364798,0,10
yolov9c-seg.pt,MOTS20-05,755,10,1,50,8,1,2,0.8888888888888888,0.8,0.8421052631578947,0.8219866675919428,0.898291205962522,0,9
yolov9c-seg.pt,MOTS20-05,756,10,1,50,9,1,1,0.9,0.9,0.9,0.8072700754517083,0.8897144807670507,0,10
yolov9c-seg.pt,MOTS20-05,757,9,1,59,8,0,1,1.0,0.8888888888888888,0.9411764705882353,0.7978083633441155,0.880002671826509,1,9
yolov9c-seg.pt,MOTS20-05,758,8,1,37,7,0,1,1.0,0.875,0.9333333333333333,0.8789779220215805,0.9345564864798287,1,8
yolov9c-seg.pt,MOTS20-05,759,8,1,61,7,0,1,1.0,0.875,0.9333333333333333,0.8515555614991542,0.9151667918579852,0,7
yolov9c-seg.pt,MOTS20-05,760,9,1,64,7,0,2,1.0,0.7777777777777778,0.875,0.8166485957882603,0.8925296764838266,0,7
yolov9c-seg.pt,MOTS20-05,761,10,1,60,9,0,1,1.0,0.9,0.9473684210526315,0.8203262243283329,0.8986608799873778,1,10
yolov9c-seg.pt,MOTS20-05,762,10,1,73,9,0,1,1.0,0.9,0.9473684210526315,0.797886465505454,0.8819305836609627,0,9
yolov9c-seg.pt,MOTS20-05,763,11,1,58,9,0,2,1.0,0.8181818181818182,0.9,0.8216267853497408,0.899073827275064,1,10
yolov9c-seg.pt,MOTS20-05,764,11,1,71,9,0,2,1.0,0.8181818181818182,0.9,0.8076187887491668,0.8887768749793444,1,10
yolov9c-seg.pt,MOTS20-05,765,11,1,65,9,0,2,1.0,0.8181818181818182,0.9,0.8131058088545617,0.8936981810675655,0,9
yolov9c-seg.pt,MOTS20-05,766,12,1,61,9,0,3,1.0,0.75,0.8571428571428571,0.8013467239084587,0.8864006224481764,0,9
yolov9c-seg.pt,MOTS20-05,767,12,1,59,9,1,3,0.9,0.75,0.8181818181818182,0.7698905230990765,0.862958703340608,0,10
yolov9c-seg.pt,MOTS20-05,768,11,1,68,7,2,4,0.7777777777777778,0.6363636363636364,0.7,0.8363320548260295,0.9106123900283968,0,9
yolov9c-seg.pt,MOTS20-05,769,12,1,83,7,0,5,1.0,0.5833333333333334,0.7368421052631579,0.8218854240391187,0.8960346665253371,0,7
yolov9c-seg.pt,MOTS20-05,770,12,1,83,7,5,5,0.5833333333333334,0.5833333333333334,0.5833333333333334,0.8488560060078508,0.918075414291243,0,12
yolov9c-seg.pt,MOTS20-05,771,11,1,90,6,2,5,0.75,0.5454545454545454,0.631578947368421,0.8544972417539739,0.9210179477631142,1,9
yolov9c-seg.pt,MOTS20-05,772,10,1,99,5,1,5,0.8333333333333334,0.5,0.625,0.8743368375556898,0.9320095918748498,0,6
yolov9c-seg.pt,MOTS20-05,773,12,1,86,6,1,6,0.8571428571428571,0.5,0.631578947368421,0.8250911658891003,0.8984329642899409,0,7
yolov9c-seg.pt,MOTS20-05,774,11,1,81,8,0,3,1.0,0.7272727272727273,0.8421052631578947,0.7747585272600517,0.8675037915956961,0,8
yolov9c-seg.pt,MOTS20-05,775,11,1,72,8,0,3,1.0,0.7272727272727273,0.8421052631578947,0.7719764265374832,0.8656081063871708,0,8
yolov9c-seg.pt,MOTS20-05,776,11,1,64,7,0,4,1.0,0.6363636363636364,0.7777777777777778,0.8099868573227901,0.8927532690548985,1,8
yolov9c-seg.pt,MOTS20-05,777,14,1,55,8,1,6,0.8888888888888888,0.5714285714285714,0.6956521739130435,0.84106304392195,0.9123615939031784,0,9
yolov9c-seg.pt,MOTS20-05,778,14,1,62,8,0,6,1.0,0.5714285714285714,0.7272727272727273,0.8524876656753055,0.9189994333000432,0,8
yolov9c-seg.pt,MOTS20-05,779,14,1,61,10,0,4,1.0,0.7142857142857143,0.8333333333333334,0.8380873001495484,0.9097652189757275,0,10
yolov9c-seg.pt,MOTS20-05,780,14,1,55,10,0,4,1.0,0.7142857142857143,0.8333333333333334,0.815874530499487,0.8945024780979814,0,10
yolov9c-seg.pt,MOTS20-05,781,13,1,52,9,1,4,0.9,0.6923076923076923,0.782608695652174,0.8242714709208679,0.9030200827880345,0,10
yolov9c-seg.pt,MOTS20-05,782,13,1,56,9,1,4,0.9,0.6923076923076923,0.782608695652174,0.7775689554086592,0.8688004229025676,0,10
yolov9c-seg.pt,MOTS20-05,783,13,1,58,9,1,4,0.9,0.6923076923076923,0.782608695652174,0.7969253638674193,0.8835380875148465,0,10
yolov9c-seg.pt,MOTS20-05,784,14,1,45,7,0,7,1.0,0.5,0.6666666666666666,0.8391688722720605,0.9118598461300763,0,7
yolov9c-seg.pt,MOTS20-05,785,12,1,51,9,0,3,1.0,0.75,0.8571428571428571,0.799132282045417,0.8850441230118218,1,10
yolov9c-seg.pt,MOTS20-05,786,10,1,59,9,0,1,1.0,0.9,0.9473684210526315,0.8444033809260814,0.914063078203917,0,9
yolov9c-seg.pt,MOTS20-05,787,8,1,69,8,0,0,1.0,1.0,1.0,0.8288905467896611,0.9030047361205144,1,9
yolov9c-seg.pt,MOTS20-05,788,9,1,72,8,0,1,1.0,0.8888888888888888,0.9411764705882353,0.8179231704216974,0.8943742109303225,1,9
yolov9c-seg.pt,MOTS20-05,789,9,1,46,9,0,0,1.0,1.0,1.0,0.8411010220271368,0.91192031105891,2,11
yolov9c-seg.pt,MOTS20-05,790,9,1,46,8,0,1,1.0,0.8888888888888888,0.9411764705882353,0.8593533995166227,0.9230606815074671,0,8
yolov9c-seg.pt,MOTS20-05,791,10,1,46,7,0,3,1.0,0.7,0.8235294117647058,0.8903197133677503,0.9415265663100988,0,7
yolov9c-seg.pt,MOTS20-05,792,9,1,30,7,0,2,1.0,0.7777777777777778,0.875,0.8872078013926793,0.9396780389856186,1,8
yolov9c-seg.pt,MOTS20-05,793,11,1,42,8,0,3,1.0,0.7272727272727273,0.8421052631578947,0.8657983992908299,0.9267759163362754,0,8
yolov9c-seg.pt,MOTS20-05,794,11,1,43,8,0,3,1.0,0.7272727272727273,0.8421052631578947,0.8706763213708776,0.9301654072310119,0,8
yolov9c-seg.pt,MOTS20-05,795,10,1,66,7,2,3,0.7777777777777778,0.7,0.7368421052631579,0.890881264074256,0.9417009499103998,0,9
yolov9c-seg.pt,MOTS20-05,796,9,0,44,7,0,2,1.0,0.7777777777777778,0.875,0.8919586581121808,0.9422365951113888,0,7
yolov9c-seg.pt,MOTS20-05,797,11,0,57,9,0,2,1.0,0.8181818181818182,0.9,0.8411287327491735,0.9105711869406314,0,9
yolov9c-seg.pt,MOTS20-05,798,12,1,52,10,1,2,0.9090909090909091,0.8333333333333334,0.8695652173913043,0.8180645549621101,0.8961128357225512,0,11
yolov9c-seg.pt,MOTS20-05,799,11,1,58,10,0,1,1.0,0.9090909090909091,0.9523809523809523,0.8157018989480104,0.8942996875697059,0,10
yolov9c-seg.pt,MOTS20-05,800,11,1,40,10,0,1,1.0,0.9090909090909091,0.9523809523809523,0.8177115663138638,0.8958724173264386,0,10
yolov9c-seg.pt,MOTS20-05,801,11,1,55,10,0,1,1.0,0.9090909090909091,0.9523809523809523,0.8194358052304871,0.8974706562963439,0,10
yolov9c-seg.pt,MOTS20-05,802,11,1,55,9,0,2,1.0,0.8181818181818182,0.9,0.8474856260647401,0.9160664764074726,0,9
yolov9c-seg.pt,MOTS20-05,803,11,1,54,9,0,2,1.0,0.8181818181818182,0.9,0.812742759931902,0.894432229528475,0,9
yolov9c-seg.pt,MOTS20-05,804,11,1,61,10,0,1,1.0,0.9090909090909091,0.9523809523809523,0.8063643601474118,0.889571904729982,0,10
yolov9c-seg.pt,MOTS20-05,805,12,1,61,9,0,3,1.0,0.75,0.8571428571428571,0.8325076647606805,0.9074186766895347,1,10
yolov9c-seg.pt,MOTS20-05,806,11,1,63,8,1,3,0.8888888888888888,0.7272727272727273,0.8,0.8097918182044266,0.8922121262273428,1,10
yolov9c-seg.pt,MOTS20-05,807,11,1,63,8,0,3,1.0,0.7272727272727273,0.8421052631578947,0.8126772871821057,0.8954707863605359,0,8
yolov9c-seg.pt,MOTS20-05,808,11,1,51,8,0,3,1.0,0.7272727272727273,0.8421052631578947,0.8325330850500685,0.9074017269065009,0,8
yolov9c-seg.pt,MOTS20-05,809,10,1,76,8,0,2,1.0,0.8,0.8888888888888888,0.8251745583133957,0.9030533696952883,0,8
yolov9c-seg.pt,MOTS20-05,810,10,1,61,8,1,2,0.8888888888888888,0.8,0.8421052631578947,0.8316428251297664,0.9073004537854246,0,9
yolov9c-seg.pt,MOTS20-05,811,10,1,66,8,0,2,1.0,0.8,0.8888888888888888,0.8474555709370049,0.9165121589524828,0,8
yolov9c-seg.pt,MOTS20-05,812,10,1,53,8,0,2,1.0,0.8,0.8888888888888888,0.8288275799778179,0.9055721225641549,0,8
yolov9c-seg.pt,MOTS20-05,813,12,1,70,8,0,4,1.0,0.6666666666666666,0.8,0.8013827994152094,0.8859102897618161,0,8
yolov9c-seg.pt,MOTS20-05,814,12,1,69,8,1,4,0.8888888888888888,0.6666666666666666,0.7619047619047619,0.8220450234229608,0.8998343580740042,0,9
yolov9c-seg.pt,MOTS20-05,815,12,0,56,10,2,2,0.8333333333333334,0.8333333333333334,0.8333333333333334,0.7843524239706509,0.8731748860855584,0,12
yolov9c-seg.pt,MOTS20-05,816,12,0,54,11,1,1,0.9166666666666666,0.9166666666666666,0.9166666666666666,0.8438993063936985,0.9140876374543616,0,12
yolov9c-seg.pt,MOTS20-05,817,12,0,60,11,0,1,1.0,0.9166666666666666,0.9565217391304348,0.8367214961081196,0.9103946007794813,0,11
yolov9c-seg.pt,MOTS20-05,818,13,0,59,11,0,2,1.0,0.8461538461538461,0.9166666666666666,0.8277099465245581,0.9030071392817791,0,11
yolov9c-seg.pt,MOTS20-05,819,13,1,68,11,0,2,1.0,0.8461538461538461,0.9166666666666666,0.8389338736436988,0.9108868357552421,0,11
yolov9c-seg.pt,MOTS20-05,820,13,1,60,12,1,1,0.9230769230769231,0.9230769230769231,0.9230769230769231,0.7994311551125043,0.8838326416857801,0,13
yolov9c-seg.pt,MOTS20-05,821,13,1,46,11,1,2,0.9166666666666666,0.8461538461538461,0.88,0.8034087711214416,0.8852081287971256,0,12
yolov9c-seg.pt,MOTS20-05,822,12,1,61,10,3,2,0.7692307692307693,0.8333333333333334,0.8,0.8454631316128316,0.9140962394853165,1,14
yolov9c-seg.pt,MOTS20-05,823,12,1,61,11,2,1,0.8461538461538461,0.9166666666666666,0.88,0.8131010846840467,0.8935126977054021,0,13
yolov9c-seg.pt,MOTS20-05,824,12,1,51,11,2,1,0.8461538461538461,0.9166666666666666,0.88,0.8350478005141422,0.9086564793366413,2,15
yolov9c-seg.pt,MOTS20-05,825,13,1,48,12,1,1,0.9230769230769231,0.9230769230769231,0.9230769230769231,0.7944459223359975,0.881783303951349,0,13
yolov9c-seg.pt,MOTS20-05,826,13,1,60,11,2,2,0.8461538461538461,0.8461538461538461,0.8461538461538461,0.8024788121829559,0.8872294876481182,0,13
yolov9c-seg.pt,MOTS20-05,827,12,1,54,10,0,2,1.0,0.8333333333333334,0.9090909090909091,0.8342098030580424,0.9085586917278894,1,11
yolov9c-seg.pt,MOTS20-05,828,11,1,52,10,0,1,1.0,0.9090909090909091,0.9523809523809523,0.8292416807103496,0.9057867274052789,0,10
yolov9c-seg.pt,MOTS20-05,829,10,1,46,9,0,1,1.0,0.9,0.9473684210526315,0.8115050396102675,0.8941778950151053,1,10
yolov9c-seg.pt,MOTS20-05,830,11,1,85,9,0,2,1.0,0.8181818181818182,0.9,0.8313206121797276,0.9047486157057949,1,10
yolov9c-seg.pt,MOTS20-05,831,10,1,56,8,1,2,0.8888888888888888,0.8,0.8421052631578947,0.8399183110623594,0.9118836645505946,0,9
yolov9c-seg.pt,MOTS20-05,832,9,1,64,8,1,1,0.8888888888888888,0.8888888888888888,0.8888888888888888,0.8539885441741824,0.9208137081933072,0,9
yolov9c-seg.pt,MOTS20-05,833,10,1,41,8,0,2,1.0,0.8,0.8888888888888888,0.8424819821395577,0.91328048109019,0,8
yolov9c-seg.pt,MOTS20-05,834,10,1,53,8,0,2,1.0,0.8,0.8888888888888888,0.8384834551474969,0.9115916148721408,0,8
yolov9c-seg.pt,MOTS20-05,835,10,1,87,8,2,2,0.8,0.8,0.8,0.810758971492784,0.8929822515867026,0,10
yolov9c-seg.pt,MOTS20-05,836,9,1,82,7,0,2,1.0,0.7777777777777778,0.875,0.8190028558633679,0.8989254994524,0,7
yolov9c-seg.pt,MOTS20-05,837,9,1,60,8,0,1,1.0,0.8888888888888888,0.9411764705882353,0.8059350616153992,0.8906938200300873,1,9
yolov9c-seg.pt,MOTS20-09,1,6,1,72,6,0,0,1.0,1.0,1.0,0.7637393491389074,0.8647836370109795,3,9
yolov9c-seg.pt,MOTS20-09,2,6,1,69,6,0,0,1.0,1.0,1.0,0.7471114443410957,0.8525428676832792,2,8
yolov9c-seg.pt,MOTS20-09,3,6,1,65,6,0,0,1.0,1.0,1.0,0.7539528478234511,0.8564903434923569,2,8
yolov9c-seg.pt,MOTS20-09,4,6,1,70,6,0,0,1.0,1.0,1.0,0.758736541339533,0.8607408366669199,3,9
yolov9c-seg.pt,MOTS20-09,5,6,1,73,6,0,0,1.0,1.0,1.0,0.7660781442196617,0.8659178838750371,2,8
yolov9c-seg.pt,MOTS20-09,6,6,1,62,6,0,0,1.0,1.0,1.0,0.7791097737260628,0.8746489642565379,2,8
yolov9c-seg.pt,MOTS20-09,7,6,1,63,6,0,0,1.0,1.0,1.0,0.7888266924007333,0.8805122662266291,3,9
yolov9c-seg.pt,MOTS20-09,8,6,1,60,6,0,0,1.0,1.0,1.0,0.7908167597128234,0.8814427730809684,2,8
yolov9c-seg.pt,MOTS20-09,9,7,1,63,6,0,1,1.0,0.8571428571428571,0.9230769230769231,0.7879504599171488,0.879746967455759,3,9
yolov9c-seg.pt,MOTS20-09,10,7,1,59,6,0,1,1.0,0.8571428571428571,0.9230769230769231,0.7869329955247432,0.8789318611201352,2,8
yolov9c-seg.pt,MOTS20-09,11,7,1,68,6,0,1,1.0,0.8571428571428571,0.9230769230769231,0.7818760529646981,0.8755803595180999,2,8
yolov9c-seg.pt,MOTS20-09,12,7,1,61,6,1,1,0.8571428571428571,0.8571428571428571,0.8571428571428571,0.7886453466331899,0.8800361568007204,2,9
yolov9c-seg.pt,MOTS20-09,13,7,1,65,7,0,0,1.0,1.0,1.0,0.7536965859000258,0.8540784628834028,2,9
yolov9c-seg.pt,MOTS20-09,14,7,1,69,7,0,0,1.0,1.0,1.0,0.7707157860417083,0.8684002325717705,2,9
yolov9c-seg.pt,MOTS20-09,15,7,1,69,7,0,0,1.0,1.0,1.0,0.7660177297691799,0.864588734768019,2,9
yolov9c-seg.pt,MOTS20-09,16,7,1,62,7,0,0,1.0,1.0,1.0,0.7747964709278372,0.8698279394008301,2,9
yolov9c-seg.pt,MOTS20-09,17,7,1,66,7,0,0,1.0,1.0,1.0,0.7705378658204466,0.8671947559825075,2,9
yolov9c-seg.pt,MOTS20-09,18,7,1,70,7,0,0,1.0,1.0,1.0,0.7580675686173312,0.859099530923923,2,9
yolov9c-seg.pt,MOTS20-09,19,7,1,68,7,0,0,1.0,1.0,1.0,0.764481206224884,0.8636187017326563,1,8
yolov9c-seg.pt,MOTS20-09,20,7,1,78,7,0,0,1.0,1.0,1.0,0.7682057696571395,0.866577764360456,1,8
yolov9c-seg.pt,MOTS20-09,21,7,1,71,7,0,0,1.0,1.0,1.0,0.7707811773296521,0.8683304384795434,1,8
yolov9c-seg.pt,MOTS20-09,22,7,1,57,7,0,0,1.0,1.0,1.0,0.77552123795113,0.8718280424003236,1,8
yolov9c-seg.pt,MOTS20-09,23,7,1,62,7,0,0,1.0,1.0,1.0,0.7991647755504584,0.8873961419302836,1,8
yolov9c-seg.pt,MOTS20-09,24,7,1,56,7,0,0,1.0,1.0,1.0,0.8066920197368684,0.891841990549133,1,8
yolov9c-seg.pt,MOTS20-09,25,7,1,63,7,0,0,1.0,1.0,1.0,0.7910754433445276,0.8816278325706,1,8
yolov9c-seg.pt,MOTS20-09,26,7,1,69,7,0,0,1.0,1.0,1.0,0.7857435151619867,0.8778297328714489,1,8
yolov9c-seg.pt,MOTS20-09,27,7,1,73,6,0,1,1.0,0.8571428571428571,0.9230769230769231,0.8025792278638794,0.8886684897824714,1,7
yolov9c-seg.pt,MOTS20-09,28,7,1,66,6,0,1,1.0,0.8571428571428571,0.9230769230769231,0.7830567005492547,0.8737460492835626,1,7
yolov9c-seg.pt,MOTS20-09,29,6,1,52,6,0,0,1.0,1.0,1.0,0.7749136823660021,0.8671117171460216,0,6
yolov9c-seg.pt,MOTS20-09,30,6,1,64,6,0,0,1.0,1.0,1.0,0.7724872911222741,0.866829509191306,0,6
yolov9c-seg.pt,MOTS20-09,31,6,1,57,6,0,0,1.0,1.0,1.0,0.7816151329289004,0.8742065617824264,0,6
yolov9c-seg.pt,MOTS20-09,32,6,1,68,6,0,0,1.0,1.0,1.0,0.780058096091537,0.8724965240072776,0,6
yolov9c-seg.pt,MOTS20-09,33,6,1,73,6,0,0,1.0,1.0,1.0,0.7794983755243287,0.8722755126544005,0,6
yolov9c-seg.pt,MOTS20-09,34,6,1,88,6,0,0,1.0,1.0,1.0,0.7825440416888756,0.8739212642888091,0,6
yolov9c-seg.pt,MOTS20-09,35,6,1,68,6,0,0,1.0,1.0,1.0,0.8033113442921849,0.8886086124869331,1,7
yolov9c-seg.pt,MOTS20-09,36,6,1,76,5,0,1,1.0,0.8333333333333334,0.9090909090909091,0.8112530629384611,0.8934153812282558,1,6
yolov9c-seg.pt,MOTS20-09,37,6,1,66,5,0,1,1.0,0.8333333333333334,0.9090909090909091,0.8121892543006666,0.894295266057098,1,6
yolov9c-seg.pt,MOTS20-09,38,6,1,78,5,0,1,1.0,0.8333333333333334,0.9090909090909091,0.8157178872863833,0.8962971420729925,1,6
yolov9c-seg.pt,MOTS20-09,39,6,1,72,5,0,1,1.0,0.8333333333333334,0.9090909090909091,0.8197557915629498,0.8988822157204183,2,7
yolov9c-seg.pt,MOTS20-09,40,6,1,71,5,0,1,1.0,0.8333333333333334,0.9090909090909091,0.8183171700314448,0.8978058451263298,1,6
yolov9c-seg.pt,MOTS20-09,41,7,1,74,5,0,2,1.0,0.7142857142857143,0.8333333333333334,0.8160226726013027,0.8961161968525216,1,6
yolov9c-seg.pt,MOTS20-09,42,7,1,64,5,0,2,1.0,0.7142857142857143,0.8333333333333334,0.8224629676422841,0.9001726166415438,1,6
yolov9c-seg.pt,MOTS20-09,43,6,1,71,5,0,1,1.0,0.8333333333333334,0.9090909090909091,0.8308728809061762,0.9055959112246168,1,6
yolov9c-seg.pt,MOTS20-09,44,6,1,71,5,0,1,1.0,0.8333333333333334,0.9090909090909091,0.8344348588396209,0.9079581236177134,1,6
yolov9c-seg.pt,MOTS20-09,45,7,1,71,6,0,1,1.0,0.8571428571428571,0.9230769230769231,0.7969725874499832,0.8834771217712444,1,7
yolov9c-seg.pt,MOTS20-09,46,7,1,78,6,0,1,1.0,0.8571428571428571,0.9230769230769231,0.7996988734047425,0.8842449347762521,1,7
yolov9c-seg.pt,MOTS20-09,47,7,1,86,6,2,1,0.75,0.8571428571428571,0.8,0.8086524426041812,0.890466973117903,1,9
yolov9c-seg.pt,MOTS20-09,48,7,1,66,6,1,1,0.8571428571428571,0.8571428571428571,0.8571428571428571,0.8044423900493944,0.8878680977169416,1,8
yolov9c-seg.pt,MOTS20-09,49,7,1,70,6,1,1,0.8571428571428571,0.8571428571428571,0.8571428571428571,0.8095007052525167,0.8911750549918871,1,8
yolov9c-seg.pt,MOTS20-09,50,7,1,71,6,2,1,0.75,0.8571428571428571,0.8,0.8008437341380499,0.8856643283200171,1,9
yolov9c-seg.pt,MOTS20-09,51,7,1,74,6,2,1,0.75,0.8571428571428571,0.8,0.8011375948691581,0.8859794870436012,2,10
yolov9c-seg.pt,MOTS20-09,52,7,1,75,6,3,1,0.6666666666666666,0.8571428571428571,0.75,0.7954059991209688,0.8824163765445125,2,11
yolov9c-seg.pt,MOTS20-09,53,7,1,74,6,2,1,0.75,0.8571428571428571,0.8,0.7973581090023126,0.8843811277550812,1,9
yolov9c-seg.pt,MOTS20-09,54,7,1,66,6,2,1,0.75,0.8571428571428571,0.8,0.7889718074934148,0.8778538044126809,2,10
yolov9c-seg.pt,MOTS20-09,55,7,1,63,7,1,0,0.875,1.0,0.9333333333333333,0.7835925822768107,0.8754793874256348,3,11
yolov9c-seg.pt,MOTS20-09,56,7,1,65,7,1,0,0.875,1.0,0.9333333333333333,0.78603943615995,0.8771189461533135,3,11
yolov9c-seg.pt,MOTS20-09,57,7,1,56,7,1,0,0.875,1.0,0.9333333333333333,0.7916987451138714,0.8812207936049017,3,11
yolov9c-seg.pt,MOTS20-09,58,7,1,56,7,1,0,0.875,1.0,0.9333333333333333,0.7788696340343655,0.8717094758406067,3,11
yolov9c-seg.pt,MOTS20-09,59,7,1,57,7,1,0,0.875,1.0,0.9333333333333333,0.7636960866192789,0.8597659814287465,3,11
yolov9c-seg.pt,MOTS20-09,60,7,1,54,6,0,1,1.0,0.8571428571428571,0.9230769230769231,0.8175236717949451,0.8983850016438476,3,9
yolov9c-seg.pt,MOTS20-09,61,6,1,60,6,0,0,1.0,1.0,1.0,0.8191326745361196,0.8992247113827595,4,10
yolov9c-seg.pt,MOTS20-09,62,6,1,53,6,0,0,1.0,1.0,1.0,0.8196035897018357,0.8994842230583794,4,10
yolov9c-seg.pt,MOTS20-09,63,6,1,52,6,0,0,1.0,1.0,1.0,0.8130688410376008,0.8955680766692621,3,9
yolov9c-seg.pt,MOTS20-09,64,6,1,59,6,0,0,1.0,1.0,1.0,0.8136869680040393,0.8957170615445765,3,9
yolov9c-seg.pt,MOTS20-09,65,6,1,69,6,0,0,1.0,1.0,1.0,0.815995447681062,0.8971558317005365,4,10
yolov9c-seg.pt,MOTS20-09,66,6,1,67,6,0,0,1.0,1.0,1.0,0.8197988406008284,0.8994081164117326,5,11
yolov9c-seg.pt,MOTS20-09,67,7,1,65,7,0,0,1.0,1.0,1.0,0.7762874989348456,0.8674140235612532,4,11
yolov9c-seg.pt,MOTS20-09,68,7,1,60,7,0,0,1.0,1.0,1.0,0.7949737495996763,0.8829672830229333,4,11
yolov9c-seg.pt,MOTS20-09,69,7,1,58,7,0,0,1.0,1.0,1.0,0.7973709181371417,0.8840288674394259,4,11
yolov9c-seg.pt,MOTS20-09,70,8,1,58,8,0,0,1.0,1.0,1.0,0.7671215368714617,0.8623343817534386,3,11
yolov9c-seg.pt,MOTS20-09,71,8,1,56,7,0,1,1.0,0.875,0.9333333333333333,0.803530941420319,0.8887319749773649,2,9
yolov9c-seg.pt,MOTS20-09,72,8,1,60,8,0,0,1.0,1.0,1.0,0.7653501073430183,0.8612375426969155,2,10
yolov9c-seg.pt,MOTS20-09,73,8,1,54,7,0,1,1.0,0.875,0.9333333333333333,0.7987172445294267,0.8849627658098266,3,10
yolov9c-seg.pt,MOTS20-09,74,8,1,52,7,0,1,1.0,0.875,0.9333333333333333,0.7984411547402551,0.8848393980438515,2,9
yolov9c-seg.pt,MOTS20-09,75,8,1,61,7,0,1,1.0,0.875,0.9333333333333333,0.8057132264525785,0.8899680737568164,2,9
yolov9c-seg.pt,MOTS20-09,76,8,1,58,7,0,1,1.0,0.875,0.9333333333333333,0.8066509682522983,0.8908166759390491,2,9
yolov9c-seg.pt,MOTS20-09,77,8,1,57,7,0,1,1.0,0.875,0.9333333333333333,0.8101603426718819,0.8930260042017447,2,9
yolov9c-seg.pt,MOTS20-09,78,8,1,69,7,0,1,1.0,0.875,0.9333333333333333,0.8014717571622683,0.8871381395491958,2,9
yolov9c-seg.pt,MOTS20-09,79,8,1,69,7,1,1,0.875,0.875,0.875,0.8043968123155399,0.8895308405902304,2,10
yolov9c-seg.pt,MOTS20-09,80,8,1,65,7,0,1,1.0,0.875,0.9333333333333333,0.8075700048567891,0.8918406181512781,2,9
yolov9c-seg.pt,MOTS20-09,81,7,1,60,7,0,0,1.0,1.0,1.0,0.8051780466315586,0.8904749606004618,3,10
yolov9c-seg.pt,MOTS20-09,82,7,1,66,7,0,0,1.0,1.0,1.0,0.803735733497643,0.8889669495996844,3,10
yolov9c-seg.pt,MOTS20-09,83,7,1,59,7,0,0,1.0,1.0,1.0,0.8114651721998606,0.8942832089502406,3,10
yolov9c-seg.pt,MOTS20-09,84,7,1,55,7,0,0,1.0,1.0,1.0,0.8052161692022721,0.8900779883024709,3,10
yolov9c-seg.pt,MOTS20-09,85,7,1,59,7,0,0,1.0,1.0,1.0,0.8106876238233056,0.893713265416487,3,10
yolov9c-seg.pt,MOTS20-09,86,7,1,68,7,0,0,1.0,1.0,1.0,0.8090495687257272,0.8929589115620289,3,10
yolov9c-seg.pt,MOTS20-09,87,7,1,71,7,0,0,1.0,1.0,1.0,0.8111444972125074,0.8941715518754582,4,11
yolov9c-seg.pt,MOTS20-09,88,7,1,77,7,0,0,1.0,1.0,1.0,0.8083289286066878,0.8921590608712211,3,10
yolov9c-seg.pt,MOTS20-09,89,7,1,72,7,0,0,1.0,1.0,1.0,0.8157827413041135,0.8969157768471219,3,10
yolov9c-seg.pt,MOTS20-09,90,7,1,68,7,0,0,1.0,1.0,1.0,0.8144304780947639,0.8960102074779933,3,10
yolov9c-seg.pt,MOTS20-09,91,7,1,68,7,0,0,1.0,1.0,1.0,0.8109323406975424,0.8936929153817681,3,10
yolov9c-seg.pt,MOTS20-09,92,7,1,72,7,0,0,1.0,1.0,1.0,0.8007568261180931,0.8857730079793563,3,10
yolov9c-seg.pt,MOTS20-09,93,7,1,80,7,0,0,1.0,1.0,1.0,0.8074413050486026,0.8915466909366039,3,10
yolov9c-seg.pt,MOTS20-09,94,7,1,86,7,1,0,0.875,1.0,0.9333333333333333,0.8076928261523031,0.8910955843124047,2,10
yolov9c-seg.pt,MOTS20-09,95,7,1,81,7,0,0,1.0,1.0,1.0,0.802373792705335,0.8880316883754509,3,10
yolov9c-seg.pt,MOTS20-09,96,7,1,76,7,0,0,1.0,1.0,1.0,0.8224430891355483,0.9013098258412817,3,10
yolov9c-seg.pt,MOTS20-09,97,7,1,68,7,0,0,1.0,1.0,1.0,0.8233010378264136,0.9017918477428662,4,11
yolov9c-seg.pt,MOTS20-09,98,7,1,75,7,0,0,1.0,1.0,1.0,0.8245538340752615,0.9023193289910143,3,10
yolov9c-seg.pt,MOTS20-09,99,7,1,70,7,0,0,1.0,1.0,1.0,0.8234734887513143,0.9017480584747413,4,11
yolov9c-seg.pt,MOTS20-09,100,7,1,79,7,0,0,1.0,1.0,1.0,0.8220832059820069,0.9011307630112605,3,10
yolov9c-seg.pt,MOTS20-09,101,7,1,80,7,0,0,1.0,1.0,1.0,0.8149725447480545,0.8966150978265691,3,10
yolov9c-seg.pt,MOTS20-09,102,7,1,86,7,0,0,1.0,1.0,1.0,0.8015527400477327,0.8871893187907884,3,10
yolov9c-seg.pt,MOTS20-09,103,7,1,88,7,0,0,1.0,1.0,1.0,0.8095130923394317,0.892512445772243,3,10
yolov9c-seg.pt,MOTS20-09,104,7,1,79,7,1,0,0.875,1.0,0.9333333333333333,0.8025996497650558,0.8878580587841121,3,11
yolov9c-seg.pt,MOTS20-09,105,7,1,77,6,1,1,0.8571428571428571,0.8571428571428571,0.8571428571428571,0.8255724865364801,0.9031146712534334,3,10
yolov9c-seg.pt,MOTS20-09,106,7,1,73,6,0,1,1.0,0.8571428571428571,0.9230769230769231,0.8287796026729257,0.9048966784461836,3,9
yolov9c-seg.pt,MOTS20-09,107,7,1,73,5,0,2,1.0,0.7142857142857143,0.8333333333333334,0.8479797827435313,0.9166857907740585,3,8
yolov9c-seg.pt,MOTS20-09,108,6,1,58,5,0,1,1.0,0.8333333333333334,0.9090909090909091,0.8464307095509105,0.9157913730534819,3,8
yolov9c-seg.pt,MOTS20-09,109,6,1,70,5,0,1,1.0,0.8333333333333334,0.9090909090909091,0.8472299542169669,0.9161942939737638,4,9
yolov9c-seg.pt,MOTS20-09,110,6,1,67,5,0,1,1.0,0.8333333333333334,0.9090909090909091,0.8493396650007579,0.9173125118047103,3,8
yolov9c-seg.pt,MOTS20-09,111,6,1,64,5,0,1,1.0,0.8333333333333334,0.9090909090909091,0.8531925659811519,0.9197272346995315,3,8
yolov9c-seg.pt,MOTS20-09,112,5,1,58,5,0,0,1.0,1.0,1.0,0.8493976600383727,0.9175699802030305,3,8
yolov9c-seg.pt,MOTS20-09,113,5,1,65,5,0,0,1.0,1.0,1.0,0.8518366326718885,0.9192995895836358,3,8
yolov9c-seg.pt,MOTS20-09,114,5,1,66,5,0,0,1.0,1.0,1.0,0.8329091723016058,0.9074320222260155,3,8
yolov9c-seg.pt,MOTS20-09,115,5,1,66,5,0,0,1.0,1.0,1.0,0.8377541885794215,0.9104413839263602,3,8
yolov9c-seg.pt,MOTS20-09,116,5,1,75,5,0,0,1.0,1.0,1.0,0.8226863897461241,0.8995659389596471,2,7
yolov9c-seg.pt,MOTS20-09,117,5,1,59,5,0,0,1.0,1.0,1.0,0.8086057140176088,0.8883704963236271,3,8
yolov9c-seg.pt,MOTS20-09,118,5,1,59,4,0,1,1.0,0.8,0.8888888888888888,0.8656216500584875,0.9271509459260971,2,6
yolov9c-seg.pt,MOTS20-09,119,5,1,42,4,0,1,1.0,0.8,0.8888888888888888,0.8568667201750388,0.9222118961019491,2,6
yolov9c-seg.pt,MOTS20-09,120,5,1,44,4,0,1,1.0,0.8,0.8888888888888888,0.862271134981334,0.9253601975810042,2,6
yolov9c-seg.pt,MOTS20-09,121,4,1,43,4,0,0,1.0,1.0,1.0,0.8713926371085848,0.930551496215539,2,6
yolov9c-seg.pt,MOTS20-09,122,4,1,43,4,0,0,1.0,1.0,1.0,0.8646304779014055,0.9264649131692594,2,6
yolov9c-seg.pt,MOTS20-09,123,4,1,48,4,0,0,1.0,1.0,1.0,0.8565159390577368,0.9217138567367668,2,6
yolov9c-seg.pt,MOTS20-09,124,4,1,56,4,0,0,1.0,1.0,1.0,0.8559493578268703,0.9213192576498334,2,6
yolov9c-seg.pt,MOTS20-09,125,4,1,54,4,0,0,1.0,1.0,1.0,0.8601167028915171,0.9240697155895277,2,6
yolov9c-seg.pt,MOTS20-09,126,5,1,78,4,0,1,1.0,0.8,0.8888888888888888,0.8560134192274919,0.9217361431864848,2,6
yolov9c-seg.pt,MOTS20-09,127,5,1,72,4,0,1,1.0,0.8,0.8888888888888888,0.8600018664681597,0.924224502020811,2,6
yolov9c-seg.pt,MOTS20-09,128,5,1,71,5,0,0,1.0,1.0,1.0,0.8310020977960504,0.9054141893361283,2,7
yolov9c-seg.pt,MOTS20-09,129,5,1,88,5,0,0,1.0,1.0,1.0,0.8514635728696126,0.9184552044451376,2,7
yolov9c-seg.pt,MOTS20-09,130,5,1,71,5,0,0,1.0,1.0,1.0,0.8442917237642197,0.9138656936693297,3,8
yolov9c-seg.pt,MOTS20-09,131,5,1,79,5,0,0,1.0,1.0,1.0,0.8543382564698649,0.9201379592383858,2,7
yolov9c-seg.pt,MOTS20-09,132,5,1,83,5,0,0,1.0,1.0,1.0,0.8558982059502815,0.921240211691868,3,8
yolov9c-seg.pt,MOTS20-09,133,5,1,82,5,0,0,1.0,1.0,1.0,0.8494247705876916,0.9171797054687095,3,8
yolov9c-seg.pt,MOTS20-09,134,5,1,90,4,0,1,1.0,0.8,0.8888888888888888,0.8775456986813612,0.9343598551147778,2,6
yolov9c-seg.pt,MOTS20-09,135,6,1,101,5,0,1,1.0,0.8333333333333334,0.9090909090909091,0.8465826613908135,0.9155253587762633,2,7
yolov9c-seg.pt,MOTS20-09,136,6,1,82,5,0,1,1.0,0.8333333333333334,0.9090909090909091,0.8666337607984393,0.9280770006300607,2,7
yolov9c-seg.pt,MOTS20-09,137,7,1,92,5,0,2,1.0,0.7142857142857143,0.8333333333333334,0.8655369005111575,0.9274120024913227,2,7
yolov9c-seg.pt,MOTS20-09,138,7,1,72,6,0,1,1.0,0.8571428571428571,0.9230769230769231,0.8178719829975684,0.8951966989163619,2,8
yolov9c-seg.pt,MOTS20-09,139,6,1,69,6,0,0,1.0,1.0,1.0,0.8453504705272338,0.9150454560506303,3,9
yolov9c-seg.pt,MOTS20-09,140,6,1,65,6,0,0,1.0,1.0,1.0,0.8633901334513941,0.9260295704974464,2,8
yolov9c-seg.pt,MOTS20-09,141,6,1,63,6,0,0,1.0,1.0,1.0,0.8650599949579189,0.9268640069994943,2,8
yolov9c-seg.pt,MOTS20-09,142,6,1,72,6,0,0,1.0,1.0,1.0,0.8648067185998767,0.9266657118553291,2,8
yolov9c-seg.pt,MOTS20-09,143,6,1,72,6,0,0,1.0,1.0,1.0,0.8599263121514742,0.9239235501225663,2,8
yolov9c-seg.pt,MOTS20-09,144,7,1,58,7,0,0,1.0,1.0,1.0,0.8433417113798931,0.9139904756193007,1,8
yolov9c-seg.pt,MOTS20-09,145,7,1,58,6,0,1,1.0,0.8571428571428571,0.9230769230769231,0.8647819722343003,0.926585463597931,1,7
yolov9c-seg.pt,MOTS20-09,146,8,1,66,6,0,2,1.0,0.75,0.8571428571428571,0.8654311293584689,0.9269068772806165,1,7
yolov9c-seg.pt,MOTS20-09,147,8,1,57,6,0,2,1.0,0.75,0.8571428571428571,0.8718740916242896,0.9307033246059123,1,7
yolov9c-seg.pt,MOTS20-09,148,9,1,68,6,0,3,1.0,0.6666666666666666,0.8,0.8714617316624067,0.9305794475993016,1,7
yolov9c-seg.pt,MOTS20-09,149,8,1,84,6,0,2,1.0,0.75,0.8571428571428571,0.8716921170235312,0.9307688298626947,1,7
yolov9c-seg.pt,MOTS20-09,150,8,1,90,6,1,2,0.8571428571428571,0.75,0.8,0.8643285636675082,0.9265797708873502,1,8
yolov9c-seg.pt,MOTS20-09,151,8,1,71,7,0,1,1.0,0.875,0.9333333333333333,0.8395272473606726,0.9104004769905829,1,8
yolov9c-seg.pt,MOTS20-09,152,8,1,62,7,0,1,1.0,0.875,0.9333333333333333,0.8217995179188479,0.8986735793464208,1,8
yolov9c-seg.pt,MOTS20-09,153,7,1,57,7,0,0,1.0,1.0,1.0,0.8281859243618767,0.902978579557446,1,8
yolov9c-seg.pt,MOTS20-09,154,7,1,60,7,0,0,1.0,1.0,1.0,0.8371754404255695,0.908356872815019,1,8
yolov9c-seg.pt,MOTS20-09,155,7,1,58,7,0,0,1.0,1.0,1.0,0.8293733905875468,0.903802438116635,1,8
yolov9c-seg.pt,MOTS20-09,156,7,1,72,7,0,0,1.0,1.0,1.0,0.8184714620305407,0.8948227905129766,1,8
yolov9c-seg.pt,MOTS20-09,157,7,1,89,6,0,1,1.0,0.8571428571428571,0.9230769230769231,0.8714982279711349,0.9305528316616364,1,7
yolov9c-seg.pt,MOTS20-09,158,7,1,85,6,0,1,1.0,0.8571428571428571,0.9230769230769231,0.8695487100261672,0.9295773758002954,2,8
yolov9c-seg.pt,MOTS20-09,159,7,1,79,6,0,1,1.0,0.8571428571428571,0.9230769230769231,0.8629066088859086,0.9256936278666217,2,8
yolov9c-seg.pt,MOTS20-09,160,7,1,82,6,0,1,1.0,0.8571428571428571,0.9230769230769231,0.8472514565897322,0.9161776617824907,3,9
yolov9c-seg.pt,MOTS20-09,161,7,1,71,6,0,1,1.0,0.8571428571428571,0.9230769230769231,0.8663604612509147,0.9275720751573044,2,8
yolov9c-seg.pt,MOTS20-09,162,7,1,76,6,0,1,1.0,0.8571428571428571,0.9230769230769231,0.8586098210071449,0.9232533772097495,2,8
yolov9c-seg.pt,MOTS20-09,163,7,1,69,6,0,1,1.0,0.8571428571428571,0.9230769230769231,0.8726294354089239,0.9315814693532373,2,8
yolov9c-seg.pt,MOTS20-09,164,8,1,76,6,1,2,0.8571428571428571,0.75,0.8,0.8630004451452225,0.9259030209280746,3,10
yolov9c-seg.pt,MOTS20-09,165,8,1,103,6,0,2,1.0,0.75,0.8571428571428571,0.848647606919361,0.91685045477544,3,9
yolov9c-seg.pt,MOTS20-09,166,8,1,106,6,1,2,0.8571428571428571,0.75,0.8,0.8093551847295039,0.8884001828644942,3,10
yolov9c-seg.pt,MOTS20-09,167,8,1,93,6,0,2,1.0,0.75,0.8571428571428571,0.8186831764112147,0.894431216275036,2,8
yolov9c-seg.pt,MOTS20-09,168,8,1,83,6,0,2,1.0,0.75,0.8571428571428571,0.8235400930170984,0.9008187107115901,2,8
yolov9c-seg.pt,MOTS20-09,169,10,1,81,6,0,4,1.0,0.6,0.75,0.8227319453236696,0.9001673554016918,2,8
yolov9c-seg.pt,MOTS20-09,170,10,1,89,6,0,4,1.0,0.6,0.75,0.8386360157730475,0.9102780213051994,3,9
yolov9c-seg.pt,MOTS20-09,171,10,1,90,7,1,3,0.875,0.7,0.7777777777777778,0.8204086021236635,0.8996053586350973,2,10
yolov9c-seg.pt,MOTS20-09,172,10,1,96,8,0,2,1.0,0.8,0.8888888888888888,0.8187208428173257,0.8982019587881649,2,10
yolov9c-seg.pt,MOTS20-09,173,10,1,119,8,2,2,0.8,0.8,0.8,0.8224314686073206,0.9006798005239032,3,13
yolov9c-seg.pt,MOTS20-09,174,10,1,105,8,2,2,0.8,0.8,0.8,0.787742293519375,0.877060230284012,3,13
yolov9c-seg.pt,MOTS20-09,175,10,1,112,7,0,3,1.0,0.7,0.8235294117647058,0.8088452772529207,0.8922291851202705,4,11
yolov9c-seg.pt,MOTS20-09,176,9,1,103,7,0,2,1.0,0.7777777777777778,0.875,0.8166389543201981,0.8972058347790176,4,11
yolov9c-seg.pt,MOTS20-09,177,9,1,111,7,1,2,0.875,0.7777777777777778,0.8235294117647058,0.8196398120856871,0.8990386595269477,5,13
yolov9c-seg.pt,MOTS20-09,178,9,1,101,6,0,3,1.0,0.6666666666666666,0.8,0.8294265613866315,0.9053200524309891,4,10
yolov9c-seg.pt,MOTS20-09,179,7,1,100,6,0,1,1.0,0.8571428571428571,0.9230769230769231,0.8301643911151536,0.9047649825623809,4,10
yolov9c-seg.pt,MOTS20-09,180,8,1,100,6,0,2,1.0,0.75,0.8571428571428571,0.8227294258754716,0.900293255832167,3,9
yolov9c-seg.pt,MOTS20-09,181,9,1,81,8,0,1,1.0,0.8888888888888888,0.9411764705882353,0.7789068076358101,0.8724172498015966,2,10
yolov9c-seg.pt,MOTS20-09,182,9,1,71,7,1,2,0.875,0.7777777777777778,0.8235294117647058,0.8260793549277642,0.902414364065869,2,10
yolov9c-seg.pt,MOTS20-09,183,9,1,71,7,0,2,1.0,0.7777777777777778,0.875,0.8271366265048796,0.9036253391040238,1,8
yolov9c-seg.pt,MOTS20-09,184,9,1,72,7,0,2,1.0,0.7777777777777778,0.875,0.8329421371120007,0.9065843578295487,1,8
yolov9c-seg.pt,MOTS20-09,185,9,1,62,8,1,1,0.8888888888888888,0.8888888888888888,0.8888888888888888,0.8135913314934302,0.8947013905814192,1,10
yolov9c-seg.pt,MOTS20-09,186,11,1,64,8,1,3,0.8888888888888888,0.7272727272727273,0.8,0.8261555101354656,0.9024291314229257,1,10
yolov9c-seg.pt,MOTS20-09,187,11,1,70,10,3,1,0.7692307692307693,0.9090909090909091,0.8333333333333334,0.8047862736716646,0.8889144650523925,1,14
yolov9c-seg.pt,MOTS20-09,188,12,1,69,10,2,2,0.8333333333333334,0.8333333333333334,0.8333333333333334,0.8102348056084432,0.8935460996578873,1,13
yolov9c-seg.pt,MOTS20-09,189,12,1,62,10,2,2,0.8333333333333334,0.8333333333333334,0.8333333333333334,0.7888210874194664,0.8789159701247871,1,13
yolov9c-seg.pt,MOTS20-09,190,12,1,62,10,2,2,0.8333333333333334,0.8333333333333334,0.8333333333333334,0.801443421756618,0.8873969411380205,0,12
yolov9c-seg.pt,MOTS20-09,191,12,1,57,9,1,3,0.9,0.75,0.8181818181818182,0.8093503799787377,0.893336843726569,0,10
yolov9c-seg.pt,MOTS20-09,192,12,1,87,10,0,2,1.0,0.8333333333333334,0.9090909090909091,0.7553669404546118,0.8553101175757266,0,10
yolov9c-seg.pt,MOTS20-09,193,12,1,74,9,1,3,0.9,0.75,0.8181818181818182,0.7707943066036709,0.8648579889071013,0,10
yolov9c-seg.pt,MOTS20-09,194,11,1,71,8,0,3,1.0,0.7272727272727273,0.8421052631578947,0.7917926341092079,0.8788676372277278,0,8
yolov9c-seg.pt,MOTS20-09,195,11,1,65,7,2,4,0.7777777777777778,0.6363636363636364,0.7,0.7989336284390351,0.8865230069101067,0,9
yolov9c-seg.pt,MOTS20-09,196,11,1,65,10,1,1,0.9090909090909091,0.9090909090909091,0.9090909090909091,0.758484132957127,0.8582893037753256,0,11
yolov9c-seg.pt,MOTS20-09,197,11,1,55,10,0,1,1.0,0.9090909090909091,0.9523809523809523,0.7491724203209416,0.8498020164416807,0,10
yolov9c-seg.pt,MOTS20-09,198,11,1,65,8,1,3,0.8888888888888888,0.7272727272727273,0.8,0.8230111232721481,0.9008797224009899,0,9
yolov9c-seg.pt,MOTS20-09,199,10,1,60,8,2,2,0.8,0.8,0.8,0.8245062526300919,0.9024481869836075,0,10
yolov9c-seg.pt,MOTS20-09,200,10,1,61,10,0,0,1.0,1.0,1.0,0.7954418911298418,0.8819410956117528,0,10
yolov9c-seg.pt,MOTS20-09,201,10,1,50,10,0,0,1.0,1.0,1.0,0.7679920679444703,0.8637932271088331,0,10
yolov9c-seg.pt,MOTS20-09,202,10,1,53,10,0,0,1.0,1.0,1.0,0.8011009984734538,0.8845970380740944,0,10
yolov9c-seg.pt,MOTS20-09,203,10,1,59,10,0,0,1.0,1.0,1.0,0.7987285925876907,0.8821934240027678,1,11
yolov9c-seg.pt,MOTS20-09,204,10,1,75,9,1,1,0.9,0.9,0.9,0.7810752484520777,0.8710482911607911,0,10
yolov9c-seg.pt,MOTS20-09,205,10,1,69,8,1,2,0.8888888888888888,0.8,0.8421052631578947,0.8061338159184039,0.8896869462802226,2,11
yolov9c-seg.pt,MOTS20-09,206,10,1,81,9,0,1,1.0,0.9,0.9473684210526315,0.7741249908909691,0.8670934540369405,2,11
yolov9c-seg.pt,MOTS20-09,207,12,1,76,8,1,4,0.8888888888888888,0.6666666666666666,0.7619047619047619,0.7716908894608444,0.8657693486663112,1,10
yolov9c-seg.pt,MOTS20-09,208,10,1,57,9,1,1,0.9,0.9,0.9,0.8119779283928784,0.8940021752907187,0,10
yolov9c-seg.pt,MOTS20-09,209,11,1,75,11,0,0,1.0,1.0,1.0,0.7538816799132463,0.853631957470498,0,11
yolov9c-seg.pt,MOTS20-09,210,12,1,46,10,1,2,0.9090909090909091,0.8333333333333334,0.8695652173913043,0.7763260964292451,0.870225608639535,0,11
yolov9c-seg.pt,MOTS20-09,211,12,1,53,9,1,3,0.9,0.75,0.8181818181818182,0.8055638150557228,0.8904228513154576,1,11
yolov9c-seg.pt,MOTS20-09,212,12,1,59,11,0,1,1.0,0.9166666666666666,0.9565217391304348,0.7716441861545104,0.8661151310817773,3,14
yolov9c-seg.pt,MOTS20-09,213,13,1,58,11,0,2,1.0,0.8461538461538461,0.9166666666666666,0.7862831238218845,0.8766790007790721,1,12
yolov9c-seg.pt,MOTS20-09,214,13,1,78,9,1,4,0.9,0.6923076923076923,0.782608695652174,0.797360840872421,0.8846730213085969,1,11
yolov9c-seg.pt,MOTS20-09,215,12,1,64,10,0,2,1.0,0.8333333333333334,0.9090909090909091,0.764112330197183,0.8617761450059074,1,11
yolov9c-seg.pt,MOTS20-09,216,12,1,68,11,0,1,1.0,0.9166666666666666,0.9565217391304348,0.7478592329158998,0.8501929380529979,1,12
yolov9c-seg.pt,MOTS20-09,217,12,1,60,10,1,2,0.9090909090909091,0.8333333333333334,0.8695652173913043,0.7740299078964329,0.8698165792218365,1,12
yolov9c-seg.pt,MOTS20-09,218,13,1,52,10,1,3,0.9090909090909091,0.7692307692307693,0.8333333333333334,0.7828644131723788,0.8753663506448655,1,12
yolov9c-seg.pt,MOTS20-09,219,13,1,64,11,0,2,1.0,0.8461538461538461,0.9166666666666666,0.7623797939998773,0.8609149500000843,1,12
yolov9c-seg.pt,MOTS20-09,220,12,1,87,11,0,1,1.0,0.9166666666666666,0.9565217391304348,0.7773803965297726,0.8711791130361003,1,12
yolov9c-seg.pt,MOTS20-09,221,11,1,94,11,1,0,0.9166666666666666,1.0,0.9565217391304348,0.7629898361430915,0.860193455347683,1,13
yolov9c-seg.pt,MOTS20-09,222,12,1,107,11,3,1,0.7857142857142857,0.9166666666666666,0.8461538461538461,0.7639722786736759,0.858591829949545,1,15
yolov9c-seg.pt,MOTS20-09,223,13,1,90,9,3,4,0.75,0.6923076923076923,0.72,0.824852500092594,0.9022771936962489,0,12
yolov9c-seg.pt,MOTS20-09,224,13,1,85,10,2,3,0.8333333333333334,0.7692307692307693,0.8,0.7854447743338465,0.8740258901011264,0,12
yolov9c-seg.pt,MOTS20-09,225,13,1,98,11,0,2,1.0,0.8461538461538461,0.9166666666666666,0.7694886784205729,0.8628764237860078,0,11
yolov9c-seg.pt,MOTS20-09,226,13,1,120,10,1,3,0.9090909090909091,0.7692307692307693,0.8333333333333334,0.7865056412209827,0.875741107213801,0,11
yolov9c-seg.pt,MOTS20-09,227,13,1,103,11,0,2,1.0,0.8461538461538461,0.9166666666666666,0.7585243815581709,0.8555983638648322,0,11
yolov9c-seg.pt,MOTS20-09,228,13,1,110,11,0,2,1.0,0.8461538461538461,0.9166666666666666,0.7615790801732689,0.8592019366068427,0,11
yolov9c-seg.pt,MOTS20-09,229,13,1,101,11,0,2,1.0,0.8461538461538461,0.9166666666666666,0.7805764867643482,0.871494538675066,2,13
yolov9c-seg.pt,MOTS20-09,230,13,1,86,10,0,3,1.0,0.7692307692307693,0.8695652173913043,0.7898234088676221,0.8771408070407073,1,11
yolov9c-seg.pt,MOTS20-09,231,13,1,94,10,0,3,1.0,0.7692307692307693,0.8695652173913043,0.7895030756731928,0.8773984181127847,1,11
yolov9c-seg.pt,MOTS20-09,232,13,1,92,10,1,3,0.9090909090909091,0.7692307692307693,0.8333333333333334,0.7778904913667299,0.8702630093431303,2,13
yolov9c-seg.pt,MOTS20-09,233,13,1,99,11,0,2,1.0,0.8461538461538461,0.9166666666666666,0.7695776541224771,0.863848207332111,2,13
yolov9c-seg.pt,MOTS20-09,234,13,1,99,10,0,3,1.0,0.7692307692307693,0.8695652173913043,0.7807821479558787,0.8714687417422532,1,11
yolov9c-seg.pt,MOTS20-09,235,13,1,89,10,1,3,0.9090909090909091,0.7692307692307693,0.8333333333333334,0.7831868230326693,0.8740661377981013,2,13
yolov9c-seg.pt,MOTS20-09,236,13,1,91,11,0,2,1.0,0.8461538461538461,0.9166666666666666,0.762354641136649,0.8584618462926135,2,13
yolov9c-seg.pt,MOTS20-09,237,13,1,93,12,0,1,1.0,0.9230769230769231,0.96,0.7480559942210574,0.8478674776567975,3,15
yolov9c-seg.pt,MOTS20-09,238,13,1,96,11,0,2,1.0,0.8461538461538461,0.9166666666666666,0.7664444462722314,0.8620025359666205,3,14
yolov9c-seg.pt,MOTS20-09,239,13,1,93,10,3,3,0.7692307692307693,0.7692307692307693,0.7692307692307693,0.7836406585744076,0.8742275547079951,2,15
yolov9c-seg.pt,MOTS20-09,240,13,1,93,10,4,3,0.7142857142857143,0.7692307692307693,0.7407407407407407,0.7784455290569158,0.8703588734462272,2,16
yolov9c-seg.pt,MOTS20-09,241,12,1,106,10,2,2,0.8333333333333334,0.8333333333333334,0.8333333333333334,0.7770724069412249,0.8699155598776607,2,14
yolov9c-seg.pt,MOTS20-09,242,13,1,104,10,3,3,0.7692307692307693,0.7692307692307693,0.7692307692307693,0.786597944115491,0.876834537596935,2,15
yolov9c-seg.pt,MOTS20-09,243,12,1,93,10,2,2,0.8333333333333334,0.8333333333333334,0.8333333333333334,0.805504728916658,0.8907864841797759,3,15
yolov9c-seg.pt,MOTS20-09,244,12,1,90,10,2,2,0.8333333333333334,0.8333333333333334,0.8333333333333334,0.7875472541583445,0.8770530939892517,2,14
yolov9c-seg.pt,MOTS20-09,245,12,1,86,10,2,2,0.8333333333333334,0.8333333333333334,0.8333333333333334,0.8050628352492961,0.8887490513324003,2,14
yolov9c-seg.pt,MOTS20-09,246,13,1,102,9,2,4,0.8181818181818182,0.6923076923076923,0.75,0.8285229639865627,0.9055901298966827,2,13
yolov9c-seg.pt,MOTS20-09,247,13,1,104,9,3,4,0.75,0.6923076923076923,0.72,0.8195115834886,0.8997167067705387,2,14
yolov9c-seg.pt,MOTS20-09,248,13,1,100,9,2,4,0.8181818181818182,0.6923076923076923,0.75,0.8094819519140511,0.8935181264248278,2,13
yolov9c-seg.pt,MOTS20-09,249,13,1,92,9,2,4,0.8181818181818182,0.6923076923076923,0.75,0.8122647960890022,0.89512529948161,2,13
yolov9c-seg.pt,MOTS20-09,250,13,1,83,9,2,4,0.8181818181818182,0.6923076923076923,0.75,0.8060069063549382,0.8913123457325989,2,13
yolov9c-seg.pt,MOTS20-09,251,13,1,91,10,2,3,0.8333333333333334,0.7692307692307693,0.8,0.7938529770078192,0.8809036129016299,2,14
yolov9c-seg.pt,MOTS20-09,252,13,1,92,10,1,3,0.9090909090909091,0.7692307692307693,0.8333333333333334,0.7982149737579758,0.8855956146826237,2,13
yolov9c-seg.pt,MOTS20-09,253,13,1,87,10,1,3,0.9090909090909091,0.7692307692307693,0.8333333333333334,0.8106731293551592,0.8943598614572819,2,13
yolov9c-seg.pt,MOTS20-09,254,13,1,100,10,1,3,0.9090909090909091,0.7692307692307693,0.8333333333333334,0.796776664226248,0.8849704344833682,2,13
yolov9c-seg.pt,MOTS20-09,255,12,1,93,10,1,2,0.9090909090909091,0.8333333333333334,0.8695652173913043,0.8015703258932693,0.8886685357983648,2,13
yolov9c-seg.pt,MOTS20-09,256,12,1,81,10,1,2,0.9090909090909091,0.8333333333333334,0.8695652173913043,0.7642857156995025,0.8626886860877923,3,14
yolov9c-seg.pt,MOTS20-09,257,13,1,83,10,1,3,0.9090909090909091,0.7692307692307693,0.8333333333333334,0.7528449906614652,0.8537529613280463,3,14
yolov9c-seg.pt,MOTS20-09,258,13,1,82,9,1,4,0.9,0.6923076923076923,0.782608695652174,0.8086612086536107,0.8922603654907189,2,12
yolov9c-seg.pt,MOTS20-09,259,13,1,82,8,2,5,0.8,0.6153846153846154,0.6956521739130435,0.7971774536262747,0.8825372923772512,2,12
yolov9c-seg.pt,MOTS20-09,260,13,1,88,7,3,6,0.7,0.5384615384615384,0.6086956521739131,0.8396231405025372,0.9120349352406828,2,12
yolov9c-seg.pt,MOTS20-09,261,13,1,89,8,1,5,0.8888888888888888,0.6153846153846154,0.7272727272727273,0.8051940034981487,0.8869325777974458,2,11
yolov9c-seg.pt,MOTS20-09,262,13,1,89,9,1,4,0.9,0.6923076923076923,0.782608695652174,0.7912682947069174,0.8800985105703149,1,11
yolov9c-seg.pt,MOTS20-09,263,13,1,74,8,1,5,0.8888888888888888,0.6153846153846154,0.7272727272727273,0.8012186059020702,0.8844928996279671,1,10
yolov9c-seg.pt,MOTS20-09,264,13,1,74,7,1,6,0.875,0.5384615384615384,0.6666666666666666,0.8381809698655841,0.9115929415058001,1,9
yolov9c-seg.pt,MOTS20-09,265,12,1,82,8,0,4,1.0,0.6666666666666666,0.8,0.8036831207753963,0.8868484638073669,1,9
yolov9c-seg.pt,MOTS20-09,266,12,1,89,8,0,4,1.0,0.6666666666666666,0.8,0.8087165583247882,0.8909730254345972,2,10
yolov9c-seg.pt,MOTS20-09,267,12,1,84,8,0,4,1.0,0.6666666666666666,0.8,0.8109411857477059,0.892148231140366,2,10
yolov9c-seg.pt,MOTS20-09,268,12,1,79,8,0,4,1.0,0.6666666666666666,0.8,0.8116468300396812,0.8929054833273942,2,10
yolov9c-seg.pt,MOTS20-09,269,12,1,89,8,0,4,1.0,0.6666666666666666,0.8,0.8105403623457641,0.8913916424972026,3,11
yolov9c-seg.pt,MOTS20-09,270,12,1,87,8,0,4,1.0,0.6666666666666666,0.8,0.8071815063019057,0.8890211183053522,3,11
yolov9c-seg.pt,MOTS20-09,271,11,1,70,8,1,3,0.8888888888888888,0.7272727272727273,0.8,0.8139515160655608,0.8957055454817012,2,11
yolov9c-seg.pt,MOTS20-09,272,10,1,94,8,1,2,0.8888888888888888,0.8,0.8421052631578947,0.7948235232041597,0.8841554258559816,3,12
yolov9c-seg.pt,MOTS20-09,273,10,1,86,8,1,2,0.8888888888888888,0.8,0.8421052631578947,0.7854119807714997,0.8768563937194294,3,12
yolov9c-seg.pt,MOTS20-09,274,10,1,78,8,2,2,0.8,0.8,0.8,0.7755856917775805,0.8687830417252156,3,13
yolov9c-seg.pt,MOTS20-09,275,10,1,78,8,3,2,0.7272727272727273,0.8,0.7619047619047619,0.7786610298606894,0.870262618299809,3,14
yolov9c-seg.pt,MOTS20-09,276,10,1,71,8,1,2,0.8888888888888888,0.8,0.8421052631578947,0.7791689327206873,0.8700286019478526,3,12
yolov9c-seg.pt,MOTS20-09,277,10,1,75,9,0,1,1.0,0.9,0.9473684210526315,0.7455847045453022,0.8481287907735555,2,11
yolov9c-seg.pt,MOTS20-09,278,11,1,80,9,0,2,1.0,0.8181818181818182,0.9,0.7625644596198874,0.8612854223852195,3,12
yolov9c-seg.pt,MOTS20-09,279,10,1,63,9,0,1,1.0,0.9,0.9473684210526315,0.778785522011757,0.8721072452557511,3,12
yolov9c-seg.pt,MOTS20-09,280,10,1,64,9,0,1,1.0,0.9,0.9473684210526315,0.7826984614658838,0.8746670321245128,3,12
yolov9c-seg.pt,MOTS20-09,281,10,1,74,9,0,1,1.0,0.9,0.9473684210526315,0.7800691087992698,0.8724863343632433,2,11
yolov9c-seg.pt,MOTS20-09,282,10,1,89,9,0,1,1.0,0.9,0.9473684210526315,0.7848755765083744,0.8764049394211655,2,11
yolov9c-seg.pt,MOTS20-09,283,10,1,80,9,0,1,1.0,0.9,0.9473684210526315,0.7966255020653279,0.8850815620344752,2,11
yolov9c-seg.pt,MOTS20-09,284,10,1,75,9,0,1,1.0,0.9,0.9473684210526315,0.7939723178075523,0.8825043393840034,2,11
yolov9c-seg.pt,MOTS20-09,285,10,1,80,9,1,1,0.9,0.9,0.9,0.7733870826506115,0.8697435203400481,2,12
yolov9c-seg.pt,MOTS20-09,286,10,1,79,9,0,1,1.0,0.9,0.9473684210526315,0.7803239007144311,0.8741444121807798,2,11
yolov9c-seg.pt,MOTS20-09,287,10,1,73,9,0,1,1.0,0.9,0.9473684210526315,0.7766276168969805,0.8714411408675932,2,11
yolov9c-seg.pt,MOTS20-09,288,10,1,85,9,0,1,1.0,0.9,0.9473684210526315,0.7880824267867748,0.8789773768621587,2,11
yolov9c-seg.pt,MOTS20-09,289,10,1,79,9,0,1,1.0,0.9,0.9473684210526315,0.7962318684498986,0.8842120638631763,2,11
yolov9c-seg.pt,MOTS20-09,290,9,1,83,9,0,0,1.0,1.0,1.0,0.8032889871981171,0.88907305793781,2,11
yolov9c-seg.pt,MOTS20-09,291,9,1,84,9,0,0,1.0,1.0,1.0,0.8041378896481208,0.8896817616047625,3,12
yolov9c-seg.pt,MOTS20-09,292,9,1,97,9,0,0,1.0,1.0,1.0,0.7924549486535756,0.8812740378808103,3,12
yolov9c-seg.pt,MOTS20-09,293,9,1,106,9,0,0,1.0,1.0,1.0,0.79306170440714,0.8823064953609309,2,11
yolov9c-seg.pt,MOTS20-09,294,9,1,104,9,0,0,1.0,1.0,1.0,0.7760577255785441,0.8702229858477742,2,11
yolov9c-seg.pt,MOTS20-09,295,9,1,104,9,0,0,1.0,1.0,1.0,0.7732638459893659,0.8677800106863752,2,11
yolov9c-seg.pt,MOTS20-09,296,9,1,105,9,0,0,1.0,1.0,1.0,0.7714640199944448,0.8656229228510891,2,11
yolov9c-seg.pt,MOTS20-09,297,10,1,102,8,0,2,1.0,0.8,0.8888888888888888,0.7819404996293531,0.873855511296335,2,10
yolov9c-seg.pt,MOTS20-09,298,10,1,106,8,0,2,1.0,0.8,0.8888888888888888,0.7731940102382722,0.8677036479568847,2,10
yolov9c-seg.pt,MOTS20-09,299,10,1,113,8,0,2,1.0,0.8,0.8888888888888888,0.7783095311849573,0.8728982698269327,2,10
yolov9c-seg.pt,MOTS20-09,300,12,1,115,9,0,3,1.0,0.75,0.8571428571428571,0.7482189710040972,0.8501805821039101,2,11
yolov9c-seg.pt,MOTS20-09,301,12,1,127,9,0,3,1.0,0.75,0.8571428571428571,0.7622439330159265,0.8606359833956188,2,11
yolov9c-seg.pt,MOTS20-09,302,12,1,107,9,0,3,1.0,0.75,0.8571428571428571,0.7837215460109578,0.8767109614118243,2,11
yolov9c-seg.pt,MOTS20-09,303,12,1,103,9,0,3,1.0,0.75,0.8571428571428571,0.7667628096127823,0.8647306582742768,2,11
yolov9c-seg.pt,MOTS20-09,304,12,1,109,9,0,3,1.0,0.75,0.8571428571428571,0.7539603998160938,0.8557955721010942,2,11
yolov9c-seg.pt,MOTS20-09,305,12,1,101,9,0,3,1.0,0.75,0.8571428571428571,0.7706720424568236,0.8672494059292648,2,11
yolov9c-seg.pt,MOTS20-09,306,12,1,107,9,0,3,1.0,0.75,0.8571428571428571,0.7558045653675366,0.8576333113535289,2,11
yolov9c-seg.pt,MOTS20-09,307,12,1,88,8,0,4,1.0,0.6666666666666666,0.8,0.7569010470201034,0.8575286365999215,2,10
yolov9c-seg.pt,MOTS20-09,308,11,1,90,9,0,2,1.0,0.8181818181818182,0.9,0.7731310023051784,0.8689604511133437,2,11
yolov9c-seg.pt,MOTS20-09,309,12,1,86,9,0,3,1.0,0.75,0.8571428571428571,0.7817054010224793,0.8745170534416301,2,11
yolov9c-seg.pt,MOTS20-09,310,12,1,92,9,1,3,0.9,0.75,0.8181818181818182,0.7813611331394964,0.8737341885551582,1,11
yolov9c-seg.pt,MOTS20-09,311,11,1,91,8,1,3,0.8888888888888888,0.7272727272727273,0.8,0.8205332430112429,0.8997605065120655,1,10
yolov9c-seg.pt,MOTS20-09,312,10,1,82,9,0,1,1.0,0.9,0.9473684210526315,0.7829106984805962,0.8730951773805325,1,10
yolov9c-seg.pt,MOTS20-09,313,10,1,86,9,0,1,1.0,0.9,0.9473684210526315,0.7868913102571272,0.8762057429349976,1,10
yolov9c-seg.pt,MOTS20-09,314,12,1,89,9,0,3,1.0,0.75,0.8571428571428571,0.7797468369026466,0.8726219337777551,1,10
yolov9c-seg.pt,MOTS20-09,315,11,1,100,8,0,3,1.0,0.7272727272727273,0.8421052631578947,0.8017091879624433,0.887450198510079,1,9
yolov9c-seg.pt,MOTS20-09,316,10,1,98,10,0,0,1.0,1.0,1.0,0.7805462823942112,0.8731935742449715,1,11
yolov9c-seg.pt,MOTS20-09,317,10,1,96,10,0,0,1.0,1.0,1.0,0.7768285458857729,0.8701939422345933,2,12
yolov9c-seg.pt,MOTS20-09,318,10,1,91,9,2,1,0.8181818181818182,0.9,0.8571428571428571,0.805737851777335,0.8899552268650626,1,12
yolov9c-seg.pt,MOTS20-09,319,10,1,88,8,0,2,1.0,0.8,0.8888888888888888,0.8029233195179815,0.8879806267542462,3,11
yolov9c-seg.pt,MOTS20-09,320,10,1,89,8,1,2,0.8888888888888888,0.8,0.8421052631578947,0.8060466953813935,0.8895197848206386,4,13
yolov9c-seg.pt,MOTS20-09,321,11,1,77,9,1,2,0.9,0.8181818181818182,0.8571428571428571,0.7801407544833165,0.8716477316329017,2,12
yolov9c-seg.pt,MOTS20-09,322,10,1,83,8,1,2,0.8888888888888888,0.8,0.8421052631578947,0.8042125238953017,0.8889864492313008,2,11
yolov9c-seg.pt,MOTS20-09,323,10,1,74,8,1,2,0.8888888888888888,0.8,0.8421052631578947,0.8082700822689055,0.8912707715612467,2,11
yolov9c-seg.pt,MOTS20-09,324,10,1,78,9,0,1,1.0,0.9,0.9473684210526315,0.7800002086124505,0.8711060745940753,2,11
yolov9c-seg.pt,MOTS20-09,325,10,1,72,9,1,1,0.9,0.9,0.9,0.7836064446062209,0.8742257665702261,1,11
yolov9c-seg.pt,MOTS20-09,326,10,1,79,8,1,2,0.8888888888888888,0.8,0.8421052631578947,0.8097933826645334,0.8923788209245589,1,10
yolov9c-seg.pt,MOTS20-09,327,9,1,83,8,1,1,0.8888888888888888,0.8888888888888888,0.8888888888888888,0.8131102391823877,0.8949032946095739,2,11
yolov9c-seg.pt,MOTS20-09,328,9,1,85,8,0,1,1.0,0.8888888888888888,0.9411764705882353,0.8028215744177578,0.8884156025051354,3,11
yolov9c-seg.pt,MOTS20-09,329,9,1,109,8,0,1,1.0,0.8888888888888888,0.9411764705882353,0.8026485883268559,0.8877027477866037,2,10
yolov9c-seg.pt,MOTS20-09,330,10,1,115,8,0,2,1.0,0.8,0.8888888888888888,0.8000606921538768,0.8865772734304043,2,10
yolov9c-seg.pt,MOTS20-09,331,10,1,104,8,0,2,1.0,0.8,0.8888888888888888,0.7838995848354406,0.8754727400043321,2,10
yolov9c-seg.pt,MOTS20-09,332,10,1,101,8,0,2,1.0,0.8,0.8888888888888888,0.7660217041734843,0.8625424292322537,2,10
yolov9c-seg.pt,MOTS20-09,333,9,1,100,7,1,2,0.875,0.7777777777777778,0.8235294117647058,0.8227610488437426,0.902117064873905,1,9
yolov9c-seg.pt,MOTS20-09,334,9,1,85,8,1,1,0.8888888888888888,0.8888888888888888,0.8888888888888888,0.8076571874003766,0.8913641636651259,1,10
yolov9c-seg.pt,MOTS20-09,335,9,1,84,8,0,1,1.0,0.8888888888888888,0.9411764705882353,0.7969739391276638,0.8854017815942041,1,9
yolov9c-seg.pt,MOTS20-09,336,9,1,69,8,0,1,1.0,0.8888888888888888,0.9411764705882353,0.7893235536813676,0.8803582039442979,2,10
yolov9c-seg.pt,MOTS20-09,337,9,1,66,8,0,1,1.0,0.8888888888888888,0.9411764705882353,0.8099168198252646,0.8941322491923697,2,10
yolov9c-seg.pt,MOTS20-09,338,8,1,80,8,0,0,1.0,1.0,1.0,0.8105640762883025,0.8946992111314189,1,9
yolov9c-seg.pt,MOTS20-09,339,8,1,108,8,0,0,1.0,1.0,1.0,0.8118790243301781,0.8954530111272299,1,9
yolov9c-seg.pt,MOTS20-09,340,8,1,94,8,0,0,1.0,1.0,1.0,0.8118929641161245,0.8953264993236321,1,9
yolov9c-seg.pt,MOTS20-09,341,9,1,80,9,0,0,1.0,1.0,1.0,0.7986993140007784,0.8856813920076534,2,11
yolov9c-seg.pt,MOTS20-09,342,9,1,79,9,1,0,0.9,1.0,0.9473684210526315,0.7982567483373603,0.8848321553798505,1,11
yolov9c-seg.pt,MOTS20-09,343,9,1,86,8,1,1,0.8888888888888888,0.8888888888888888,0.8888888888888888,0.8144187158512679,0.8958957078608465,1,10
yolov9c-seg.pt,MOTS20-09,344,9,1,91,8,1,1,0.8888888888888888,0.8888888888888888,0.8888888888888888,0.8066870753229344,0.8908538398261109,1,10
yolov9c-seg.pt,MOTS20-09,345,10,1,81,7,4,3,0.6363636363636364,0.7,0.6666666666666666,0.7725765188559893,0.8651004167451689,1,12
yolov9c-seg.pt,MOTS20-09,346,9,1,89,7,2,2,0.7777777777777778,0.7777777777777778,0.7777777777777778,0.776699350022833,0.8693464887450751,1,10
yolov9c-seg.pt,MOTS20-09,347,9,1,76,7,3,2,0.7,0.7777777777777778,0.7368421052631579,0.7834424374995954,0.8733637567577889,1,11
yolov9c-seg.pt,MOTS20-09,348,9,1,89,7,1,2,0.875,0.7777777777777778,0.8235294117647058,0.8111385791293643,0.8946456399567876,1,9
yolov9c-seg.pt,MOTS20-09,349,9,1,81,7,1,2,0.875,0.7777777777777778,0.8235294117647058,0.8128917610783649,0.8957899670612413,1,9
yolov9c-seg.pt,MOTS20-09,350,9,1,86,8,1,1,0.8888888888888888,0.8888888888888888,0.8888888888888888,0.7911241585877974,0.8810391283946843,1,10
yolov9c-seg.pt,MOTS20-09,351,9,1,80,8,1,1,0.8888888888888888,0.8888888888888888,0.8888888888888888,0.7973660412204908,0.8849594431593399,2,11
yolov9c-seg.pt,MOTS20-09,352,9,1,87,8,0,1,1.0,0.8888888888888888,0.9411764705882353,0.8005827838422859,0.8875423980718928,2,10
yolov9c-seg.pt,MOTS20-09,353,9,1,85,8,1,1,0.8888888888888888,0.8888888888888888,0.8888888888888888,0.7683800484059542,0.8664481453058597,2,11
yolov9c-seg.pt,MOTS20-09,354,9,1,77,8,1,1,0.8888888888888888,0.8888888888888888,0.8888888888888888,0.7607819997451672,0.86160532271562,2,11
yolov9c-seg.pt,MOTS20-09,355,9,1,87,8,0,1,1.0,0.8888888888888888,0.9411764705882353,0.7677170376663371,0.8664544890078181,1,9
yolov9c-seg.pt,MOTS20-09,356,9,1,86,9,0,0,1.0,1.0,1.0,0.7452958787048515,0.8492237098281743,1,10
yolov9c-seg.pt,MOTS20-09,357,9,1,101,9,0,0,1.0,1.0,1.0,0.7552702061835814,0.8575936838926252,1,10
yolov9c-seg.pt,MOTS20-09,358,9,1,96,9,0,0,1.0,1.0,1.0,0.7262531763299935,0.8366959954688872,1,10
yolov9c-seg.pt,MOTS20-09,359,9,1,105,9,0,0,1.0,1.0,1.0,0.722685436384205,0.8324486989419717,1,10
yolov9c-seg.pt,MOTS20-09,360,9,1,100,7,2,2,0.7777777777777778,0.7777777777777778,0.7777777777777778,0.7857751263266886,0.8762298471227569,2,11
yolov9c-seg.pt,MOTS20-09,361,10,1,93,8,2,2,0.8,0.8,0.8,0.7663364393484018,0.8630410759195233,1,11
yolov9c-seg.pt,MOTS20-09,362,9,1,99,7,2,2,0.7777777777777778,0.7777777777777778,0.7777777777777778,0.7784648798817104,0.87297910318856,2,11
yolov9c-seg.pt,MOTS20-09,363,10,1,93,8,2,2,0.8,0.8,0.8,0.7937753107409754,0.8829308808255967,1,11
yolov9c-seg.pt,MOTS20-09,364,10,1,85,9,2,1,0.8181818181818182,0.9,0.8571428571428571,0.7742512433724955,0.8692251641489963,1,12
yolov9c-seg.pt,MOTS20-09,365,10,1,78,9,1,1,0.9,0.9,0.9,0.7792951512725603,0.8723758411273542,1,11
yolov9c-seg.pt,MOTS20-09,366,10,1,77,9,2,1,0.8181818181818182,0.9,0.8571428571428571,0.745190687811546,0.8483645280932234,1,12
yolov9c-seg.pt,MOTS20-09,367,10,1,79,9,0,1,1.0,0.9,0.9473684210526315,0.7661767225528254,0.8614423509703085,0,9
yolov9c-seg.pt,MOTS20-09,368,10,1,77,9,0,1,1.0,0.9,0.9473684210526315,0.7800344046874828,0.8724651738791754,1,10
yolov9c-seg.pt,MOTS20-09,369,10,1,72,9,0,1,1.0,0.9,0.9473684210526315,0.7935289531166605,0.8824688163627888,2,11
yolov9c-seg.pt,MOTS20-09,370,10,1,83,9,2,1,0.8181818181818182,0.9,0.8571428571428571,0.7695803394070954,0.8685013214751474,1,12
yolov9c-seg.pt,MOTS20-09,371,11,1,60,9,0,2,1.0,0.8181818181818182,0.9,0.7719645941086325,0.868910517888477,0,9
yolov9c-seg.pt,MOTS20-09,372,10,1,81,10,0,0,1.0,1.0,1.0,0.7474299068530871,0.849898558060579,0,10
yolov9c-seg.pt,MOTS20-09,373,10,1,67,10,1,0,0.9090909090909091,1.0,0.9523809523809523,0.7771658009937333,0.8721019003744784,0,11
yolov9c-seg.pt,MOTS20-09,374,10,1,75,10,0,0,1.0,1.0,1.0,0.7714926020003982,0.8683164404318934,0,10
yolov9c-seg.pt,MOTS20-09,375,10,1,71,10,0,0,1.0,1.0,1.0,0.7830793459228842,0.8757221137951909,2,12
yolov9c-seg.pt,MOTS20-09,376,10,1,74,10,1,0,0.9090909090909091,1.0,0.9523809523809523,0.7623580236869104,0.8612927206455284,3,14
yolov9c-seg.pt,MOTS20-09,377,10,1,86,10,1,0,0.9090909090909091,1.0,0.9523809523809523,0.7645228749376898,0.8635428950849804,2,13
yolov9c-seg.pt,MOTS20-09,378,10,1,82,10,0,0,1.0,1.0,1.0,0.7876785883075262,0.8786450911919464,2,12
yolov9c-seg.pt,MOTS20-09,379,10,1,81,10,0,0,1.0,1.0,1.0,0.7817225418471374,0.8749228724198312,2,12
yolov9c-seg.pt,MOTS20-09,380,10,1,80,10,0,0,1.0,1.0,1.0,0.7750633918683253,0.8702803802659673,1,11
yolov9c-seg.pt,MOTS20-09,381,10,1,93,10,0,0,1.0,1.0,1.0,0.7545778463905336,0.8559618044136077,1,11
yolov9c-seg.pt,MOTS20-09,382,10,1,76,9,0,1,1.0,0.9,0.9473684210526315,0.7479353841915395,0.851215104857934,3,12
yolov9c-seg.pt,MOTS20-09,383,10,1,84,9,2,1,0.8181818181818182,0.9,0.8571428571428571,0.7567047229965541,0.8561539756623886,2,13
yolov9c-seg.pt,MOTS20-09,384,10,1,96,9,0,1,1.0,0.9,0.9473684210526315,0.7456237165145061,0.8489798426849244,1,10
yolov9c-seg.pt,MOTS20-09,385,10,1,95,9,1,1,0.9,0.9,0.9,0.757462166165887,0.8571405356521722,2,12
yolov9c-seg.pt,MOTS20-09,386,10,1,108,7,2,3,0.7777777777777778,0.7,0.7368421052631579,0.7965544053350443,0.8847871898213767,2,11
yolov9c-seg.pt,MOTS20-09,387,10,1,101,9,1,1,0.9,0.9,0.9,0.7461734158345439,0.847881365705878,2,12
yolov9c-seg.pt,MOTS20-09,388,10,1,90,9,1,1,0.9,0.9,0.9,0.7562232006647386,0.8549708261856597,1,11
yolov9c-seg.pt,MOTS20-09,389,10,1,98,10,1,0,0.9090909090909091,1.0,0.9523809523809523,0.7313793435320528,0.838255050875192,3,14
yolov9c-seg.pt,MOTS20-09,390,10,1,94,9,2,1,0.8181818181818182,0.9,0.8571428571428571,0.7267187314961463,0.8362002844951077,2,13
yolov9c-seg.pt,MOTS20-09,391,10,1,82,8,3,2,0.7272727272727273,0.8,0.7619047619047619,0.7407420536718357,0.8441227388101251,2,13
yolov9c-seg.pt,MOTS20-09,392,10,1,89,8,1,2,0.8888888888888888,0.8,0.8421052631578947,0.7471259013919314,0.8481209868268322,2,11
yolov9c-seg.pt,MOTS20-09,393,9,1,77,7,1,2,0.875,0.7777777777777778,0.8235294117647058,0.782934766792394,0.871830711694167,3,11
yolov9c-seg.pt,MOTS20-09,394,10,1,75,7,1,3,0.875,0.7,0.7777777777777778,0.7738348481163297,0.8673413399471194,2,10
yolov9c-seg.pt,MOTS20-09,395,10,1,69,7,2,3,0.7777777777777778,0.7,0.7368421052631579,0.774111404917278,0.8668454116267502,3,12
yolov9c-seg.pt,MOTS20-09,396,10,1,72,6,2,4,0.75,0.6,0.6666666666666666,0.8106368274567192,0.8942165045034632,4,12
yolov9c-seg.pt,MOTS20-09,397,9,1,67,7,0,2,1.0,0.7777777777777778,0.875,0.7728266032819177,0.8691264788566676,3,10
yolov9c-seg.pt,MOTS20-09,398,9,1,71,7,0,2,1.0,0.7777777777777778,0.875,0.7765023033826374,0.8722617078332411,3,10
yolov9c-seg.pt,MOTS20-09,399,8,1,75,7,1,1,0.875,0.875,0.875,0.7886092186319099,0.8794979117627998,3,11
yolov9c-seg.pt,MOTS20-09,400,8,1,83,7,1,1,0.875,0.875,0.875,0.7831994806466422,0.8763026057775535,3,11
yolov9c-seg.pt,MOTS20-09,401,8,1,76,7,1,1,0.875,0.875,0.875,0.7834550797627681,0.8763461009112262,3,11
yolov9c-seg.pt,MOTS20-09,402,9,1,70,7,0,2,1.0,0.7777777777777778,0.875,0.7710079798486047,0.8681783893708073,3,10
yolov9c-seg.pt,MOTS20-09,403,9,1,73,7,1,2,0.875,0.7777777777777778,0.8235294117647058,0.7818251806786342,0.8761561767519532,3,11
yolov9c-seg.pt,MOTS20-09,404,9,1,68,7,1,2,0.875,0.7777777777777778,0.8235294117647058,0.7892625774313284,0.880415073661358,3,11
yolov9c-seg.pt,MOTS20-09,405,9,1,65,7,1,2,0.875,0.7777777777777778,0.8235294117647058,0.7857268424061704,0.8777614226831977,1,9
yolov9c-seg.pt,MOTS20-09,406,8,1,58,7,1,1,0.875,0.875,0.875,0.7729835417997482,0.8688221940298705,2,10
yolov9c-seg.pt,MOTS20-09,407,8,1,68,7,1,1,0.875,0.875,0.875,0.7783530393782135,0.8728984751840855,1,9
yolov9c-seg.pt,MOTS20-09,408,8,1,71,7,1,1,0.875,0.875,0.875,0.7827634485963989,0.8761753123896746,3,11
yolov9c-seg.pt,MOTS20-09,409,9,1,71,7,1,2,0.875,0.7777777777777778,0.8235294117647058,0.7744195335928826,0.8710547811159739,3,11
yolov9c-seg.pt,MOTS20-09,410,9,1,78,7,1,2,0.875,0.7777777777777778,0.8235294117647058,0.7516034119303804,0.853596678755545,2,10
yolov9c-seg.pt,MOTS20-09,411,9,1,88,7,2,2,0.7777777777777778,0.7777777777777778,0.7777777777777778,0.7596662189870881,0.860485580824428,2,11
yolov9c-seg.pt,MOTS20-09,412,9,1,83,8,1,1,0.8888888888888888,0.8888888888888888,0.8888888888888888,0.7154514482531529,0.8275480736929539,3,12
yolov9c-seg.pt,MOTS20-09,413,9,1,86,7,1,2,0.875,0.7777777777777778,0.8235294117647058,0.7722172258347418,0.8692596301691587,3,11
yolov9c-seg.pt,MOTS20-09,414,9,1,83,6,1,3,0.8571428571428571,0.6666666666666666,0.75,0.7893897478258457,0.8811624688336481,2,9
yolov9c-seg.pt,MOTS20-09,415,9,1,76,7,0,2,1.0,0.7777777777777778,0.875,0.7474611466438363,0.849800436812257,2,9
yolov9c-seg.pt,MOTS20-09,416,9,1,73,7,0,2,1.0,0.7777777777777778,0.875,0.7350718045979355,0.8419623995560442,2,9
yolov9c-seg.pt,MOTS20-09,417,9,1,92,6,1,3,0.8571428571428571,0.6666666666666666,0.75,0.7568759745146805,0.859058860831567,2,9
yolov9c-seg.pt,MOTS20-09,418,9,1,98,8,0,1,1.0,0.8888888888888888,0.9411764705882353,0.7015075219898019,0.818861012796041,2,10
yolov9c-seg.pt,MOTS20-09,419,9,1,89,8,0,1,1.0,0.8888888888888888,0.9411764705882353,0.7226640136689093,0.8350213013550326,2,10
yolov9c-seg.pt,MOTS20-09,420,9,1,78,8,0,1,1.0,0.8888888888888888,0.9411764705882353,0.7470307887046783,0.8522847547888404,2,10
yolov9c-seg.pt,MOTS20-09,421,9,1,85,8,0,1,1.0,0.8888888888888888,0.9411764705882353,0.7459952824630887,0.8509041975942615,2,10
yolov9c-seg.pt,MOTS20-09,422,9,1,83,8,1,1,0.8888888888888888,0.8888888888888888,0.8888888888888888,0.7552612801651921,0.8561626244910641,2,11
yolov9c-seg.pt,MOTS20-09,423,9,1,80,7,1,2,0.875,0.7777777777777778,0.8235294117647058,0.7753911774856558,0.8708572383761559,2,10
yolov9c-seg.pt,MOTS20-09,424,9,1,73,8,0,1,1.0,0.8888888888888888,0.9411764705882353,0.7590221515592259,0.8584127328528143,1,9
yolov9c-seg.pt,MOTS20-09,425,10,1,85,8,0,2,1.0,0.8,0.8888888888888888,0.7656572008161784,0.863461332810738,1,9
yolov9c-seg.pt,MOTS20-09,426,10,1,87,8,0,2,1.0,0.8,0.8888888888888888,0.7611746202337657,0.8616470915187779,2,10
yolov9c-seg.pt,MOTS20-09,427,10,1,82,9,0,1,1.0,0.9,0.9473684210526315,0.7553326443701628,0.8569036425076001,2,11
yolov9c-seg.pt,MOTS20-09,428,10,1,92,9,0,1,1.0,0.9,0.9473684210526315,0.7524026443952179,0.8558421631592686,3,12
yolov9c-seg.pt,MOTS20-09,429,9,1,85,9,0,0,1.0,1.0,1.0,0.760798411817275,0.8608712743156132,3,12
yolov9c-seg.pt,MOTS20-09,430,9,1,92,9,0,0,1.0,1.0,1.0,0.7687291312723933,0.8665292456688362,3,12
yolov9c-seg.pt,MOTS20-09,431,9,1,88,9,1,0,0.9,1.0,0.9473684210526315,0.7616283113131664,0.8618765150477979,3,13
yolov9c-seg.pt,MOTS20-09,432,9,1,75,9,0,0,1.0,1.0,1.0,0.7689094082077225,0.8660266179889132,4,13
yolov9c-seg.pt,MOTS20-09,433,9,1,83,9,1,0,0.9,1.0,0.9473684210526315,0.7759360395515491,0.8710019508460591,3,13
yolov9c-seg.pt,MOTS20-09,434,9,1,79,9,0,0,1.0,1.0,1.0,0.787148645989798,0.87846886810672,3,12
yolov9c-seg.pt,MOTS20-09,435,9,1,81,9,0,0,1.0,1.0,1.0,0.7642359123940753,0.8639094009549826,3,12
yolov9c-seg.pt,MOTS20-09,436,9,1,91,9,0,0,1.0,1.0,1.0,0.7548241983362646,0.8577357388743734,1,10
yolov9c-seg.pt,MOTS20-09,437,9,1,84,9,1,0,0.9,1.0,0.9473684210526315,0.760258904224331,0.8616561577188456,1,11
yolov9c-seg.pt,MOTS20-09,438,10,1,93,10,1,0,0.9090909090909091,1.0,0.9523809523809523,0.7421897526587432,0.8491560905519535,1,12
yolov9c-seg.pt,MOTS20-09,439,10,1,88,9,0,1,1.0,0.9,0.9473684210526315,0.7639464675151433,0.8628275242237563,2,11
yolov9c-seg.pt,MOTS20-09,440,9,1,77,9,0,0,1.0,1.0,1.0,0.7752372498254325,0.8704792660927777,3,12
yolov9c-seg.pt,MOTS20-09,441,9,1,86,9,0,0,1.0,1.0,1.0,0.7762440908005074,0.870546547833389,3,12
yolov9c-seg.pt,MOTS20-09,442,10,1,88,10,1,0,0.9090909090909091,1.0,0.9523809523809523,0.7509280059646141,0.8533854668671846,1,12
yolov9c-seg.pt,MOTS20-09,443,10,1,79,10,2,0,0.8333333333333334,1.0,0.9090909090909091,0.7299845203727516,0.8382787447480918,1,13
yolov9c-seg.pt,MOTS20-09,444,9,1,79,9,1,0,0.9,1.0,0.9473684210526315,0.7642982360493071,0.8624718136309171,2,12
yolov9c-seg.pt,MOTS20-09,445,9,1,71,8,1,1,0.8888888888888888,0.8888888888888888,0.8888888888888888,0.7810166276580244,0.874092345553887,1,10
yolov9c-seg.pt,MOTS20-09,446,9,1,74,8,0,1,1.0,0.8888888888888888,0.9411764705882353,0.7898651617243897,0.8800397709761562,1,9
yolov9c-seg.pt,MOTS20-09,447,10,1,93,8,0,2,1.0,0.8,0.8888888888888888,0.7847866212679138,0.8767331041599089,1,9
yolov9c-seg.pt,MOTS20-09,448,9,1,85,9,1,0,0.9,1.0,0.9473684210526315,0.7698587614531962,0.8678539316934553,1,11
yolov9c-seg.pt,MOTS20-09,449,9,1,89,9,1,0,0.9,1.0,0.9473684210526315,0.7815783592384702,0.8757702005615282,1,11
yolov9c-seg.pt,MOTS20-09,450,9,1,82,8,1,1,0.8888888888888888,0.8888888888888888,0.8888888888888888,0.7713939889670485,0.8688462259424492,1,10
yolov9c-seg.pt,MOTS20-09,451,9,1,76,7,0,2,1.0,0.7777777777777778,0.875,0.7859953790102537,0.878313357224977,1,8
yolov9c-seg.pt,MOTS20-09,452,8,1,82,7,0,1,1.0,0.875,0.9333333333333333,0.7727544853797061,0.8695990386641202,1,8
yolov9c-seg.pt,MOTS20-09,453,10,1,85,7,0,3,1.0,0.7,0.8235294117647058,0.7781964679156997,0.8729051936733322,1,8
yolov9c-seg.pt,MOTS20-09,454,10,1,84,7,1,3,0.875,0.7,0.7777777777777778,0.7784128437348866,0.8730853238179703,1,9
yolov9c-seg.pt,MOTS20-09,455,10,1,79,7,0,3,1.0,0.7,0.8235294117647058,0.777826451081513,0.8723970551073112,1,8
yolov9c-seg.pt,MOTS20-09,456,10,1,74,6,0,4,1.0,0.6,0.75,0.7842241382327922,0.8766550775650513,1,7
yolov9c-seg.pt,MOTS20-09,457,8,1,58,6,0,2,1.0,0.75,0.8571428571428571,0.7972645727355673,0.8863714968087145,1,7
yolov9c-seg.pt,MOTS20-09,458,8,1,59,6,0,2,1.0,0.75,0.8571428571428571,0.8098212384415224,0.8932272907368013,1,7
yolov9c-seg.pt,MOTS20-09,459,7,1,61,7,1,0,0.875,1.0,0.9333333333333333,0.8141528396044945,0.8962552146673417,3,11
yolov9c-seg.pt,MOTS20-09,460,8,1,57,8,0,0,1.0,1.0,1.0,0.7829488659081263,0.8747687139088103,0,8
yolov9c-seg.pt,MOTS20-09,461,9,1,70,8,1,1,0.8888888888888888,0.8888888888888888,0.8888888888888888,0.7849809443973061,0.8778003327445392,0,9
yolov9c-seg.pt,MOTS20-09,462,10,1,42,8,1,2,0.8888888888888888,0.8,0.8421052631578947,0.7867580326581418,0.8797542834111721,0,9
yolov9c-seg.pt,MOTS20-09,463,10,1,43,8,1,2,0.8888888888888888,0.8,0.8421052631578947,0.8029142395404691,0.8896404196346943,0,9
yolov9c-seg.pt,MOTS20-09,464,10,1,60,8,0,2,1.0,0.8,0.8888888888888888,0.7940776564513701,0.8837250124118134,0,8
yolov9c-seg.pt,MOTS20-09,465,10,1,66,8,2,2,0.8,0.8,0.8,0.798591611409682,0.8862808556626907,0,10
yolov9c-seg.pt,MOTS20-09,466,10,1,57,8,2,2,0.8,0.8,0.8,0.7811036345180415,0.8731323094853103,1,11
yolov9c-seg.pt,MOTS20-09,467,11,1,71,8,3,3,0.7272727272727273,0.7272727272727273,0.7272727272727273,0.8109841986942133,0.8940546100963549,0,11
yolov9c-seg.pt,MOTS20-09,468,11,1,72,8,3,3,0.7272727272727273,0.7272727272727273,0.7272727272727273,0.7958184673747839,0.8845515290061146,1,12
yolov9c-seg.pt,MOTS20-09,469,11,1,81,8,2,3,0.8,0.7272727272727273,0.7619047619047619,0.8086399747794687,0.8925771082004633,1,11
yolov9c-seg.pt,MOTS20-09,470,11,1,86,9,1,2,0.9,0.8181818181818182,0.8571428571428571,0.7837588230161472,0.8760590232595802,2,12
yolov9c-seg.pt,MOTS20-09,471,12,1,95,9,0,3,1.0,0.75,0.8571428571428571,0.7696039857229552,0.8666581756027907,1,10
yolov9c-seg.pt,MOTS20-09,472,11,1,89,8,0,3,1.0,0.7272727272727273,0.8421052631578947,0.7650391048022911,0.8644585940131275,3,11
yolov9c-seg.pt,MOTS20-09,473,11,1,94,8,0,3,1.0,0.7272727272727273,0.8421052631578947,0.7581328482652459,0.8596697917677654,3,11
yolov9c-seg.pt,MOTS20-09,474,11,1,103,8,0,3,1.0,0.7272727272727273,0.8421052631578947,0.7570585022808726,0.8592612370071353,2,10
yolov9c-seg.pt,MOTS20-09,475,10,1,86,8,0,2,1.0,0.8,0.8888888888888888,0.7539285854098587,0.8564566039087947,3,11
yolov9c-seg.pt,MOTS20-09,476,10,1,80,8,0,2,1.0,0.8,0.8888888888888888,0.7619095061039158,0.8615234094479,2,10
yolov9c-seg.pt,MOTS20-09,477,10,1,90,8,0,2,1.0,0.8,0.8888888888888888,0.7686865806620151,0.8665458843137039,1,9
yolov9c-seg.pt,MOTS20-09,478,10,1,90,8,0,2,1.0,0.8,0.8888888888888888,0.7689501823447455,0.8665689077573725,2,10
yolov9c-seg.pt,MOTS20-09,479,10,1,93,8,0,2,1.0,0.8,0.8888888888888888,0.75756930632825,0.8594577515126292,2,10
yolov9c-seg.pt,MOTS20-09,480,10,1,84,8,0,2,1.0,0.8,0.8888888888888888,0.7620474370287437,0.8632824373758956,1,9
yolov9c-seg.pt,MOTS20-09,481,10,1,104,7,0,3,1.0,0.7,0.8235294117647058,0.7675280073422232,0.8669273382414759,1,8
yolov9c-seg.pt,MOTS20-09,482,11,1,84,8,0,3,1.0,0.7272727272727273,0.8421052631578947,0.7473874644908957,0.8531181771575118,2,10
yolov9c-seg.pt,MOTS20-09,483,10,1,63,8,0,2,1.0,0.8,0.8888888888888888,0.7550213969313736,0.8588470111142159,2,10
yolov9c-seg.pt,MOTS20-09,484,10,1,72,8,0,2,1.0,0.8,0.8888888888888888,0.7805734762197265,0.8757785898800359,2,10
yolov9c-seg.pt,MOTS20-09,485,11,1,61,8,0,3,1.0,0.7272727272727273,0.8421052631578947,0.776959696301734,0.8721531656433597,1,9
yolov9c-seg.pt,MOTS20-09,486,11,1,59,8,0,3,1.0,0.7272727272727273,0.8421052631578947,0.776875847709865,0.8708705985900032,1,9
yolov9c-seg.pt,MOTS20-09,487,11,1,53,8,0,3,1.0,0.7272727272727273,0.8421052631578947,0.776127546333939,0.8704440106175682,1,9
yolov9c-seg.pt,MOTS20-09,488,11,1,52,7,1,4,0.875,0.6363636363636364,0.7368421052631579,0.8077785849114172,0.8916567088543184,1,9
yolov9c-seg.pt,MOTS20-09,489,11,1,71,7,1,4,0.875,0.6363636363636364,0.7368421052631579,0.804107358575658,0.889107972599844,1,9
yolov9c-seg.pt,MOTS20-09,490,10,1,54,7,1,3,0.875,0.7,0.7777777777777778,0.7995455134396001,0.8868346328257396,1,9
yolov9c-seg.pt,MOTS20-09,491,10,1,72,7,0,3,1.0,0.7,0.8235294117647058,0.7968380555749717,0.8844160159148491,1,8
yolov9c-seg.pt,MOTS20-09,492,10,1,61,8,0,2,1.0,0.8,0.8888888888888888,0.7462049430752511,0.847573595143692,1,9
yolov9c-seg.pt,MOTS20-09,493,10,1,72,7,1,3,0.875,0.7,0.7777777777777778,0.7942339184478647,0.8838834280067409,1,9
yolov9c-seg.pt,MOTS20-09,494,10,1,73,7,1,3,0.875,0.7,0.7777777777777778,0.7817902831825966,0.8756225035278015,1,9
yolov9c-seg.pt,MOTS20-09,495,9,1,73,8,1,1,0.8888888888888888,0.8888888888888888,0.8888888888888888,0.7541055057589501,0.8545042359560535,3,12
yolov9c-seg.pt,MOTS20-09,496,9,1,76,8,1,1,0.8888888888888888,0.8888888888888888,0.8888888888888888,0.7780536404722531,0.872277945493275,2,11
yolov9c-seg.pt,MOTS20-09,497,9,1,81,8,1,1,0.8888888888888888,0.8888888888888888,0.8888888888888888,0.7904418871294742,0.8808924045697182,2,11
yolov9c-seg.pt,MOTS20-09,498,9,1,75,8,0,1,1.0,0.8888888888888888,0.9411764705882353,0.7732141455936776,0.8687304701046563,2,10
yolov9c-seg.pt,MOTS20-09,499,9,1,73,8,0,1,1.0,0.8888888888888888,0.9411764705882353,0.7606397653138088,0.8599926494110728,2,10
yolov9c-seg.pt,MOTS20-09,500,9,1,70,9,0,0,1.0,1.0,1.0,0.7256647254171829,0.834817420356318,3,12
yolov9c-seg.pt,MOTS20-09,501,9,1,87,9,0,0,1.0,1.0,1.0,0.7455667936292977,0.8502915085695183,3,12
yolov9c-seg.pt,MOTS20-09,502,9,1,80,9,0,0,1.0,1.0,1.0,0.7548477693077468,0.8564191442963245,2,11
yolov9c-seg.pt,MOTS20-09,503,9,1,76,9,0,0,1.0,1.0,1.0,0.7431534149243304,0.8472732442179793,2,11
yolov9c-seg.pt,MOTS20-09,504,9,1,74,9,0,0,1.0,1.0,1.0,0.7519382899507256,0.8541557166809297,3,12
yolov9c-seg.pt,MOTS20-09,505,10,1,65,9,0,1,1.0,0.9,0.9473684210526315,0.7358049164205468,0.8423972160257391,3,12
yolov9c-seg.pt,MOTS20-09,506,10,1,72,9,0,1,1.0,0.9,0.9473684210526315,0.7439644125124132,0.848771632382626,3,12
yolov9c-seg.pt,MOTS20-09,507,10,1,72,9,0,1,1.0,0.9,0.9473684210526315,0.7505693566897169,0.8546679035845275,3,12
yolov9c-seg.pt,MOTS20-09,508,10,1,73,9,0,1,1.0,0.9,0.9473684210526315,0.7333018089458236,0.8406783008096856,3,12
yolov9c-seg.pt,MOTS20-09,509,10,1,74,9,0,1,1.0,0.9,0.9473684210526315,0.7411552186855392,0.8468353150458247,2,11
yolov9c-seg.pt,MOTS20-09,510,9,1,90,7,0,2,1.0,0.7777777777777778,0.875,0.7506871038667216,0.8542562921997058,5,12
yolov9c-seg.pt,MOTS20-09,511,9,1,107,7,0,2,1.0,0.7777777777777778,0.875,0.7459348320199426,0.8508797698851518,2,9
yolov9c-seg.pt,MOTS20-09,512,10,1,84,8,0,2,1.0,0.8,0.8888888888888888,0.7364270431687724,0.8439055186658986,1,9
yolov9c-seg.pt,MOTS20-09,513,10,1,98,8,0,2,1.0,0.8,0.8888888888888888,0.7589046716954396,0.8616149913170936,1,9
yolov9c-seg.pt,MOTS20-09,514,10,1,85,8,0,2,1.0,0.8,0.8888888888888888,0.7565195221130145,0.8591400844358604,2,10
yolov9c-seg.pt,MOTS20-09,515,10,1,90,8,0,2,1.0,0.8,0.8888888888888888,0.7312616038431435,0.8408221648204461,2,10
yolov9c-seg.pt,MOTS20-09,516,10,1,78,8,1,2,0.8888888888888888,0.8,0.8421052631578947,0.7384968275862283,0.8464440496246406,3,12
yolov9c-seg.pt,MOTS20-09,517,10,1,79,8,1,2,0.8888888888888888,0.8,0.8421052631578947,0.7460955849764224,0.850308334589858,3,12
yolov9c-seg.pt,MOTS20-09,518,10,1,94,8,0,2,1.0,0.8,0.8888888888888888,0.7271300764696925,0.8354650920409095,2,10
yolov9c-seg.pt,MOTS20-09,519,9,1,79,9,2,0,0.8181818181818182,1.0,0.9,0.6837120129011338,0.8052629619726016,1,12
yolov9c-seg.pt,MOTS20-09,520,9,1,82,7,2,2,0.7777777777777778,0.7777777777777778,0.7777777777777778,0.702674374329742,0.820937496349357,2,11
yolov9c-seg.pt,MOTS20-09,521,10,1,91,7,2,3,0.7777777777777778,0.7,0.7368421052631579,0.7232386509915527,0.8363625629401159,2,11
yolov9c-seg.pt,MOTS20-09,522,10,1,96,8,3,2,0.7272727272727273,0.8,0.7619047619047619,0.7200745650625143,0.8300426959591912,2,13
yolov9c-seg.pt,MOTS20-09,523,10,1,90,6,3,4,0.6666666666666666,0.6,0.631578947368421,0.7417922784271012,0.8458144433893516,2,11
yolov9c-seg.pt,MOTS20-09,524,10,1,100,6,1,4,0.8571428571428571,0.6,0.7058823529411765,0.7468207601709351,0.8516772030296981,2,9
yolov9c-seg.pt,MOTS20-09,525,10,1,106,6,1,4,0.8571428571428571,0.6,0.7058823529411765,0.7465587801620647,0.8483818761385455,2,9
yolov9c-seg.pt,MOTS20-11,1,14,1,109,10,0,4,1.0,0.7142857142857143,0.8333333333333334,0.7548416840199363,0.8550084802227078,2,12
yolov9c-seg.pt,MOTS20-11,2,14,1,92,9,0,5,1.0,0.6428571428571429,0.782608695652174,0.780963212133941,0.8738773578798213,2,11
yolov9c-seg.pt,MOTS20-11,3,14,1,107,10,0,4,1.0,0.7142857142857143,0.8333333333333334,0.7572167510850888,0.8569881288363034,2,12
yolov9c-seg.pt,MOTS20-11,4,14,1,89,10,0,4,1.0,0.7142857142857143,0.8333333333333334,0.7645369899755214,0.8628742510498748,2,12
yolov9c-seg.pt,MOTS20-11,5,14,1,98,10,0,4,1.0,0.7142857142857143,0.8333333333333334,0.7668686650111647,0.8637726627708318,2,12
yolov9c-seg.pt,MOTS20-11,6,14,1,91,11,0,3,1.0,0.7857142857142857,0.88,0.7615219558634173,0.8606206736018597,2,13
yolov9c-seg.pt,MOTS20-11,7,14,1,103,10,0,4,1.0,0.7142857142857143,0.8333333333333334,0.7759535071869906,0.8698268907868938,3,13
yolov9c-seg.pt,MOTS20-11,8,14,1,89,13,1,1,0.9285714285714286,0.9285714285714286,0.9285714285714286,0.7519699028411645,0.8541794814827651,2,16
yolov9c-seg.pt,MOTS20-11,9,14,1,82,12,1,2,0.9230769230769231,0.8571428571428571,0.8888888888888888,0.7477283923532592,0.8505227923889831,2,15
yolov9c-seg.pt,MOTS20-11,10,14,1,80,11,1,3,0.9166666666666666,0.7857142857142857,0.8461538461538461,0.7609617737688631,0.8606666013520917,2,14
yolov9c-seg.pt,MOTS20-11,11,14,1,78,10,1,4,0.9090909090909091,0.7142857142857143,0.8,0.767410300518715,0.8646895797745522,2,13
yolov9c-seg.pt,MOTS20-11,12,14,1,82,10,1,4,0.9090909090909091,0.7142857142857143,0.8,0.7564297304248628,0.8582100508175661,2,13
yolov9c-seg.pt,MOTS20-11,13,14,1,91,12,0,2,1.0,0.8571428571428571,0.9230769230769231,0.7157178416288897,0.8291512288834545,3,15
yolov9c-seg.pt,MOTS20-11,14,16,1,99,12,1,4,0.9230769230769231,0.75,0.8275862068965517,0.7291533558660114,0.8380970536179896,3,16
yolov9c-seg.pt,MOTS20-11,15,16,1,104,11,1,5,0.9166666666666666,0.6875,0.7857142857142857,0.7372929084743187,0.8433141161654258,2,14
yolov9c-seg.pt,MOTS20-11,16,16,1,118,10,1,6,0.9090909090909091,0.625,0.7407407407407407,0.7190376300146661,0.8299587679452154,1,12
yolov9c-seg.pt,MOTS20-11,17,14,1,116,9,0,5,1.0,0.6428571428571429,0.782608695652174,0.7552849697322924,0.8563724878839123,2,11
yolov9c-seg.pt,MOTS20-11,18,14,1,94,8,0,6,1.0,0.5714285714285714,0.7272727272727273,0.7809369623618942,0.873849975074406,4,12
yolov9c-seg.pt,MOTS20-11,19,11,1,107,9,0,2,1.0,0.8181818181818182,0.9,0.7248137725271733,0.8324812828521879,2,11
yolov9c-seg.pt,MOTS20-11,20,11,1,108,8,0,3,1.0,0.7272727272727273,0.8421052631578947,0.7487752947336739,0.850854870823076,1,9
yolov9c-seg.pt,MOTS20-11,21,10,1,103,8,0,2,1.0,0.8,0.8888888888888888,0.7111598271915361,0.823208543547527,2,10
yolov9c-seg.pt,MOTS20-11,22,12,1,106,8,2,4,0.8,0.6666666666666666,0.7272727272727273,0.7420612046467614,0.8444232541265307,2,12
yolov9c-seg.pt,MOTS20-11,23,13,1,92,9,0,4,1.0,0.6923076923076923,0.8181818181818182,0.7276358658508253,0.8339142377828657,1,10
yolov9c-seg.pt,MOTS20-11,24,11,1,87,8,0,3,1.0,0.7272727272727273,0.8421052631578947,0.7447000886821895,0.8467150680943418,2,10
yolov9c-seg.pt,MOTS20-11,25,11,1,101,7,1,4,0.875,0.6363636363636364,0.7368421052631579,0.7702099711499198,0.8640702375000674,1,9
yolov9c-seg.pt,MOTS20-11,26,12,1,75,6,2,6,0.75,0.5,0.6,0.8358033657787286,0.9095819930711934,1,9
yolov9c-seg.pt,MOTS20-11,27,12,1,93,8,2,4,0.8,0.6666666666666666,0.7272727272727273,0.7650505066472236,0.8593414620668174,1,11
yolov9c-seg.pt,MOTS20-11,28,12,1,98,7,2,5,0.7777777777777778,0.5833333333333334,0.6666666666666666,0.7814486671935347,0.8708439352005362,1,10
yolov9c-seg.pt,MOTS20-11,29,12,1,92,7,2,5,0.7777777777777778,0.5833333333333334,0.6666666666666666,0.7867017108865865,0.8755329542650238,0,9
yolov9c-seg.pt,MOTS20-11,30,12,1,79,8,0,4,1.0,0.6666666666666666,0.8,0.7911623770323699,0.8804638460178215,0,8
yolov9c-seg.pt,MOTS20-11,31,12,1,101,9,1,3,0.9,0.75,0.8181818181818182,0.7486735481247008,0.8502953727858276,0,10
yolov9c-seg.pt,MOTS20-11,32,12,1,114,7,2,5,0.7777777777777778,0.5833333333333334,0.6666666666666666,0.784916885613968,0.8745838148924836,0,9
yolov9c-seg.pt,MOTS20-11,33,12,1,92,7,1,5,0.875,0.5833333333333334,0.7,0.7756113188988422,0.8678626857389332,0,8
yolov9c-seg.pt,MOTS20-11,34,12,1,104,9,2,3,0.8181818181818182,0.75,0.782608695652174,0.758779936919994,0.8572744100929343,0,11
yolov9c-seg.pt,MOTS20-11,35,11,1,105,8,2,3,0.8,0.7272727272727273,0.7619047619047619,0.7925032272023476,0.8791005497002722,1,11
yolov9c-seg.pt,MOTS20-11,36,11,1,99,8,2,3,0.8,0.7272727272727273,0.7619047619047619,0.7932444607718699,0.8807069197595205,1,11
yolov9c-seg.pt,MOTS20-11,37,11,1,83,9,1,2,0.9,0.8181818181818182,0.8571428571428571,0.7828707387142388,0.87500700371328,0,10
yolov9c-seg.pt,MOTS20-11,38,11,1,102,9,2,2,0.8181818181818182,0.8181818181818182,0.8181818181818182,0.7771359548479323,0.870465569811417,1,12
yolov9c-seg.pt,MOTS20-11,39,11,1,92,8,1,3,0.8888888888888888,0.7272727272727273,0.8,0.7940497702469841,0.8819610586775599,0,9
yolov9c-seg.pt,MOTS20-11,40,11,1,87,9,0,2,1.0,0.8181818181818182,0.9,0.7803696124536001,0.8730843967735062,2,11
yolov9c-seg.pt,MOTS20-11,41,11,1,71,8,0,3,1.0,0.7272727272727273,0.8421052631578947,0.7956764401616068,0.883444590897921,1,9
yolov9c-seg.pt,MOTS20-11,42,12,1,104,9,0,3,1.0,0.75,0.8571428571428571,0.7655605721904816,0.861656353896798,1,10
yolov9c-seg.pt,MOTS20-11,43,12,1,107,9,0,3,1.0,0.75,0.8571428571428571,0.7683082688356128,0.8644089257643012,0,9
yolov9c-seg.pt,MOTS20-11,44,12,1,86,10,0,2,1.0,0.8333333333333334,0.9090909090909091,0.7464245359532087,0.8489591931632144,0,10
yolov9c-seg.pt,MOTS20-11,45,12,1,107,9,0,3,1.0,0.75,0.8571428571428571,0.7893220999700584,0.8793342364348214,0,9
yolov9c-seg.pt,MOTS20-11,46,10,1,95,9,0,1,1.0,0.9,0.9473684210526315,0.778243706707059,0.8725572756616492,3,12
yolov9c-seg.pt,MOTS20-11,47,12,1,106,9,0,3,1.0,0.75,0.8571428571428571,0.7791834955830026,0.8734626092371998,1,10
yolov9c-seg.pt,MOTS20-11,48,12,1,121,10,0,2,1.0,0.8333333333333334,0.9090909090909091,0.7611084019888498,0.8608023856903859,2,12
yolov9c-seg.pt,MOTS20-11,49,12,1,99,9,0,3,1.0,0.75,0.8571428571428571,0.7821955003823368,0.8743211116435293,1,10
yolov9c-seg.pt,MOTS20-11,50,12,1,109,8,1,4,0.8888888888888888,0.6666666666666666,0.7619047619047619,0.800298287509659,0.8863948854290833,1,10
yolov9c-seg.pt,MOTS20-11,51,12,1,126,9,1,3,0.9,0.75,0.8181818181818182,0.7769971105900011,0.8687630220054179,1,11
yolov9c-seg.pt,MOTS20-11,52,12,1,105,8,1,4,0.8888888888888888,0.6666666666666666,0.7619047619047619,0.7962218516555695,0.8835405696712535,1,10
yolov9c-seg.pt,MOTS20-11,53,12,1,102,9,0,3,1.0,0.75,0.8571428571428571,0.786157869860756,0.8766545773638438,2,11
yolov9c-seg.pt,MOTS20-11,54,11,1,119,8,1,3,0.8888888888888888,0.7272727272727273,0.8,0.8024764974155392,0.8873859312869331,2,11
yolov9c-seg.pt,MOTS20-11,55,11,1,121,10,0,1,1.0,0.9090909090909091,0.9523809523809523,0.7968119269442686,0.8847027427109471,2,12
yolov9c-seg.pt,MOTS20-11,56,12,1,105,10,1,2,0.9090909090909091,0.8333333333333334,0.8695652173913043,0.7806724820587619,0.8735107312966631,0,11
yolov9c-seg.pt,MOTS20-11,57,11,1,104,9,2,2,0.8181818181818182,0.8181818181818182,0.8181818181818182,0.7927890089789748,0.8815492037241042,2,13
yolov9c-seg.pt,MOTS20-11,58,10,1,116,8,1,2,0.8888888888888888,0.8,0.8421052631578947,0.8125095216999862,0.8941101048156597,1,10
yolov9c-seg.pt,MOTS20-11,59,10,1,113,9,1,1,0.9,0.9,0.9,0.7803785380414703,0.8710695396083092,1,11
yolov9c-seg.pt,MOTS20-11,60,11,1,95,9,0,2,1.0,0.8181818181818182,0.9,0.7767961482871615,0.8686500790937481,1,10
yolov9c-seg.pt,MOTS20-11,61,11,1,92,9,0,2,1.0,0.8181818181818182,0.9,0.7808896444130817,0.8729808150918817,0,9
yolov9c-seg.pt,MOTS20-11,62,11,1,89,9,0,2,1.0,0.8181818181818182,0.9,0.7742787272203268,0.8665643600182127,0,9
yolov9c-seg.pt,MOTS20-11,63,11,1,96,9,0,2,1.0,0.8181818181818182,0.9,0.793324295805292,0.8793112656753113,0,9
yolov9c-seg.pt,MOTS20-11,64,11,1,129,9,0,2,1.0,0.8181818181818182,0.9,0.8092416889962499,0.8912800397809604,1,10
yolov9c-seg.pt,MOTS20-11,65,11,1,133,9,1,2,0.9,0.8181818181818182,0.8571428571428571,0.8059827369445381,0.8890691301783428,1,11
yolov9c-seg.pt,MOTS20-11,66,11,1,104,9,2,2,0.8181818181818182,0.8181818181818182,0.8181818181818182,0.8022997177962773,0.8869346761967852,2,13
yolov9c-seg.pt,MOTS20-11,67,11,1,120,8,2,3,0.8,0.7272727272727273,0.7619047619047619,0.825839089261881,0.9019349727253854,2,12
yolov9c-seg.pt,MOTS20-11,68,11,1,101,9,1,2,0.9,0.8181818181818182,0.8571428571428571,0.8033572014363802,0.8880414724103274,2,12
yolov9c-seg.pt,MOTS20-11,69,11,1,102,9,1,2,0.9,0.8181818181818182,0.8571428571428571,0.791863031806193,0.8803146721760181,3,13
yolov9c-seg.pt,MOTS20-11,70,11,1,89,9,0,2,1.0,0.8181818181818182,0.9,0.7983951215037571,0.8851057028126709,2,11
yolov9c-seg.pt,MOTS20-11,71,11,1,105,8,1,3,0.8888888888888888,0.7272727272727273,0.8,0.8155318596044488,0.8961497985689739,1,10
yolov9c-seg.pt,MOTS20-11,72,11,1,104,9,1,2,0.9,0.8181818181818182,0.8571428571428571,0.7952032396483631,0.8822594948224426,1,11
yolov9c-seg.pt,MOTS20-11,73,11,1,92,9,1,2,0.9,0.8181818181818182,0.8571428571428571,0.8049301565262573,0.8890866347698423,1,11
yolov9c-seg.pt,MOTS20-11,74,11,1,98,10,0,1,1.0,0.9090909090909091,0.9523809523809523,0.7754987457251918,0.8679268096643836,1,11
yolov9c-seg.pt,MOTS20-11,75,11,1,103,8,2,3,0.8,0.7272727272727273,0.7619047619047619,0.8191021549569361,0.8981871602254126,1,11
yolov9c-seg.pt,MOTS20-11,76,11,1,99,8,1,3,0.8888888888888888,0.7272727272727273,0.8,0.8100531599846077,0.8923625701332483,1,10
yolov9c-seg.pt,MOTS20-11,77,11,1,103,8,0,3,1.0,0.7272727272727273,0.8421052631578947,0.8084629289264211,0.8912190428788006,1,9
yolov9c-seg.pt,MOTS20-11,78,10,1,110,9,0,1,1.0,0.9,0.9473684210526315,0.7561143874534273,0.857265692613324,3,12
yolov9c-seg.pt,MOTS20-11,79,10,1,128,9,0,1,1.0,0.9,0.9473684210526315,0.7686105927299592,0.8651012577292777,5,14
yolov9c-seg.pt,MOTS20-11,80,10,1,119,8,0,2,1.0,0.8,0.8888888888888888,0.7717042780102202,0.8660632161480376,4,12
yolov9c-seg.pt,MOTS20-11,81,11,1,118,9,0,2,1.0,0.8181818181818182,0.9,0.7641256417330772,0.8626673395936097,3,12
yolov9c-seg.pt,MOTS20-11,82,10,1,126,8,0,2,1.0,0.8,0.8888888888888888,0.7700350767142867,0.8669699102607757,5,13
yolov9c-seg.pt,MOTS20-11,83,10,1,125,7,1,3,0.875,0.7,0.7777777777777778,0.8030800613696008,0.8889547051280335,4,12
yolov9c-seg.pt,MOTS20-11,84,10,1,122,8,0,2,1.0,0.8,0.8888888888888888,0.7785119822524017,0.8718183058465756,4,12
yolov9c-seg.pt,MOTS20-11,85,11,1,137,9,0,2,1.0,0.8181818181818182,0.9,0.7894662216238099,0.8802545227574202,2,11
yolov9c-seg.pt,MOTS20-11,86,11,1,127,9,0,2,1.0,0.8181818181818182,0.9,0.7834036663170791,0.8754048593700956,3,12
yolov9c-seg.pt,MOTS20-11,87,10,1,150,8,1,2,0.8888888888888888,0.8,0.8421052631578947,0.8048236356222558,0.8893803497340167,4,13
yolov9c-seg.pt,MOTS20-11,88,11,1,123,9,0,2,1.0,0.8181818181818182,0.9,0.7992033123831415,0.8860897386848767,2,11
yolov9c-seg.pt,MOTS20-11,89,11,1,116,9,0,2,1.0,0.8181818181818182,0.9,0.78489581184542,0.8760357344598526,2,11
yolov9c-seg.pt,MOTS20-11,90,12,1,127,9,0,3,1.0,0.75,0.8571428571428571,0.7744301674220916,0.8687114062675455,3,12
yolov9c-seg.pt,MOTS20-11,91,13,1,150,8,0,5,1.0,0.6153846153846154,0.7619047619047619,0.7888808830043443,0.8775894678648906,3,11
yolov9c-seg.pt,MOTS20-11,92,13,1,150,8,1,5,0.8888888888888888,0.6153846153846154,0.7272727272727273,0.7845730146210986,0.875239838591273,2,11
yolov9c-seg.pt,MOTS20-11,93,13,1,147,8,0,5,1.0,0.6153846153846154,0.7619047619047619,0.7905209131110943,0.879155375416341,2,10
yolov9c-seg.pt,MOTS20-11,94,13,1,146,8,0,5,1.0,0.6153846153846154,0.7619047619047619,0.7927047701224512,0.8800372696287704,3,11
yolov9c-seg.pt,MOTS20-11,95,13,1,150,8,0,5,1.0,0.6153846153846154,0.7619047619047619,0.7871151093669273,0.8766782586627291,2,10
yolov9c-seg.pt,MOTS20-11,96,13,1,135,8,1,5,0.8888888888888888,0.6153846153846154,0.7272727272727273,0.7849285261305614,0.8748990911819746,2,11
yolov9c-seg.pt,MOTS20-11,97,13,1,125,8,0,5,1.0,0.6153846153846154,0.7619047619047619,0.7938384256404484,0.8803054724610953,2,10
yolov9c-seg.pt,MOTS20-11,98,13,1,153,7,0,6,1.0,0.5384615384615384,0.7,0.8293481997496421,0.9040870282240318,3,10
yolov9c-seg.pt,MOTS20-11,99,13,1,126,8,0,5,1.0,0.6153846153846154,0.7619047619047619,0.791170690005454,0.8797122289216777,3,11
yolov9c-seg.pt,MOTS20-11,100,12,1,120,8,1,4,0.8888888888888888,0.6666666666666666,0.7619047619047619,0.7967574403501164,0.8842647148152503,2,11
yolov9c-seg.pt,MOTS20-11,101,11,1,116,7,0,4,1.0,0.6363636363636364,0.7777777777777778,0.7927226657720133,0.8815573903143136,2,9
yolov9c-seg.pt,MOTS20-11,102,10,1,96,7,0,3,1.0,0.7,0.8235294117647058,0.7929609135866172,0.8812814014642962,2,9
yolov9c-seg.pt,MOTS20-11,103,10,1,89,7,0,3,1.0,0.7,0.8235294117647058,0.7712935889532948,0.8668978757981701,1,8
yolov9c-seg.pt,MOTS20-11,104,9,1,110,6,1,3,0.8571428571428571,0.6666666666666666,0.75,0.785949161149011,0.877829830835346,2,9
yolov9c-seg.pt,MOTS20-11,105,10,1,139,7,1,3,0.875,0.7,0.7777777777777778,0.793835133080594,0.8832554174501089,2,10
yolov9c-seg.pt,MOTS20-11,106,11,1,111,7,1,4,0.875,0.6363636363636364,0.7368421052631579,0.7972215846512766,0.8850344408350767,1,9
yolov9c-seg.pt,MOTS20-11,107,10,1,109,6,0,4,1.0,0.6,0.75,0.7781499230295723,0.8734874653250265,3,9
yolov9c-seg.pt,MOTS20-11,108,11,1,128,7,1,4,0.875,0.6363636363636364,0.7368421052631579,0.7507522318346994,0.8545315025469952,1,9
yolov9c-seg.pt,MOTS20-11,109,11,1,106,7,1,4,0.875,0.6363636363636364,0.7368421052631579,0.7857788813204188,0.8783567856974226,2,10
yolov9c-seg.pt,MOTS20-11,110,11,1,88,7,1,4,0.875,0.6363636363636364,0.7368421052631579,0.7541801374416811,0.8542168046199999,1,9
yolov9c-seg.pt,MOTS20-11,111,11,1,82,7,3,4,0.7,0.6363636363636364,0.6666666666666666,0.7573682469823774,0.857055293092096,1,11
yolov9c-seg.pt,MOTS20-11,112,11,1,89,7,2,4,0.7777777777777778,0.6363636363636364,0.7,0.7508240101111873,0.8530649987316725,1,10
yolov9c-seg.pt,MOTS20-11,113,11,1,105,8,3,3,0.7272727272727273,0.7272727272727273,0.7272727272727273,0.7442305543461932,0.8487857864104276,1,12
yolov9c-seg.pt,MOTS20-11,114,11,1,105,7,0,4,1.0,0.6363636363636364,0.7777777777777778,0.7537786156909619,0.8547394895075875,1,8
yolov9c-seg.pt,MOTS20-11,115,11,1,88,6,0,5,1.0,0.5454545454545454,0.7058823529411765,0.7831676082150442,0.8757961527130229,0,6
yolov9c-seg.pt,MOTS20-11,116,11,1,69,7,0,4,1.0,0.6363636363636364,0.7777777777777778,0.7791696810000798,0.8734433837028915,0,7
yolov9c-seg.pt,MOTS20-11,117,11,1,67,7,0,4,1.0,0.6363636363636364,0.7777777777777778,0.7725161177357587,0.8689440421019897,0,7
yolov9c-seg.pt,MOTS20-11,118,11,1,67,7,0,4,1.0,0.6363636363636364,0.7777777777777778,0.7652707093279222,0.864093858170411,0,7
yolov9c-seg.pt,MOTS20-11,119,11,1,84,7,1,4,0.875,0.6363636363636364,0.7368421052631579,0.7708240837667136,0.8677054246704126,0,8
yolov9c-seg.pt,MOTS20-11,120,11,1,74,7,0,4,1.0,0.6363636363636364,0.7777777777777778,0.7606023679933981,0.8607140444723649,0,7
yolov9c-seg.pt,MOTS20-11,121,11,1,54,7,0,4,1.0,0.6363636363636364,0.7777777777777778,0.7580609058002412,0.8599315281904616,0,7
yolov9c-seg.pt,MOTS20-11,122,11,1,77,7,0,4,1.0,0.6363636363636364,0.7777777777777778,0.7793802633186203,0.874155742751329,0,7
yolov9c-seg.pt,MOTS20-11,123,12,1,88,7,0,5,1.0,0.5833333333333334,0.7368421052631579,0.8010811875926663,0.8883709467410095,0,7
yolov9c-seg.pt,MOTS20-11,124,12,1,108,7,0,5,1.0,0.5833333333333334,0.7368421052631579,0.8092465662254525,0.8935413827742498,0,7
yolov9c-seg.pt,MOTS20-11,125,12,1,92,7,0,5,1.0,0.5833333333333334,0.7368421052631579,0.8113576142048106,0.8949277739083483,0,7
yolov9c-seg.pt,MOTS20-11,126,12,1,64,7,0,5,1.0,0.5833333333333334,0.7368421052631579,0.820946135335719,0.9011018109640185,0,7
yolov9c-seg.pt,MOTS20-11,127,12,1,78,8,0,4,1.0,0.6666666666666666,0.8,0.8053728436533969,0.8896988162530232,0,8
yolov9c-seg.pt,MOTS20-11,128,11,1,73,7,0,4,1.0,0.6363636363636364,0.7777777777777778,0.8304798948168115,0.906603244312892,0,7
yolov9c-seg.pt,MOTS20-11,129,11,1,78,7,0,4,1.0,0.6363636363636364,0.7777777777777778,0.8384812677695436,0.9115407201773295,0,7
yolov9c-seg.pt,MOTS20-11,130,11,1,79,7,0,4,1.0,0.6363636363636364,0.7777777777777778,0.8336075642620218,0.9086724480665366,0,7
yolov9c-seg.pt,MOTS20-11,131,11,1,68,7,0,4,1.0,0.6363636363636364,0.7777777777777778,0.8282144913248296,0.9053832994195886,0,7
yolov9c-seg.pt,MOTS20-11,132,11,1,81,7,0,4,1.0,0.6363636363636364,0.7777777777777778,0.8344975719009328,0.9090704895430238,0,7
yolov9c-seg.pt,MOTS20-11,133,11,1,96,7,0,4,1.0,0.6363636363636364,0.7777777777777778,0.8313162128687769,0.9069997658190381,0,7
yolov9c-seg.pt,MOTS20-11,134,11,1,88,7,0,4,1.0,0.6363636363636364,0.7777777777777778,0.8318608080198863,0.9074180345931296,0,7
yolov9c-seg.pt,MOTS20-11,135,11,1,98,7,0,4,1.0,0.6363636363636364,0.7777777777777778,0.8269264362143373,0.9045012406209609,0,7
yolov9c-seg.pt,MOTS20-11,136,11,1,98,7,1,4,0.875,0.6363636363636364,0.7368421052631579,0.8253290726641777,0.9036460139675097,0,8
yolov9c-seg.pt,MOTS20-11,137,11,1,91,7,2,4,0.7777777777777778,0.6363636363636364,0.7,0.8298943357785883,0.9063945175236394,0,9
yolov9c-seg.pt,MOTS20-11,138,11,1,93,7,0,4,1.0,0.6363636363636364,0.7777777777777778,0.8322500513583019,0.9078644485796932,0,7
yolov9c-seg.pt,MOTS20-11,139,11,1,81,7,0,4,1.0,0.6363636363636364,0.7777777777777778,0.8309395789991011,0.9070831954712106,0,7
yolov9c-seg.pt,MOTS20-11,140,11,1,72,7,0,4,1.0,0.6363636363636364,0.7777777777777778,0.8266841123562944,0.9043862415924918,0,7
yolov9c-seg.pt,MOTS20-11,141,11,1,79,7,0,4,1.0,0.6363636363636364,0.7777777777777778,0.8181385999106591,0.8991386403006354,0,7
yolov9c-seg.pt,MOTS20-11,142,11,1,99,8,0,3,1.0,0.7272727272727273,0.8421052631578947,0.7904178955549482,0.8782697789130183,0,8
yolov9c-seg.pt,MOTS20-11,143,11,1,85,8,0,3,1.0,0.7272727272727273,0.8421052631578947,0.7981931915688317,0.8854285767157275,0,8
yolov9c-seg.pt,MOTS20-11,144,10,1,93,8,0,2,1.0,0.8,0.8888888888888888,0.812524028154261,0.8947481576402765,0,8
yolov9c-seg.pt,MOTS20-11,145,10,1,86,8,0,2,1.0,0.8,0.8888888888888888,0.8073587040973188,0.8919871950565719,0,8
yolov9c-seg.pt,MOTS20-11,146,10,1,88,8,1,2,0.8888888888888888,0.8,0.8421052631578947,0.8123868242776211,0.8952379543011091,0,9
yolov9c-seg.pt,MOTS20-11,147,10,1,78,8,1,2,0.8888888888888888,0.8,0.8421052631578947,0.8163648678623402,0.8979234380716152,0,9
yolov9c-seg.pt,MOTS20-11,148,10,1,80,8,1,2,0.8888888888888888,0.8,0.8421052631578947,0.8131039582903266,0.8957636962927216,0,9
yolov9c-seg.pt,MOTS20-11,149,10,1,80,8,1,2,0.8888888888888888,0.8,0.8421052631578947,0.8125531461475377,0.8952770824686631,0,9
yolov9c-seg.pt,MOTS20-11,150,10,1,68,8,0,2,1.0,0.8,0.8888888888888888,0.7897621323012995,0.8785198568489134,0,8
yolov9c-seg.pt,MOTS20-11,151,9,1,66,7,2,2,0.7777777777777778,0.7777777777777778,0.7777777777777778,0.8268670294676567,0.9046097223260999,0,9
yolov9c-seg.pt,MOTS20-11,152,9,1,67,7,1,2,0.875,0.7777777777777778,0.8235294117647058,0.8305345182160873,0.9070000400414512,0,8
yolov9c-seg.pt,MOTS20-11,153,9,1,63,7,1,2,0.875,0.7777777777777778,0.8235294117647058,0.8367511253637165,0.910610247356832,0,8
yolov9c-seg.pt,MOTS20-11,154,9,1,68,7,2,2,0.7777777777777778,0.7777777777777778,0.7777777777777778,0.8288664112638237,0.9058578372695896,0,9
yolov9c-seg.pt,MOTS20-11,155,9,1,74,7,2,2,0.7777777777777778,0.7777777777777778,0.7777777777777778,0.8235319472477338,0.9026972398402096,0,9
yolov9c-seg.pt,MOTS20-11,156,9,1,70,7,2,2,0.7777777777777778,0.7777777777777778,0.7777777777777778,0.8211038011192878,0.9009997424547656,0,9
yolov9c-seg.pt,MOTS20-11,157,9,1,72,7,1,2,0.875,0.7777777777777778,0.8235294117647058,0.8294415874336961,0.9063459363339288,0,8
yolov9c-seg.pt,MOTS20-11,158,9,1,91,7,1,2,0.875,0.7777777777777778,0.8235294117647058,0.8242172895432678,0.9028446972735669,0,8
yolov9c-seg.pt,MOTS20-11,159,9,1,77,7,2,2,0.7777777777777778,0.7777777777777778,0.7777777777777778,0.822267287357487,0.9015895225691308,0,9
yolov9c-seg.pt,MOTS20-11,160,9,1,84,7,1,2,0.875,0.7777777777777778,0.8235294117647058,0.8344659081101369,0.908998579532913,0,8
yolov9c-seg.pt,MOTS20-11,161,8,1,64,8,0,0,1.0,1.0,1.0,0.8141424313981349,0.8957843148100849,0,8
yolov9c-seg.pt,MOTS20-11,162,8,1,83,8,0,0,1.0,1.0,1.0,0.8189917370569487,0.8988827814991415,0,8
yolov9c-seg.pt,MOTS20-11,163,8,1,78,8,1,0,0.8888888888888888,1.0,0.9411764705882353,0.8091608979279923,0.8925982485932773,0,9
yolov9c-seg.pt,MOTS20-11,164,8,1,71,8,0,0,1.0,1.0,1.0,0.8040059608691625,0.889611233486143,0,8
yolov9c-seg.pt,MOTS20-11,165,8,1,90,8,0,0,1.0,1.0,1.0,0.813404117842362,0.8959122575405185,0,8
yolov9c-seg.pt,MOTS20-11,166,8,1,81,8,0,0,1.0,1.0,1.0,0.8008386419441096,0.8878969461076607,0,8
yolov9c-seg.pt,MOTS20-11,167,8,1,82,8,1,0,0.8888888888888888,1.0,0.9411764705882353,0.8065870207024399,0.8917142352849755,0,9
yolov9c-seg.pt,MOTS20-11,168,8,1,88,8,1,0,0.8888888888888888,1.0,0.9411764705882353,0.8137192168446982,0.896327072834174,0,9
yolov9c-seg.pt,MOTS20-11,169,8,1,62,8,1,0,0.8888888888888888,1.0,0.9411764705882353,0.8096524658890029,0.8934579003396599,0,9
yolov9c-seg.pt,MOTS20-11,170,8,1,75,8,1,0,0.8888888888888888,1.0,0.9411764705882353,0.8102876297882348,0.8938302343532998,0,9
yolov9c-seg.pt,MOTS20-11,171,8,1,77,8,1,0,0.8888888888888888,1.0,0.9411764705882353,0.8019834410155315,0.8883719715746632,0,9
yolov9c-seg.pt,MOTS20-11,172,9,1,75,8,1,1,0.8888888888888888,0.8888888888888888,0.8888888888888888,0.7889062073933086,0.8795717778904313,0,9
yolov9c-seg.pt,MOTS20-11,173,9,1,70,8,1,1,0.8888888888888888,0.8888888888888888,0.8888888888888888,0.806808657699417,0.8908484446301261,0,9
yolov9c-seg.pt,MOTS20-11,174,9,1,74,8,1,1,0.8888888888888888,0.8888888888888888,0.8888888888888888,0.810084048047168,0.8924667726532902,0,9
yolov9c-seg.pt,MOTS20-11,175,9,1,72,8,1,1,0.8888888888888888,0.8888888888888888,0.8888888888888888,0.8157812912286164,0.8964149974082802,0,9
yolov9c-seg.pt,MOTS20-11,176,9,1,75,8,1,1,0.8888888888888888,0.8888888888888888,0.8888888888888888,0.8212254856981782,0.8999935531813983,0,9
yolov9c-seg.pt,MOTS20-11,177,9,1,76,8,1,1,0.8888888888888888,0.8888888888888888,0.8888888888888888,0.8190518851053574,0.8988294074889126,0,9
yolov9c-seg.pt,MOTS20-11,178,9,1,64,8,1,1,0.8888888888888888,0.8888888888888888,0.8888888888888888,0.8211253736443005,0.9000832091609663,0,9
yolov9c-seg.pt,MOTS20-11,179,9,1,71,9,1,0,0.9,1.0,0.9473684210526315,0.8087280479342824,0.8923060246121578,0,10
yolov9c-seg.pt,MOTS20-11,180,9,1,78,9,1,0,0.9,1.0,0.9473684210526315,0.8074732842561466,0.8904191918260113,0,10
yolov9c-seg.pt,MOTS20-11,181,9,1,71,9,1,0,0.9,1.0,0.9473684210526315,0.7998399475016328,0.8876245084349798,0,10
yolov9c-seg.pt,MOTS20-11,182,9,1,90,9,1,0,0.9,1.0,0.9473684210526315,0.8083368273193191,0.8933069029838472,0,10
yolov9c-seg.pt,MOTS20-11,183,9,1,101,9,2,0,0.8181818181818182,1.0,0.9,0.8106073582767441,0.8937190159617536,0,11
yolov9c-seg.pt,MOTS20-11,184,8,1,109,8,2,0,0.8,1.0,0.8888888888888888,0.8076035625736011,0.8923192910192923,1,11
yolov9c-seg.pt,MOTS20-11,185,8,1,92,8,2,0,0.8,1.0,0.8888888888888888,0.8073924131226008,0.8916731453546181,1,11
yolov9c-seg.pt,MOTS20-11,186,9,1,96,9,2,0,0.8181818181818182,1.0,0.9,0.7695210241829753,0.8643892302326736,0,11
yolov9c-seg.pt,MOTS20-11,187,8,1,111,8,4,0,0.6666666666666666,1.0,0.8,0.7947050638570083,0.882767067432733,1,13
yolov9c-seg.pt,MOTS20-11,188,8,1,99,8,1,0,0.8888888888888888,1.0,0.9411764705882353,0.7967580318694523,0.8846204019578183,0,9
yolov9c-seg.pt,MOTS20-11,189,8,1,87,8,1,0,0.8888888888888888,1.0,0.9411764705882353,0.8055194500360071,0.8910379556018894,0,9
yolov9c-seg.pt,MOTS20-11,190,8,1,84,7,0,1,1.0,0.875,0.9333333333333333,0.816281959080648,0.8977023505337868,0,7
yolov9c-seg.pt,MOTS20-11,191,8,1,71,7,0,1,1.0,0.875,0.9333333333333333,0.810200800376653,0.8937675915408088,0,7
yolov9c-seg.pt,MOTS20-11,192,10,1,80,7,1,3,0.875,0.7,0.7777777777777778,0.7983482722448522,0.8840307178069278,0,8
yolov9c-seg.pt,MOTS20-11,193,10,1,88,7,0,3,1.0,0.7,0.8235294117647058,0.8100764466770413,0.8923766349924617,0,7
yolov9c-seg.pt,MOTS20-11,194,10,1,91,8,1,2,0.8888888888888888,0.8,0.8421052631578947,0.8002512210963381,0.885891252637023,0,9
yolov9c-seg.pt,MOTS20-11,195,10,1,118,8,0,2,1.0,0.8,0.8888888888888888,0.8017661557211737,0.8862097250476992,0,8
yolov9c-seg.pt,MOTS20-11,196,10,1,117,8,1,2,0.8888888888888888,0.8,0.8421052631578947,0.7912036270075425,0.8795919170378297,0,9
yolov9c-seg.pt,MOTS20-11,197,10,1,98,7,0,3,1.0,0.7,0.8235294117647058,0.794220270964712,0.8822300922850514,0,7
yolov9c-seg.pt,MOTS20-11,198,10,1,91,7,1,3,0.875,0.7,0.7777777777777778,0.8128444011261866,0.8949410250461246,0,8
yolov9c-seg.pt,MOTS20-11,199,10,1,95,7,2,3,0.7777777777777778,0.7,0.7368421052631579,0.8061160705414341,0.8895072369337443,0,9
yolov9c-seg.pt,MOTS20-11,200,10,1,102,7,4,3,0.6363636363636364,0.7,0.6666666666666666,0.8081817438591351,0.8918159881448854,0,11
yolov9c-seg.pt,MOTS20-11,201,10,1,85,9,0,1,1.0,0.9,0.9473684210526315,0.7406462898449072,0.8429938561652622,0,9
yolov9c-seg.pt,MOTS20-11,202,10,1,94,8,2,2,0.8,0.8,0.8,0.7851657359123538,0.8754923070768681,0,10
yolov9c-seg.pt,MOTS20-11,203,10,1,76,9,1,1,0.9,0.9,0.9,0.7857276267467683,0.877333449849365,0,10
yolov9c-seg.pt,MOTS20-11,204,10,1,84,9,1,1,0.9,0.9,0.9,0.7917875702947546,0.8814619557999719,0,10
yolov9c-seg.pt,MOTS20-11,205,10,1,78,9,0,1,1.0,0.9,0.9473684210526315,0.7902071445687313,0.8792167090996205,0,9
yolov9c-seg.pt,MOTS20-11,206,10,1,81,8,0,2,1.0,0.8,0.8888888888888888,0.8091675502454858,0.8925646009248234,0,8
yolov9c-seg.pt,MOTS20-11,207,10,1,69,8,0,2,1.0,0.8,0.8888888888888888,0.7987078913464334,0.8852900627821888,0,8
yolov9c-seg.pt,MOTS20-11,208,10,1,87,9,2,1,0.8181818181818182,0.9,0.8571428571428571,0.7911917878687634,0.8798434528745223,0,11
yolov9c-seg.pt,MOTS20-11,209,10,1,73,8,1,2,0.8888888888888888,0.8,0.8421052631578947,0.8106323151153341,0.892664311632312,0,9
yolov9c-seg.pt,MOTS20-11,210,10,1,66,8,2,2,0.8,0.8,0.8,0.8188702997014465,0.8980918566026797,0,10
yolov9c-seg.pt,MOTS20-11,211,10,1,73,8,3,2,0.7272727272727273,0.8,0.7619047619047619,0.8169028099685949,0.8974708295831534,0,11
yolov9c-seg.pt,MOTS20-11,212,10,1,64,8,2,2,0.8,0.8,0.8,0.8252218422940378,0.9027606611606332,0,10
yolov9c-seg.pt,MOTS20-11,213,10,1,57,8,1,2,0.8888888888888888,0.8,0.8421052631578947,0.81959143545668,0.8996025281240188,0,9
yolov9c-seg.pt,MOTS20-11,214,10,1,50,8,1,2,0.8888888888888888,0.8,0.8421052631578947,0.80627940370482,0.890769743205772,0,9
yolov9c-seg.pt,MOTS20-11,215,10,1,59,8,1,2,0.8888888888888888,0.8,0.8421052631578947,0.8126700452562396,0.8953603837100406,0,9
yolov9c-seg.pt,MOTS20-11,216,10,1,67,9,0,1,1.0,0.9,0.9473684210526315,0.7877223988217614,0.8781168083558435,0,9
yolov9c-seg.pt,MOTS20-11,217,10,1,69,9,0,1,1.0,0.9,0.9473684210526315,0.7897163476762249,0.8799780562541961,0,9
yolov9c-seg.pt,MOTS20-11,218,10,1,74,9,0,1,1.0,0.9,0.9473684210526315,0.7814671200811086,0.8744194750393002,0,9
yolov9c-seg.pt,MOTS20-11,219,10,1,74,9,1,1,0.9,0.9,0.9,0.7866851272984853,0.8773976582266644,0,10
yolov9c-seg.pt,MOTS20-11,220,10,1,84,10,1,0,0.9090909090909091,1.0,0.9523809523809523,0.7693771210807923,0.8657821501904385,0,11
yolov9c-seg.pt,MOTS20-11,221,10,1,89,9,2,1,0.8181818181818182,0.9,0.8571428571428571,0.7887921095577535,0.8784135506986266,0,11
yolov9c-seg.pt,MOTS20-11,222,10,1,100,8,1,2,0.8888888888888888,0.8,0.8421052631578947,0.8240526517372484,0.9019897857378623,0,9
yolov9c-seg.pt,MOTS20-11,223,9,1,103,8,1,1,0.8888888888888888,0.8888888888888888,0.8888888888888888,0.8235071451245257,0.9018462528027582,1,10
yolov9c-seg.pt,MOTS20-11,224,9,1,102,8,1,1,0.8888888888888888,0.8888888888888888,0.8888888888888888,0.8200826278441785,0.899698936362967,0,9
yolov9c-seg.pt,MOTS20-11,225,9,1,91,8,2,1,0.8,0.8888888888888888,0.8421052631578947,0.8159313623301605,0.8971115613168701,0,10
yolov9c-seg.pt,MOTS20-11,226,9,1,93,8,1,1,0.8888888888888888,0.8888888888888888,0.8888888888888888,0.8237696200187995,0.9023379851712942,0,9
yolov9c-seg.pt,MOTS20-11,227,9,1,90,8,1,1,0.8888888888888888,0.8888888888888888,0.8888888888888888,0.8229376107116044,0.9021438106447536,0,9
yolov9c-seg.pt,MOTS20-11,228,9,1,78,8,1,1,0.8888888888888888,0.8888888888888888,0.8888888888888888,0.8299628776470658,0.9063556562004651,0,9
yolov9c-seg.pt,MOTS20-11,229,9,1,73,8,1,1,0.8888888888888888,0.8888888888888888,0.8888888888888888,0.8324718544348187,0.9076985435547456,0,9
yolov9c-seg.pt,MOTS20-11,230,9,1,67,8,1,1,0.8888888888888888,0.8888888888888888,0.8888888888888888,0.8301847145497171,0.906201862945911,0,9
yolov9c-seg.pt,MOTS20-11,231,9,1,67,8,0,1,1.0,0.8888888888888888,0.9411764705882353,0.8306126006290266,0.9066189177762614,0,8
yolov9c-seg.pt,MOTS20-11,232,9,1,77,8,0,1,1.0,0.8888888888888888,0.9411764705882353,0.8350790574878855,0.9091339523588207,0,8
yolov9c-seg.pt,MOTS20-11,233,9,1,67,8,1,1,0.8888888888888888,0.8888888888888888,0.8888888888888888,0.8397216004617185,0.9118781856177125,0,9
yolov9c-seg.pt,MOTS20-11,234,9,1,58,8,1,1,0.8888888888888888,0.8888888888888888,0.8888888888888888,0.8430313410530109,0.9140582327327279,0,9
yolov9c-seg.pt,MOTS20-11,235,9,1,61,8,1,1,0.8888888888888888,0.8888888888888888,0.8888888888888888,0.8427511262126591,0.9136964673613357,0,9
yolov9c-seg.pt,MOTS20-11,236,9,1,74,8,1,1,0.8888888888888888,0.8888888888888888,0.8888888888888888,0.8413614864153602,0.9129851436755824,0,9
yolov9c-seg.pt,MOTS20-11,237,9,1,70,8,0,1,1.0,0.8888888888888888,0.9411764705882353,0.8367178366523698,0.910100520425049,0,8
yolov9c-seg.pt,MOTS20-11,238,9,1,92,8,0,1,1.0,0.8888888888888888,0.9411764705882353,0.8419602362836751,0.9132370104299166,0,8
yolov9c-seg.pt,MOTS20-11,239,10,1,95,8,1,2,0.8888888888888888,0.8,0.8421052631578947,0.8357018488357308,0.9084832327150189,0,9
yolov9c-seg.pt,MOTS20-11,240,10,1,107,8,0,2,1.0,0.8,0.8888888888888888,0.8453410673515276,0.9150002281304355,0,8
yolov9c-seg.pt,MOTS20-11,241,10,1,87,9,2,1,0.8181818181818182,0.9,0.8571428571428571,0.8326121895027907,0.9063024208239798,0,11
yolov9c-seg.pt,MOTS20-11,242,10,1,86,9,1,1,0.9,0.9,0.9,0.8276102009981401,0.9017463211018075,0,10
yolov9c-seg.pt,MOTS20-11,243,10,1,88,9,4,1,0.6923076923076923,0.9,0.782608695652174,0.8269018667019377,0.9015718427674886,0,13
yolov9c-seg.pt,MOTS20-11,244,10,1,84,9,2,1,0.8181818181818182,0.9,0.8571428571428571,0.8237917436262469,0.8993181896675468,0,11
yolov9c-seg.pt,MOTS20-11,245,10,1,80,9,1,1,0.9,0.9,0.9,0.8215691314154866,0.8978486150058842,0,10
yolov9c-seg.pt,MOTS20-11,246,10,1,80,9,1,1,0.9,0.9,0.9,0.816094362429796,0.8943616236065007,0,10
yolov9c-seg.pt,MOTS20-11,247,10,1,80,9,1,1,0.9,0.9,0.9,0.8145539452811246,0.8919539934023872,0,10
yolov9c-seg.pt,MOTS20-11,248,11,1,79,8,2,3,0.8,0.7272727272727273,0.7619047619047619,0.847403289359657,0.9163360707352396,0,10
yolov9c-seg.pt,MOTS20-11,249,12,1,70,8,2,4,0.8,0.6666666666666666,0.7272727272727273,0.8530405048338862,0.9199146798145976,0,10
yolov9c-seg.pt,MOTS20-11,250,12,1,104,8,2,4,0.8,0.6666666666666666,0.7272727272727273,0.8647036627729638,0.926667789087441,0,10
yolov9c-seg.pt,MOTS20-11,251,12,1,86,9,2,3,0.8181818181818182,0.75,0.782608695652174,0.8445765177443358,0.9143667150830679,0,11
yolov9c-seg.pt,MOTS20-11,252,11,1,95,9,1,2,0.9,0.8181818181818182,0.8571428571428571,0.8609511319689805,0.9245429440365647,0,10
yolov9c-seg.pt,MOTS20-11,253,11,1,80,9,1,2,0.9,0.8181818181818182,0.8571428571428571,0.8537773806946786,0.9203974670035547,0,10
yolov9c-seg.pt,MOTS20-11,254,11,1,76,9,1,2,0.9,0.8181818181818182,0.8571428571428571,0.8395711137505112,0.9117309372005659,0,10
yolov9c-seg.pt,MOTS20-11,255,11,1,88,10,3,1,0.7692307692307693,0.9090909090909091,0.8333333333333334,0.8032785204884771,0.8876471755803428,0,13
yolov9c-seg.pt,MOTS20-11,256,11,1,80,9,2,2,0.8181818181818182,0.8181818181818182,0.8181818181818182,0.828645982039891,0.9046070287123901,0,11
yolov9c-seg.pt,MOTS20-11,257,10,1,109,8,2,2,0.8,0.8,0.8,0.8210611533570347,0.8985494725677167,1,11
yolov9c-seg.pt,MOTS20-11,258,10,1,118,10,2,0,0.8333333333333334,1.0,0.9090909090909091,0.8146978882025173,0.8955191804018845,1,13
yolov9c-seg.pt,MOTS20-11,259,10,1,125,10,1,0,0.9090909090909091,1.0,0.9523809523809523,0.8268849946275857,0.9030110639259252,1,12
yolov9c-seg.pt,MOTS20-11,260,10,1,85,9,2,1,0.8181818181818182,0.9,0.8571428571428571,0.8358071698604773,0.907005758944551,0,11
yolov9c-seg.pt,MOTS20-11,261,10,1,67,10,0,0,1.0,1.0,1.0,0.8218053663656898,0.8993879292241944,0,10
yolov9c-seg.pt,MOTS20-11,262,10,1,65,10,1,0,0.9090909090909091,1.0,0.9523809523809523,0.8326608426147543,0.9065879154208405,0,11
yolov9c-seg.pt,MOTS20-11,263,10,1,44,10,0,0,1.0,1.0,1.0,0.8333610591374964,0.9074748490289443,0,10
yolov9c-seg.pt,MOTS20-11,264,10,1,39,10,0,0,1.0,1.0,1.0,0.8309978287272962,0.9057906260273901,0,10
yolov9c-seg.pt,MOTS20-11,265,10,1,54,10,0,0,1.0,1.0,1.0,0.8288486121409061,0.9040824641503173,0,10
yolov9c-seg.pt,MOTS20-11,266,10,1,72,10,0,0,1.0,1.0,1.0,0.8442545725822894,0.9128675912505309,0,10
yolov9c-seg.pt,MOTS20-11,267,10,1,89,10,0,0,1.0,1.0,1.0,0.8376150308909187,0.909400660301593,0,10
yolov9c-seg.pt,MOTS20-11,268,10,1,107,10,0,0,1.0,1.0,1.0,0.836129492374706,0.9082017517994393,0,10
yolov9c-seg.pt,MOTS20-11,269,9,1,103,9,2,0,0.8181818181818182,1.0,0.9,0.8133511361350834,0.8939558331392264,0,11
yolov9c-seg.pt,MOTS20-11,270,9,1,94,9,1,0,0.9,1.0,0.9473684210526315,0.8126160454343029,0.8935181509537373,0,10
yolov9c-seg.pt,MOTS20-11,271,10,1,101,10,0,0,1.0,1.0,1.0,0.8168938720521295,0.8964367013619906,0,10
yolov9c-seg.pt,MOTS20-11,272,9,1,80,9,0,0,1.0,1.0,1.0,0.8308586239464473,0.9055266761605646,1,10
yolov9c-seg.pt,MOTS20-11,273,9,1,68,9,0,0,1.0,1.0,1.0,0.8397322403378529,0.9112457909506718,1,10
yolov9c-seg.pt,MOTS20-11,274,9,1,76,9,0,0,1.0,1.0,1.0,0.833532256310963,0.9074251781683215,0,9
yolov9c-seg.pt,MOTS20-11,275,9,1,77,9,0,0,1.0,1.0,1.0,0.8278990859999873,0.9043026708964648,0,9
yolov9c-seg.pt,MOTS20-11,276,9,1,75,9,0,0,1.0,1.0,1.0,0.8203224742423395,0.8996970334632434,0,9
yolov9c-seg.pt,MOTS20-11,277,9,1,82,9,0,0,1.0,1.0,1.0,0.8270179155411048,0.9032062385460112,0,9
yolov9c-seg.pt,MOTS20-11,278,9,1,87,9,0,0,1.0,1.0,1.0,0.8203822375124123,0.8991645844675225,0,9
yolov9c-seg.pt,MOTS20-11,279,9,1,85,9,0,0,1.0,1.0,1.0,0.8247421048769147,0.9016972969040338,0,9
yolov9c-seg.pt,MOTS20-11,280,9,1,84,9,0,0,1.0,1.0,1.0,0.8138082291636937,0.8927402515113548,0,9
yolov9c-seg.pt,MOTS20-11,281,9,1,77,9,0,0,1.0,1.0,1.0,0.7961245206127908,0.8826973600411524,0,9
yolov9c-seg.pt,MOTS20-11,282,9,1,69,9,0,0,1.0,1.0,1.0,0.7953812459948835,0.8811438556899175,0,9
yolov9c-seg.pt,MOTS20-11,283,8,1,82,8,0,0,1.0,1.0,1.0,0.803404867953253,0.8859245801309285,1,9
yolov9c-seg.pt,MOTS20-11,284,8,1,85,8,1,0,0.8888888888888888,1.0,0.9411764705882353,0.8133569498262045,0.8922614426732652,1,10
yolov9c-seg.pt,MOTS20-11,285,8,1,90,8,0,0,1.0,1.0,1.0,0.812631475752357,0.8918022528593765,2,10
yolov9c-seg.pt,MOTS20-11,286,8,1,82,8,1,0,0.8888888888888888,1.0,0.9411764705882353,0.8035344083339836,0.8866440213559312,1,10
yolov9c-seg.pt,MOTS20-11,287,8,1,98,8,1,0,0.8888888888888888,1.0,0.9411764705882353,0.8119794873043085,0.891671068365715,1,10
yolov9c-seg.pt,MOTS20-11,288,8,1,98,8,1,0,0.8888888888888888,1.0,0.9411764705882353,0.8118436418307269,0.8912668496958287,0,9
yolov9c-seg.pt,MOTS20-11,289,8,1,91,8,1,0,0.8888888888888888,1.0,0.9411764705882353,0.8311700605874516,0.9045209214802157,0,9
yolov9c-seg.pt,MOTS20-11,290,8,1,90,8,1,0,0.8888888888888888,1.0,0.9411764705882353,0.8256648506501106,0.9012526147208175,0,9
yolov9c-seg.pt,MOTS20-11,291,8,1,69,8,1,0,0.8888888888888888,1.0,0.9411764705882353,0.8173138007606274,0.8969812290732031,0,9
yolov9c-seg.pt,MOTS20-11,292,8,1,75,8,1,0,0.8888888888888888,1.0,0.9411764705882353,0.8331136549006433,0.9065491114414126,1,10
yolov9c-seg.pt,MOTS20-11,293,8,1,84,8,1,0,0.8888888888888888,1.0,0.9411764705882353,0.8236533528378935,0.9001909756024762,1,10
yolov9c-seg.pt,MOTS20-11,294,8,1,68,8,2,0,0.8,1.0,0.8888888888888888,0.8422854465351255,0.9125185623262523,1,11
yolov9c-seg.pt,MOTS20-11,295,8,1,75,8,0,0,1.0,1.0,1.0,0.8459023981340656,0.9142679132109937,1,9
yolov9c-seg.pt,MOTS20-11,296,8,1,92,8,1,0,0.8888888888888888,1.0,0.9411764705882353,0.8303955716243979,0.9050188453332499,0,9
yolov9c-seg.pt,MOTS20-11,297,8,1,87,8,1,0,0.8888888888888888,1.0,0.9411764705882353,0.8177300980809314,0.8940253754566709,0,9
yolov9c-seg.pt,MOTS20-11,298,8,1,102,8,2,0,0.8,1.0,0.8888888888888888,0.8200594913534012,0.8956719541873277,0,10
yolov9c-seg.pt,MOTS20-11,299,8,1,87,8,2,0,0.8,1.0,0.8888888888888888,0.8255876836524565,0.899856528839521,0,10
yolov9c-seg.pt,MOTS20-11,300,9,1,71,8,0,1,1.0,0.8888888888888888,0.9411764705882353,0.8167813799804291,0.8928405788031577,0,8
yolov9c-seg.pt,MOTS20-11,301,10,1,90,8,2,2,0.8,0.8,0.8,0.8182265713707589,0.8937980981191123,0,10
yolov9c-seg.pt,MOTS20-11,302,10,1,82,8,1,2,0.8888888888888888,0.8,0.8421052631578947,0.8205646299646829,0.8950143049835828,0,9
yolov9c-seg.pt,MOTS20-11,303,10,1,72,8,1,2,0.8888888888888888,0.8,0.8421052631578947,0.8289920625328542,0.9011158071119497,0,9
yolov9c-seg.pt,MOTS20-11,304,10,1,76,8,1,2,0.8888888888888888,0.8,0.8421052631578947,0.8318228649757851,0.903202277224873,0,9
yolov9c-seg.pt,MOTS20-11,305,11,1,63,8,2,3,0.8,0.7272727272727273,0.7619047619047619,0.8318529984285423,0.9030828309429574,0,10
yolov9c-seg.pt,MOTS20-11,306,11,1,63,8,2,3,0.8,0.7272727272727273,0.7619047619047619,0.8408437085896732,0.9091479133396708,0,10
yolov9c-seg.pt,MOTS20-11,307,11,1,76,8,2,3,0.8,0.7272727272727273,0.7619047619047619,0.823881607106048,0.8973751899871569,1,11
yolov9c-seg.pt,MOTS20-11,308,11,1,88,8,1,3,0.8888888888888888,0.7272727272727273,0.8,0.8373875694054301,0.9074571869345209,1,10
yolov9c-seg.pt,MOTS20-11,309,10,1,73,6,1,4,0.8571428571428571,0.6,0.7058823529411765,0.8849587099120461,0.9383545790503779,2,9
yolov9c-seg.pt,MOTS20-11,310,10,1,73,7,0,3,1.0,0.7,0.8235294117647058,0.8349491588341397,0.9049401587484994,2,9
yolov9c-seg.pt,MOTS20-11,311,11,1,97,8,0,3,1.0,0.7272727272727273,0.8421052631578947,0.8142151777708561,0.8930288720015357,1,9
yolov9c-seg.pt,MOTS20-11,312,10,1,108,7,0,3,1.0,0.7,0.8235294117647058,0.836504958728452,0.9056829297638426,2,9
yolov9c-seg.pt,MOTS20-11,313,10,1,91,8,0,2,1.0,0.8,0.8888888888888888,0.8082771330953963,0.8863548096399066,2,10
yolov9c-seg.pt,MOTS20-11,314,10,1,101,8,1,2,0.8888888888888888,0.8,0.8421052631578947,0.8093526002003176,0.8886746033351193,1,10
yolov9c-seg.pt,MOTS20-11,315,10,1,100,7,1,3,0.875,0.7,0.7777777777777778,0.8391611220802749,0.9075972200462029,1,9
yolov9c-seg.pt,MOTS20-11,316,10,1,96,7,2,3,0.7777777777777778,0.7,0.7368421052631579,0.8390956784372438,0.9089005823662258,0,9
yolov9c-seg.pt,MOTS20-11,317,10,1,83,7,1,3,0.875,0.7,0.7777777777777778,0.8373881218758642,0.9063400954581535,0,8
yolov9c-seg.pt,MOTS20-11,318,10,1,77,8,1,2,0.8888888888888888,0.8,0.8421052631578947,0.8130684087107716,0.8905778336069892,0,9
yolov9c-seg.pt,MOTS20-11,319,9,1,104,8,1,1,0.8888888888888888,0.8888888888888888,0.8888888888888888,0.8147590231616622,0.8918328043900121,0,9
yolov9c-seg.pt,MOTS20-11,320,9,1,84,8,2,1,0.8,0.8888888888888888,0.8421052631578947,0.8175051984964937,0.8940039887988513,0,10
yolov9c-seg.pt,MOTS20-11,321,9,1,83,7,2,2,0.7777777777777778,0.7777777777777778,0.7777777777777778,0.8533321114978069,0.9182917644064413,2,11
yolov9c-seg.pt,MOTS20-11,322,9,1,102,8,2,1,0.8,0.8888888888888888,0.8421052631578947,0.8119344834278435,0.8910672668572898,1,11
yolov9c-seg.pt,MOTS20-11,323,9,1,98,7,2,2,0.7777777777777778,0.7777777777777778,0.7777777777777778,0.8148993302716364,0.8932327817707346,1,10
yolov9c-seg.pt,MOTS20-11,324,9,1,109,7,1,2,0.875,0.7777777777777778,0.8235294117647058,0.8091640261758669,0.8885958605492282,1,9
yolov9c-seg.pt,MOTS20-11,325,9,1,107,6,1,3,0.8571428571428571,0.6666666666666666,0.75,0.8603953057354231,0.9221504351707531,3,10
yolov9c-seg.pt,MOTS20-11,326,9,1,128,7,0,2,1.0,0.7777777777777778,0.875,0.8179557804532852,0.8946519484191534,3,10
yolov9c-seg.pt,MOTS20-11,327,8,1,121,6,0,2,1.0,0.75,0.8571428571428571,0.8480243327552229,0.9139494124212315,2,8
yolov9c-seg.pt,MOTS20-11,328,9,1,116,7,1,2,0.875,0.7777777777777778,0.8235294117647058,0.8134692082144108,0.8918518605722399,2,10
yolov9c-seg.pt,MOTS20-11,329,9,1,105,6,3,3,0.6666666666666666,0.6666666666666666,0.6666666666666666,0.7970677843023303,0.880418973438001,2,11
yolov9c-seg.pt,MOTS20-11,330,9,1,115,7,1,2,0.875,0.7777777777777778,0.8235294117647058,0.7903324571727799,0.8772969629988674,2,10
yolov9c-seg.pt,MOTS20-11,331,10,1,98,6,2,4,0.75,0.6,0.6666666666666666,0.8185177152441289,0.8965541166750667,1,9
yolov9c-seg.pt,MOTS20-11,332,8,1,114,6,1,2,0.8571428571428571,0.75,0.8,0.8545429115561354,0.919956653455452,2,9
yolov9c-seg.pt,MOTS20-11,333,9,1,115,6,1,3,0.8571428571428571,0.6666666666666666,0.75,0.852111286551088,0.9184943109803497,2,9
yolov9c-seg.pt,MOTS20-11,334,9,1,102,6,1,3,0.8571428571428571,0.6666666666666666,0.75,0.8589234539795786,0.9225935033402494,3,10
yolov9c-seg.pt,MOTS20-11,335,9,1,106,7,0,2,1.0,0.7777777777777778,0.875,0.8052836584360351,0.8852045497638306,3,10
yolov9c-seg.pt,MOTS20-11,336,7,1,111,7,0,0,1.0,1.0,1.0,0.7859230068246709,0.873453148352577,1,8
yolov9c-seg.pt,MOTS20-11,337,7,1,124,7,1,0,0.875,1.0,0.9333333333333333,0.8140781883988834,0.8934332642793935,0,8
yolov9c-seg.pt,MOTS20-11,338,7,1,124,7,1,0,0.875,1.0,0.9333333333333333,0.8062411931993273,0.8894942095155706,2,10
yolov9c-seg.pt,MOTS20-11,339,7,1,110,7,1,0,0.875,1.0,0.9333333333333333,0.813146065921778,0.8941251731743992,2,10
yolov9c-seg.pt,MOTS20-11,340,7,1,76,7,0,0,1.0,1.0,1.0,0.7913113617850813,0.8795534128088397,2,9
yolov9c-seg.pt,MOTS20-11,341,7,1,77,7,0,0,1.0,1.0,1.0,0.7791423464472047,0.8707893757040971,1,8
yolov9c-seg.pt,MOTS20-11,342,7,1,84,6,1,1,0.8571428571428571,0.8571428571428571,0.8571428571428571,0.794432344858234,0.8812898260309892,2,9
yolov9c-seg.pt,MOTS20-11,343,7,1,87,6,1,1,0.8571428571428571,0.8571428571428571,0.8571428571428571,0.7814408651184355,0.8723454156163295,2,9
yolov9c-seg.pt,MOTS20-11,344,7,1,71,6,0,1,1.0,0.8571428571428571,0.9230769230769231,0.7833407925782602,0.8748879540451088,2,8
yolov9c-seg.pt,MOTS20-11,345,7,1,73,6,0,1,1.0,0.8571428571428571,0.9230769230769231,0.7638323668386785,0.8607902469731165,2,8
yolov9c-seg.pt,MOTS20-11,346,7,1,84,6,1,1,0.8571428571428571,0.8571428571428571,0.8571428571428571,0.7979714543767122,0.8843508841213966,2,9
yolov9c-seg.pt,MOTS20-11,347,7,1,89,6,1,1,0.8571428571428571,0.8571428571428571,0.8571428571428571,0.8192858690724281,0.8992073614168818,2,9
yolov9c-seg.pt,MOTS20-11,348,6,1,97,6,0,0,1.0,1.0,1.0,0.8283059765943804,0.9051660929879306,3,9
yolov9c-seg.pt,MOTS20-11,349,6,1,111,6,1,0,0.8571428571428571,1.0,0.9230769230769231,0.8455340376866869,0.9156807800867265,2,9
yolov9c-seg.pt,MOTS20-11,350,6,1,111,6,1,0,0.8571428571428571,1.0,0.9230769230769231,0.8419565092907781,0.9135463969008003,2,9
yolov9c-seg.pt,MOTS20-11,351,6,1,100,6,1,0,0.8571428571428571,1.0,0.9230769230769231,0.8443921623616628,0.9151823774028495,2,9
yolov9c-seg.pt,MOTS20-11,352,6,1,96,6,0,0,1.0,1.0,1.0,0.8614925560459655,0.9252700998103318,2,8
yolov9c-seg.pt,MOTS20-11,353,6,1,103,6,0,0,1.0,1.0,1.0,0.8720487538560479,0.9313245046430838,2,8
yolov9c-seg.pt,MOTS20-11,354,6,1,116,6,0,0,1.0,1.0,1.0,0.8473826360465132,0.9167982139801368,2,8
yolov9c-seg.pt,MOTS20-11,355,6,1,94,6,1,0,0.8571428571428571,1.0,0.9230769230769231,0.8497839771133999,0.9182178240841443,2,9
yolov9c-seg.pt,MOTS20-11,356,6,1,96,6,1,0,0.8571428571428571,1.0,0.9230769230769231,0.8508315738525835,0.9190705193470267,2,9
yolov9c-seg.pt,MOTS20-11,357,6,1,81,6,1,0,0.8571428571428571,1.0,0.9230769230769231,0.8534844011665769,0.9204867441584743,2,9
yolov9c-seg.pt,MOTS20-11,358,6,1,93,6,1,0,0.8571428571428571,1.0,0.9230769230769231,0.8512375833197768,0.9190683599580814,3,10
yolov9c-seg.pt,MOTS20-11,359,6,1,83,6,1,0,0.8571428571428571,1.0,0.9230769230769231,0.864409975227956,0.9267478359757876,3,10
yolov9c-seg.pt,MOTS20-11,360,6,1,105,6,3,0,0.6666666666666666,1.0,0.8,0.8634898391934845,0.9261347701353038,2,11
yolov9c-seg.pt,MOTS20-11,361,6,1,92,6,2,0,0.75,1.0,0.8571428571428571,0.866060733799908,0.927722875877611,3,11
yolov9c-seg.pt,MOTS20-11,362,6,1,109,6,1,0,0.8571428571428571,1.0,0.9230769230769231,0.8643219457131289,0.9267183804498952,3,10
yolov9c-seg.pt,MOTS20-11,363,6,1,105,6,2,0,0.75,1.0,0.8571428571428571,0.8639770315780787,0.9265682458162282,2,10
yolov9c-seg.pt,MOTS20-11,364,6,1,95,6,2,0,0.75,1.0,0.8571428571428571,0.8615043124933508,0.9249830391322416,2,10
yolov9c-seg.pt,MOTS20-11,365,6,1,103,6,1,0,0.8571428571428571,1.0,0.9230769230769231,0.858711890972922,0.9234427261180801,2,9
yolov9c-seg.pt,MOTS20-11,366,6,1,88,6,2,0,0.75,1.0,0.8571428571428571,0.855822945856297,0.9216939071472056,2,10
yolov9c-seg.pt,MOTS20-11,367,6,1,125,6,2,0,0.75,1.0,0.8571428571428571,0.8591789972448328,0.9236325709706926,2,10
yolov9c-seg.pt,MOTS20-11,368,6,1,137,6,3,0,0.6666666666666666,1.0,0.8,0.865885658646813,0.9275413446341222,2,11
yolov9c-seg.pt,MOTS20-11,369,7,1,125,6,4,1,0.6,0.8571428571428571,0.7058823529411765,0.8653044238976831,0.927172983032771,1,11
yolov9c-seg.pt,MOTS20-11,370,7,1,134,5,2,2,0.7142857142857143,0.7142857142857143,0.7142857142857143,0.8787851837767038,0.9349450147532006,1,8
yolov9c-seg.pt,MOTS20-11,371,7,1,123,7,2,0,0.7777777777777778,1.0,0.875,0.8531285027682758,0.9198204364598114,1,10
yolov9c-seg.pt,MOTS20-11,372,7,1,118,7,2,0,0.7777777777777778,1.0,0.875,0.8463374467818835,0.9156855207687078,1,10
yolov9c-seg.pt,MOTS20-11,373,7,1,116,7,2,0,0.7777777777777778,1.0,0.875,0.8567623418219775,0.9219918155892802,2,11
yolov9c-seg.pt,MOTS20-11,374,7,1,124,7,2,0,0.7777777777777778,1.0,0.875,0.8514084814197878,0.9188026356156309,1,10
yolov9c-seg.pt,MOTS20-11,375,7,1,125,7,2,0,0.7777777777777778,1.0,0.875,0.8537080637331894,0.9201455388753936,1,10
yolov9c-seg.pt,MOTS20-11,376,7,1,120,7,2,0,0.7777777777777778,1.0,0.875,0.8516751501857055,0.9189367448352226,1,10
yolov9c-seg.pt,MOTS20-11,377,7,1,129,7,2,0,0.7777777777777778,1.0,0.875,0.8612900951487715,0.9249318695810916,1,10
yolov9c-seg.pt,MOTS20-11,378,8,1,118,7,2,1,0.7777777777777778,0.875,0.8235294117647058,0.8618194317495507,0.925166986334229,1,10
yolov9c-seg.pt,MOTS20-11,379,8,1,115,7,2,1,0.7777777777777778,0.875,0.8235294117647058,0.8647863808533943,0.9268271419594584,0,9
yolov9c-seg.pt,MOTS20-11,380,8,1,125,7,1,1,0.875,0.875,0.875,0.8562041339320696,0.9214875241897023,0,8
yolov9c-seg.pt,MOTS20-11,381,8,1,129,7,0,1,1.0,0.875,0.9333333333333333,0.8617991491778115,0.9250772319395948,0,7
yolov9c-seg.pt,MOTS20-11,382,8,1,121,7,0,1,1.0,0.875,0.9333333333333333,0.8562650664154999,0.9219501853157527,0,7
yolov9c-seg.pt,MOTS20-11,383,8,1,133,7,0,1,1.0,0.875,0.9333333333333333,0.8518863768752328,0.9192418863654043,0,7
yolov9c-seg.pt,MOTS20-11,384,8,1,134,7,0,1,1.0,0.875,0.9333333333333333,0.8572084723899367,0.9226647034171531,0,7
yolov9c-seg.pt,MOTS20-11,385,8,1,114,7,0,1,1.0,0.875,0.9333333333333333,0.8490527718130051,0.9175867083750621,0,7
yolov9c-seg.pt,MOTS20-11,386,8,1,104,7,0,1,1.0,0.875,0.9333333333333333,0.8447738029125837,0.9151166704769105,0,7
yolov9c-seg.pt,MOTS20-11,387,8,1,105,7,0,1,1.0,0.875,0.9333333333333333,0.8542391902883233,0.9207591797176675,0,7
yolov9c-seg.pt,MOTS20-11,388,8,1,101,7,0,1,1.0,0.875,0.9333333333333333,0.8523010587810091,0.9197077466648501,0,7
yolov9c-seg.pt,MOTS20-11,389,8,1,94,7,0,1,1.0,0.875,0.9333333333333333,0.8553964920991403,0.9215306318220223,0,7
yolov9c-seg.pt,MOTS20-11,390,8,1,114,7,0,1,1.0,0.875,0.9333333333333333,0.854599485212379,0.9208181782714913,0,7
yolov9c-seg.pt,MOTS20-11,391,8,1,105,7,0,1,1.0,0.875,0.9333333333333333,0.8548422119033015,0.9209878547831257,0,7
yolov9c-seg.pt,MOTS20-11,392,8,1,113,7,0,1,1.0,0.875,0.9333333333333333,0.8551024916744758,0.9209319586807776,0,7
yolov9c-seg.pt,MOTS20-11,393,8,1,117,7,0,1,1.0,0.875,0.9333333333333333,0.8667631172761819,0.928119070468184,0,7
yolov9c-seg.pt,MOTS20-11,394,8,1,116,7,0,1,1.0,0.875,0.9333333333333333,0.863469505851424,0.9259198726704136,1,8
yolov9c-seg.pt,MOTS20-11,395,8,1,133,7,0,1,1.0,0.875,0.9333333333333333,0.8606920552028015,0.9243505392591537,0,7
yolov9c-seg.pt,MOTS20-11,396,8,1,118,7,0,1,1.0,0.875,0.9333333333333333,0.8677754623234344,0.9283111852795873,0,7
yolov9c-seg.pt,MOTS20-11,397,8,1,132,7,1,1,0.875,0.875,0.875,0.8666934584791859,0.9278000426956686,0,8
yolov9c-seg.pt,MOTS20-11,398,8,1,117,7,0,1,1.0,0.875,0.9333333333333333,0.8777064726344743,0.9342846237691375,0,7
yolov9c-seg.pt,MOTS20-11,399,8,1,125,7,1,1,0.875,0.875,0.875,0.8807549975530341,0.9360904214200328,0,8
yolov9c-seg.pt,MOTS20-11,400,8,1,114,7,0,1,1.0,0.875,0.9333333333333333,0.87387310444732,0.9322010414985706,0,7
yolov9c-seg.pt,MOTS20-11,401,8,1,108,7,0,1,1.0,0.875,0.9333333333333333,0.8702856453988821,0.9301751467829945,0,7
yolov9c-seg.pt,MOTS20-11,402,8,1,99,7,1,1,0.875,0.875,0.875,0.8787984029652919,0.9350999256307048,0,8
yolov9c-seg.pt,MOTS20-11,403,8,1,115,7,0,1,1.0,0.875,0.9333333333333333,0.8717815852366579,0.9310264591180589,0,7
yolov9c-seg.pt,MOTS20-11,404,8,1,129,7,0,1,1.0,0.875,0.9333333333333333,0.8644587773713361,0.9263282838304868,0,7
yolov9c-seg.pt,MOTS20-11,405,8,1,113,7,0,1,1.0,0.875,0.9333333333333333,0.8528838386631729,0.9189586285916506,0,7
yolov9c-seg.pt,MOTS20-11,406,8,1,87,7,0,1,1.0,0.875,0.9333333333333333,0.8337399555658834,0.9054795163604245,0,7
yolov9c-seg.pt,MOTS20-11,407,8,1,73,7,0,1,1.0,0.875,0.9333333333333333,0.8292639202713874,0.9030773543384388,0,7
yolov9c-seg.pt,MOTS20-11,408,8,1,81,8,0,0,1.0,1.0,1.0,0.8255176742920269,0.9014731990393938,0,8
yolov9c-seg.pt,MOTS20-11,409,8,1,76,8,0,0,1.0,1.0,1.0,0.8447738685121307,0.913302782819561,0,8
yolov9c-seg.pt,MOTS20-11,410,8,1,85,8,0,0,1.0,1.0,1.0,0.8489918299255568,0.9162488389926382,0,8
yolov9c-seg.pt,MOTS20-11,411,8,1,81,8,0,0,1.0,1.0,1.0,0.8452894476303399,0.9137194604333463,0,8
yolov9c-seg.pt,MOTS20-11,412,8,1,69,8,0,0,1.0,1.0,1.0,0.8452603980986768,0.9142653356703303,0,8
yolov9c-seg.pt,MOTS20-11,413,8,1,91,8,0,0,1.0,1.0,1.0,0.8475102764598823,0.9153584034786804,0,8
yolov9c-seg.pt,MOTS20-11,414,8,1,70,8,0,0,1.0,1.0,1.0,0.8392341459583943,0.9099168491312694,0,8
yolov9c-seg.pt,MOTS20-11,415,8,1,61,8,0,0,1.0,1.0,1.0,0.836341775975288,0.9078461952289782,0,8
yolov9c-seg.pt,MOTS20-11,416,8,1,75,8,0,0,1.0,1.0,1.0,0.8165222271266092,0.8945304727371093,0,8
yolov9c-seg.pt,MOTS20-11,417,9,1,76,8,0,1,1.0,0.8888888888888888,0.9411764705882353,0.8080111309659794,0.8874955779369998,0,8
yolov9c-seg.pt,MOTS20-11,418,9,1,75,7,1,2,0.875,0.7777777777777778,0.8235294117647058,0.8542769972992987,0.9197966246539708,1,9
yolov9c-seg.pt,MOTS20-11,419,9,1,75,7,1,2,0.875,0.7777777777777778,0.8235294117647058,0.8448604109904606,0.9138325917620106,0,8
yolov9c-seg.pt,MOTS20-11,420,8,1,83,7,1,1,0.875,0.875,0.875,0.8582605595868767,0.9219583002218731,1,9
yolov9c-seg.pt,MOTS20-11,421,8,1,84,7,1,1,0.875,0.875,0.875,0.858200309581946,0.9221492651486748,0,8
yolov9c-seg.pt,MOTS20-11,422,8,1,98,8,1,0,0.8888888888888888,1.0,0.9411764705882353,0.8127795287027719,0.8901635909858343,0,9
yolov9c-seg.pt,MOTS20-11,423,8,1,97,8,1,0,0.8888888888888888,1.0,0.9411764705882353,0.8276849609467787,0.9003423804243236,1,10
yolov9c-seg.pt,MOTS20-11,424,8,1,89,8,0,0,1.0,1.0,1.0,0.8355529971067719,0.9066881463048337,1,9
yolov9c-seg.pt,MOTS20-11,425,9,1,73,9,0,0,1.0,1.0,1.0,0.8315466121389147,0.9062873901954244,1,10
yolov9c-seg.pt,MOTS20-11,426,9,1,82,9,0,0,1.0,1.0,1.0,0.8171202709225814,0.8971750803973504,1,10
yolov9c-seg.pt,MOTS20-11,427,10,1,67,10,1,0,0.9090909090909091,1.0,0.9523809523809523,0.777825215298066,0.8703877406919023,0,11
yolov9c-seg.pt,MOTS20-11,428,11,1,87,10,1,1,0.9090909090909091,0.9090909090909091,0.9090909090909091,0.7776204797877067,0.8702164054291922,2,13
yolov9c-seg.pt,MOTS20-11,429,11,1,99,10,1,1,0.9090909090909091,0.9090909090909091,0.9090909090909091,0.778113257793273,0.8704498080126541,2,13
yolov9c-seg.pt,MOTS20-11,430,11,1,101,9,0,2,1.0,0.8181818181818182,0.9,0.809165846133503,0.8920848801830571,0,9
yolov9c-seg.pt,MOTS20-11,431,11,1,109,10,0,1,1.0,0.9090909090909091,0.9523809523809523,0.7781313080932527,0.8697092959755249,0,10
yolov9c-seg.pt,MOTS20-11,432,11,1,90,9,0,2,1.0,0.8181818181818182,0.9,0.8080753249752335,0.8909100003278376,0,9
yolov9c-seg.pt,MOTS20-11,433,11,1,78,9,0,2,1.0,0.8181818181818182,0.9,0.8115980447080875,0.8932641846480267,0,9
yolov9c-seg.pt,MOTS20-11,434,11,1,94,9,0,2,1.0,0.8181818181818182,0.9,0.8177500737108498,0.8975026370438905,0,9
yolov9c-seg.pt,MOTS20-11,435,11,1,86,9,0,2,1.0,0.8181818181818182,0.9,0.8336013610721035,0.9071982788638745,0,9
yolov9c-seg.pt,MOTS20-11,436,11,1,95,9,0,2,1.0,0.8181818181818182,0.9,0.8215821190361609,0.8997017484906517,0,9
yolov9c-seg.pt,MOTS20-11,437,11,1,89,9,1,2,0.9,0.8181818181818182,0.8571428571428571,0.8306952339786721,0.9054799971420007,0,10
yolov9c-seg.pt,MOTS20-11,438,11,1,91,9,0,2,1.0,0.8181818181818182,0.9,0.8294397762756881,0.9048103849950296,0,9
yolov9c-seg.pt,MOTS20-11,439,11,1,92,9,0,2,1.0,0.8181818181818182,0.9,0.8281388079593939,0.9041268513992858,0,9
yolov9c-seg.pt,MOTS20-11,440,11,1,87,9,0,2,1.0,0.8181818181818182,0.9,0.8127448469074507,0.8939937523884599,0,9
yolov9c-seg.pt,MOTS20-11,441,11,1,67,9,0,2,1.0,0.8181818181818182,0.9,0.8123306709386884,0.8938653638996362,0,9
yolov9c-seg.pt,MOTS20-11,442,11,1,84,9,1,2,0.9,0.8181818181818182,0.8571428571428571,0.8171086574702622,0.8972734980570818,0,10
yolov9c-seg.pt,MOTS20-11,443,10,1,88,9,2,1,0.8181818181818182,0.9,0.8571428571428571,0.82059772548453,0.899435438844944,0,11
yolov9c-seg.pt,MOTS20-11,444,10,1,97,9,2,1,0.8181818181818182,0.9,0.8571428571428571,0.8275140879409166,0.9038989791192529,0,11
yolov9c-seg.pt,MOTS20-11,445,10,1,98,9,0,1,1.0,0.9,0.9473684210526315,0.8173482439459057,0.8979860429565409,0,9
yolov9c-seg.pt,MOTS20-11,446,10,1,96,10,1,0,0.9090909090909091,1.0,0.9523809523809523,0.7683919890884864,0.865099250242725,0,11
yolov9c-seg.pt,MOTS20-11,447,10,1,103,10,1,0,0.9090909090909091,1.0,0.9523809523809523,0.802658227112515,0.8879965636016662,0,11
yolov9c-seg.pt,MOTS20-11,448,10,1,112,10,1,0,0.9090909090909091,1.0,0.9523809523809523,0.7958585733142332,0.8826779250215943,1,12
yolov9c-seg.pt,MOTS20-11,449,9,1,110,9,0,0,1.0,1.0,1.0,0.788169009315005,0.8779979330848562,1,10
yolov9c-seg.pt,MOTS20-11,450,9,1,110,9,0,0,1.0,1.0,1.0,0.7903709202607533,0.8799083955631016,1,10
yolov9c-seg.pt,MOTS20-11,451,9,1,80,9,1,0,0.9,1.0,0.9473684210526315,0.791457306307819,0.8808625946361438,1,11
yolov9c-seg.pt,MOTS20-11,452,9,1,98,9,1,0,0.9,1.0,0.9473684210526315,0.8033124943736574,0.8884888248625219,1,11
yolov9c-seg.pt,MOTS20-11,453,9,1,102,9,1,0,0.9,1.0,0.9473684210526315,0.8063000125306812,0.8906982846814453,1,11
yolov9c-seg.pt,MOTS20-11,454,9,1,99,9,0,0,1.0,1.0,1.0,0.8161206446163756,0.8970177370136176,2,11
yolov9c-seg.pt,MOTS20-11,455,9,1,97,9,0,0,1.0,1.0,1.0,0.8303315557729282,0.9061689863611309,2,11
yolov9c-seg.pt,MOTS20-11,456,9,1,96,9,0,0,1.0,1.0,1.0,0.810624981648121,0.8930014708741025,2,11
yolov9c-seg.pt,MOTS20-11,457,9,1,110,9,0,0,1.0,1.0,1.0,0.824954228770443,0.9030787577844686,0,9
yolov9c-seg.pt,MOTS20-11,458,9,1,121,9,0,0,1.0,1.0,1.0,0.8193941924269139,0.8993851874382721,1,10
yolov9c-seg.pt,MOTS20-11,459,9,1,121,9,0,0,1.0,1.0,1.0,0.8106111170578109,0.8936458157623878,2,11
yolov9c-seg.pt,MOTS20-11,460,9,1,120,8,0,1,1.0,0.8888888888888888,0.9411764705882353,0.81269733597543,0.8951097551272823,1,9
yolov9c-seg.pt,MOTS20-11,461,9,1,130,8,0,1,1.0,0.8888888888888888,0.9411764705882353,0.7919561132260189,0.8823103228501115,1,9
yolov9c-seg.pt,MOTS20-11,462,9,1,110,8,0,1,1.0,0.8888888888888888,0.9411764705882353,0.8046183173781706,0.8906148666183655,1,9
yolov9c-seg.pt,MOTS20-11,463,8,1,88,8,0,0,1.0,1.0,1.0,0.8031788269868514,0.8891981702121629,0,8
yolov9c-seg.pt,MOTS20-11,464,8,1,89,8,0,0,1.0,1.0,1.0,0.8038217930886438,0.889901264688385,0,8
yolov9c-seg.pt,MOTS20-11,465,8,1,91,8,0,0,1.0,1.0,1.0,0.8017003254615827,0.8882597575690562,0,8
yolov9c-seg.pt,MOTS20-11,466,8,1,93,8,0,0,1.0,1.0,1.0,0.7954150103730464,0.8846004677565653,2,10
yolov9c-seg.pt,MOTS20-11,467,8,1,96,8,0,0,1.0,1.0,1.0,0.8031491868410159,0.8881351706978566,2,10
yolov9c-seg.pt,MOTS20-11,468,8,1,117,8,0,0,1.0,1.0,1.0,0.7789157121486874,0.8702023731034763,2,10
yolov9c-seg.pt,MOTS20-11,469,8,1,93,8,0,0,1.0,1.0,1.0,0.7927098273688085,0.8816950277086688,1,9
yolov9c-seg.pt,MOTS20-11,470,8,1,83,7,0,1,1.0,0.875,0.9333333333333333,0.8156648400777659,0.8973360528118032,1,8
yolov9c-seg.pt,MOTS20-11,471,8,1,71,7,0,1,1.0,0.875,0.9333333333333333,0.8185576255264363,0.8989768077921916,0,7
yolov9c-seg.pt,MOTS20-11,472,8,1,84,7,0,1,1.0,0.875,0.9333333333333333,0.8235059349023718,0.9017541481354553,1,8
yolov9c-seg.pt,MOTS20-11,473,9,1,73,7,0,2,1.0,0.7777777777777778,0.875,0.8249310467295482,0.9027288891984412,0,7
yolov9c-seg.pt,MOTS20-11,474,8,1,74,7,0,1,1.0,0.875,0.9333333333333333,0.8248473538630793,0.902064602469647,0,7
yolov9c-seg.pt,MOTS20-11,475,8,1,73,7,0,1,1.0,0.875,0.9333333333333333,0.8177399476428305,0.8962826246227991,2,9
yolov9c-seg.pt,MOTS20-11,476,8,1,72,7,0,1,1.0,0.875,0.9333333333333333,0.8095986485387374,0.8908110502838527,2,9
yolov9c-seg.pt,MOTS20-11,477,8,1,52,7,0,1,1.0,0.875,0.9333333333333333,0.8150464410989546,0.8952800950892598,2,9
yolov9c-seg.pt,MOTS20-11,478,8,1,54,7,0,1,1.0,0.875,0.9333333333333333,0.8231504209332031,0.9012292467203338,1,8
yolov9c-seg.pt,MOTS20-11,479,8,1,59,7,0,1,1.0,0.875,0.9333333333333333,0.8270055870008578,0.9040411988178748,1,8
yolov9c-seg.pt,MOTS20-11,480,8,1,72,7,0,1,1.0,0.875,0.9333333333333333,0.8264220150578925,0.9031023687646484,0,7
yolov9c-seg.pt,MOTS20-11,481,8,1,55,7,0,1,1.0,0.875,0.9333333333333333,0.81941376766262,0.8982679652782241,0,7
yolov9c-seg.pt,MOTS20-11,482,8,1,93,7,1,1,0.875,0.875,0.875,0.8054210868845756,0.8888539778665765,0,8
yolov9c-seg.pt,MOTS20-11,483,8,1,73,6,0,2,1.0,0.75,0.8571428571428571,0.8369584928559882,0.9106212078238013,0,6
yolov9c-seg.pt,MOTS20-11,484,8,1,95,8,0,0,1.0,1.0,1.0,0.7846764033730343,0.8757616867294515,1,9
yolov9c-seg.pt,MOTS20-11,485,9,1,79,8,0,1,1.0,0.8888888888888888,0.9411764705882353,0.8004683667110419,0.8857120245747636,0,8
yolov9c-seg.pt,MOTS20-11,486,9,1,61,8,0,1,1.0,0.8888888888888888,0.9411764705882353,0.7977385257052849,0.8839268895449915,1,9
yolov9c-seg.pt,MOTS20-11,487,10,1,86,6,1,4,0.8571428571428571,0.6,0.7058823529411765,0.8560011379399897,0.9220583069792712,1,8
yolov9c-seg.pt,MOTS20-11,488,10,1,79,6,1,4,0.8571428571428571,0.6,0.7058823529411765,0.8572797313245967,0.9226712767803633,1,8
yolov9c-seg.pt,MOTS20-11,489,10,1,79,6,1,4,0.8571428571428571,0.6,0.7058823529411765,0.8531286448526085,0.9200987858602856,1,8
yolov9c-seg.pt,MOTS20-11,490,10,1,88,6,1,4,0.8571428571428571,0.6,0.7058823529411765,0.8482856793247834,0.9173255543806298,1,8
yolov9c-seg.pt,MOTS20-11,491,10,1,77,6,1,4,0.8571428571428571,0.6,0.7058823529411765,0.8457411496004107,0.9158515409346953,0,7
yolov9c-seg.pt,MOTS20-11,492,10,1,82,6,1,4,0.8571428571428571,0.6,0.7058823529411765,0.8518952867695773,0.9194213775015324,0,7
yolov9c-seg.pt,MOTS20-11,493,10,1,88,6,1,4,0.8571428571428571,0.6,0.7058823529411765,0.8516126655255168,0.9193631448858413,0,7
yolov9c-seg.pt,MOTS20-11,494,10,1,87,6,1,4,0.8571428571428571,0.6,0.7058823529411765,0.8491628778809464,0.9179339245305383,0,7
yolov9c-seg.pt,MOTS20-11,495,10,1,94,7,1,3,0.875,0.7,0.7777777777777778,0.8267626125913731,0.9034475263580871,0,8
yolov9c-seg.pt,MOTS20-11,496,10,1,101,7,1,3,0.875,0.7,0.7777777777777778,0.8305929389248258,0.9059087663934654,1,9
yolov9c-seg.pt,MOTS20-11,497,10,1,104,7,0,3,1.0,0.7,0.8235294117647058,0.8352606696106254,0.9086934416128967,1,8
yolov9c-seg.pt,MOTS20-11,498,10,1,99,6,0,4,1.0,0.6,0.75,0.8501094067815123,0.9185416793833779,2,8
yolov9c-seg.pt,MOTS20-11,499,10,1,88,6,0,4,1.0,0.6,0.75,0.8505216359433648,0.918807695173316,0,6
yolov9c-seg.pt,MOTS20-11,500,10,1,70,6,0,4,1.0,0.6,0.75,0.8423709143507341,0.9139775069288726,1,7
yolov9c-seg.pt,MOTS20-11,501,10,1,86,6,0,4,1.0,0.6,0.75,0.8537057588081587,0.9207343271229987,2,8
yolov9c-seg.pt,MOTS20-11,502,10,1,66,6,0,4,1.0,0.6,0.75,0.8579210695212294,0.9231047695564708,1,7
yolov9c-seg.pt,MOTS20-11,503,10,1,68,6,0,4,1.0,0.6,0.75,0.8636827606130795,0.9263103498602089,0,6
yolov9c-seg.pt,MOTS20-11,504,10,1,82,7,0,3,1.0,0.7,0.8235294117647058,0.8183328954496796,0.8945970192596316,2,9
yolov9c-seg.pt,MOTS20-11,505,10,1,84,7,0,3,1.0,0.7,0.8235294117647058,0.8176050234934931,0.894859846105544,1,8
yolov9c-seg.pt,MOTS20-11,506,10,1,76,7,0,3,1.0,0.7,0.8235294117647058,0.8185485234522292,0.896028925971579,2,9
yolov9c-seg.pt,MOTS20-11,507,10,1,73,7,0,3,1.0,0.7,0.8235294117647058,0.8366277448343306,0.9073512785585534,1,8
yolov9c-seg.pt,MOTS20-11,508,10,1,88,8,0,2,1.0,0.8,0.8888888888888888,0.8047800167305788,0.8842993573764344,1,9
yolov9c-seg.pt,MOTS20-11,509,10,1,72,8,0,2,1.0,0.8,0.8888888888888888,0.8049093190048027,0.884963767171645,1,9
yolov9c-seg.pt,MOTS20-11,510,10,1,67,8,0,2,1.0,0.8,0.8888888888888888,0.8117759233506041,0.8916589850004045,1,9
yolov9c-seg.pt,MOTS20-11,511,8,1,64,8,0,0,1.0,1.0,1.0,0.8080599749993137,0.8898844671110724,0,8
yolov9c-seg.pt,MOTS20-11,512,8,1,79,8,0,0,1.0,1.0,1.0,0.807041072977364,0.8894890835081202,1,9
yolov9c-seg.pt,MOTS20-11,513,8,1,71,8,0,0,1.0,1.0,1.0,0.8117394215850895,0.8920624227649154,1,9
yolov9c-seg.pt,MOTS20-11,514,8,1,76,8,3,0,0.7272727272727273,1.0,0.8421052631578947,0.803245326356991,0.8861902732632562,1,12
yolov9c-seg.pt,MOTS20-11,515,8,1,83,8,1,0,0.8888888888888888,1.0,0.9411764705882353,0.8026670839136271,0.8845152431208098,1,10
yolov9c-seg.pt,MOTS20-11,516,8,1,84,7,1,1,0.875,0.875,0.875,0.8438858395342006,0.9138931184371684,1,9
yolov9c-seg.pt,MOTS20-11,517,8,1,72,7,1,1,0.875,0.875,0.875,0.8517816753840365,0.9191165661217161,1,9
yolov9c-seg.pt,MOTS20-11,518,8,1,68,8,0,0,1.0,1.0,1.0,0.8049239872421099,0.8857520656950544,1,9
yolov9c-seg.pt,MOTS20-11,519,8,1,91,7,0,1,1.0,0.875,0.9333333333333333,0.8390930045765173,0.9109115646330945,1,8
yolov9c-seg.pt,MOTS20-11,520,8,1,79,7,0,1,1.0,0.875,0.9333333333333333,0.8387739237075412,0.9106070862320921,1,8
yolov9c-seg.pt,MOTS20-11,521,8,1,86,7,1,1,0.875,0.875,0.875,0.8436856942147519,0.9139711368811526,0,8
yolov9c-seg.pt,MOTS20-11,522,8,1,90,7,0,1,1.0,0.875,0.9333333333333333,0.8376122247746397,0.9099347841858537,1,8
yolov9c-seg.pt,MOTS20-11,523,8,1,97,7,0,1,1.0,0.875,0.9333333333333333,0.8420001550237483,0.912862685090176,1,8
yolov9c-seg.pt,MOTS20-11,524,8,1,70,7,0,1,1.0,0.875,0.9333333333333333,0.8497283196729178,0.917413729036379,1,8
yolov9c-seg.pt,MOTS20-11,525,8,1,67,7,0,1,1.0,0.875,0.9333333333333333,0.8602512915919848,0.9238924603773241,0,7
yolov9c-seg.pt,MOTS20-11,526,8,1,74,7,1,1,0.875,0.875,0.875,0.8583576005198327,0.9227701147075997,0,8
yolov9c-seg.pt,MOTS20-11,527,7,1,66,7,1,0,0.875,1.0,0.9333333333333333,0.8563335284189592,0.9215460165253878,1,9
yolov9c-seg.pt,MOTS20-11,528,8,1,69,7,1,1,0.875,0.875,0.875,0.8646310810552882,0.9267059668543582,1,9
yolov9c-seg.pt,MOTS20-11,529,9,1,78,7,0,2,1.0,0.7777777777777778,0.875,0.8600224745153834,0.9239928825093164,1,8
yolov9c-seg.pt,MOTS20-11,530,10,1,80,8,0,2,1.0,0.8,0.8888888888888888,0.83876871351904,0.9110115234552008,1,9
yolov9c-seg.pt,MOTS20-11,531,9,1,59,7,0,2,1.0,0.7777777777777778,0.875,0.8568704051646915,0.9221581985620791,1,8
yolov9c-seg.pt,MOTS20-11,532,10,1,57,7,0,3,1.0,0.7,0.8235294117647058,0.8614116428289513,0.924975059615659,0,7
yolov9c-seg.pt,MOTS20-11,533,10,1,59,7,1,3,0.875,0.7,0.7777777777777778,0.8642723754812567,0.9267081386462895,0,8
yolov9c-seg.pt,MOTS20-11,534,10,1,68,7,1,3,0.875,0.7,0.7777777777777778,0.8595488430421209,0.9236400141456614,0,8
yolov9c-seg.pt,MOTS20-11,535,10,1,62,7,1,3,0.875,0.7,0.7777777777777778,0.8623869522733825,0.9250564246319612,0,8
yolov9c-seg.pt,MOTS20-11,536,10,1,82,7,1,3,0.875,0.7,0.7777777777777778,0.8431233185924635,0.9130088261680896,0,8
yolov9c-seg.pt,MOTS20-11,537,10,1,87,8,1,2,0.8888888888888888,0.8,0.8421052631578947,0.8028792920938289,0.8840923911039231,0,9
yolov9c-seg.pt,MOTS20-11,538,10,1,91,8,1,2,0.8888888888888888,0.8,0.8421052631578947,0.7985807526363639,0.8818041735843786,0,9
yolov9c-seg.pt,MOTS20-11,539,10,1,76,9,0,1,1.0,0.9,0.9473684210526315,0.7589782456762363,0.8537582676776765,0,9
yolov9c-seg.pt,MOTS20-11,540,10,1,73,9,0,1,1.0,0.9,0.9473684210526315,0.7652677604273681,0.857841075603805,0,9
yolov9c-seg.pt,MOTS20-11,541,9,1,72,8,1,1,0.8888888888888888,0.8888888888888888,0.8888888888888888,0.8133945397478837,0.890548979645921,0,9
yolov9c-seg.pt,MOTS20-11,542,9,1,76,7,2,2,0.7777777777777778,0.7777777777777778,0.7777777777777778,0.8605574736421323,0.9239153742263618,0,9
yolov9c-seg.pt,MOTS20-11,543,9,1,62,8,2,1,0.8,0.8888888888888888,0.8421052631578947,0.8154909714286271,0.8945108068953147,0,10
yolov9c-seg.pt,MOTS20-11,544,9,1,66,8,1,1,0.8888888888888888,0.8888888888888888,0.8888888888888888,0.8004627062166949,0.8828992494367411,0,9
yolov9c-seg.pt,MOTS20-11,545,9,1,65,8,0,1,1.0,0.8888888888888888,0.9411764705882353,0.8067088700072582,0.8879019447220065,1,9
yolov9c-seg.pt,MOTS20-11,546,10,1,85,8,0,2,1.0,0.8,0.8888888888888888,0.8049806766130446,0.8866525548585487,0,8
yolov9c-seg.pt,MOTS20-11,547,10,1,68,7,1,3,0.875,0.7,0.7777777777777778,0.866021266739209,0.9273840833724357,1,9
yolov9c-seg.pt,MOTS20-11,548,10,1,77,8,2,2,0.8,0.8,0.8,0.8142492835521139,0.8918736864365165,0,10
yolov9c-seg.pt,MOTS20-11,549,10,1,77,8,1,2,0.8888888888888888,0.8,0.8421052631578947,0.815360501550926,0.8931650856853004,0,9
yolov9c-seg.pt,MOTS20-11,550,10,1,74,9,0,1,1.0,0.9,0.9473684210526315,0.7943806991257035,0.8785812173043798,0,9
yolov9c-seg.pt,MOTS20-11,551,10,1,64,8,1,2,0.8888888888888888,0.8,0.8421052631578947,0.8331776811760949,0.9070428699910613,0,9
yolov9c-seg.pt,MOTS20-11,552,9,1,49,8,1,1,0.8888888888888888,0.8888888888888888,0.8888888888888888,0.8389849957472636,0.9105903011130629,0,9
yolov9c-seg.pt,MOTS20-11,553,8,1,56,8,0,0,1.0,1.0,1.0,0.8110090048745966,0.889342241511139,2,10
yolov9c-seg.pt,MOTS20-11,554,8,1,60,8,0,0,1.0,1.0,1.0,0.8154450753941644,0.8933728386380186,1,9
yolov9c-seg.pt,MOTS20-11,555,8,1,59,8,0,0,1.0,1.0,1.0,0.8101363142659183,0.8900433966024235,0,8
yolov9c-seg.pt,MOTS20-11,556,9,1,70,9,1,0,0.9,1.0,0.9473684210526315,0.8172649315513723,0.8945277931802811,0,10
yolov9c-seg.pt,MOTS20-11,557,8,1,66,7,0,1,1.0,0.875,0.9333333333333333,0.7861070847027994,0.8716384774356056,0,7
yolov9c-seg.pt,MOTS20-11,558,8,1,55,7,0,1,1.0,0.875,0.9333333333333333,0.80702680995908,0.8874412636228224,0,7
yolov9c-seg.pt,MOTS20-11,559,8,1,42,7,0,1,1.0,0.875,0.9333333333333333,0.8293928045076889,0.9035787713072777,0,7
yolov9c-seg.pt,MOTS20-11,560,8,1,38,7,0,1,1.0,0.875,0.9333333333333333,0.8173258482842775,0.8959534101159151,0,7
yolov9c-seg.pt,MOTS20-11,561,8,1,54,7,1,1,0.875,0.875,0.875,0.8076907338819677,0.8892342591358167,0,8
yolov9c-seg.pt,MOTS20-11,562,8,1,50,8,0,0,1.0,1.0,1.0,0.7851838947331732,0.8734432808619963,0,8
yolov9c-seg.pt,MOTS20-11,563,8,1,45,8,0,0,1.0,1.0,1.0,0.8337022659653193,0.9071335428415371,0,8
yolov9c-seg.pt,MOTS20-11,564,8,1,42,8,0,0,1.0,1.0,1.0,0.83482162724752,0.9076829817988185,0,8
yolov9c-seg.pt,MOTS20-11,565,8,1,38,8,0,0,1.0,1.0,1.0,0.8424454860785848,0.9130038891484307,0,8
yolov9c-seg.pt,MOTS20-11,566,8,1,51,8,0,0,1.0,1.0,1.0,0.844053179012175,0.9141856913128072,0,8
yolov9c-seg.pt,MOTS20-11,567,8,1,41,8,0,0,1.0,1.0,1.0,0.8422521303507091,0.9133139182666908,0,8
yolov9c-seg.pt,MOTS20-11,568,8,1,40,8,0,0,1.0,1.0,1.0,0.8345570936150817,0.9081751177424391,0,8
yolov9c-seg.pt,MOTS20-11,569,9,1,38,8,0,1,1.0,0.8888888888888888,0.9411764705882353,0.8302156158461957,0.9053658634913797,0,8
yolov9c-seg.pt,MOTS20-11,570,8,1,47,8,0,0,1.0,1.0,1.0,0.821014192336954,0.8991725477027532,0,8
yolov9c-seg.pt,MOTS20-11,571,9,1,50,7,0,2,1.0,0.7777777777777778,0.875,0.8172312467879312,0.8977302367294628,0,7
yolov9c-seg.pt,MOTS20-11,572,8,1,56,7,0,1,1.0,0.875,0.9333333333333333,0.8298396205725113,0.9058513541454728,0,7
yolov9c-seg.pt,MOTS20-11,573,8,1,76,7,0,1,1.0,0.875,0.9333333333333333,0.8280445413064383,0.9046631536569453,0,7
yolov9c-seg.pt,MOTS20-11,574,8,1,75,7,1,1,0.875,0.875,0.875,0.8201348503600109,0.8996598734975702,0,8
yolov9c-seg.pt,MOTS20-11,575,8,1,64,7,2,1,0.7777777777777778,0.875,0.8235294117647058,0.8133340597826292,0.8950292950252826,0,9
yolov9c-seg.pt,MOTS20-11,576,8,1,78,7,1,1,0.875,0.875,0.875,0.8317831087950216,0.90703122733667,0,8
yolov9c-seg.pt,MOTS20-11,577,8,1,81,8,0,0,1.0,1.0,1.0,0.7857452675424559,0.8758018103822173,0,8
yolov9c-seg.pt,MOTS20-11,578,8,1,67,8,0,0,1.0,1.0,1.0,0.7901934550186968,0.8788054480252006,0,8
yolov9c-seg.pt,MOTS20-11,579,8,1,69,8,1,0,0.8888888888888888,1.0,0.9411764705882353,0.8059529025794241,0.8900730818209666,0,9
yolov9c-seg.pt,MOTS20-11,580,8,1,70,8,1,0,0.8888888888888888,1.0,0.9411764705882353,0.802933871404891,0.8878201752953108,1,10
yolov9c-seg.pt,MOTS20-11,581,8,1,58,8,1,0,0.8888888888888888,1.0,0.9411764705882353,0.8233527871596253,0.9019988660945393,0,9
yolov9c-seg.pt,MOTS20-11,582,8,1,49,8,1,0,0.8888888888888888,1.0,0.9411764705882353,0.8217242471302921,0.9010855840986824,0,9
yolov9c-seg.pt,MOTS20-11,583,8,1,52,8,0,0,1.0,1.0,1.0,0.8094778893562635,0.8930780947657135,0,8
yolov9c-seg.pt,MOTS20-11,584,8,1,66,8,0,0,1.0,1.0,1.0,0.8144480905620148,0.8953637560463338,1,9
yolov9c-seg.pt,MOTS20-11,585,8,1,63,8,0,0,1.0,1.0,1.0,0.8099850151752946,0.8921216513215333,0,8
yolov9c-seg.pt,MOTS20-11,586,8,1,59,8,0,0,1.0,1.0,1.0,0.8187965288240185,0.8960410592285022,0,8
yolov9c-seg.pt,MOTS20-11,587,8,1,61,8,0,0,1.0,1.0,1.0,0.809194217742501,0.8910081679363846,0,8
yolov9c-seg.pt,MOTS20-11,588,8,1,46,8,0,0,1.0,1.0,1.0,0.8153022394542893,0.8932158350563447,0,8
yolov9c-seg.pt,MOTS20-11,589,9,1,71,8,1,1,0.8888888888888888,0.8888888888888888,0.8888888888888888,0.8198570279293318,0.8983813821436747,0,9
yolov9c-seg.pt,MOTS20-11,590,9,1,68,8,1,1,0.8888888888888888,0.8888888888888888,0.8888888888888888,0.8042099209352044,0.8890700738846338,0,9
yolov9c-seg.pt,MOTS20-11,591,9,1,73,8,1,1,0.8888888888888888,0.8888888888888888,0.8888888888888888,0.7945590582531418,0.8823893517249506,1,10
yolov9c-seg.pt,MOTS20-11,592,9,1,88,8,0,1,1.0,0.8888888888888888,0.9411764705882353,0.8075388781970587,0.8910418273643956,1,9
yolov9c-seg.pt,MOTS20-11,593,10,1,86,8,0,2,1.0,0.8,0.8888888888888888,0.7873631730948065,0.8783200516521097,1,9
yolov9c-seg.pt,MOTS20-11,594,10,1,83,7,0,3,1.0,0.7,0.8235294117647058,0.8273741714516306,0.9037685429722456,1,8
yolov9c-seg.pt,MOTS20-11,595,10,1,74,6,0,4,1.0,0.6,0.75,0.8128632370637976,0.8948215006395007,1,7
yolov9c-seg.pt,MOTS20-11,596,10,1,77,6,0,4,1.0,0.6,0.75,0.7993047552258545,0.8859232109406253,0,6
yolov9c-seg.pt,MOTS20-11,597,9,1,74,7,0,2,1.0,0.7777777777777778,0.875,0.7844540096981811,0.8756654621702593,0,7
yolov9c-seg.pt,MOTS20-11,598,10,1,55,7,1,3,0.875,0.7,0.7777777777777778,0.7758660118917139,0.8697690942915257,0,8
yolov9c-seg.pt,MOTS20-11,599,11,1,79,7,1,4,0.875,0.6363636363636364,0.7368421052631579,0.7920015083374226,0.8809299874165912,1,9
yolov9c-seg.pt,MOTS20-11,600,11,1,73,8,1,3,0.8888888888888888,0.7272727272727273,0.8,0.779359893913262,0.871680099154529,0,9
yolov9c-seg.pt,MOTS20-11,601,11,1,65,8,0,3,1.0,0.7272727272727273,0.8421052631578947,0.7814415388348355,0.871597733120195,0,8
yolov9c-seg.pt,MOTS20-11,602,11,1,62,8,0,3,1.0,0.7272727272727273,0.8421052631578947,0.78163339959472,0.8714725157873496,0,8
yolov9c-seg.pt,MOTS20-11,603,11,1,60,8,0,3,1.0,0.7272727272727273,0.8421052631578947,0.78682595070369,0.8745787290274616,0,8
yolov9c-seg.pt,MOTS20-11,604,10,1,57,8,0,2,1.0,0.8,0.8888888888888888,0.7936208498528724,0.8797957501225555,0,8
yolov9c-seg.pt,MOTS20-11,605,10,1,79,8,0,2,1.0,0.8,0.8888888888888888,0.8142846409599855,0.8941015560706312,0,8
yolov9c-seg.pt,MOTS20-11,606,10,1,94,8,0,2,1.0,0.8,0.8888888888888888,0.7881539165914566,0.876223792653281,0,8
yolov9c-seg.pt,MOTS20-11,607,10,1,91,8,0,2,1.0,0.8,0.8888888888888888,0.8109916927526517,0.892239242015536,0,8
yolov9c-seg.pt,MOTS20-11,608,10,1,77,8,0,2,1.0,0.8,0.8888888888888888,0.8015298679240673,0.8865408503047332,0,8
yolov9c-seg.pt,MOTS20-11,609,10,1,77,8,0,2,1.0,0.8,0.8888888888888888,0.7905185739990576,0.8787423383735908,0,8
yolov9c-seg.pt,MOTS20-11,610,9,1,69,9,0,0,1.0,1.0,1.0,0.7857108088934484,0.876967593905547,0,9
yolov9c-seg.pt,MOTS20-11,611,11,1,74,8,0,3,1.0,0.7272727272727273,0.8421052631578947,0.7942994725842041,0.8821195410411709,0,8
yolov9c-seg.pt,MOTS20-11,612,10,1,85,9,0,1,1.0,0.9,0.9473684210526315,0.8032301421294802,0.8878821454940931,0,9
yolov9c-seg.pt,MOTS20-11,613,10,1,52,9,0,1,1.0,0.9,0.9473684210526315,0.7988058005679799,0.8857930319968301,0,9
yolov9c-seg.pt,MOTS20-11,614,10,1,54,9,0,1,1.0,0.9,0.9473684210526315,0.805845278174144,0.8902136583968326,0,9
yolov9c-seg.pt,MOTS20-11,615,10,1,51,9,0,1,1.0,0.9,0.9473684210526315,0.7817131560539388,0.8742818416894254,0,9
yolov9c-seg.pt,MOTS20-11,616,10,1,74,9,0,1,1.0,0.9,0.9473684210526315,0.7701751485474375,0.8665149182817784,0,9
yolov9c-seg.pt,MOTS20-11,617,10,1,62,9,0,1,1.0,0.9,0.9473684210526315,0.7910469097435896,0.8803271960105492,0,9
yolov9c-seg.pt,MOTS20-11,618,10,1,61,9,0,1,1.0,0.9,0.9473684210526315,0.7851701150197831,0.876576656529308,0,9
yolov9c-seg.pt,MOTS20-11,619,10,1,71,10,0,0,1.0,1.0,1.0,0.7870075323686889,0.8780946949882376,0,10
yolov9c-seg.pt,MOTS20-11,620,10,1,71,10,1,0,0.9090909090909091,1.0,0.9523809523809523,0.804633303402021,0.8897147081970924,0,11
yolov9c-seg.pt,MOTS20-11,621,10,1,64,10,1,0,0.9090909090909091,1.0,0.9523809523809523,0.7939258827364691,0.8818136862919443,1,12
yolov9c-seg.pt,MOTS20-11,622,10,1,64,10,1,0,0.9090909090909091,1.0,0.9523809523809523,0.8040054149955642,0.8885034765149488,1,12
yolov9c-seg.pt,MOTS20-11,623,10,1,76,10,1,0,0.9090909090909091,1.0,0.9523809523809523,0.7948697998271015,0.8811538510149578,1,12
yolov9c-seg.pt,MOTS20-11,624,10,1,67,10,1,0,0.9090909090909091,1.0,0.9523809523809523,0.778860280620461,0.869725478842035,1,12
yolov9c-seg.pt,MOTS20-11,625,10,1,73,10,1,0,0.9090909090909091,1.0,0.9523809523809523,0.7812782393343077,0.8720735368563032,1,12
yolov9c-seg.pt,MOTS20-11,626,10,1,74,10,0,0,1.0,1.0,1.0,0.7928950267096918,0.8796391191823734,0,10
yolov9c-seg.pt,MOTS20-11,627,11,1,66,9,1,2,0.9,0.8181818181818182,0.8571428571428571,0.8033186522753719,0.8856568796276029,1,11
yolov9c-seg.pt,MOTS20-11,628,11,1,79,9,0,2,1.0,0.8181818181818182,0.9,0.7942146355594476,0.8798234789331326,1,10
yolov9c-seg.pt,MOTS20-11,629,11,1,82,9,0,2,1.0,0.8181818181818182,0.9,0.7915081439356364,0.877687013935761,0,9
yolov9c-seg.pt,MOTS20-11,630,11,1,69,9,0,2,1.0,0.8181818181818182,0.9,0.7882938195516748,0.8748414248175017,1,10
yolov9c-seg.pt,MOTS20-11,631,11,1,67,7,1,4,0.875,0.6363636363636364,0.7368421052631579,0.8619075860228017,0.9253617015403182,0,8
yolov9c-seg.pt,MOTS20-11,632,10,1,71,8,1,2,0.8888888888888888,0.8,0.8421052631578947,0.8224989889279177,0.8980349696526081,0,9
yolov9c-seg.pt,MOTS20-11,633,10,1,72,8,1,2,0.8888888888888888,0.8,0.8421052631578947,0.827655211060248,0.9013769970307384,0,9
yolov9c-seg.pt,MOTS20-11,634,10,1,70,8,0,2,1.0,0.8,0.8888888888888888,0.8287389017289442,0.9019070322923706,0,8
yolov9c-seg.pt,MOTS20-11,635,10,1,55,8,0,2,1.0,0.8,0.8888888888888888,0.8288285050669543,0.9022910997748386,1,9
yolov9c-seg.pt,MOTS20-11,636,10,1,55,7,1,3,0.875,0.7,0.7777777777777778,0.8615972313952845,0.9250828174899631,1,9
yolov9c-seg.pt,MOTS20-11,637,10,1,56,7,2,3,0.7777777777777778,0.7,0.7368421052631579,0.8634460127390347,0.926187030349187,0,9
yolov9c-seg.pt,MOTS20-11,638,10,1,59,8,0,2,1.0,0.8,0.8888888888888888,0.8407703065388513,0.9103256440419725,1,9
yolov9c-seg.pt,MOTS20-11,639,10,1,66,9,0,1,1.0,0.9,0.9473684210526315,0.824616063461132,0.8994273672240856,0,9
yolov9c-seg.pt,MOTS20-11,640,10,1,57,9,0,1,1.0,0.9,0.9473684210526315,0.8363856475280824,0.9086553944677769,0,9
yolov9c-seg.pt,MOTS20-11,641,10,1,54,9,0,1,1.0,0.9,0.9473684210526315,0.834126428869575,0.9074449773393961,0,9
yolov9c-seg.pt,MOTS20-11,642,10,1,56,9,0,1,1.0,0.9,0.9473684210526315,0.8420338469938143,0.9123320990485758,1,10
yolov9c-seg.pt,MOTS20-11,643,10,1,71,9,1,1,0.9,0.9,0.9,0.8499009655898111,0.9175138397528101,0,10
yolov9c-seg.pt,MOTS20-11,644,10,1,68,9,1,1,0.9,0.9,0.9,0.8469052853806739,0.9154560017367537,0,10
yolov9c-seg.pt,MOTS20-11,645,10,1,67,9,0,1,1.0,0.9,0.9473684210526315,0.8502206536379888,0.9176339812522308,0,9
yolov9c-seg.pt,MOTS20-11,646,10,1,55,9,0,1,1.0,0.9,0.9473684210526315,0.8442318982679031,0.9141959548628882,0,9
yolov9c-seg.pt,MOTS20-11,647,10,1,61,9,0,1,1.0,0.9,0.9473684210526315,0.8356983518706266,0.9086892514241564,0,9
yolov9c-seg.pt,MOTS20-11,648,10,1,64,9,0,1,1.0,0.9,0.9473684210526315,0.8370322951702626,0.9095873977258724,0,9
yolov9c-seg.pt,MOTS20-11,649,10,1,67,9,0,1,1.0,0.9,0.9473684210526315,0.8413094602039415,0.9124075174892775,0,9
yolov9c-seg.pt,MOTS20-11,650,10,1,71,9,0,1,1.0,0.9,0.9473684210526315,0.8438943682275972,0.91379474068529,0,9
yolov9c-seg.pt,MOTS20-11,651,10,1,60,9,0,1,1.0,0.9,0.9473684210526315,0.8358157686815897,0.9089216628458286,0,9
yolov9c-seg.pt,MOTS20-11,652,10,1,80,9,0,1,1.0,0.9,0.9473684210526315,0.8302213276407928,0.9052951673494223,0,9
yolov9c-seg.pt,MOTS20-11,653,10,1,67,9,0,1,1.0,0.9,0.9473684210526315,0.8280526364750308,0.9043595272049527,0,9
yolov9c-seg.pt,MOTS20-11,654,10,1,61,9,0,1,1.0,0.9,0.9473684210526315,0.8392215637999341,0.9113748494431216,0,9
yolov9c-seg.pt,MOTS20-11,655,10,1,51,9,0,1,1.0,0.9,0.9473684210526315,0.8390471479635333,0.9114471601021344,0,9
yolov9c-seg.pt,MOTS20-11,656,10,1,51,9,0,1,1.0,0.9,0.9473684210526315,0.841495321980831,0.9130024717047408,1,10
yolov9c-seg.pt,MOTS20-11,657,10,1,50,9,0,1,1.0,0.9,0.9473684210526315,0.8492230059902347,0.9175286639640424,1,10
yolov9c-seg.pt,MOTS20-11,658,10,1,51,9,0,1,1.0,0.9,0.9473684210526315,0.8435589714175395,0.9138815390920296,1,10
yolov9c-seg.pt,MOTS20-11,659,10,1,50,9,0,1,1.0,0.9,0.9473684210526315,0.8343263676681405,0.9079806469318833,1,10
yolov9c-seg.pt,MOTS20-11,660,10,1,56,9,0,1,1.0,0.9,0.9473684210526315,0.8192468657200485,0.8977232554767455,1,10
yolov9c-seg.pt,MOTS20-11,661,10,1,66,9,0,1,1.0,0.9,0.9473684210526315,0.8331230973404662,0.9062887562427561,1,10
yolov9c-seg.pt,MOTS20-11,662,10,1,72,9,1,1,0.9,0.9,0.9,0.8333115219245948,0.9063822627784395,1,11
yolov9c-seg.pt,MOTS20-11,663,10,1,67,9,1,1,0.9,0.9,0.9,0.8369043642391966,0.9086740498344013,1,11
yolov9c-seg.pt,MOTS20-11,664,10,1,69,9,1,1,0.9,0.9,0.9,0.8288962320676196,0.9033470628250964,1,11
yolov9c-seg.pt,MOTS20-11,665,10,1,71,9,0,1,1.0,0.9,0.9473684210526315,0.82425496746289,0.8991365536977791,1,10
yolov9c-seg.pt,MOTS20-11,666,10,1,77,8,1,2,0.8888888888888888,0.8,0.8421052631578947,0.8659787272269097,0.9272805134569578,1,10
yolov9c-seg.pt,MOTS20-11,667,10,1,72,8,1,2,0.8888888888888888,0.8,0.8421052631578947,0.8680632320239758,0.9286749783505663,1,10
yolov9c-seg.pt,MOTS20-11,668,9,1,69,8,2,1,0.8,0.8888888888888888,0.8421052631578947,0.8696799207895092,0.92938978754937,0,10
yolov9c-seg.pt,MOTS20-11,669,9,1,57,8,1,1,0.8888888888888888,0.8888888888888888,0.8888888888888888,0.8755195051244805,0.9330791284971895,0,9
yolov9c-seg.pt,MOTS20-11,670,9,1,69,8,1,1,0.8888888888888888,0.8888888888888888,0.8888888888888888,0.8648586015777011,0.9266460433806332,0,9
yolov9c-seg.pt,MOTS20-11,671,9,1,67,8,1,1,0.8888888888888888,0.8888888888888888,0.8888888888888888,0.8616442205771546,0.9248777584620709,0,9
yolov9c-seg.pt,MOTS20-11,672,9,1,57,8,1,1,0.8888888888888888,0.8888888888888888,0.8888888888888888,0.8620451993724428,0.9249596089671055,0,9
yolov9c-seg.pt,MOTS20-11,673,9,1,64,8,0,1,1.0,0.8888888888888888,0.9411764705882353,0.8631124435858734,0.9254285353551321,1,9
yolov9c-seg.pt,MOTS20-11,674,9,1,70,8,0,1,1.0,0.8888888888888888,0.9411764705882353,0.8622328742399148,0.9251538134170225,0,8
yolov9c-seg.pt,MOTS20-11,675,9,1,60,8,0,1,1.0,0.8888888888888888,0.9411764705882353,0.8632813740889904,0.9258797992010558,0,8
yolov9c-seg.pt,MOTS20-11,676,9,1,51,8,0,1,1.0,0.8888888888888888,0.9411764705882353,0.8575812849173592,0.922737604471769,0,8
yolov9c-seg.pt,MOTS20-11,677,9,1,38,8,0,1,1.0,0.8888888888888888,0.9411764705882353,0.8502928122904618,0.9186061066145105,0,8
yolov9c-seg.pt,MOTS20-11,678,10,1,49,8,0,2,1.0,0.8,0.8888888888888888,0.8438973696905682,0.9146472875116767,0,8
yolov9c-seg.pt,MOTS20-11,679,9,1,45,8,0,1,1.0,0.8888888888888888,0.9411764705882353,0.8529238020845779,0.9201051582583704,0,8
yolov9c-seg.pt,MOTS20-11,680,10,1,51,8,0,2,1.0,0.8,0.8888888888888888,0.836800107602811,0.9101669975194366,0,8
yolov9c-seg.pt,MOTS20-11,681,10,1,51,8,0,2,1.0,0.8,0.8888888888888888,0.8332104913887359,0.9078871743405614,0,8
yolov9c-seg.pt,MOTS20-11,682,9,1,52,7,1,2,0.875,0.7777777777777778,0.8235294117647058,0.8513587687317222,0.9187941562127226,1,9
yolov9c-seg.pt,MOTS20-11,683,9,1,48,7,1,2,0.875,0.7777777777777778,0.8235294117647058,0.8536637331355484,0.9203557522043261,1,9
yolov9c-seg.pt,MOTS20-11,684,9,1,65,7,0,2,1.0,0.7777777777777778,0.875,0.8543617473671486,0.9209320331609573,1,8
yolov9c-seg.pt,MOTS20-11,685,10,1,73,8,1,2,0.8888888888888888,0.8,0.8421052631578947,0.8546748201367851,0.9210156500924125,0,9
yolov9c-seg.pt,MOTS20-11,686,10,1,73,8,2,2,0.8,0.8,0.8,0.8609485817258073,0.9246787090810625,0,10
yolov9c-seg.pt,MOTS20-11,687,9,1,92,7,1,2,0.875,0.7777777777777778,0.8235294117647058,0.8463231887802066,0.9153597530904817,1,9
yolov9c-seg.pt,MOTS20-11,688,9,1,87,7,3,2,0.7,0.7777777777777778,0.7368421052631579,0.8142776316721619,0.8914233981081303,1,11
yolov9c-seg.pt,MOTS20-11,689,9,1,87,7,2,2,0.7777777777777778,0.7777777777777778,0.7777777777777778,0.8195087301499833,0.8963506669560769,2,11
yolov9c-seg.pt,MOTS20-11,690,10,1,87,8,1,2,0.8888888888888888,0.8,0.8421052631578947,0.8030334824426457,0.8864684422904222,0,9
yolov9c-seg.pt,MOTS20-11,691,10,1,73,8,1,2,0.8888888888888888,0.8,0.8421052631578947,0.8005758474139093,0.8854625362062559,1,10
yolov9c-seg.pt,MOTS20-11,692,9,1,88,8,1,1,0.8888888888888888,0.8888888888888888,0.8888888888888888,0.8213955664666289,0.9002545523892249,1,10
yolov9c-seg.pt,MOTS20-11,693,9,1,77,8,2,1,0.8,0.8888888888888888,0.8421052631578947,0.8286787144401244,0.9047554960444526,2,12
yolov9c-seg.pt,MOTS20-11,694,9,1,72,7,3,2,0.7,0.7777777777777778,0.7368421052631579,0.838444676890612,0.9103287694999734,0,10
yolov9c-seg.pt,MOTS20-11,695,9,1,68,7,2,2,0.7777777777777778,0.7777777777777778,0.7777777777777778,0.8520226424893542,0.9189622420182084,0,9
yolov9c-seg.pt,MOTS20-11,696,9,1,73,7,2,2,0.7777777777777778,0.7777777777777778,0.7777777777777778,0.8529488724853984,0.9197045553646112,0,9
yolov9c-seg.pt,MOTS20-11,697,9,1,64,8,1,1,0.8888888888888888,0.8888888888888888,0.8888888888888888,0.8096498825835095,0.8886749963661497,1,10
yolov9c-seg.pt,MOTS20-11,698,9,1,76,7,2,2,0.7777777777777778,0.7777777777777778,0.7777777777777778,0.8238420452066981,0.9000225047737486,0,9
yolov9c-seg.pt,MOTS20-11,699,9,1,79,8,2,1,0.8,0.8888888888888888,0.8421052631578947,0.7999458222430516,0.8844324218923713,0,10
yolov9c-seg.pt,MOTS20-11,700,9,1,94,8,1,1,0.8888888888888888,0.8888888888888888,0.8888888888888888,0.8274334834553108,0.9031311016681343,0,9
yolov9c-seg.pt,MOTS20-11,701,9,1,64,7,1,2,0.875,0.7777777777777778,0.8235294117647058,0.8457748354702282,0.9149310612973149,0,8
yolov9c-seg.pt,MOTS20-11,702,8,1,54,7,1,1,0.875,0.875,0.875,0.8640127453781864,0.9258438408783886,0,8
yolov9c-seg.pt,MOTS20-11,703,8,1,46,7,1,1,0.875,0.875,0.875,0.8710521724696564,0.9300221923336615,0,8
yolov9c-seg.pt,MOTS20-11,704,8,1,47,7,1,1,0.875,0.875,0.875,0.8708313220228138,0.929745664172211,0,8
yolov9c-seg.pt,MOTS20-11,705,8,1,44,7,1,1,0.875,0.875,0.875,0.8753722178120338,0.9324600259591372,0,8
yolov9c-seg.pt,MOTS20-11,706,9,1,33,7,0,2,1.0,0.7777777777777778,0.875,0.8722675888094333,0.9306202664720392,0,7
yolov9c-seg.pt,MOTS20-11,707,8,1,39,7,0,1,1.0,0.875,0.9333333333333333,0.8655429454781621,0.9261935497692323,0,7
yolov9c-seg.pt,MOTS20-11,708,8,1,36,7,0,1,1.0,0.875,0.9333333333333333,0.8674992795714075,0.9277193182584569,0,7
yolov9c-seg.pt,MOTS20-11,709,8,1,30,7,0,1,1.0,0.875,0.9333333333333333,0.8602767547485385,0.9233057025804977,0,7
yolov9c-seg.pt,MOTS20-11,710,9,1,56,7,1,2,0.875,0.7777777777777778,0.8235294117647058,0.8451413352990226,0.9134381203175624,0,8
yolov9c-seg.pt,MOTS20-11,711,9,1,61,6,0,3,1.0,0.6666666666666666,0.8,0.8726990493060128,0.9309312084927672,0,6
yolov9c-seg.pt,MOTS20-11,712,9,1,43,7,0,2,1.0,0.7777777777777778,0.875,0.847559903768075,0.9162523154475439,1,8
yolov9c-seg.pt,MOTS20-11,713,8,1,56,7,0,1,1.0,0.875,0.9333333333333333,0.8455959424218994,0.9148151606177567,1,8
yolov9c-seg.pt,MOTS20-11,714,7,1,68,7,0,0,1.0,1.0,1.0,0.8352749657858525,0.9074809832285586,1,8
yolov9c-seg.pt,MOTS20-11,715,7,1,73,7,0,0,1.0,1.0,1.0,0.8497111470244995,0.9170280580633537,2,9
yolov9c-seg.pt,MOTS20-11,716,8,1,74,7,0,1,1.0,0.875,0.9333333333333333,0.8525727915373569,0.9189202286259305,2,9
yolov9c-seg.pt,MOTS20-11,717,8,1,78,6,1,2,0.8571428571428571,0.75,0.8,0.8370648433956255,0.9082305652691766,2,9
yolov9c-seg.pt,MOTS20-11,718,8,1,64,7,1,1,0.875,0.875,0.875,0.8128706084628375,0.89300360752236,2,10
yolov9c-seg.pt,MOTS20-11,719,7,1,62,6,1,1,0.8571428571428571,0.8571428571428571,0.8571428571428571,0.8500267374604884,0.9170622669357814,2,9
yolov9c-seg.pt,MOTS20-11,720,7,1,58,7,1,0,0.875,1.0,0.9333333333333333,0.8518202571854008,0.9185199016022831,1,9
yolov9c-seg.pt,MOTS20-11,721,7,1,47,7,1,0,0.875,1.0,0.9333333333333333,0.8442046316434046,0.91369037958292,2,10
yolov9c-seg.pt,MOTS20-11,722,7,1,35,6,0,1,1.0,0.8571428571428571,0.9230769230769231,0.8775796481972126,0.933937616204319,1,7
yolov9c-seg.pt,MOTS20-11,723,7,1,20,6,0,1,1.0,0.8571428571428571,0.9230769230769231,0.8826790581662,0.9367723143803696,1,7
yolov9c-seg.pt,MOTS20-11,724,6,1,19,6,0,0,1.0,1.0,1.0,0.8653253634520964,0.9259865258076106,1,7
yolov9c-seg.pt,MOTS20-11,725,7,1,44,6,0,1,1.0,0.8571428571428571,0.9230769230769231,0.8637020989482385,0.925507720211645,1,7
yolov9c-seg.pt,MOTS20-11,726,7,1,60,7,0,0,1.0,1.0,1.0,0.7800561127031364,0.8658136109230483,1,8
yolov9c-seg.pt,MOTS20-11,727,7,1,76,6,0,1,1.0,0.8571428571428571,0.9230769230769231,0.8551525364981093,0.9206089651200999,1,7
yolov9c-seg.pt,MOTS20-11,728,7,1,69,6,0,1,1.0,0.8571428571428571,0.9230769230769231,0.8680876043151678,0.9286497529083443,1,7
yolov9c-seg.pt,MOTS20-11,729,7,1,66,6,0,1,1.0,0.8571428571428571,0.9230769230769231,0.8715506095873984,0.9310368508107755,1,7
yolov9c-seg.pt,MOTS20-11,730,5,1,101,5,0,0,1.0,1.0,1.0,0.8679617815639891,0.9286500677141574,2,7
yolov9c-seg.pt,MOTS20-11,731,5,1,94,5,0,0,1.0,1.0,1.0,0.8614687409706864,0.9247377629177862,0,5
yolov9c-seg.pt,MOTS20-11,732,8,1,115,5,0,3,1.0,0.625,0.7692307692307693,0.8553056760463409,0.9212763493295191,1,6
yolov9c-seg.pt,MOTS20-11,733,8,1,96,5,1,3,0.8333333333333334,0.625,0.7142857142857143,0.8448536942302779,0.914115651129455,0,6
yolov9c-seg.pt,MOTS20-11,734,7,1,94,6,1,1,0.8571428571428571,0.8571428571428571,0.8571428571428571,0.7790339363776025,0.8668102500834273,1,8
yolov9c-seg.pt,MOTS20-11,735,7,1,101,6,1,1,0.8571428571428571,0.8571428571428571,0.8571428571428571,0.8083986628529432,0.8887788742751036,0,7
yolov9c-seg.pt,MOTS20-11,736,8,1,109,6,0,2,1.0,0.75,0.8571428571428571,0.7925622726168183,0.8795644198777658,0,6
yolov9c-seg.pt,MOTS20-11,737,8,1,114,6,0,2,1.0,0.75,0.8571428571428571,0.7814598598307717,0.8712597366556428,0,6
yolov9c-seg.pt,MOTS20-11,738,8,1,83,6,2,2,0.75,0.75,0.75,0.7976833992504967,0.8856214253343714,0,8
yolov9c-seg.pt,MOTS20-11,739,8,1,100,5,1,3,0.8333333333333334,0.625,0.7142857142857143,0.846338413188468,0.9156622977929161,1,7
yolov9c-seg.pt,MOTS20-11,740,8,1,132,5,1,3,0.8333333333333334,0.625,0.7142857142857143,0.8649430565074228,0.9268759172322192,1,7
yolov9c-seg.pt,MOTS20-11,741,9,1,131,6,0,3,1.0,0.6666666666666666,0.8,0.7881143766494252,0.8754347753672009,1,7
yolov9c-seg.pt,MOTS20-11,742,9,1,125,6,0,3,1.0,0.6666666666666666,0.8,0.8262777699939118,0.9040285105256586,2,8
yolov9c-seg.pt,MOTS20-11,743,10,1,160,7,2,3,0.7777777777777778,0.7,0.7368421052631579,0.766183234821904,0.8646954558446522,1,10
yolov9c-seg.pt,MOTS20-11,744,8,1,151,6,1,2,0.8571428571428571,0.75,0.8,0.8030626600780609,0.8902416595705406,4,11
yolov9c-seg.pt,MOTS20-11,745,9,1,141,7,0,2,1.0,0.7777777777777778,0.875,0.7935548984959342,0.8788055856319547,4,11
yolov9c-seg.pt,MOTS20-11,746,10,1,133,9,1,1,0.9,0.9,0.9,0.7597849224133346,0.8589043914344361,3,13
yolov9c-seg.pt,MOTS20-11,747,10,1,139,10,0,0,1.0,1.0,1.0,0.7325557325775962,0.8384685865023552,1,11
yolov9c-seg.pt,MOTS20-11,748,10,1,153,10,1,0,0.9090909090909091,1.0,0.9523809523809523,0.7494094489267522,0.8511068754147745,1,12
yolov9c-seg.pt,MOTS20-11,749,10,1,136,10,0,0,1.0,1.0,1.0,0.7238869244333354,0.8336620088664354,1,11
yolov9c-seg.pt,MOTS20-11,750,10,1,165,7,2,3,0.7777777777777778,0.7,0.7368421052631579,0.7875819606996733,0.8785145159866123,3,12
yolov9c-seg.pt,MOTS20-11,751,9,1,159,6,2,3,0.75,0.6666666666666666,0.7058823529411765,0.7931617381775043,0.8802477875470848,6,14
yolov9c-seg.pt,MOTS20-11,752,9,1,142,6,0,3,1.0,0.6666666666666666,0.8,0.7955968101613394,0.8823818239897258,3,9
yolov9c-seg.pt,MOTS20-11,753,8,1,116,6,0,2,1.0,0.75,0.8571428571428571,0.7948724540685608,0.8822976472084584,3,9
yolov9c-seg.pt,MOTS20-11,754,9,1,118,5,0,4,1.0,0.5555555555555556,0.7142857142857143,0.8439960739519512,0.9150649781199928,3,8
yolov9c-seg.pt,MOTS20-11,755,7,1,113,5,0,2,1.0,0.7142857142857143,0.8333333333333334,0.8442824623870384,0.9152788265957952,3,8
yolov9c-seg.pt,MOTS20-11,756,7,1,132,5,0,2,1.0,0.7142857142857143,0.8333333333333334,0.8375342349977478,0.9111431007547063,3,8
yolov9c-seg.pt,MOTS20-11,757,7,1,142,6,1,1,0.8571428571428571,0.8571428571428571,0.8571428571428571,0.806475403693852,0.891213800948505,4,11
yolov9c-seg.pt,MOTS20-11,758,7,1,144,6,0,1,1.0,0.8571428571428571,0.9230769230769231,0.8211094914397409,0.9006302007903243,2,8
yolov9c-seg.pt,MOTS20-11,759,8,1,130,6,0,2,1.0,0.75,0.8571428571428571,0.8254671597327631,0.9030323064696142,2,8
yolov9c-seg.pt,MOTS20-11,760,8,1,119,6,0,2,1.0,0.75,0.8571428571428571,0.8396418105327922,0.9120807641091165,4,10
yolov9c-seg.pt,MOTS20-11,761,6,1,102,6,0,0,1.0,1.0,1.0,0.8466432635426395,0.9164086382901623,4,10
yolov9c-seg.pt,MOTS20-11,762,7,1,110,6,0,1,1.0,0.8571428571428571,0.9230769230769231,0.8371559694073581,0.910288931729181,4,10
yolov9c-seg.pt,MOTS20-11,763,7,1,109,6,0,1,1.0,0.8571428571428571,0.9230769230769231,0.8262853247513076,0.9040052916836397,2,8
yolov9c-seg.pt,MOTS20-11,764,7,1,139,7,0,0,1.0,1.0,1.0,0.808432377835566,0.8925848982581789,2,9
yolov9c-seg.pt,MOTS20-11,765,7,1,150,7,0,0,1.0,1.0,1.0,0.8116505924068839,0.8941517013437051,2,9
yolov9c-seg.pt,MOTS20-11,766,7,1,145,7,0,0,1.0,1.0,1.0,0.7978080594382437,0.8848183261320146,0,7
yolov9c-seg.pt,MOTS20-11,767,7,1,149,6,0,1,1.0,0.8571428571428571,0.9230769230769231,0.8391738661759307,0.9121319719797406,0,6
yolov9c-seg.pt,MOTS20-11,768,7,1,118,6,0,1,1.0,0.8571428571428571,0.9230769230769231,0.8402534387777255,0.9128981735493312,1,7
yolov9c-seg.pt,MOTS20-11,769,7,1,107,6,0,1,1.0,0.8571428571428571,0.9230769230769231,0.8129412005922085,0.8948954508568475,0,6
yolov9c-seg.pt,MOTS20-11,770,7,1,104,6,0,1,1.0,0.8571428571428571,0.9230769230769231,0.8014175461193022,0.8884530378970389,1,7
yolov9c-seg.pt,MOTS20-11,771,7,1,117,6,0,1,1.0,0.8571428571428571,0.9230769230769231,0.7905734814340176,0.881131417927835,1,7
yolov9c-seg.pt,MOTS20-11,772,8,1,102,7,0,1,1.0,0.875,0.9333333333333333,0.777716655140473,0.8701618240323371,2,9
yolov9c-seg.pt,MOTS20-11,773,9,1,98,7,0,2,1.0,0.7777777777777778,0.875,0.7702075711038645,0.8644825928403325,4,11
yolov9c-seg.pt,MOTS20-11,774,9,1,107,7,0,2,1.0,0.7777777777777778,0.875,0.7922127247507857,0.8811773033711271,1,8
yolov9c-seg.pt,MOTS20-11,775,9,1,115,7,0,2,1.0,0.7777777777777778,0.875,0.7902530131633033,0.879388507371852,0,7
yolov9c-seg.pt,MOTS20-11,776,8,1,125,7,1,1,0.875,0.875,0.875,0.8135144439383477,0.8950133913179297,0,8
yolov9c-seg.pt,MOTS20-11,777,8,1,131,7,0,1,1.0,0.875,0.9333333333333333,0.8173842636413117,0.8973683944931238,1,8
yolov9c-seg.pt,MOTS20-11,778,8,1,133,8,0,0,1.0,1.0,1.0,0.7958764832075598,0.8821497333375486,1,9
yolov9c-seg.pt,MOTS20-11,779,8,1,117,8,0,0,1.0,1.0,1.0,0.8155096037882399,0.8952259600130597,1,9
yolov9c-seg.pt,MOTS20-11,780,8,1,115,8,0,0,1.0,1.0,1.0,0.8236551950023672,0.9008466303120055,2,10
yolov9c-seg.pt,MOTS20-11,781,8,1,111,8,0,0,1.0,1.0,1.0,0.8242682724206007,0.9014142480009121,2,10
yolov9c-seg.pt,MOTS20-11,782,8,1,112,8,0,0,1.0,1.0,1.0,0.8354359036128922,0.9081812668904246,2,10
yolov9c-seg.pt,MOTS20-11,783,9,1,111,8,0,1,1.0,0.8888888888888888,0.9411764705882353,0.8397741788586655,0.9109087367731492,1,9
yolov9c-seg.pt,MOTS20-11,784,9,1,115,8,0,1,1.0,0.8888888888888888,0.9411764705882353,0.8425240908759978,0.9131408109434563,1,9
yolov9c-seg.pt,MOTS20-11,785,9,1,99,8,0,1,1.0,0.8888888888888888,0.9411764705882353,0.8560472399689654,0.9216696464661823,0,8
yolov9c-seg.pt,MOTS20-11,786,9,1,103,8,0,1,1.0,0.8888888888888888,0.9411764705882353,0.8616413457781954,0.92509960747383,1,9
yolov9c-seg.pt,MOTS20-11,787,9,1,98,8,0,1,1.0,0.8888888888888888,0.9411764705882353,0.8690202354913485,0.9296123819731711,1,9
yolov9c-seg.pt,MOTS20-11,788,9,1,102,8,0,1,1.0,0.8888888888888888,0.9411764705882353,0.867146840586841,0.9286171196404838,1,9
yolov9c-seg.pt,MOTS20-11,789,9,1,109,8,0,1,1.0,0.8888888888888888,0.9411764705882353,0.8683107301800502,0.9292760755318796,1,9
yolov9c-seg.pt,MOTS20-11,790,9,1,117,8,0,1,1.0,0.8888888888888888,0.9411764705882353,0.8663368770437712,0.9282181323718992,1,9
yolov9c-seg.pt,MOTS20-11,791,8,1,111,7,0,1,1.0,0.875,0.9333333333333333,0.8395191928097111,0.9120976039457033,2,9
yolov9c-seg.pt,MOTS20-11,792,8,1,118,7,0,1,1.0,0.875,0.9333333333333333,0.8374094686278247,0.9105134547959316,2,9
yolov9c-seg.pt,MOTS20-11,793,8,1,131,7,0,1,1.0,0.875,0.9333333333333333,0.8395356453985306,0.9117258983363427,3,10
yolov9c-seg.pt,MOTS20-11,794,9,1,112,7,0,2,1.0,0.7777777777777778,0.875,0.8518391381628218,0.9194075876025075,3,10
yolov9c-seg.pt,MOTS20-11,795,10,1,115,7,0,3,1.0,0.7,0.8235294117647058,0.8578755212145766,0.9230031122730644,2,9
yolov9c-seg.pt,MOTS20-11,796,10,1,126,7,0,3,1.0,0.7,0.8235294117647058,0.8589421332110112,0.9235465811274237,1,8
yolov9c-seg.pt,MOTS20-11,797,10,1,74,7,0,3,1.0,0.7,0.8235294117647058,0.8593470966841235,0.9237595668357133,2,9
yolov9c-seg.pt,MOTS20-11,798,10,1,80,7,1,3,0.875,0.7,0.7777777777777778,0.8652873229132505,0.9273238020774333,3,11
yolov9c-seg.pt,MOTS20-11,799,10,1,107,8,0,2,1.0,0.8,0.8888888888888888,0.8225679755304129,0.897371148434396,0,8
yolov9c-seg.pt,MOTS20-11,800,10,1,104,8,2,2,0.8,0.8,0.8,0.854696217916305,0.921255431326991,2,12
yolov9c-seg.pt,MOTS20-11,801,10,1,71,8,0,2,1.0,0.8,0.8888888888888888,0.8294311247071988,0.9028038975746845,3,11
yolov9c-seg.pt,MOTS20-11,802,10,1,88,9,1,1,0.9,0.9,0.9,0.8402250222311194,0.9106268618459379,3,13
yolov9c-seg.pt,MOTS20-11,803,10,1,65,9,2,1,0.8181818181818182,0.9,0.8571428571428571,0.8233364378302366,0.8984023370740645,2,13
yolov9c-seg.pt,MOTS20-11,804,10,1,84,9,2,1,0.8181818181818182,0.9,0.8571428571428571,0.8171430558181761,0.8943570649395381,2,13
yolov9c-seg.pt,MOTS20-11,805,10,1,88,8,2,2,0.8,0.8,0.8,0.8662629420570588,0.9276240443482199,3,13
yolov9c-seg.pt,MOTS20-11,806,10,1,85,10,1,0,0.9090909090909091,1.0,0.9523809523809523,0.8033029076055014,0.8839967621492244,2,13
yolov9c-seg.pt,MOTS20-11,807,10,1,84,9,3,1,0.75,0.9,0.8181818181818182,0.829563979751663,0.9010965730055598,1,13
yolov9c-seg.pt,MOTS20-11,808,10,1,83,8,0,2,1.0,0.8,0.8888888888888888,0.8610317242286095,0.9244729982910614,1,9
yolov9c-seg.pt,MOTS20-11,809,10,1,84,8,0,2,1.0,0.8,0.8888888888888888,0.8588436774576107,0.9232463572060732,0,8
yolov9c-seg.pt,MOTS20-11,810,10,1,75,9,0,1,1.0,0.9,0.9473684210526315,0.8565422452384157,0.921202330269762,1,10
yolov9c-seg.pt,MOTS20-11,811,10,1,72,9,0,1,1.0,0.9,0.9473684210526315,0.8625497020167655,0.9251008166098544,0,9
yolov9c-seg.pt,MOTS20-11,812,10,1,70,9,0,1,1.0,0.9,0.9473684210526315,0.8635250106317508,0.926106304852833,1,10
yolov9c-seg.pt,MOTS20-11,813,10,1,55,10,0,0,1.0,1.0,1.0,0.8310562769928842,0.9040088633154596,1,11
yolov9c-seg.pt,MOTS20-11,814,10,1,61,10,0,0,1.0,1.0,1.0,0.8425771250430092,0.9113029107192663,1,11
yolov9c-seg.pt,MOTS20-11,815,10,1,63,10,1,0,0.9090909090909091,1.0,0.9523809523809523,0.8349544072060224,0.907546468324363,0,11
yolov9c-seg.pt,MOTS20-11,816,10,1,60,10,0,0,1.0,1.0,1.0,0.8355783095475908,0.9081596161557522,0,10
yolov9c-seg.pt,MOTS20-11,817,9,1,81,9,0,0,1.0,1.0,1.0,0.8320934052801631,0.9063203771255272,1,10
yolov9c-seg.pt,MOTS20-11,818,9,1,53,9,0,0,1.0,1.0,1.0,0.8424434825966612,0.9128865878746198,0,9
yolov9c-seg.pt,MOTS20-11,819,9,1,65,9,0,0,1.0,1.0,1.0,0.8503522477455507,0.9178236538311833,0,9
yolov9c-seg.pt,MOTS20-11,820,9,1,65,9,0,0,1.0,1.0,1.0,0.8353571136713964,0.9062958811499249,0,9
yolov9c-seg.pt,MOTS20-11,821,9,1,63,9,0,0,1.0,1.0,1.0,0.8249442173622881,0.9011920833580326,0,9
yolov9c-seg.pt,MOTS20-11,822,9,1,60,9,1,0,0.9,1.0,0.9473684210526315,0.8347631403698916,0.9068207677191104,0,10
yolov9c-seg.pt,MOTS20-11,823,9,1,57,9,0,0,1.0,1.0,1.0,0.8375949731207459,0.9091810550212802,0,9
yolov9c-seg.pt,MOTS20-11,824,9,1,67,9,0,0,1.0,1.0,1.0,0.8422482072956152,0.9119423149410475,0,9
yolov9c-seg.pt,MOTS20-11,825,9,1,68,9,1,0,0.9,1.0,0.9473684210526315,0.8340148257843178,0.9066028554725606,0,10
yolov9c-seg.pt,MOTS20-11,826,9,1,71,9,1,0,0.9,1.0,0.9473684210526315,0.8363162943380166,0.9076722148729464,0,10
yolov9c-seg.pt,MOTS20-11,827,9,1,73,9,0,0,1.0,1.0,1.0,0.8350712594830001,0.9062410474303414,0,9
yolov9c-seg.pt,MOTS20-11,828,9,1,62,9,0,0,1.0,1.0,1.0,0.8376937347529031,0.9082564179259374,0,9
yolov9c-seg.pt,MOTS20-11,829,9,1,59,9,0,0,1.0,1.0,1.0,0.8443892550794372,0.9129579088049992,0,9
yolov9c-seg.pt,MOTS20-11,830,10,1,54,9,0,1,1.0,0.9,0.9473684210526315,0.8430065383447455,0.9127696193446203,0,9
yolov9c-seg.pt,MOTS20-11,831,10,1,47,9,0,1,1.0,0.9,0.9473684210526315,0.8412472037112408,0.9117427340504773,0,9
yolov9c-seg.pt,MOTS20-11,832,10,1,43,9,1,1,0.9,0.9,0.9,0.8369233615629598,0.9085752425842281,0,10
yolov9c-seg.pt,MOTS20-11,833,10,1,50,9,1,1,0.9,0.9,0.9,0.8451142006027885,0.9134374630680371,0,10
yolov9c-seg.pt,MOTS20-11,834,10,1,64,10,1,0,0.9090909090909091,1.0,0.9523809523809523,0.8419563700243635,0.9119744497209146,0,11
yolov9c-seg.pt,MOTS20-11,835,10,1,57,9,1,1,0.9,0.9,0.9,0.8433526616235443,0.9127695562951588,0,10
yolov9c-seg.pt,MOTS20-11,836,10,1,73,10,1,0,0.9090909090909091,1.0,0.9523809523809523,0.8379566474676846,0.9098790655973279,0,11
yolov9c-seg.pt,MOTS20-11,837,11,1,85,10,0,1,1.0,0.9090909090909091,0.9523809523809523,0.8326670475741199,0.9056145263384948,0,10
yolov9c-seg.pt,MOTS20-11,838,11,1,75,9,1,2,0.9,0.8181818181818182,0.8571428571428571,0.8581443596793661,0.9219578189328068,0,10
yolov9c-seg.pt,MOTS20-11,839,11,1,61,9,0,2,1.0,0.8181818181818182,0.9,0.8615476492874332,0.9242871954387412,0,9
yolov9c-seg.pt,MOTS20-11,840,10,1,59,9,0,1,1.0,0.9,0.9473684210526315,0.8640371487278202,0.9260834235498405,0,9
yolov9c-seg.pt,MOTS20-11,841,10,1,58,9,0,1,1.0,0.9,0.9473684210526315,0.8695163746449952,0.9291267576212768,0,9
yolov9c-seg.pt,MOTS20-11,842,10,1,57,9,0,1,1.0,0.9,0.9473684210526315,0.8707671246454086,0.9299368953763564,0,9
yolov9c-seg.pt,MOTS20-11,843,10,1,60,9,0,1,1.0,0.9,0.9473684210526315,0.8858275327922249,0.9387138453645056,0,9
yolov9c-seg.pt,MOTS20-11,844,10,1,50,9,0,1,1.0,0.9,0.9473684210526315,0.8850439277297437,0.9384270448124415,0,9
yolov9c-seg.pt,MOTS20-11,845,11,1,66,8,0,3,1.0,0.7272727272727273,0.8421052631578947,0.870451897801458,0.9303282936185899,1,9
yolov9c-seg.pt,MOTS20-11,846,11,1,85,8,0,3,1.0,0.7272727272727273,0.8421052631578947,0.8583535975884343,0.9235080041581072,0,8
yolov9c-seg.pt,MOTS20-11,847,11,1,71,8,0,3,1.0,0.7272727272727273,0.8421052631578947,0.8551458604922246,0.921435904926573,0,8
yolov9c-seg.pt,MOTS20-11,848,11,1,86,8,0,3,1.0,0.7272727272727273,0.8421052631578947,0.8558068994051304,0.9218978247885083,0,8
yolov9c-seg.pt,MOTS20-11,849,11,1,96,8,0,3,1.0,0.7272727272727273,0.8421052631578947,0.8634198656795842,0.9262820649046583,0,8
yolov9c-seg.pt,MOTS20-11,850,11,1,106,8,0,3,1.0,0.7272727272727273,0.8421052631578947,0.8649275657275766,0.9268526015048622,0,8
yolov9c-seg.pt,MOTS20-11,851,11,1,92,8,0,3,1.0,0.7272727272727273,0.8421052631578947,0.8525178806330611,0.9194419871033088,0,8
yolov9c-seg.pt,MOTS20-11,852,10,1,98,7,1,3,0.875,0.7,0.7777777777777778,0.8456788710491845,0.9153034188180429,0,8
yolov9c-seg.pt,MOTS20-11,853,10,1,87,7,0,3,1.0,0.7,0.8235294117647058,0.8394865545305729,0.9111244809419948,0,7
yolov9c-seg.pt,MOTS20-11,854,9,1,88,7,0,2,1.0,0.7777777777777778,0.875,0.8325195852457669,0.9074094033167095,0,7
yolov9c-seg.pt,MOTS20-11,855,9,1,97,6,0,3,1.0,0.6666666666666666,0.8,0.8625696330863071,0.92575262004922,0,6
yolov9c-seg.pt,MOTS20-11,856,9,1,89,6,1,3,0.8571428571428571,0.6666666666666666,0.75,0.873524799951357,0.9321341425518946,0,7
yolov9c-seg.pt,MOTS20-11,857,9,1,111,7,1,2,0.875,0.7777777777777778,0.8235294117647058,0.8354585876416073,0.9070062274962736,0,8
yolov9c-seg.pt,MOTS20-11,858,9,1,105,6,0,3,1.0,0.6666666666666666,0.8,0.869753074043634,0.9298455303102197,0,6
yolov9c-seg.pt,MOTS20-11,859,9,1,122,6,2,3,0.75,0.6666666666666666,0.7058823529411765,0.8638674172563302,0.9264157045531798,1,9
yolov9c-seg.pt,MOTS20-11,860,9,1,114,6,0,3,1.0,0.6666666666666666,0.8,0.862097585543399,0.9254077845344404,0,6
yolov9c-seg.pt,MOTS20-11,861,10,1,118,7,0,3,1.0,0.7,0.8235294117647058,0.8272370195400416,0.902877380836722,0,7
yolov9c-seg.pt,MOTS20-11,862,10,1,116,6,0,4,1.0,0.6,0.75,0.8625489571713661,0.925601563144371,0,6
yolov9c-seg.pt,MOTS20-11,863,10,1,139,7,0,3,1.0,0.7,0.8235294117647058,0.8202754014982342,0.8977914763956695,0,7
yolov9c-seg.pt,MOTS20-11,864,11,1,121,7,1,4,0.875,0.6363636363636364,0.7368421052631579,0.8406728715471924,0.9099485221240576,0,8
yolov9c-seg.pt,MOTS20-11,865,11,1,100,8,0,3,1.0,0.7272727272727273,0.8421052631578947,0.8070884723673521,0.8888706701818649,0,8
yolov9c-seg.pt,MOTS20-11,866,11,1,103,8,1,3,0.8888888888888888,0.7272727272727273,0.8,0.8162671205385365,0.8962466167879072,0,9
yolov9c-seg.pt,MOTS20-11,867,12,1,117,8,1,4,0.8888888888888888,0.6666666666666666,0.7619047619047619,0.8298601763243568,0.905277016113144,0,9
yolov9c-seg.pt,MOTS20-11,868,12,1,143,8,0,4,1.0,0.6666666666666666,0.8,0.8427626605327861,0.9133605049013911,0,8
yolov9c-seg.pt,MOTS20-11,869,12,1,148,8,1,4,0.8888888888888888,0.6666666666666666,0.7619047619047619,0.8240760385648283,0.9013229027653138,0,9
yolov9c-seg.pt,MOTS20-11,870,11,1,153,7,1,4,0.875,0.6363636363636364,0.7368421052631579,0.8197956498571571,0.8980080722593186,2,10
yolov9c-seg.pt,MOTS20-11,871,11,1,144,7,3,4,0.7,0.6363636363636364,0.6666666666666666,0.8345192892251346,0.9069806622360697,1,11
yolov9c-seg.pt,MOTS20-11,872,11,1,153,8,1,3,0.8888888888888888,0.7272727272727273,0.8,0.8332974202919471,0.9068485117177635,1,10
yolov9c-seg.pt,MOTS20-11,873,11,1,141,9,0,2,1.0,0.8181818181818182,0.9,0.8041513432330069,0.8867751701216892,0,9
yolov9c-seg.pt,MOTS20-11,874,11,1,166,7,3,4,0.7,0.6363636363636364,0.6666666666666666,0.829869799087654,0.903100783712316,0,10
yolov9c-seg.pt,MOTS20-11,875,10,1,155,7,3,3,0.7,0.7,0.7,0.795651258462834,0.8835746247450775,2,12
yolov9c-seg.pt,MOTS20-11,876,9,1,165,7,3,2,0.7,0.7777777777777778,0.7368421052631579,0.7820943340100778,0.8720705623820957,2,12
yolov9c-seg.pt,MOTS20-11,877,10,1,149,7,2,3,0.7777777777777778,0.7,0.7368421052631579,0.8009688515488083,0.8863899133893719,2,11
yolov9c-seg.pt,MOTS20-11,878,10,1,150,6,4,4,0.6,0.6,0.6,0.8351268965592515,0.9093108927450779,0,10
yolov9c-seg.pt,MOTS20-11,879,10,1,125,6,4,4,0.6,0.6,0.6,0.821304125722287,0.8985383476462441,0,10
yolov9c-seg.pt,MOTS20-11,880,10,1,132,6,1,4,0.8571428571428571,0.6,0.7058823529411765,0.8524366084103357,0.9198467983076513,0,7
yolov9c-seg.pt,MOTS20-11,881,10,1,140,6,1,4,0.8571428571428571,0.6,0.7058823529411765,0.8530432554723139,0.9201181130306714,0,7
yolov9c-seg.pt,MOTS20-11,882,10,1,123,6,1,4,0.8571428571428571,0.6,0.7058823529411765,0.8549397503804966,0.9212565985096864,0,7
yolov9c-seg.pt,MOTS20-11,883,10,1,109,6,0,4,1.0,0.6,0.75,0.8391450379078794,0.9117375489813214,0,6
yolov9c-seg.pt,MOTS20-11,884,10,1,101,6,1,4,0.8571428571428571,0.6,0.7058823529411765,0.8071290431116137,0.8913362876789281,0,7
yolov9c-seg.pt,MOTS20-11,885,10,1,101,6,0,4,1.0,0.6,0.75,0.7801872926986592,0.8747420027556106,1,7
yolov9c-seg.pt,MOTS20-11,886,10,1,120,6,1,4,0.8571428571428571,0.6,0.7058823529411765,0.8030707551829773,0.889626130279291,0,7
yolov9c-seg.pt,MOTS20-11,887,10,1,121,6,0,4,1.0,0.6,0.75,0.8134752575837473,0.8944275586624276,0,6
yolov9c-seg.pt,MOTS20-11,888,9,1,149,5,1,4,0.8333333333333334,0.5555555555555556,0.6666666666666666,0.818370771850342,0.8995204996344495,2,8
yolov9c-seg.pt,MOTS20-11,889,9,1,158,5,2,4,0.7142857142857143,0.5555555555555556,0.625,0.7920250033807333,0.882940808293246,1,8
yolov9c-seg.pt,MOTS20-11,890,9,1,127,5,0,4,1.0,0.5555555555555556,0.7142857142857143,0.7878799736104602,0.8790811504289732,0,5
yolov9c-seg.pt,MOTS20-11,891,11,1,148,6,0,5,1.0,0.5454545454545454,0.7058823529411765,0.7895179627385224,0.8807528571142663,0,6
yolov9c-seg.pt,MOTS20-11,892,11,1,138,6,1,5,0.8571428571428571,0.5454545454545454,0.6666666666666666,0.8004638533528045,0.8873890832177374,0,7
yolov9c-seg.pt,MOTS20-11,893,11,1,162,6,0,5,1.0,0.5454545454545454,0.7058823529411765,0.7745716596281983,0.8673699122064344,1,7
yolov9c-seg.pt,MOTS20-11,894,11,1,181,6,1,5,0.8571428571428571,0.5454545454545454,0.6666666666666666,0.7712651175815389,0.8655983457283557,1,8
yolov9c-seg.pt,MOTS20-11,895,11,1,144,6,0,5,1.0,0.5454545454545454,0.7058823529411765,0.7661342767250283,0.8631396562182717,1,7
yolov9c-seg.pt,MOTS20-11,896,11,1,151,7,1,4,0.875,0.6363636363636364,0.7368421052631579,0.7599340682310141,0.8605063924846995,1,9
yolov9c-seg.pt,MOTS20-11,897,11,1,141,7,0,4,1.0,0.6363636363636364,0.7777777777777778,0.7605238186003885,0.8587905626178648,1,8
yolov9c-seg.pt,MOTS20-11,898,11,1,106,7,0,4,1.0,0.6363636363636364,0.7777777777777778,0.7866861198826696,0.876927629295647,0,7
yolov9c-seg.pt,MOTS20-11,899,11,1,95,7,0,4,1.0,0.6363636363636364,0.7777777777777778,0.7889119669735438,0.8774171826044678,1,8
yolov9c-seg.pt,MOTS20-11,900,11,1,106,7,0,4,1.0,0.6363636363636364,0.7777777777777778,0.7916231989522127,0.8810166918613859,1,8
