model,sequence,frame,gt_persons,ignore_regions,predictions_ap_floor,tp,fp,fn,precision,recall,f1,matched_mask_iou,matched_dice,ignored_predictions,predictions_at_confidence
yolo11l-seg.pt,MOTS20-02,1,12,1,144,9,0,3,1.0,0.75,0.8571428571428571,0.7429689917239267,0.8492620167621543,4,13
yolo11l-seg.pt,MOTS20-02,2,13,1,144,8,0,5,1.0,0.6153846153846154,0.7619047619047619,0.748399690285429,0.8523846981454613,4,12
yolo11l-seg.pt,MOTS20-02,3,13,1,143,9,0,4,1.0,0.6923076923076923,0.8181818181818182,0.7368582802279626,0.8451851877347845,3,12
yolo11l-seg.pt,MOTS20-02,4,13,1,134,9,1,4,0.9,0.6923076923076923,0.782608695652174,0.7472239929188009,0.8530131560217007,2,12
yolo11l-seg.pt,MOTS20-02,5,15,1,124,9,1,6,0.9,0.6,0.72,0.7495076854182248,0.8549236217471718,2,12
yolo11l-seg.pt,MOTS20-02,6,15,1,128,9,1,6,0.9,0.6,0.72,0.75552745183577,0.8584606212974932,2,12
yolo11l-seg.pt,MOTS20-02,7,15,1,132,9,0,6,1.0,0.6,0.75,0.7583673592507824,0.8602838677028148,4,13
yolo11l-seg.pt,MOTS20-02,8,15,1,144,9,0,6,1.0,0.6,0.75,0.7578791213299093,0.8599847091694303,4,13
yolo11l-seg.pt,MOTS20-02,9,15,1,132,9,0,6,1.0,0.6,0.75,0.7633929218080208,0.8639782321072238,1,10
yolo11l-seg.pt,MOTS20-02,10,15,1,136,9,0,6,1.0,0.6,0.75,0.7630495926050115,0.863517550709608,2,11
yolo11l-seg.pt,MOTS20-02,11,14,1,130,10,0,4,1.0,0.7142857142857143,0.8333333333333334,0.7600292707006358,0.8614274945547458,3,13
yolo11l-seg.pt,MOTS20-02,12,14,1,151,8,1,6,0.8888888888888888,0.5714285714285714,0.6956521739130435,0.7747287037693276,0.8709581469163663,3,12
yolo11l-seg.pt,MOTS20-02,13,14,1,158,9,0,5,1.0,0.6428571428571429,0.782608695652174,0.7625564153411086,0.8630106561074484,2,11
yolo11l-seg.pt,MOTS20-02,14,14,1,157,9,0,5,1.0,0.6428571428571429,0.782608695652174,0.7497420182825322,0.8549556964287648,2,11
yolo11l-seg.pt,MOTS20-02,15,14,1,147,8,0,6,1.0,0.5714285714285714,0.7272727272727273,0.7437731558922539,0.8489870623415083,2,10
yolo11l-seg.pt,MOTS20-02,16,13,1,149,9,0,4,1.0,0.6923076923076923,0.8181818181818182,0.7371629747525666,0.8453602104618874,4,13
yolo11l-seg.pt,MOTS20-02,17,13,1,147,9,0,4,1.0,0.6923076923076923,0.8181818181818182,0.7420074038212903,0.8488700104476626,3,12
yolo11l-seg.pt,MOTS20-02,18,13,1,154,8,0,5,1.0,0.6153846153846154,0.7619047619047619,0.7560712629699646,0.8582742306710835,2,10
yolo11l-seg.pt,MOTS20-02,19,13,1,163,8,0,5,1.0,0.6153846153846154,0.7619047619047619,0.7563642579477197,0.8587186558299349,3,11
yolo11l-seg.pt,MOTS20-02,20,13,1,161,7,0,6,1.0,0.5384615384615384,0.7,0.79254359418663,0.8831640178280086,4,11
yolo11l-seg.pt,MOTS20-02,21,13,1,166,7,0,6,1.0,0.5384615384615384,0.7,0.7857391449418228,0.8786835180333448,3,10
yolo11l-seg.pt,MOTS20-02,22,13,1,149,7,2,6,0.7777777777777778,0.5384615384615384,0.6363636363636364,0.7759527287889413,0.8728534583687958,4,13
yolo11l-seg.pt,MOTS20-02,23,13,1,145,8,0,5,1.0,0.6153846153846154,0.7619047619047619,0.7467566505531882,0.8508716956714439,5,13
yolo11l-seg.pt,MOTS20-02,24,14,1,146,7,0,7,1.0,0.5,0.6666666666666666,0.7706179629561901,0.8683781877027552,4,11
yolo11l-seg.pt,MOTS20-02,25,14,1,145,8,0,6,1.0,0.5714285714285714,0.7272727272727273,0.7643002220421673,0.8638027291612712,6,14
yolo11l-seg.pt,MOTS20-02,26,14,1,144,7,0,7,1.0,0.5,0.6666666666666666,0.768865470528984,0.8672548068362339,6,13
yolo11l-seg.pt,MOTS20-02,27,14,1,139,6,0,8,1.0,0.42857142857142855,0.6,0.7830193103789141,0.8764547203876676,4,10
yolo11l-seg.pt,MOTS20-02,28,14,1,141,8,1,6,0.8888888888888888,0.5714285714285714,0.6956521739130435,0.7819143165169646,0.8762406575683777,4,13
yolo11l-seg.pt,MOTS20-02,29,14,1,148,6,1,8,0.8571428571428571,0.42857142857142855,0.5714285714285714,0.767823797091684,0.8664571089149553,5,12
yolo11l-seg.pt,MOTS20-02,30,14,1,149,7,1,7,0.875,0.5,0.6363636363636364,0.773756329620612,0.8712877350655168,4,12
yolo11l-seg.pt,MOTS20-02,31,14,1,136,7,1,7,0.875,0.5,0.6363636363636364,0.7670553551207886,0.8664957400259795,5,13
yolo11l-seg.pt,MOTS20-02,32,14,1,146,9,0,5,1.0,0.6428571428571429,0.782608695652174,0.7262854688753319,0.8371347018480515,3,12
yolo11l-seg.pt,MOTS20-02,33,14,1,138,9,1,5,0.9,0.6428571428571429,0.75,0.7180808223850733,0.8319965381219228,4,14
yolo11l-seg.pt,MOTS20-02,34,14,1,143,9,2,5,0.8181818181818182,0.6428571428571429,0.72,0.7427452917600753,0.849990134820224,5,16
yolo11l-seg.pt,MOTS20-02,35,14,1,143,9,3,5,0.75,0.6428571428571429,0.6923076923076923,0.736408497031325,0.8446098683291642,5,17
yolo11l-seg.pt,MOTS20-02,36,14,1,142,9,2,5,0.8181818181818182,0.6428571428571429,0.72,0.7386610096096793,0.8467876487724927,4,15
yolo11l-seg.pt,MOTS20-02,37,14,1,150,9,1,5,0.9,0.6428571428571429,0.75,0.7551584885266027,0.8571588518524629,3,13
yolo11l-seg.pt,MOTS20-02,38,14,1,152,9,0,5,1.0,0.6428571428571429,0.782608695652174,0.7523099202577279,0.856414018713126,1,10
yolo11l-seg.pt,MOTS20-02,39,14,1,156,9,1,5,0.9,0.6428571428571429,0.75,0.7478184972983795,0.8534439857521514,4,14
yolo11l-seg.pt,MOTS20-02,40,13,1,161,9,1,4,0.9,0.6923076923076923,0.782608695652174,0.7356989002152406,0.8452810782593266,3,13
yolo11l-seg.pt,MOTS20-02,41,13,1,141,9,0,4,1.0,0.6923076923076923,0.8181818181818182,0.7599733200655995,0.86180162313274,4,13
yolo11l-seg.pt,MOTS20-02,42,13,1,137,10,3,3,0.7692307692307693,0.7692307692307693,0.7692307692307693,0.7498429793783734,0.853940083855278,3,16
yolo11l-seg.pt,MOTS20-02,43,13,1,144,9,1,4,0.9,0.6923076923076923,0.782608695652174,0.7760658696987143,0.8716563114518551,3,13
yolo11l-seg.pt,MOTS20-02,44,12,1,143,7,2,5,0.7777777777777778,0.5833333333333334,0.6666666666666666,0.7718539166101358,0.8690791569104398,4,13
yolo11l-seg.pt,MOTS20-02,45,12,1,140,7,2,5,0.7777777777777778,0.5833333333333334,0.6666666666666666,0.7561680748802072,0.8580167076449357,2,11
yolo11l-seg.pt,MOTS20-02,46,12,1,140,9,0,3,1.0,0.75,0.8571428571428571,0.7343980049760263,0.8438519341864631,1,10
yolo11l-seg.pt,MOTS20-02,47,12,1,135,9,0,3,1.0,0.75,0.8571428571428571,0.7341515669337961,0.8432743313696333,1,10
yolo11l-seg.pt,MOTS20-02,48,13,1,149,9,1,4,0.9,0.6923076923076923,0.782608695652174,0.7395277517208796,0.8476956404362719,3,13
yolo11l-seg.pt,MOTS20-02,49,13,1,131,9,0,4,1.0,0.6923076923076923,0.8181818181818182,0.748529099582778,0.8533661312030831,1,10
yolo11l-seg.pt,MOTS20-02,50,13,1,132,8,1,5,0.8888888888888888,0.6153846153846154,0.7272727272727273,0.7529053113500513,0.8564542057169898,3,12
yolo11l-seg.pt,MOTS20-02,51,13,1,127,8,1,5,0.8888888888888888,0.6153846153846154,0.7272727272727273,0.7552519102855391,0.8576513413150313,3,12
yolo11l-seg.pt,MOTS20-02,52,12,1,123,8,2,4,0.8,0.6666666666666666,0.7272727272727273,0.7692501465354844,0.8666382741656821,1,11
yolo11l-seg.pt,MOTS20-02,53,12,1,133,8,2,4,0.8,0.6666666666666666,0.7272727272727273,0.7642260993783099,0.8642396321954822,1,11
yolo11l-seg.pt,MOTS20-02,54,13,1,130,7,3,6,0.7,0.5384615384615384,0.6086956521739131,0.7740214459613555,0.8712489367765238,1,11
yolo11l-seg.pt,MOTS20-02,55,13,1,131,7,4,6,0.6363636363636364,0.5384615384615384,0.5833333333333334,0.7694792600740763,0.8682363136456196,1,12
yolo11l-seg.pt,MOTS20-02,56,13,1,133,7,4,6,0.6363636363636364,0.5384615384615384,0.5833333333333334,0.7667456620702263,0.8662468118390462,1,12
yolo11l-seg.pt,MOTS20-02,57,12,1,145,7,3,5,0.7,0.5833333333333334,0.6363636363636364,0.7189282248890386,0.8318793091891437,3,13
yolo11l-seg.pt,MOTS20-02,58,12,1,146,6,3,6,0.6666666666666666,0.5,0.5714285714285714,0.7424976164299318,0.8494588363970084,2,11
yolo11l-seg.pt,MOTS20-02,59,12,1,150,6,1,6,0.8571428571428571,0.5,0.631578947368421,0.7418108908884967,0.8504158263008371,3,10
yolo11l-seg.pt,MOTS20-02,60,12,1,145,7,1,5,0.875,0.5833333333333334,0.7,0.755108081162185,0.8592435368113821,2,10
yolo11l-seg.pt,MOTS20-02,61,12,1,142,8,2,4,0.8,0.6666666666666666,0.7272727272727273,0.7283489061284302,0.8393285670276178,2,12
yolo11l-seg.pt,MOTS20-02,62,12,1,145,7,0,5,1.0,0.5833333333333334,0.7368421052631579,0.7376422509832318,0.846700636269272,1,8
yolo11l-seg.pt,MOTS20-02,63,12,1,138,7,0,5,1.0,0.5833333333333334,0.7368421052631579,0.7680157302041641,0.8677102294166829,2,9
yolo11l-seg.pt,MOTS20-02,64,12,1,146,6,0,6,1.0,0.5,0.6666666666666666,0.7410232764575784,0.8493903954639007,2,8
yolo11l-seg.pt,MOTS20-02,65,11,1,147,6,1,5,0.8571428571428571,0.5454545454545454,0.6666666666666666,0.7697522374951284,0.869018345753302,2,9
yolo11l-seg.pt,MOTS20-02,66,12,1,150,7,2,5,0.7777777777777778,0.5833333333333334,0.6666666666666666,0.7660772562149462,0.865920443697609,0,9
yolo11l-seg.pt,MOTS20-02,67,12,1,141,7,1,5,0.875,0.5833333333333334,0.7,0.7646848861406274,0.8644844850786051,2,10
yolo11l-seg.pt,MOTS20-02,68,12,1,161,7,0,5,1.0,0.5833333333333334,0.7368421052631579,0.7612201992721485,0.8627729954150672,2,9
yolo11l-seg.pt,MOTS20-02,69,12,1,153,7,0,5,1.0,0.5833333333333334,0.7368421052631579,0.7640998572376022,0.8647663238348243,2,9
yolo11l-seg.pt,MOTS20-02,70,12,1,139,7,0,5,1.0,0.5833333333333334,0.7368421052631579,0.7689559321493772,0.8673631097648704,0,7
yolo11l-seg.pt,MOTS20-02,71,12,1,141,7,0,5,1.0,0.5833333333333334,0.7368421052631579,0.7696932575408041,0.867165523188483,2,9
yolo11l-seg.pt,MOTS20-02,72,12,1,143,7,1,5,0.875,0.5833333333333334,0.7,0.7654946425954277,0.8638409425580426,1,9
yolo11l-seg.pt,MOTS20-02,73,12,1,140,6,2,6,0.75,0.5,0.6,0.7977706244273198,0.8856503902693463,1,9
yolo11l-seg.pt,MOTS20-02,74,12,1,143,7,0,5,1.0,0.5833333333333334,0.7368421052631579,0.7876551726986563,0.8784553316518109,2,9
yolo11l-seg.pt,MOTS20-02,75,12,1,147,7,1,5,0.875,0.5833333333333334,0.7,0.7970089741930707,0.8845174293832522,4,12
yolo11l-seg.pt,MOTS20-02,76,12,1,139,7,1,5,0.875,0.5833333333333334,0.7,0.7843033992957158,0.8766652347369925,3,11
yolo11l-seg.pt,MOTS20-02,77,12,1,139,6,1,6,0.8571428571428571,0.5,0.631578947368421,0.7843203092900799,0.8768184502895778,4,11
yolo11l-seg.pt,MOTS20-02,78,12,1,140,6,1,6,0.8571428571428571,0.5,0.631578947368421,0.7764401808974942,0.8719819190585225,1,8
yolo11l-seg.pt,MOTS20-02,79,12,1,143,6,1,6,0.8571428571428571,0.5,0.631578947368421,0.7662802026027494,0.8647801722175338,2,9
yolo11l-seg.pt,MOTS20-02,80,12,1,152,7,0,5,1.0,0.5833333333333334,0.7368421052631579,0.7623139511013505,0.8623840883404611,1,8
yolo11l-seg.pt,MOTS20-02,81,11,1,147,7,0,4,1.0,0.6363636363636364,0.7777777777777778,0.7558591226481423,0.8586485761213297,2,9
yolo11l-seg.pt,MOTS20-02,82,11,1,156,7,0,4,1.0,0.6363636363636364,0.7777777777777778,0.7614267562265111,0.8622975864131369,0,7
yolo11l-seg.pt,MOTS20-02,83,11,1,137,7,1,4,0.875,0.6363636363636364,0.7368421052631579,0.7418690547101425,0.8490531255273271,2,10
yolo11l-seg.pt,MOTS20-02,84,11,1,138,7,2,4,0.7777777777777778,0.6363636363636364,0.7,0.7412023870308433,0.8482776470074149,1,10
yolo11l-seg.pt,MOTS20-02,85,11,1,138,7,0,4,1.0,0.6363636363636364,0.7777777777777778,0.7401281819148439,0.8467610043308179,1,8
yolo11l-seg.pt,MOTS20-02,86,11,1,141,7,0,4,1.0,0.6363636363636364,0.7777777777777778,0.7324460660951937,0.8403773219022289,1,8
yolo11l-seg.pt,MOTS20-02,87,11,1,139,7,0,4,1.0,0.6363636363636364,0.7777777777777778,0.7461578187309049,0.8509426162411025,1,8
yolo11l-seg.pt,MOTS20-02,88,11,1,122,7,0,4,1.0,0.6363636363636364,0.7777777777777778,0.7525174656973792,0.8570618199904111,3,10
yolo11l-seg.pt,MOTS20-02,89,11,1,127,7,0,4,1.0,0.6363636363636364,0.7777777777777778,0.7411569724966657,0.8485515933081337,4,11
yolo11l-seg.pt,MOTS20-02,90,11,1,127,7,0,4,1.0,0.6363636363636364,0.7777777777777778,0.7375270863012909,0.8460258564958866,3,10
yolo11l-seg.pt,MOTS20-02,91,11,1,133,7,1,4,0.875,0.6363636363636364,0.7368421052631579,0.7524503355231886,0.8566814083736283,4,12
yolo11l-seg.pt,MOTS20-02,92,11,1,127,7,2,4,0.7777777777777778,0.6363636363636364,0.7,0.7680174535236839,0.867365634392417,2,11
yolo11l-seg.pt,MOTS20-02,93,11,1,145,6,1,5,0.8571428571428571,0.5454545454545454,0.6666666666666666,0.7868338981430654,0.8798992775659807,2,9
yolo11l-seg.pt,MOTS20-02,94,11,1,138,8,1,3,0.8888888888888888,0.7272727272727273,0.8,0.7594312320914822,0.8619051153614871,2,11
yolo11l-seg.pt,MOTS20-02,95,11,1,140,7,0,4,1.0,0.6363636363636364,0.7777777777777778,0.7601794315090358,0.8627311640932126,1,8
yolo11l-seg.pt,MOTS20-02,96,11,1,141,7,0,4,1.0,0.6363636363636364,0.7777777777777778,0.7503189726320924,0.8551969619968046,2,9
yolo11l-seg.pt,MOTS20-02,97,11,1,141,7,0,4,1.0,0.6363636363636364,0.7777777777777778,0.7624422403384216,0.8640276335023797,1,8
yolo11l-seg.pt,MOTS20-02,98,11,1,137,7,1,4,0.875,0.6363636363636364,0.7368421052631579,0.7392679838260428,0.8470091600068168,3,11
yolo11l-seg.pt,MOTS20-02,99,11,1,142,8,0,3,1.0,0.7272727272727273,0.8421052631578947,0.7471544033340272,0.8532208136327978,2,10
yolo11l-seg.pt,MOTS20-02,100,11,1,136,8,0,3,1.0,0.7272727272727273,0.8421052631578947,0.7244018142735394,0.8362051092203824,3,11
yolo11l-seg.pt,MOTS20-02,101,12,1,135,8,1,4,0.8888888888888888,0.6666666666666666,0.7619047619047619,0.7501333226955493,0.8548606682092443,2,11
yolo11l-seg.pt,MOTS20-02,102,12,1,133,8,2,4,0.8,0.6666666666666666,0.7272727272727273,0.7231762293194025,0.8348388099676374,3,13
yolo11l-seg.pt,MOTS20-02,103,11,1,141,8,3,3,0.7272727272727273,0.7272727272727273,0.7272727272727273,0.7402756382920983,0.8486258382219398,2,13
yolo11l-seg.pt,MOTS20-02,104,11,1,143,8,3,3,0.7272727272727273,0.7272727272727273,0.7272727272727273,0.7391718203054556,0.8473788619671554,2,13
yolo11l-seg.pt,MOTS20-02,105,11,1,134,7,3,4,0.7,0.6363636363636364,0.6666666666666666,0.7503418012643016,0.8550479180572736,2,12
yolo11l-seg.pt,MOTS20-02,106,11,1,139,7,2,4,0.7777777777777778,0.6363636363636364,0.7,0.7591413377465971,0.860174833384429,3,12
yolo11l-seg.pt,MOTS20-02,107,11,1,131,7,1,4,0.875,0.6363636363636364,0.7368421052631579,0.7543865044427386,0.856949059155765,2,10
yolo11l-seg.pt,MOTS20-02,108,11,1,138,6,0,5,1.0,0.5454545454545454,0.7058823529411765,0.773174017464774,0.8696787430033665,1,7
yolo11l-seg.pt,MOTS20-02,109,11,1,131,6,1,5,0.8571428571428571,0.5454545454545454,0.6666666666666666,0.7534329296788732,0.8564466151124588,2,9
yolo11l-seg.pt,MOTS20-02,110,11,1,136,5,1,6,0.8333333333333334,0.45454545454545453,0.5882352941176471,0.7646465656225314,0.8641107180214902,1,7
yolo11l-seg.pt,MOTS20-02,111,11,1,129,6,2,5,0.75,0.5454545454545454,0.631578947368421,0.7670580850834575,0.8652061700684843,1,9
yolo11l-seg.pt,MOTS20-02,112,11,1,136,6,1,5,0.8571428571428571,0.5454545454545454,0.6666666666666666,0.7547359265951896,0.8569324325905657,3,10
yolo11l-seg.pt,MOTS20-02,113,11,1,133,7,1,4,0.875,0.6363636363636364,0.7368421052631579,0.7080266672976702,0.8236469707521719,3,11
yolo11l-seg.pt,MOTS20-02,114,11,1,118,6,0,5,1.0,0.5454545454545454,0.7058823529411765,0.736804571765759,0.8431519133302191,2,8
yolo11l-seg.pt,MOTS20-02,115,11,1,133,7,0,4,1.0,0.6363636363636364,0.7777777777777778,0.7173538342817588,0.8320716552794091,2,9
yolo11l-seg.pt,MOTS20-02,116,11,1,126,5,0,6,1.0,0.45454545454545453,0.625,0.762287765023168,0.8617725823280751,2,7
yolo11l-seg.pt,MOTS20-02,117,11,1,127,6,0,5,1.0,0.5454545454545454,0.7058823529411765,0.7814605433443829,0.8749867685696873,2,8
yolo11l-seg.pt,MOTS20-02,118,11,1,122,6,0,5,1.0,0.5454545454545454,0.7058823529411765,0.7826690757999434,0.8762688650285545,2,8
yolo11l-seg.pt,MOTS20-02,119,11,1,123,8,1,3,0.8888888888888888,0.7272727272727273,0.8,0.748440400787834,0.8531600692635166,1,10
yolo11l-seg.pt,MOTS20-02,120,11,1,128,8,1,3,0.8888888888888888,0.7272727272727273,0.8,0.7476217796541124,0.8522398479804674,1,10
yolo11l-seg.pt,MOTS20-02,121,11,1,129,8,1,3,0.8888888888888888,0.7272727272727273,0.8,0.7415330081479375,0.8482902363822111,1,10
yolo11l-seg.pt,MOTS20-02,122,11,1,125,8,2,3,0.8,0.7272727272727273,0.7619047619047619,0.7402678131091778,0.8468993337993062,2,12
yolo11l-seg.pt,MOTS20-02,123,11,1,115,7,1,4,0.875,0.6363636363636364,0.7368421052631579,0.7460884980014174,0.8508283041529058,2,10
yolo11l-seg.pt,MOTS20-02,124,11,1,130,8,0,3,1.0,0.7272727272727273,0.8421052631578947,0.7281057357168261,0.8382633458390074,1,9
yolo11l-seg.pt,MOTS20-02,125,11,1,123,8,1,3,0.8888888888888888,0.7272727272727273,0.8,0.7254203157561869,0.8366971215354024,2,11
yolo11l-seg.pt,MOTS20-02,126,11,1,125,7,1,4,0.875,0.6363636363636364,0.7368421052631579,0.7510335993318021,0.8547291102328882,5,13
yolo11l-seg.pt,MOTS20-02,127,11,1,126,6,1,5,0.8571428571428571,0.5454545454545454,0.6666666666666666,0.7560769488258678,0.8576755877191301,3,10
yolo11l-seg.pt,MOTS20-02,128,12,1,121,7,2,5,0.7777777777777778,0.5833333333333334,0.6666666666666666,0.7317661256389726,0.8394441953647052,4,13
yolo11l-seg.pt,MOTS20-02,129,12,1,119,7,0,5,1.0,0.5833333333333334,0.7368421052631579,0.7346292225486076,0.8407672581671007,2,9
yolo11l-seg.pt,MOTS20-02,130,11,1,114,7,1,4,0.875,0.6363636363636364,0.7368421052631579,0.7429301777720598,0.8480370282188845,2,10
yolo11l-seg.pt,MOTS20-02,131,12,1,135,7,1,5,0.875,0.5833333333333334,0.7,0.7603744779468505,0.8608016839777959,3,11
yolo11l-seg.pt,MOTS20-02,132,12,1,121,8,2,4,0.8,0.6666666666666666,0.7272727272727273,0.7410112591240264,0.8467631610965384,2,12
yolo11l-seg.pt,MOTS20-02,133,13,1,124,9,1,4,0.9,0.6923076923076923,0.782608695652174,0.7362918831012045,0.84497227723693,2,12
yolo11l-seg.pt,MOTS20-02,134,14,1,129,9,1,5,0.9,0.6428571428571429,0.75,0.7375603924970912,0.8456706739056814,3,13
yolo11l-seg.pt,MOTS20-02,135,14,1,125,7,0,7,1.0,0.5,0.6666666666666666,0.7616823814864073,0.8616703300677743,3,10
yolo11l-seg.pt,MOTS20-02,136,14,1,129,7,0,7,1.0,0.5,0.6666666666666666,0.7473346433233978,0.8518165081258023,1,8
yolo11l-seg.pt,MOTS20-02,137,14,1,131,6,0,8,1.0,0.42857142857142855,0.6,0.7639978458518134,0.8618592283036945,1,7
yolo11l-seg.pt,MOTS20-02,138,14,1,124,6,2,8,0.75,0.42857142857142855,0.5454545454545454,0.7455310217554786,0.8494385580135693,0,8
yolo11l-seg.pt,MOTS20-02,139,13,1,129,7,1,6,0.875,0.5384615384615384,0.6666666666666666,0.7170180634371494,0.8294093276739645,1,9
yolo11l-seg.pt,MOTS20-02,140,13,1,127,6,2,7,0.75,0.46153846153846156,0.5714285714285714,0.7632298502846618,0.8625162744675298,0,8
yolo11l-seg.pt,MOTS20-02,141,13,1,126,6,1,7,0.8571428571428571,0.46153846153846156,0.6,0.7558249579000574,0.8576565522041467,0,7
yolo11l-seg.pt,MOTS20-02,142,13,1,133,7,0,6,1.0,0.5384615384615384,0.7,0.7535362545362209,0.85586104713632,0,7
yolo11l-seg.pt,MOTS20-02,143,13,1,129,7,0,6,1.0,0.5384615384615384,0.7,0.7444730288383249,0.8502967291172508,1,8
yolo11l-seg.pt,MOTS20-02,144,13,1,119,7,0,6,1.0,0.5384615384615384,0.7,0.7409160506463918,0.847789302727011,1,8
yolo11l-seg.pt,MOTS20-02,145,13,1,130,11,0,2,1.0,0.8461538461538461,0.9166666666666666,0.711146459669611,0.8276525921688926,1,12
yolo11l-seg.pt,MOTS20-02,146,13,1,130,9,0,4,1.0,0.6923076923076923,0.8181818181818182,0.7317609282978431,0.8416808454202497,1,10
yolo11l-seg.pt,MOTS20-02,147,13,1,132,9,0,4,1.0,0.6923076923076923,0.8181818181818182,0.7198720647308089,0.8338558528542814,1,10
yolo11l-seg.pt,MOTS20-02,148,13,1,124,10,0,3,1.0,0.7692307692307693,0.8695652173913043,0.7248519246978467,0.8377008832352735,1,11
yolo11l-seg.pt,MOTS20-02,149,13,1,126,11,0,2,1.0,0.8461538461538461,0.9166666666666666,0.7311247061076677,0.8416655671572788,1,12
yolo11l-seg.pt,MOTS20-02,150,13,1,134,9,0,4,1.0,0.6923076923076923,0.8181818181818182,0.731017392492999,0.841088005632764,1,10
yolo11l-seg.pt,MOTS20-02,151,13,1,128,8,0,5,1.0,0.6153846153846154,0.7619047619047619,0.7398520139957512,0.8475038124910708,1,9
yolo11l-seg.pt,MOTS20-02,152,13,1,141,9,0,4,1.0,0.6923076923076923,0.8181818181818182,0.7279693170232774,0.8375060469353914,1,10
yolo11l-seg.pt,MOTS20-02,153,14,1,132,8,0,6,1.0,0.5714285714285714,0.7272727272727273,0.7316431993605921,0.8406070775889454,1,9
yolo11l-seg.pt,MOTS20-02,154,14,1,131,9,0,5,1.0,0.6428571428571429,0.782608695652174,0.7414343781998994,0.847722625115347,1,10
yolo11l-seg.pt,MOTS20-02,155,14,1,124,9,0,5,1.0,0.6428571428571429,0.782608695652174,0.7210515281351159,0.8344052898799555,1,10
yolo11l-seg.pt,MOTS20-02,156,14,1,126,8,0,6,1.0,0.5714285714285714,0.7272727272727273,0.7304713798427187,0.8406818556585312,1,9
yolo11l-seg.pt,MOTS20-02,157,14,1,131,8,0,6,1.0,0.5714285714285714,0.7272727272727273,0.7508287108125071,0.8555526802838516,1,9
yolo11l-seg.pt,MOTS20-02,158,13,1,129,7,1,6,0.875,0.5384615384615384,0.6666666666666666,0.7827562467962198,0.8763904487041898,1,9
yolo11l-seg.pt,MOTS20-02,159,13,1,121,8,0,5,1.0,0.6153846153846154,0.7619047619047619,0.7529648216219997,0.8547434615487239,1,9
yolo11l-seg.pt,MOTS20-02,160,13,1,124,8,0,5,1.0,0.6153846153846154,0.7619047619047619,0.7591277301169068,0.858775854418061,1,9
yolo11l-seg.pt,MOTS20-02,161,12,1,122,8,0,4,1.0,0.6666666666666666,0.8,0.7569228035995885,0.858620809625335,1,9
yolo11l-seg.pt,MOTS20-02,162,12,1,127,9,1,3,0.9,0.75,0.8181818181818182,0.7469996552576634,0.8500283083965843,0,10
yolo11l-seg.pt,MOTS20-02,163,12,1,114,8,2,4,0.8,0.6666666666666666,0.7272727272727273,0.7473793731457112,0.8502618988449142,0,10
yolo11l-seg.pt,MOTS20-02,164,12,1,120,7,2,5,0.7777777777777778,0.5833333333333334,0.6666666666666666,0.7816266618833481,0.8738175269088027,1,10
yolo11l-seg.pt,MOTS20-02,165,12,1,107,8,1,4,0.8888888888888888,0.6666666666666666,0.7619047619047619,0.7598031928230269,0.8603474437425408,1,10
yolo11l-seg.pt,MOTS20-02,166,12,1,117,8,1,4,0.8888888888888888,0.6666666666666666,0.7619047619047619,0.7690451103749844,0.8673262243653612,1,10
yolo11l-seg.pt,MOTS20-02,167,12,1,121,8,1,4,0.8888888888888888,0.6666666666666666,0.7619047619047619,0.7508276915120484,0.8536047752422511,1,10
yolo11l-seg.pt,MOTS20-02,168,12,1,129,9,3,3,0.75,0.75,0.75,0.7613173018371846,0.8616867983118199,1,13
yolo11l-seg.pt,MOTS20-02,169,12,1,117,8,3,4,0.7272727272727273,0.6666666666666666,0.6956521739130435,0.7683634564905077,0.8651620277988203,1,12
yolo11l-seg.pt,MOTS20-02,170,12,1,118,7,3,5,0.7,0.5833333333333334,0.6363636363636364,0.8052265235634574,0.8903806570103522,1,11
yolo11l-seg.pt,MOTS20-02,171,12,1,117,9,1,3,0.9,0.75,0.8181818181818182,0.758478010817702,0.8568132334130006,1,11
yolo11l-seg.pt,MOTS20-02,172,13,1,114,7,2,6,0.7777777777777778,0.5384615384615384,0.6363636363636364,0.7927754518048241,0.8805214577249901,1,10
yolo11l-seg.pt,MOTS20-02,173,12,1,120,7,2,5,0.7777777777777778,0.5833333333333334,0.6666666666666666,0.7951792565820517,0.8837984347319293,1,10
yolo11l-seg.pt,MOTS20-02,174,12,1,116,8,1,4,0.8888888888888888,0.6666666666666666,0.7619047619047619,0.7733121159417645,0.8688700874252844,1,10
yolo11l-seg.pt,MOTS20-02,175,12,1,117,9,2,3,0.8181818181818182,0.75,0.782608695652174,0.7619133195443568,0.8624113631498335,1,12
yolo11l-seg.pt,MOTS20-02,176,11,1,120,6,3,5,0.6666666666666666,0.5454545454545454,0.6,0.7979510355731197,0.8862597478496107,3,12
yolo11l-seg.pt,MOTS20-02,177,11,1,110,8,2,3,0.8,0.7272727272727273,0.7619047619047619,0.7205114587550436,0.8317694877555184,1,11
yolo11l-seg.pt,MOTS20-02,178,11,1,129,6,3,5,0.6666666666666666,0.5454545454545454,0.6,0.8026488009892451,0.8895620052360055,2,11
yolo11l-seg.pt,MOTS20-02,179,12,1,119,8,1,4,0.8888888888888888,0.6666666666666666,0.7619047619047619,0.7539329390467886,0.8557411688039447,1,10
yolo11l-seg.pt,MOTS20-02,180,12,1,112,8,1,4,0.8888888888888888,0.6666666666666666,0.7619047619047619,0.7401475945767497,0.8469278994035458,1,10
yolo11l-seg.pt,MOTS20-02,181,12,1,115,8,2,4,0.8,0.6666666666666666,0.7272727272727273,0.7551845026355988,0.8581248399721495,1,11
yolo11l-seg.pt,MOTS20-02,182,11,1,110,8,2,3,0.8,0.7272727272727273,0.7619047619047619,0.7541161849811817,0.8574172359289156,1,11
yolo11l-seg.pt,MOTS20-02,183,11,1,110,8,1,3,0.8888888888888888,0.7272727272727273,0.8,0.7473361285950608,0.852791819736471,1,10
yolo11l-seg.pt,MOTS20-02,184,11,1,116,9,1,2,0.9,0.8181818181818182,0.8571428571428571,0.7546138998845684,0.857399889991193,1,11
yolo11l-seg.pt,MOTS20-02,185,12,1,109,7,2,5,0.7777777777777778,0.5833333333333334,0.6666666666666666,0.767301013521327,0.8652971878658605,1,10
yolo11l-seg.pt,MOTS20-02,186,12,1,118,7,2,5,0.7777777777777778,0.5833333333333334,0.6666666666666666,0.7734440030814872,0.8703105741581173,1,10
yolo11l-seg.pt,MOTS20-02,187,12,1,113,9,1,3,0.9,0.75,0.8181818181818182,0.7392365194982808,0.8464708358097879,1,11
yolo11l-seg.pt,MOTS20-02,188,13,1,128,7,3,6,0.7,0.5384615384615384,0.6086956521739131,0.7771527236791868,0.8716816070347126,1,11
yolo11l-seg.pt,MOTS20-02,189,13,1,126,7,3,6,0.7,0.5384615384615384,0.6086956521739131,0.7727033903778946,0.8692345064424456,1,11
yolo11l-seg.pt,MOTS20-02,190,13,1,133,8,2,5,0.8,0.6153846153846154,0.6956521739130435,0.7477054727383909,0.8498297500234117,0,10
yolo11l-seg.pt,MOTS20-02,191,13,1,124,9,2,4,0.8181818181818182,0.6923076923076923,0.75,0.7559741120463499,0.8559260500784472,0,11
yolo11l-seg.pt,MOTS20-02,192,13,1,117,9,2,4,0.8181818181818182,0.6923076923076923,0.75,0.7374090314256063,0.8421602032764999,0,11
yolo11l-seg.pt,MOTS20-02,193,13,1,115,9,1,4,0.9,0.6923076923076923,0.782608695652174,0.7169316032269357,0.8270524519678915,0,10
yolo11l-seg.pt,MOTS20-02,194,13,1,109,10,1,3,0.9090909090909091,0.7692307692307693,0.8333333333333334,0.7388492080669936,0.8444584971564577,0,11
yolo11l-seg.pt,MOTS20-02,195,13,1,128,10,1,3,0.9090909090909091,0.7692307692307693,0.8333333333333334,0.7318663694008614,0.8394618392032083,0,11
yolo11l-seg.pt,MOTS20-02,196,13,1,120,8,2,5,0.8,0.6153846153846154,0.6956521739130435,0.7551199402645268,0.8580361435335772,0,10
yolo11l-seg.pt,MOTS20-02,197,13,1,125,9,1,4,0.9,0.6923076923076923,0.782608695652174,0.7363534435752975,0.8429852332040191,0,10
yolo11l-seg.pt,MOTS20-02,198,12,1,114,9,2,3,0.8181818181818182,0.75,0.782608695652174,0.7570395446631049,0.859038659462232,1,12
yolo11l-seg.pt,MOTS20-02,199,12,1,121,9,1,3,0.9,0.75,0.8181818181818182,0.7524879315804625,0.8558707400275803,1,11
yolo11l-seg.pt,MOTS20-02,200,12,1,124,9,1,3,0.9,0.75,0.8181818181818182,0.7663120302796197,0.8650186173427709,1,11
yolo11l-seg.pt,MOTS20-02,201,12,1,121,9,2,3,0.8181818181818182,0.75,0.782608695652174,0.7524271656274192,0.8551755478903041,0,11
yolo11l-seg.pt,MOTS20-02,202,12,1,113,10,1,2,0.9090909090909091,0.8333333333333334,0.8695652173913043,0.7333105291684135,0.8418098921539677,0,11
yolo11l-seg.pt,MOTS20-02,203,12,1,116,9,2,3,0.8181818181818182,0.75,0.782608695652174,0.7482301985493268,0.8532070519401836,0,11
yolo11l-seg.pt,MOTS20-02,204,12,1,122,9,0,3,1.0,0.75,0.8571428571428571,0.7583083508584528,0.8606804907173133,1,10
yolo11l-seg.pt,MOTS20-02,205,12,1,122,9,0,3,1.0,0.75,0.8571428571428571,0.7391956711566048,0.846631194305628,0,9
yolo11l-seg.pt,MOTS20-02,206,12,1,126,8,0,4,1.0,0.6666666666666666,0.8,0.7536023308535926,0.8553155708351745,0,8
yolo11l-seg.pt,MOTS20-02,207,12,1,140,8,1,4,0.8888888888888888,0.6666666666666666,0.7619047619047619,0.7537861018054068,0.8557499452214137,0,9
yolo11l-seg.pt,MOTS20-02,208,12,1,125,8,1,4,0.8888888888888888,0.6666666666666666,0.7619047619047619,0.7486110324613261,0.8533008442906492,0,9
yolo11l-seg.pt,MOTS20-02,209,11,1,116,7,1,4,0.875,0.6363636363636364,0.7368421052631579,0.7829370528701521,0.8762991927202117,0,8
yolo11l-seg.pt,MOTS20-02,210,12,1,122,8,0,4,1.0,0.6666666666666666,0.8,0.7689794816552513,0.8648717176682158,0,8
yolo11l-seg.pt,MOTS20-02,211,12,1,122,10,0,2,1.0,0.8333333333333334,0.9090909090909091,0.7263618952387099,0.8374982754797353,0,10
yolo11l-seg.pt,MOTS20-02,212,12,1,122,9,0,3,1.0,0.75,0.8571428571428571,0.7227720407037894,0.8356893182920637,0,9
yolo11l-seg.pt,MOTS20-02,213,12,1,124,9,0,3,1.0,0.75,0.8571428571428571,0.754807523137717,0.8560295575990385,0,9
yolo11l-seg.pt,MOTS20-02,214,11,1,125,9,0,2,1.0,0.8181818181818182,0.9,0.7447541789005582,0.8490220944601343,0,9
yolo11l-seg.pt,MOTS20-02,215,11,1,124,9,0,2,1.0,0.8181818181818182,0.9,0.7619974095142094,0.8613629618098515,0,9
yolo11l-seg.pt,MOTS20-02,216,11,1,126,9,0,2,1.0,0.8181818181818182,0.9,0.7494413843720549,0.8519583699705617,0,9
yolo11l-seg.pt,MOTS20-02,217,11,1,118,9,1,2,0.9,0.8181818181818182,0.8571428571428571,0.7408683498610131,0.846113233341231,0,10
yolo11l-seg.pt,MOTS20-02,218,11,1,120,10,0,1,1.0,0.9090909090909091,0.9523809523809523,0.7288195788120229,0.83776959016631,0,10
yolo11l-seg.pt,MOTS20-02,219,11,1,121,10,2,1,0.8333333333333334,0.9090909090909091,0.8695652173913043,0.7296649640653887,0.8388338732214538,1,13
yolo11l-seg.pt,MOTS20-02,220,11,1,122,10,1,1,0.9090909090909091,0.9090909090909091,0.9090909090909091,0.7293287384935839,0.8385299799850972,1,12
yolo11l-seg.pt,MOTS20-02,221,11,1,117,10,0,1,1.0,0.9090909090909091,0.9523809523809523,0.7122106148436365,0.8266598196285477,1,11
yolo11l-seg.pt,MOTS20-02,222,11,1,115,9,1,2,0.9,0.8181818181818182,0.8571428571428571,0.7291950522325856,0.8383518746266305,0,10
yolo11l-seg.pt,MOTS20-02,223,10,1,119,9,0,1,1.0,0.9,0.9473684210526315,0.7178859479704767,0.8293311512371742,1,10
yolo11l-seg.pt,MOTS20-02,224,11,1,115,9,0,2,1.0,0.8181818181818182,0.9,0.7168632264905221,0.8292291924114529,1,10
yolo11l-seg.pt,MOTS20-02,225,11,1,116,9,0,2,1.0,0.8181818181818182,0.9,0.7171228593479932,0.8287293233693891,1,10
yolo11l-seg.pt,MOTS20-02,226,11,1,114,9,0,2,1.0,0.8181818181818182,0.9,0.7295380890178423,0.8369753255692262,1,10
yolo11l-seg.pt,MOTS20-02,227,11,1,112,8,0,3,1.0,0.7272727272727273,0.8421052631578947,0.7461378927984645,0.8469569852230456,0,8
yolo11l-seg.pt,MOTS20-02,228,11,1,116,8,0,3,1.0,0.7272727272727273,0.8421052631578947,0.7442780145424359,0.8469651582416049,0,8
yolo11l-seg.pt,MOTS20-02,229,11,1,120,8,0,3,1.0,0.7272727272727273,0.8421052631578947,0.7510679808507882,0.8512994313333776,1,9
yolo11l-seg.pt,MOTS20-02,230,11,1,120,9,0,2,1.0,0.8181818181818182,0.9,0.7293606455552809,0.8368744947287019,1,10
yolo11l-seg.pt,MOTS20-02,231,10,1,124,9,1,1,0.9,0.9,0.9,0.7417362617671637,0.8451685553557267,2,12
yolo11l-seg.pt,MOTS20-02,232,10,1,119,8,0,2,1.0,0.8,0.8888888888888888,0.7506259200052081,0.8498899714910455,2,10
yolo11l-seg.pt,MOTS20-02,233,10,1,114,7,1,3,0.875,0.7,0.7777777777777778,0.7862334203019273,0.8755687691853355,1,9
yolo11l-seg.pt,MOTS20-02,234,10,1,118,8,1,2,0.8888888888888888,0.8,0.8421052631578947,0.7773741403029039,0.8713977715457065,3,12
yolo11l-seg.pt,MOTS20-02,235,10,1,121,8,0,2,1.0,0.8,0.8888888888888888,0.7484658330729711,0.850753830882245,2,10
yolo11l-seg.pt,MOTS20-02,236,11,1,119,8,0,3,1.0,0.7272727272727273,0.8421052631578947,0.7638184442558744,0.8607169597881479,1,9
yolo11l-seg.pt,MOTS20-02,237,11,1,120,6,1,5,0.8571428571428571,0.5454545454545454,0.6666666666666666,0.788899624829794,0.8799414710770765,1,8
yolo11l-seg.pt,MOTS20-02,238,10,1,118,7,2,3,0.7777777777777778,0.7,0.7368421052631579,0.7910175681187185,0.8813992925581369,1,10
yolo11l-seg.pt,MOTS20-02,239,10,1,125,7,1,3,0.875,0.7,0.7777777777777778,0.7818002500256857,0.8739782734327356,2,10
yolo11l-seg.pt,MOTS20-02,240,10,1,134,9,1,1,0.9,0.9,0.9,0.7446116672713949,0.8483815854660927,1,11
yolo11l-seg.pt,MOTS20-02,241,10,1,122,8,2,2,0.8,0.8,0.8,0.7747578587231567,0.8698047592770014,2,12
yolo11l-seg.pt,MOTS20-02,242,10,1,127,9,0,1,1.0,0.9,0.9473684210526315,0.7401242518100364,0.8447797468409025,2,11
yolo11l-seg.pt,MOTS20-02,243,10,1,125,8,1,2,0.8888888888888888,0.8,0.8421052631578947,0.7645378130229186,0.8621012460130661,3,12
yolo11l-seg.pt,MOTS20-02,244,10,1,124,8,1,2,0.8888888888888888,0.8,0.8421052631578947,0.7437974252720251,0.8497091225876181,2,11
yolo11l-seg.pt,MOTS20-02,245,10,1,131,8,1,2,0.8888888888888888,0.8,0.8421052631578947,0.7432903310370957,0.8489634251496034,1,10
yolo11l-seg.pt,MOTS20-02,246,10,1,139,7,1,3,0.875,0.7,0.7777777777777778,0.7560365667775217,0.8577948040275244,1,9
yolo11l-seg.pt,MOTS20-02,247,10,1,126,9,1,1,0.9,0.9,0.9,0.721544040703633,0.8339228100978936,1,11
yolo11l-seg.pt,MOTS20-02,248,10,1,135,7,2,3,0.7777777777777778,0.7,0.7368421052631579,0.7458699630283089,0.8500720665145514,2,11
yolo11l-seg.pt,MOTS20-02,249,10,1,134,8,1,2,0.8888888888888888,0.8,0.8421052631578947,0.7247814042809532,0.8368481447018539,3,12
yolo11l-seg.pt,MOTS20-02,250,10,1,131,8,1,2,0.8888888888888888,0.8,0.8421052631578947,0.7387460845861913,0.845284319454916,3,12
yolo11l-seg.pt,MOTS20-02,251,10,1,130,8,3,2,0.7272727272727273,0.8,0.7619047619047619,0.7230340902895888,0.8344955266751716,3,14
yolo11l-seg.pt,MOTS20-02,252,10,1,126,8,2,2,0.8,0.8,0.8,0.7403961488007089,0.8461536860561603,2,12
yolo11l-seg.pt,MOTS20-02,253,9,1,116,6,1,3,0.8571428571428571,0.6666666666666666,0.75,0.7683319776404249,0.8648683756982019,5,12
yolo11l-seg.pt,MOTS20-02,254,10,1,130,7,2,3,0.7777777777777778,0.7,0.7368421052631579,0.7535984106466534,0.8568042215150075,3,12
yolo11l-seg.pt,MOTS20-02,255,10,1,131,7,1,3,0.875,0.7,0.7777777777777778,0.7772660804102979,0.8697560471240962,3,11
yolo11l-seg.pt,MOTS20-02,256,10,1,133,7,0,3,1.0,0.7,0.8235294117647058,0.7628737601537802,0.8601258746249271,2,9
yolo11l-seg.pt,MOTS20-02,257,10,1,132,8,0,2,1.0,0.8,0.8888888888888888,0.7466085742373271,0.8491080134714382,3,11
yolo11l-seg.pt,MOTS20-02,258,10,1,119,7,1,3,0.875,0.7,0.7777777777777778,0.7624781093788613,0.859278257527249,2,10
yolo11l-seg.pt,MOTS20-02,259,11,1,122,9,0,2,1.0,0.8181818181818182,0.9,0.7174488656331007,0.8279463553010353,1,10
yolo11l-seg.pt,MOTS20-02,260,11,1,106,8,1,3,0.8888888888888888,0.7272727272727273,0.8,0.7304514836079856,0.8367944654502175,1,10
yolo11l-seg.pt,MOTS20-02,261,11,1,108,10,0,1,1.0,0.9090909090909091,0.9523809523809523,0.689208436374425,0.8084615857540779,2,12
yolo11l-seg.pt,MOTS20-02,262,11,1,107,10,0,1,1.0,0.9090909090909091,0.9523809523809523,0.6998575995315013,0.8153951566211669,1,11
yolo11l-seg.pt,MOTS20-02,263,11,1,120,10,0,1,1.0,0.9090909090909091,0.9523809523809523,0.7297835686500262,0.838161344415342,2,12
yolo11l-seg.pt,MOTS20-02,264,12,1,122,10,0,2,1.0,0.8333333333333334,0.9090909090909091,0.7417508570668739,0.8477233221033897,2,12
yolo11l-seg.pt,MOTS20-02,265,12,1,118,10,0,2,1.0,0.8333333333333334,0.9090909090909091,0.7386039989336707,0.8453213368835482,3,13
yolo11l-seg.pt,MOTS20-02,266,12,1,112,10,0,2,1.0,0.8333333333333334,0.9090909090909091,0.7498133918714236,0.85342400457229,1,11
yolo11l-seg.pt,MOTS20-02,267,12,1,121,10,0,2,1.0,0.8333333333333334,0.9090909090909091,0.7405186896738826,0.8456259165886928,1,11
yolo11l-seg.pt,MOTS20-02,268,12,1,112,9,1,3,0.9,0.75,0.8181818181818182,0.753219121808177,0.8566987766676263,1,11
yolo11l-seg.pt,MOTS20-02,269,12,1,113,10,0,2,1.0,0.8333333333333334,0.9090909090909091,0.7217400272950834,0.834061037768795,0,10
yolo11l-seg.pt,MOTS20-02,270,12,1,117,10,0,2,1.0,0.8333333333333334,0.9090909090909091,0.7222679256421427,0.8336510660145506,0,10
yolo11l-seg.pt,MOTS20-02,271,12,1,123,10,0,2,1.0,0.8333333333333334,0.9090909090909091,0.7246720986563162,0.8343951610780825,2,12
yolo11l-seg.pt,MOTS20-02,272,12,1,119,10,0,2,1.0,0.8333333333333334,0.9090909090909091,0.7420914644908058,0.8468380137759501,3,13
yolo11l-seg.pt,MOTS20-02,273,13,1,121,10,0,3,1.0,0.7692307692307693,0.8695652173913043,0.7269826102149696,0.8360458650932069,3,13
yolo11l-seg.pt,MOTS20-02,274,13,1,120,10,0,3,1.0,0.7692307692307693,0.8695652173913043,0.7213598901986672,0.8320196152086646,2,12
yolo11l-seg.pt,MOTS20-02,275,13,1,123,10,1,3,0.9090909090909091,0.7692307692307693,0.8333333333333334,0.7222851249233766,0.8327121174463661,3,14
yolo11l-seg.pt,MOTS20-02,276,13,1,135,10,1,3,0.9090909090909091,0.7692307692307693,0.8333333333333334,0.7146040138582712,0.8263142564367693,1,12
yolo11l-seg.pt,MOTS20-02,277,13,1,145,9,3,4,0.75,0.6923076923076923,0.72,0.7469048250459047,0.8494903131416964,1,13
yolo11l-seg.pt,MOTS20-02,278,13,1,145,8,0,5,1.0,0.6153846153846154,0.7619047619047619,0.7558752690935377,0.856490744785632,0,8
yolo11l-seg.pt,MOTS20-02,279,13,1,140,10,1,3,0.9090909090909091,0.7692307692307693,0.8333333333333334,0.7329661578537029,0.8406125617819621,1,12
yolo11l-seg.pt,MOTS20-02,280,13,1,135,9,0,4,1.0,0.6923076923076923,0.8181818181818182,0.7525005195191855,0.8556192733566634,1,10
yolo11l-seg.pt,MOTS20-02,281,13,1,132,8,0,5,1.0,0.6153846153846154,0.7619047619047619,0.7680782270074475,0.8651505740573172,1,9
yolo11l-seg.pt,MOTS20-02,282,13,1,127,10,1,3,0.9090909090909091,0.7692307692307693,0.8333333333333334,0.7588649109815606,0.858991377930922,1,12
yolo11l-seg.pt,MOTS20-02,283,13,1,133,10,0,3,1.0,0.7692307692307693,0.8695652173913043,0.7565931538069164,0.8570943411082681,1,11
yolo11l-seg.pt,MOTS20-02,284,13,1,129,10,0,3,1.0,0.7692307692307693,0.8695652173913043,0.7664570348352058,0.8652951511796543,1,11
yolo11l-seg.pt,MOTS20-02,285,12,1,131,10,0,2,1.0,0.8333333333333334,0.9090909090909091,0.7623539794372801,0.8632692213981705,1,11
yolo11l-seg.pt,MOTS20-02,286,12,1,127,10,0,2,1.0,0.8333333333333334,0.9090909090909091,0.7717658015838202,0.8695153628449466,1,11
yolo11l-seg.pt,MOTS20-02,287,12,1,132,10,0,2,1.0,0.8333333333333334,0.9090909090909091,0.7615115675522254,0.862222780782852,1,11
yolo11l-seg.pt,MOTS20-02,288,13,1,121,10,1,3,0.9090909090909091,0.7692307692307693,0.8333333333333334,0.7209663388994034,0.8333336981614419,2,13
yolo11l-seg.pt,MOTS20-02,289,13,1,142,8,1,5,0.8888888888888888,0.6153846153846154,0.7272727272727273,0.7529528748155351,0.8564722643724181,2,11
yolo11l-seg.pt,MOTS20-02,290,13,1,153,9,0,4,1.0,0.6923076923076923,0.8181818181818182,0.7295769437420938,0.8385611016878305,1,10
yolo11l-seg.pt,MOTS20-02,291,13,1,139,9,1,4,0.9,0.6923076923076923,0.782608695652174,0.7476932663180145,0.8521595367540514,1,11
yolo11l-seg.pt,MOTS20-02,292,13,1,139,10,0,3,1.0,0.7692307692307693,0.8695652173913043,0.7519051949546874,0.854985797938937,1,11
yolo11l-seg.pt,MOTS20-02,293,13,1,139,10,0,3,1.0,0.7692307692307693,0.8695652173913043,0.7529488766058519,0.8560603177871663,1,11
yolo11l-seg.pt,MOTS20-02,294,13,1,136,9,0,4,1.0,0.6923076923076923,0.8181818181818182,0.7737245511921093,0.8697468879367646,1,10
yolo11l-seg.pt,MOTS20-02,295,13,1,145,10,0,3,1.0,0.7692307692307693,0.8695652173913043,0.7431278934684717,0.8465433390672807,1,11
yolo11l-seg.pt,MOTS20-02,296,13,1,143,8,0,5,1.0,0.6153846153846154,0.7619047619047619,0.7598066422062045,0.8578878688864671,2,10
yolo11l-seg.pt,MOTS20-02,297,13,1,147,9,0,4,1.0,0.6923076923076923,0.8181818181818182,0.7488627300350036,0.8516285855958541,2,11
yolo11l-seg.pt,MOTS20-02,298,12,1,139,10,1,2,0.9090909090909091,0.8333333333333334,0.8695652173913043,0.756232337113624,0.8558297581878447,2,13
yolo11l-seg.pt,MOTS20-02,299,12,1,136,8,2,4,0.8,0.6666666666666666,0.7272727272727273,0.8001477881261554,0.8861102636023984,3,13
yolo11l-seg.pt,MOTS20-02,300,12,1,136,9,0,3,1.0,0.75,0.8571428571428571,0.7708773061944606,0.8674782152465421,3,12
yolo11l-seg.pt,MOTS20-02,301,12,1,125,9,0,3,1.0,0.75,0.8571428571428571,0.7650760286573016,0.8633245413466533,4,13
yolo11l-seg.pt,MOTS20-02,302,12,1,130,9,1,3,0.9,0.75,0.8181818181818182,0.7614595233348063,0.8613123774169125,3,13
yolo11l-seg.pt,MOTS20-02,303,12,1,143,9,1,3,0.9,0.75,0.8181818181818182,0.7874616963063998,0.8789877976680072,3,13
yolo11l-seg.pt,MOTS20-02,304,13,1,119,10,0,3,1.0,0.7692307692307693,0.8695652173913043,0.7734981501497806,0.8704646166727251,2,12
yolo11l-seg.pt,MOTS20-02,305,13,1,114,10,1,3,0.9090909090909091,0.7692307692307693,0.8333333333333334,0.7879222456238344,0.8796214828249476,2,13
yolo11l-seg.pt,MOTS20-02,306,13,1,116,10,0,3,1.0,0.7692307692307693,0.8695652173913043,0.7913712714116619,0.8818313676011265,2,12
yolo11l-seg.pt,MOTS20-02,307,14,1,111,10,0,4,1.0,0.7142857142857143,0.8333333333333334,0.7917631675571689,0.881574888830858,2,12
yolo11l-seg.pt,MOTS20-02,308,14,1,116,11,0,3,1.0,0.7857142857142857,0.88,0.7703164909881547,0.8656030449955368,2,13
yolo11l-seg.pt,MOTS20-02,309,13,1,107,9,0,4,1.0,0.6923076923076923,0.8181818181818182,0.7948513706829691,0.8827295481577484,3,12
yolo11l-seg.pt,MOTS20-02,310,13,1,121,9,0,4,1.0,0.6923076923076923,0.8181818181818182,0.7926308304166344,0.8815024099525274,3,12
yolo11l-seg.pt,MOTS20-02,311,13,1,110,10,1,3,0.9090909090909091,0.7692307692307693,0.8333333333333334,0.770427734814087,0.8656858210105236,3,14
yolo11l-seg.pt,MOTS20-02,312,13,1,94,10,0,3,1.0,0.7692307692307693,0.8695652173913043,0.7762017828058934,0.8700278742917791,3,13
yolo11l-seg.pt,MOTS20-02,313,13,1,108,9,0,4,1.0,0.6923076923076923,0.8181818181818182,0.7889319325741214,0.8780403336042836,3,12
yolo11l-seg.pt,MOTS20-02,314,13,1,109,9,0,4,1.0,0.6923076923076923,0.8181818181818182,0.7902044549733138,0.8792326400772666,3,12
yolo11l-seg.pt,MOTS20-02,315,13,1,112,10,0,3,1.0,0.7692307692307693,0.8695652173913043,0.7809063576726676,0.8721432191017898,3,13
yolo11l-seg.pt,MOTS20-02,316,13,1,123,11,0,2,1.0,0.8461538461538461,0.9166666666666666,0.7779658577766245,0.871056249373245,3,14
yolo11l-seg.pt,MOTS20-02,317,13,1,118,10,1,3,0.9090909090909091,0.7692307692307693,0.8333333333333334,0.7964332356372437,0.8831659444527835,3,14
yolo11l-seg.pt,MOTS20-02,318,13,1,111,10,1,3,0.9090909090909091,0.7692307692307693,0.8333333333333334,0.7919884408402913,0.8801621196071713,3,14
yolo11l-seg.pt,MOTS20-02,319,13,1,111,10,1,3,0.9090909090909091,0.7692307692307693,0.8333333333333334,0.7783681850540763,0.8720680496946305,3,14
yolo11l-seg.pt,MOTS20-02,320,13,1,111,10,0,3,1.0,0.7692307692307693,0.8695652173913043,0.7974488012348855,0.8842888686829052,3,13
yolo11l-seg.pt,MOTS20-02,321,13,1,109,10,0,3,1.0,0.7692307692307693,0.8695652173913043,0.7845729962364268,0.8756012320048306,3,13
yolo11l-seg.pt,MOTS20-02,322,13,1,112,10,0,3,1.0,0.7692307692307693,0.8695652173913043,0.7657770958029603,0.8630948539787836,3,13
yolo11l-seg.pt,MOTS20-02,323,12,1,121,9,0,3,1.0,0.75,0.8571428571428571,0.7660537123260015,0.8628964701586764,4,13
yolo11l-seg.pt,MOTS20-02,324,12,1,127,9,0,3,1.0,0.75,0.8571428571428571,0.7652211008355023,0.8621907925666545,4,13
yolo11l-seg.pt,MOTS20-02,325,12,1,135,10,0,2,1.0,0.8333333333333334,0.9090909090909091,0.7513533524456483,0.8539226926975303,3,13
yolo11l-seg.pt,MOTS20-02,326,12,1,126,9,0,3,1.0,0.75,0.8571428571428571,0.7599150084078129,0.8588256575884772,3,12
yolo11l-seg.pt,MOTS20-02,327,12,1,130,8,2,4,0.8,0.6666666666666666,0.7272727272727273,0.7912423804766118,0.8820901709378903,4,14
yolo11l-seg.pt,MOTS20-02,328,12,1,126,11,1,1,0.9166666666666666,0.9166666666666666,0.9166666666666666,0.7223512069341388,0.8332902506138943,4,16
yolo11l-seg.pt,MOTS20-02,329,12,1,136,9,1,3,0.9,0.75,0.8181818181818182,0.7450960998837102,0.8492561206004174,3,13
yolo11l-seg.pt,MOTS20-02,330,12,1,128,8,1,4,0.8888888888888888,0.6666666666666666,0.7619047619047619,0.7817311250953555,0.8756931804859193,3,12
yolo11l-seg.pt,MOTS20-02,331,12,1,129,9,1,3,0.9,0.75,0.8181818181818182,0.7729382187784214,0.8681819259226408,4,14
yolo11l-seg.pt,MOTS20-02,332,12,1,131,8,1,4,0.8888888888888888,0.6666666666666666,0.7619047619047619,0.7904265470029788,0.8787786263954851,4,13
yolo11l-seg.pt,MOTS20-02,333,12,1,132,8,1,4,0.8888888888888888,0.6666666666666666,0.7619047619047619,0.7840835364002714,0.8748952263438623,5,14
yolo11l-seg.pt,MOTS20-02,334,11,1,136,8,1,3,0.8888888888888888,0.7272727272727273,0.8,0.7922137242917027,0.8811718729337469,4,13
yolo11l-seg.pt,MOTS20-02,335,12,1,142,9,1,3,0.9,0.75,0.8181818181818182,0.7797716130955469,0.8737752564466787,3,13
yolo11l-seg.pt,MOTS20-02,336,12,1,130,9,1,3,0.9,0.75,0.8181818181818182,0.7677711531222856,0.8666536001350017,3,13
yolo11l-seg.pt,MOTS20-02,337,11,1,130,7,0,4,1.0,0.6363636363636364,0.7777777777777778,0.7582955446655824,0.8597312109659893,5,12
yolo11l-seg.pt,MOTS20-02,338,10,1,122,7,0,3,1.0,0.7,0.8235294117647058,0.7922570330802403,0.8826104097641067,5,12
yolo11l-seg.pt,MOTS20-02,339,9,1,140,6,0,3,1.0,0.6666666666666666,0.8,0.8057355855312923,0.8910928779377149,5,11
yolo11l-seg.pt,MOTS20-02,340,8,1,141,7,0,1,1.0,0.875,0.9333333333333333,0.7838471834516879,0.8771472107445614,4,11
yolo11l-seg.pt,MOTS20-02,341,8,1,151,7,0,1,1.0,0.875,0.9333333333333333,0.7778148865799949,0.8722920384818583,4,11
yolo11l-seg.pt,MOTS20-02,342,8,1,152,6,0,2,1.0,0.75,0.8571428571428571,0.7903547224516642,0.8796862913974631,3,9
yolo11l-seg.pt,MOTS20-02,343,8,1,156,7,0,1,1.0,0.875,0.9333333333333333,0.7729687818560989,0.869209872517524,3,10
yolo11l-seg.pt,MOTS20-02,344,8,1,136,6,1,2,0.8571428571428571,0.75,0.8,0.7965320315543143,0.8843688619681999,4,11
yolo11l-seg.pt,MOTS20-02,345,8,1,150,6,0,2,1.0,0.75,0.8571428571428571,0.7817947169665191,0.8745847139012178,3,9
yolo11l-seg.pt,MOTS20-02,346,8,1,150,6,2,2,0.75,0.75,0.75,0.7945897932735771,0.8832236945576399,4,12
yolo11l-seg.pt,MOTS20-02,347,8,1,143,6,1,2,0.8571428571428571,0.75,0.8,0.7877748176553219,0.8786930205470117,6,13
yolo11l-seg.pt,MOTS20-02,348,8,1,138,7,0,1,1.0,0.875,0.9333333333333333,0.768906851066008,0.8668800619687707,4,11
yolo11l-seg.pt,MOTS20-02,349,9,1,137,7,1,2,0.875,0.7777777777777778,0.8235294117647058,0.754730217409422,0.857687242391506,5,13
yolo11l-seg.pt,MOTS20-02,350,9,1,154,6,0,3,1.0,0.6666666666666666,0.8,0.7812228825545952,0.8757253905421382,4,10
yolo11l-seg.pt,MOTS20-02,351,9,1,148,6,0,3,1.0,0.6666666666666666,0.8,0.7822814147205094,0.8759190033139017,4,10
yolo11l-seg.pt,MOTS20-02,352,9,1,154,5,0,4,1.0,0.5555555555555556,0.7142857142857143,0.7644952327791786,0.8627864644517877,4,9
yolo11l-seg.pt,MOTS20-02,353,10,1,140,8,0,2,1.0,0.8,0.8888888888888888,0.7696543726555807,0.8670207587676932,4,12
yolo11l-seg.pt,MOTS20-02,354,11,1,153,8,0,3,1.0,0.7272727272727273,0.8421052631578947,0.7485170921583337,0.8516763626798176,3,11
yolo11l-seg.pt,MOTS20-02,355,9,1,147,7,0,2,1.0,0.7777777777777778,0.875,0.7701407590742985,0.8677352022848305,3,10
yolo11l-seg.pt,MOTS20-02,356,9,1,142,7,0,2,1.0,0.7777777777777778,0.875,0.7559321112242443,0.8566833447978591,3,10
yolo11l-seg.pt,MOTS20-02,357,9,1,156,7,0,2,1.0,0.7777777777777778,0.875,0.7900849588163272,0.8809046881070083,4,11
yolo11l-seg.pt,MOTS20-02,358,10,1,148,6,0,4,1.0,0.6,0.75,0.7978554993218068,0.8852321438967395,3,9
yolo11l-seg.pt,MOTS20-02,359,10,1,159,6,0,4,1.0,0.6,0.75,0.8049847461305637,0.8905284707800085,2,8
yolo11l-seg.pt,MOTS20-02,360,10,1,156,6,0,4,1.0,0.6,0.75,0.8102579364583145,0.8940900451473262,3,9
yolo11l-seg.pt,MOTS20-02,361,10,1,133,6,0,4,1.0,0.6,0.75,0.8085892094794649,0.8936284052216658,2,8
yolo11l-seg.pt,MOTS20-02,362,9,1,139,6,1,3,0.8571428571428571,0.6666666666666666,0.75,0.8130822895437126,0.8963560715864395,2,9
yolo11l-seg.pt,MOTS20-02,363,9,1,150,7,1,2,0.875,0.7777777777777778,0.8235294117647058,0.7940103288252568,0.8840281542071929,3,11
yolo11l-seg.pt,MOTS20-02,364,9,1,135,7,1,2,0.875,0.7777777777777778,0.8235294117647058,0.7958744074215579,0.8851206843211626,3,11
yolo11l-seg.pt,MOTS20-02,365,9,1,141,5,0,4,1.0,0.5555555555555556,0.7142857142857143,0.8309141452005935,0.907384546554335,3,8
yolo11l-seg.pt,MOTS20-02,366,9,1,136,7,1,2,0.875,0.7777777777777778,0.8235294117647058,0.7694325118691641,0.8677062991534147,3,11
yolo11l-seg.pt,MOTS20-02,367,8,1,141,6,1,2,0.8571428571428571,0.75,0.8,0.7875648257193415,0.8798406367769189,3,10
yolo11l-seg.pt,MOTS20-02,368,8,1,151,6,0,2,1.0,0.75,0.8571428571428571,0.7881645786706534,0.8806854895758088,3,9
yolo11l-seg.pt,MOTS20-02,369,8,1,142,6,1,2,0.8571428571428571,0.75,0.8,0.7838114793285499,0.8776097179944506,4,11
yolo11l-seg.pt,MOTS20-02,370,8,1,141,6,1,2,0.8571428571428571,0.75,0.8,0.7999307604600737,0.8880578297529539,4,11
yolo11l-seg.pt,MOTS20-02,371,7,1,141,6,1,1,0.8571428571428571,0.8571428571428571,0.8571428571428571,0.7981180686412445,0.8868281956179187,4,11
yolo11l-seg.pt,MOTS20-02,372,8,1,145,6,0,2,1.0,0.75,0.8571428571428571,0.8009108369237725,0.8883480451823619,3,9
yolo11l-seg.pt,MOTS20-02,373,9,1,131,7,0,2,1.0,0.7777777777777778,0.875,0.7852103223154525,0.8784939091295746,3,10
yolo11l-seg.pt,MOTS20-02,374,9,1,116,8,0,1,1.0,0.8888888888888888,0.9411764705882353,0.757627562329438,0.8578998071907994,1,9
yolo11l-seg.pt,MOTS20-02,375,9,1,133,7,0,2,1.0,0.7777777777777778,0.875,0.7945360206854838,0.8837400257420852,1,8
yolo11l-seg.pt,MOTS20-02,376,9,1,119,7,0,2,1.0,0.7777777777777778,0.875,0.7995193017695515,0.8865741953175654,1,8
yolo11l-seg.pt,MOTS20-02,377,9,1,121,8,0,1,1.0,0.8888888888888888,0.9411764705882353,0.7607476263233383,0.8608421698221782,2,10
yolo11l-seg.pt,MOTS20-02,378,9,1,131,7,0,2,1.0,0.7777777777777778,0.875,0.795682876661906,0.8849862475183249,2,9
yolo11l-seg.pt,MOTS20-02,379,9,1,129,7,0,2,1.0,0.7777777777777778,0.875,0.7760150020136514,0.8719860161472847,4,11
yolo11l-seg.pt,MOTS20-02,380,10,1,134,7,0,3,1.0,0.7,0.8235294117647058,0.7519014602299666,0.8554834472377111,2,9
yolo11l-seg.pt,MOTS20-02,381,10,1,135,7,0,3,1.0,0.7,0.8235294117647058,0.7624704049276253,0.8620647364301297,2,9
yolo11l-seg.pt,MOTS20-02,382,10,1,128,7,0,3,1.0,0.7,0.8235294117647058,0.7751962145174717,0.8708021461754498,1,8
yolo11l-seg.pt,MOTS20-02,383,11,1,131,6,0,5,1.0,0.5454545454545454,0.7058823529411765,0.8272311347684326,0.904876206030948,1,7
yolo11l-seg.pt,MOTS20-02,384,9,1,134,6,0,3,1.0,0.6666666666666666,0.8,0.8002799497067167,0.8862881760850899,1,7
yolo11l-seg.pt,MOTS20-02,385,10,1,122,6,0,4,1.0,0.6,0.75,0.7955796663111675,0.8838993618069311,2,8
yolo11l-seg.pt,MOTS20-02,386,9,1,123,7,0,2,1.0,0.7777777777777778,0.875,0.768327543119183,0.8663748548078898,3,10
yolo11l-seg.pt,MOTS20-02,387,8,1,126,7,0,1,1.0,0.875,0.9333333333333333,0.8130006080358464,0.8960900181825701,4,11
yolo11l-seg.pt,MOTS20-02,388,8,1,132,7,0,1,1.0,0.875,0.9333333333333333,0.8123809731549808,0.8957146075756126,2,9
yolo11l-seg.pt,MOTS20-02,389,8,1,121,8,0,0,1.0,1.0,1.0,0.7905108558523526,0.8809883275995762,3,11
yolo11l-seg.pt,MOTS20-02,390,8,1,122,7,1,1,0.875,0.875,0.875,0.8109369304722173,0.8944760969667073,2,10
yolo11l-seg.pt,MOTS20-02,391,8,1,125,8,1,0,0.8888888888888888,1.0,0.9411764705882353,0.7849127720776821,0.8772528978431551,1,10
yolo11l-seg.pt,MOTS20-02,392,8,1,121,8,2,0,0.8,1.0,0.8888888888888888,0.7928370306464417,0.882792279670126,1,11
yolo11l-seg.pt,MOTS20-02,393,8,1,119,7,1,1,0.875,0.875,0.875,0.8123936040571982,0.8953716845067933,1,9
yolo11l-seg.pt,MOTS20-02,394,8,1,114,8,1,0,0.8888888888888888,1.0,0.9411764705882353,0.7819842815885754,0.8746768742284478,2,11
yolo11l-seg.pt,MOTS20-02,395,8,1,116,8,0,0,1.0,1.0,1.0,0.7793550287179202,0.8722933805683689,1,9
yolo11l-seg.pt,MOTS20-02,396,8,1,110,8,0,0,1.0,1.0,1.0,0.7783087063739689,0.8730693120469747,2,10
yolo11l-seg.pt,MOTS20-02,397,8,1,110,8,0,0,1.0,1.0,1.0,0.7941075303901455,0.8832868483047729,1,9
yolo11l-seg.pt,MOTS20-02,398,7,1,117,7,0,0,1.0,1.0,1.0,0.799056041112145,0.8867518687855085,3,10
yolo11l-seg.pt,MOTS20-02,399,7,1,116,7,0,0,1.0,1.0,1.0,0.7870736333357077,0.8786206793067466,2,9
yolo11l-seg.pt,MOTS20-02,400,7,1,118,7,0,0,1.0,1.0,1.0,0.8041384540508542,0.8903875864869286,2,9
yolo11l-seg.pt,MOTS20-02,401,7,1,125,7,1,0,0.875,1.0,0.9333333333333333,0.7983725865840468,0.8862370083394976,2,10
yolo11l-seg.pt,MOTS20-02,402,7,1,124,7,0,0,1.0,1.0,1.0,0.8113350454361286,0.8950349115628834,2,9
yolo11l-seg.pt,MOTS20-02,403,8,1,119,7,0,1,1.0,0.875,0.9333333333333333,0.8011911975364894,0.888544885402259,2,9
yolo11l-seg.pt,MOTS20-02,404,8,1,114,7,0,1,1.0,0.875,0.9333333333333333,0.8151563760959932,0.8974974331187578,2,9
yolo11l-seg.pt,MOTS20-02,405,9,1,117,8,0,1,1.0,0.8888888888888888,0.9411764705882353,0.800555123620462,0.8880353114642472,2,10
yolo11l-seg.pt,MOTS20-02,406,9,1,116,7,0,2,1.0,0.7777777777777778,0.875,0.7945117421314344,0.8843331080091638,2,9
yolo11l-seg.pt,MOTS20-02,407,9,1,130,8,1,1,0.8888888888888888,0.8888888888888888,0.8888888888888888,0.7947551099461421,0.8841765958499694,2,11
yolo11l-seg.pt,MOTS20-02,408,9,1,135,8,1,1,0.8888888888888888,0.8888888888888888,0.8888888888888888,0.7762020232443951,0.8714659392397842,1,10
yolo11l-seg.pt,MOTS20-02,409,9,1,119,8,1,1,0.8888888888888888,0.8888888888888888,0.8888888888888888,0.769717932589959,0.8671151100748618,1,10
yolo11l-seg.pt,MOTS20-02,410,9,1,119,9,1,0,0.9,1.0,0.9473684210526315,0.744159704231325,0.8483045582663572,1,11
yolo11l-seg.pt,MOTS20-02,411,9,1,116,9,2,0,0.8181818181818182,1.0,0.9,0.7325311914771183,0.8389601765963881,1,12
yolo11l-seg.pt,MOTS20-02,412,9,1,117,9,2,0,0.8181818181818182,1.0,0.9,0.7310768167249585,0.8389562689778081,2,13
yolo11l-seg.pt,MOTS20-02,413,9,1,120,8,0,1,1.0,0.8888888888888888,0.9411764705882353,0.7595272317656367,0.85969433855452,3,11
yolo11l-seg.pt,MOTS20-02,414,9,1,131,8,2,1,0.8,0.8888888888888888,0.8421052631578947,0.76034174453808,0.8608317384562163,2,12
yolo11l-seg.pt,MOTS20-02,415,10,1,141,9,1,1,0.9,0.9,0.9,0.7397185332659741,0.8457158370575765,1,11
yolo11l-seg.pt,MOTS20-02,416,10,1,141,9,1,1,0.9,0.9,0.9,0.7340700712120254,0.8425131124412685,1,11
yolo11l-seg.pt,MOTS20-02,417,9,1,129,7,2,2,0.7777777777777778,0.7777777777777778,0.7777777777777778,0.7827903986134225,0.8764937804363447,1,10
yolo11l-seg.pt,MOTS20-02,418,9,1,121,7,1,2,0.875,0.7777777777777778,0.8235294117647058,0.7991676317828256,0.887476645448431,2,10
yolo11l-seg.pt,MOTS20-02,419,9,1,109,8,1,1,0.8888888888888888,0.8888888888888888,0.8888888888888888,0.776391900938708,0.8721303085338433,2,11
yolo11l-seg.pt,MOTS20-02,420,9,1,117,8,2,1,0.8,0.8888888888888888,0.8421052631578947,0.7583014091533267,0.860362025019441,1,11
yolo11l-seg.pt,MOTS20-02,421,9,1,110,8,3,1,0.7272727272727273,0.8888888888888888,0.8,0.7647500263470643,0.8655530256842996,0,11
yolo11l-seg.pt,MOTS20-02,422,9,1,116,8,3,1,0.7272727272727273,0.8888888888888888,0.8,0.7673747451514554,0.8672376510414155,0,11
yolo11l-seg.pt,MOTS20-02,423,9,1,114,9,2,0,0.8181818181818182,1.0,0.9,0.7185036847206687,0.833542878701263,0,11
yolo11l-seg.pt,MOTS20-02,424,9,1,128,8,2,1,0.8,0.8888888888888888,0.8421052631578947,0.7357708106344156,0.8464495593273094,0,10
yolo11l-seg.pt,MOTS20-02,425,9,1,140,9,2,0,0.8181818181818182,1.0,0.9,0.7561679322757756,0.8600909618534985,0,11
yolo11l-seg.pt,MOTS20-02,426,10,1,120,10,2,0,0.8333333333333334,1.0,0.9090909090909091,0.7387140073421685,0.8481859549409767,0,12
yolo11l-seg.pt,MOTS20-02,427,10,1,119,10,2,0,0.8333333333333334,1.0,0.9090909090909091,0.7392445029848684,0.8469565843552849,0,12
yolo11l-seg.pt,MOTS20-02,428,10,1,111,10,1,0,0.9090909090909091,1.0,0.9523809523809523,0.7433006705503317,0.8485822389144483,0,11
yolo11l-seg.pt,MOTS20-02,429,10,1,105,10,1,0,0.9090909090909091,1.0,0.9523809523809523,0.7989077069872359,0.8874868167073255,0,11
yolo11l-seg.pt,MOTS20-02,430,11,1,85,9,2,2,0.8181818181818182,0.8181818181818182,0.8181818181818182,0.7920827486039043,0.8831785307588823,0,11
yolo11l-seg.pt,MOTS20-02,431,11,1,109,10,0,1,1.0,0.9090909090909091,0.9523809523809523,0.7599085580418652,0.8612532701879431,1,11
yolo11l-seg.pt,MOTS20-02,432,11,1,116,10,2,1,0.8333333333333334,0.9090909090909091,0.8695652173913043,0.7591860023159712,0.8599780697835575,0,12
yolo11l-seg.pt,MOTS20-02,433,11,1,108,10,0,1,1.0,0.9090909090909091,0.9523809523809523,0.7796003845700589,0.8733556138670245,1,11
yolo11l-seg.pt,MOTS20-02,434,11,1,124,10,0,1,1.0,0.9090909090909091,0.9523809523809523,0.7547802652504679,0.8553633966771221,1,11
yolo11l-seg.pt,MOTS20-02,435,11,1,124,10,0,1,1.0,0.9090909090909091,0.9523809523809523,0.7535653466744481,0.8553852038518223,1,11
yolo11l-seg.pt,MOTS20-02,436,11,1,127,9,1,2,0.9,0.8181818181818182,0.8571428571428571,0.7598044860906163,0.8596236433157577,1,11
yolo11l-seg.pt,MOTS20-02,437,10,1,129,9,0,1,1.0,0.9,0.9473684210526315,0.7856165229082396,0.877811746961853,3,12
yolo11l-seg.pt,MOTS20-02,438,9,1,125,8,0,1,1.0,0.8888888888888888,0.9411764705882353,0.799391375153522,0.8868887337530209,1,9
yolo11l-seg.pt,MOTS20-02,439,9,1,104,7,1,2,0.875,0.7777777777777778,0.8235294117647058,0.753800855653938,0.8575239102301676,2,10
yolo11l-seg.pt,MOTS20-02,440,9,1,112,7,1,2,0.875,0.7777777777777778,0.8235294117647058,0.7969627877050022,0.8861862140055763,1,9
yolo11l-seg.pt,MOTS20-02,441,10,1,112,8,0,2,1.0,0.8,0.8888888888888888,0.7668747048712417,0.866667976003368,1,9
yolo11l-seg.pt,MOTS20-02,442,10,1,121,8,2,2,0.8,0.8,0.8,0.770027153018362,0.8687186758359262,1,11
yolo11l-seg.pt,MOTS20-02,443,9,1,126,9,0,0,1.0,1.0,1.0,0.7943945827771797,0.8845287815122845,1,10
yolo11l-seg.pt,MOTS20-02,444,10,1,107,10,0,0,1.0,1.0,1.0,0.7635347927563283,0.8626743672890305,1,11
yolo11l-seg.pt,MOTS20-02,445,11,1,131,10,0,1,1.0,0.9090909090909091,0.9523809523809523,0.7467074673726248,0.8514409303634383,2,12
yolo11l-seg.pt,MOTS20-02,446,12,1,117,10,1,2,0.9090909090909091,0.8333333333333334,0.8695652173913043,0.8002241898649395,0.8881374243523575,3,14
yolo11l-seg.pt,MOTS20-02,447,12,1,107,10,2,2,0.8333333333333334,0.8333333333333334,0.8333333333333334,0.763828905614314,0.8640910860227287,3,15
yolo11l-seg.pt,MOTS20-02,448,12,1,104,10,0,2,1.0,0.8333333333333334,0.9090909090909091,0.7366460622317728,0.8439193920163188,3,13
yolo11l-seg.pt,MOTS20-02,449,11,1,119,9,0,2,1.0,0.8181818181818182,0.9,0.7497513421077916,0.8538678045481944,2,11
yolo11l-seg.pt,MOTS20-02,450,10,1,120,9,0,1,1.0,0.9,0.9473684210526315,0.7664876590187338,0.863685905310676,3,12
yolo11l-seg.pt,MOTS20-02,451,12,1,120,8,1,4,0.8888888888888888,0.6666666666666666,0.7619047619047619,0.7756914423915654,0.8708201363921657,2,11
yolo11l-seg.pt,MOTS20-02,452,11,1,121,10,0,1,1.0,0.9090909090909091,0.9523809523809523,0.7347741145986366,0.8436740333437127,1,11
yolo11l-seg.pt,MOTS20-02,453,12,1,109,9,0,3,1.0,0.75,0.8571428571428571,0.7412274108920024,0.8479702548810225,2,11
yolo11l-seg.pt,MOTS20-02,454,12,1,112,8,0,4,1.0,0.6666666666666666,0.8,0.7791883323717962,0.8742883100439731,1,9
yolo11l-seg.pt,MOTS20-02,455,12,1,113,9,0,3,1.0,0.75,0.8571428571428571,0.7067658449876955,0.8232212505062287,2,11
yolo11l-seg.pt,MOTS20-02,456,13,1,107,7,1,6,0.875,0.5384615384615384,0.6666666666666666,0.7969222927616796,0.8851657706800411,5,13
yolo11l-seg.pt,MOTS20-02,457,12,1,123,7,3,5,0.7,0.5833333333333334,0.6363636363636364,0.7869513087487119,0.8798340489597779,3,13
yolo11l-seg.pt,MOTS20-02,458,12,1,109,8,2,4,0.8,0.6666666666666666,0.7272727272727273,0.7520859791837151,0.8528321203180952,3,13
yolo11l-seg.pt,MOTS20-02,459,14,1,110,6,2,8,0.75,0.42857142857142855,0.5454545454545454,0.7927256547301421,0.8818951789959558,4,12
yolo11l-seg.pt,MOTS20-02,460,13,1,125,7,1,6,0.875,0.5384615384615384,0.6666666666666666,0.7687176572626381,0.8650591774368726,2,10
yolo11l-seg.pt,MOTS20-02,461,12,1,117,9,1,3,0.9,0.75,0.8181818181818182,0.7547789817370218,0.8564234175842124,2,12
yolo11l-seg.pt,MOTS20-02,462,12,1,119,8,2,4,0.8,0.6666666666666666,0.7272727272727273,0.791321194956281,0.8796290997635535,2,12
yolo11l-seg.pt,MOTS20-02,463,12,1,127,9,1,3,0.9,0.75,0.8181818181818182,0.802066184265624,0.8894110088634307,2,12
yolo11l-seg.pt,MOTS20-02,464,12,1,120,10,0,2,1.0,0.8333333333333334,0.9090909090909091,0.7792275117644477,0.873486747693543,2,12
yolo11l-seg.pt,MOTS20-02,465,12,1,140,9,0,3,1.0,0.75,0.8571428571428571,0.8119380099283346,0.8952160167070767,1,10
yolo11l-seg.pt,MOTS20-02,466,12,1,139,9,0,3,1.0,0.75,0.8571428571428571,0.8075480456463369,0.8925915984808245,1,10
yolo11l-seg.pt,MOTS20-02,467,12,1,117,9,0,3,1.0,0.75,0.8571428571428571,0.8021963978209357,0.8890768564269488,2,11
yolo11l-seg.pt,MOTS20-02,468,12,1,126,8,0,4,1.0,0.6666666666666666,0.8,0.7996906947348673,0.8864348211328207,3,11
yolo11l-seg.pt,MOTS20-02,469,12,1,124,8,0,4,1.0,0.6666666666666666,0.8,0.8012868265934658,0.8880276735955117,3,11
yolo11l-seg.pt,MOTS20-02,470,11,1,115,9,0,2,1.0,0.8181818181818182,0.9,0.7806692946633981,0.8724167204806563,3,12
yolo11l-seg.pt,MOTS20-02,471,13,1,124,11,0,2,1.0,0.8461538461538461,0.9166666666666666,0.7632764064506952,0.8617720024928655,2,13
yolo11l-seg.pt,MOTS20-02,472,12,1,129,10,0,2,1.0,0.8333333333333334,0.9090909090909091,0.7964763311135389,0.8837961806431262,3,13
yolo11l-seg.pt,MOTS20-02,473,13,1,127,8,0,5,1.0,0.6153846153846154,0.7619047619047619,0.8159666697517444,0.8970210717887572,2,10
yolo11l-seg.pt,MOTS20-02,474,14,1,140,9,0,5,1.0,0.6428571428571429,0.782608695652174,0.8116647078305645,0.8940688244896869,2,11
yolo11l-seg.pt,MOTS20-02,475,14,1,141,9,1,5,0.9,0.6428571428571429,0.75,0.8054743122746519,0.8888872485446302,2,12
yolo11l-seg.pt,MOTS20-02,476,14,1,137,9,1,5,0.9,0.6428571428571429,0.75,0.8046251219827123,0.887755586349121,2,12
yolo11l-seg.pt,MOTS20-02,477,13,1,130,8,1,5,0.8888888888888888,0.6153846153846154,0.7272727272727273,0.8261016160625488,0.9038195554214511,2,11
yolo11l-seg.pt,MOTS20-02,478,14,1,125,9,1,5,0.9,0.6428571428571429,0.75,0.7864316511054327,0.8780131203520634,3,13
yolo11l-seg.pt,MOTS20-02,479,15,1,126,9,2,6,0.8181818181818182,0.6,0.6923076923076923,0.8182772908828977,0.8987973642312047,3,14
yolo11l-seg.pt,MOTS20-02,480,15,1,127,10,1,5,0.9090909090909091,0.6666666666666666,0.7692307692307693,0.7822540820822853,0.8757247740997001,2,13
yolo11l-seg.pt,MOTS20-02,481,15,1,117,9,1,6,0.9,0.6,0.72,0.8022757720052804,0.8873257284782881,5,15
yolo11l-seg.pt,MOTS20-02,482,15,1,130,9,0,6,1.0,0.6,0.75,0.809085010070753,0.8918399872895484,3,12
yolo11l-seg.pt,MOTS20-02,483,15,1,115,9,0,6,1.0,0.6,0.75,0.8037752335835631,0.8888714214831995,3,12
yolo11l-seg.pt,MOTS20-02,484,15,1,120,11,0,4,1.0,0.7333333333333333,0.8461538461538461,0.7872272344913118,0.8780827433353248,2,13
yolo11l-seg.pt,MOTS20-02,485,15,1,126,10,1,5,0.9090909090909091,0.6666666666666666,0.7692307692307693,0.7755545471029295,0.8709829231821195,4,15
yolo11l-seg.pt,MOTS20-02,486,16,1,140,11,0,5,1.0,0.6875,0.8148148148148148,0.7738915273835193,0.8700621404546685,5,16
yolo11l-seg.pt,MOTS20-02,487,16,1,109,11,1,5,0.9166666666666666,0.6875,0.7857142857142857,0.7441689005339484,0.8505003428516271,5,17
yolo11l-seg.pt,MOTS20-02,488,14,1,125,10,2,4,0.8333333333333334,0.7142857142857143,0.7692307692307693,0.7371203039521461,0.8449803726271832,4,16
yolo11l-seg.pt,MOTS20-02,489,14,1,123,10,3,4,0.7692307692307693,0.7142857142857143,0.7407407407407407,0.7369830015637912,0.8436556765255544,4,17
yolo11l-seg.pt,MOTS20-02,490,15,1,112,10,0,5,1.0,0.6666666666666666,0.8,0.7487565156637286,0.8527540957524599,4,14
yolo11l-seg.pt,MOTS20-02,491,15,1,104,9,1,6,0.9,0.6,0.72,0.7775701473231071,0.8718272219784625,4,14
yolo11l-seg.pt,MOTS20-02,492,14,1,108,10,1,4,0.9090909090909091,0.7142857142857143,0.8,0.7419095121709576,0.8462236828571996,6,17
yolo11l-seg.pt,MOTS20-02,493,16,1,118,10,0,6,1.0,0.625,0.7692307692307693,0.7488030712947281,0.8534359606764245,4,14
yolo11l-seg.pt,MOTS20-02,494,15,1,118,10,1,5,0.9090909090909091,0.6666666666666666,0.7692307692307693,0.7669055908744349,0.8655198713070285,5,16
yolo11l-seg.pt,MOTS20-02,495,14,1,108,10,3,4,0.7692307692307693,0.7142857142857143,0.7407407407407407,0.7822115623682955,0.8758744989887619,4,17
yolo11l-seg.pt,MOTS20-02,496,14,1,114,10,2,4,0.8333333333333334,0.7142857142857143,0.7692307692307693,0.7874033991065756,0.8789907561578865,3,15
yolo11l-seg.pt,MOTS20-02,497,13,1,114,11,3,2,0.7857142857142857,0.8461538461538461,0.8148148148148148,0.7362619809857727,0.8432110319482233,3,17
yolo11l-seg.pt,MOTS20-02,498,13,1,102,12,1,1,0.9230769230769231,0.9230769230769231,0.9230769230769231,0.7193177301500945,0.8317366756089414,4,17
yolo11l-seg.pt,MOTS20-02,499,13,1,105,10,2,3,0.8333333333333334,0.7692307692307693,0.8,0.750252348120155,0.8545334368316986,3,15
yolo11l-seg.pt,MOTS20-02,500,13,1,105,11,4,2,0.7333333333333333,0.8461538461538461,0.7857142857142857,0.7392512476819885,0.8469624731394538,5,20
yolo11l-seg.pt,MOTS20-02,501,13,1,107,12,3,1,0.8,0.9230769230769231,0.8571428571428571,0.7391869187689841,0.8462478959067324,4,19
yolo11l-seg.pt,MOTS20-02,502,13,1,119,12,2,1,0.8571428571428571,0.9230769230769231,0.8888888888888888,0.7514649650686623,0.8539170987642922,4,18
yolo11l-seg.pt,MOTS20-02,503,13,1,131,12,2,1,0.8571428571428571,0.9230769230769231,0.8888888888888888,0.7575062262828899,0.8574484305441102,4,18
yolo11l-seg.pt,MOTS20-02,504,14,1,113,10,0,4,1.0,0.7142857142857143,0.8333333333333334,0.7687159834295649,0.8643122952495623,5,15
yolo11l-seg.pt,MOTS20-02,505,14,1,116,10,0,4,1.0,0.7142857142857143,0.8333333333333334,0.7636835828122049,0.8619469831290141,4,14
yolo11l-seg.pt,MOTS20-02,506,14,1,111,12,0,2,1.0,0.8571428571428571,0.9230769230769231,0.7533117601260034,0.8560217844477247,3,15
yolo11l-seg.pt,MOTS20-02,507,15,1,110,10,1,5,0.9090909090909091,0.6666666666666666,0.7692307692307693,0.7608621613938464,0.8579414247674417,4,15
yolo11l-seg.pt,MOTS20-02,508,14,1,110,11,0,3,1.0,0.7857142857142857,0.88,0.7254769826901936,0.833616581695237,3,14
yolo11l-seg.pt,MOTS20-02,509,14,1,104,10,1,4,0.9090909090909091,0.7142857142857143,0.8,0.767434955224335,0.8626595019982719,3,14
yolo11l-seg.pt,MOTS20-02,510,14,1,104,9,2,5,0.8181818181818182,0.6428571428571429,0.72,0.7808811100808548,0.8751324039699289,3,14
yolo11l-seg.pt,MOTS20-02,511,14,1,107,11,1,3,0.9166666666666666,0.7857142857142857,0.8461538461538461,0.7596910459055665,0.858116355666398,3,15
yolo11l-seg.pt,MOTS20-02,512,14,1,111,11,2,3,0.8461538461538461,0.7857142857142857,0.8148148148148148,0.7741374154732706,0.8700189234075881,3,16
yolo11l-seg.pt,MOTS20-02,513,14,1,106,12,1,2,0.9230769230769231,0.8571428571428571,0.8888888888888888,0.760539053085791,0.860638434468223,3,16
yolo11l-seg.pt,MOTS20-02,514,14,1,103,11,1,3,0.9166666666666666,0.7857142857142857,0.8461538461538461,0.7670430339362511,0.8647088958405855,3,15
yolo11l-seg.pt,MOTS20-02,515,14,1,96,10,2,4,0.8333333333333334,0.7142857142857143,0.7692307692307693,0.7895267984345568,0.8809291264907373,3,15
yolo11l-seg.pt,MOTS20-02,516,14,1,96,10,2,4,0.8333333333333334,0.7142857142857143,0.7692307692307693,0.7986094584737347,0.8869783021388862,3,15
yolo11l-seg.pt,MOTS20-02,517,13,1,95,9,1,4,0.9,0.6923076923076923,0.782608695652174,0.7953968698774974,0.8853089477012821,4,14
yolo11l-seg.pt,MOTS20-02,518,13,1,107,9,1,4,0.9,0.6923076923076923,0.782608695652174,0.7887621918141074,0.8810281458355974,5,15
yolo11l-seg.pt,MOTS20-02,519,13,1,115,9,1,4,0.9,0.6923076923076923,0.782608695652174,0.7735056913548671,0.8705140263815245,5,15
yolo11l-seg.pt,MOTS20-02,520,12,1,108,11,0,1,1.0,0.9166666666666666,0.9565217391304348,0.7499276835019902,0.8534304583914583,5,16
yolo11l-seg.pt,MOTS20-02,521,12,1,122,9,0,3,1.0,0.75,0.8571428571428571,0.7736252929693846,0.8695880102806077,5,14
yolo11l-seg.pt,MOTS20-02,522,12,1,101,11,0,1,1.0,0.9166666666666666,0.9565217391304348,0.7341386059159589,0.8423249436689598,4,15
yolo11l-seg.pt,MOTS20-02,523,12,1,109,10,0,2,1.0,0.8333333333333334,0.9090909090909091,0.7422686989746161,0.8474143555080131,4,14
yolo11l-seg.pt,MOTS20-02,524,12,1,97,10,0,2,1.0,0.8333333333333334,0.9090909090909091,0.7385577368022153,0.8449452243997376,4,14
yolo11l-seg.pt,MOTS20-02,525,12,1,98,10,0,2,1.0,0.8333333333333334,0.9090909090909091,0.7470458727851212,0.8508762336568522,4,14
yolo11l-seg.pt,MOTS20-02,526,13,1,109,11,0,2,1.0,0.8461538461538461,0.9166666666666666,0.7418399857639714,0.8470997470238811,3,14
yolo11l-seg.pt,MOTS20-02,527,13,1,113,10,0,3,1.0,0.7692307692307693,0.8695652173913043,0.7556345054557294,0.8581601433891081,3,13
yolo11l-seg.pt,MOTS20-02,528,13,1,101,11,0,2,1.0,0.8461538461538461,0.9166666666666666,0.7493337379367513,0.8529557642663144,3,14
yolo11l-seg.pt,MOTS20-02,529,13,1,107,11,0,2,1.0,0.8461538461538461,0.9166666666666666,0.7535579925569664,0.8563380671827705,3,14
yolo11l-seg.pt,MOTS20-02,530,13,1,96,12,0,1,1.0,0.9230769230769231,0.96,0.7371917421239305,0.8445243377754577,2,14
yolo11l-seg.pt,MOTS20-02,531,13,1,88,11,1,2,0.9166666666666666,0.8461538461538461,0.88,0.7502034231243472,0.8541920282755325,2,14
yolo11l-seg.pt,MOTS20-02,532,14,1,87,12,0,2,1.0,0.8571428571428571,0.9230769230769231,0.7280630840009527,0.8395596870082914,1,13
yolo11l-seg.pt,MOTS20-02,533,14,1,91,11,0,3,1.0,0.7857142857142857,0.88,0.7584204516402431,0.860068068950731,1,12
yolo11l-seg.pt,MOTS20-02,534,15,1,84,12,1,3,0.9230769230769231,0.8,0.8571428571428571,0.75320351020987,0.8558020940369494,1,14
yolo11l-seg.pt,MOTS20-02,535,15,1,94,13,0,2,1.0,0.8666666666666667,0.9285714285714286,0.7183679631819746,0.8313270246568116,2,15
yolo11l-seg.pt,MOTS20-02,536,15,1,84,12,1,3,0.9230769230769231,0.8,0.8571428571428571,0.7324551518778758,0.8422936569098683,2,15
yolo11l-seg.pt,MOTS20-02,537,15,1,96,12,0,3,1.0,0.8,0.8888888888888888,0.7467031297207688,0.8501873531907033,2,14
yolo11l-seg.pt,MOTS20-02,538,14,1,96,12,0,2,1.0,0.8571428571428571,0.9230769230769231,0.7388960990930902,0.8459540236210938,3,15
yolo11l-seg.pt,MOTS20-02,539,14,1,102,12,0,2,1.0,0.8571428571428571,0.9230769230769231,0.7382214456174792,0.844406130550988,3,15
yolo11l-seg.pt,MOTS20-02,540,13,1,91,12,0,1,1.0,0.9230769230769231,0.96,0.7450153442058757,0.8497997380571283,3,15
yolo11l-seg.pt,MOTS20-02,541,13,1,95,13,0,0,1.0,1.0,1.0,0.7211618554831684,0.8344552749762332,2,15
yolo11l-seg.pt,MOTS20-02,542,13,1,81,12,0,1,1.0,0.9230769230769231,0.96,0.7326018270575116,0.8429836564061333,2,14
yolo11l-seg.pt,MOTS20-02,543,13,1,86,12,0,1,1.0,0.9230769230769231,0.96,0.7330003824366701,0.8431633883420816,2,14
yolo11l-seg.pt,MOTS20-02,544,13,1,85,12,0,1,1.0,0.9230769230769231,0.96,0.7246375229924288,0.837616909181819,2,14
yolo11l-seg.pt,MOTS20-02,545,13,1,95,12,0,1,1.0,0.9230769230769231,0.96,0.7235342627735939,0.8373246410923857,2,14
yolo11l-seg.pt,MOTS20-02,546,14,1,102,13,0,1,1.0,0.9285714285714286,0.9629629629629629,0.7093116948370847,0.827152106502851,2,15
yolo11l-seg.pt,MOTS20-02,547,14,1,106,13,0,1,1.0,0.9285714285714286,0.9629629629629629,0.6984352977459457,0.8201648604551841,2,15
yolo11l-seg.pt,MOTS20-02,548,13,1,102,13,0,0,1.0,1.0,1.0,0.7092574332637549,0.8268406783502324,2,15
yolo11l-seg.pt,MOTS20-02,549,13,1,112,11,0,2,1.0,0.8461538461538461,0.9166666666666666,0.7239664083538853,0.8380089141279192,2,13
yolo11l-seg.pt,MOTS20-02,550,13,1,115,11,0,2,1.0,0.8461538461538461,0.9166666666666666,0.7224874271446677,0.8374158784997185,2,13
yolo11l-seg.pt,MOTS20-02,551,13,1,113,11,0,2,1.0,0.8461538461538461,0.9166666666666666,0.7399096905537497,0.8483542937693008,2,13
yolo11l-seg.pt,MOTS20-02,552,14,1,108,12,1,2,0.9230769230769231,0.8571428571428571,0.8888888888888888,0.7031405641879663,0.8218831189008977,2,15
yolo11l-seg.pt,MOTS20-02,553,14,1,113,11,2,3,0.8461538461538461,0.7857142857142857,0.8148148148148148,0.7085680164685211,0.8253094298587798,2,15
yolo11l-seg.pt,MOTS20-02,554,14,1,117,11,2,3,0.8461538461538461,0.7857142857142857,0.8148148148148148,0.7149998905452833,0.8299741131187829,1,14
yolo11l-seg.pt,MOTS20-02,555,14,1,117,9,1,5,0.9,0.6428571428571429,0.75,0.7276438583943166,0.8375498521491712,2,12
yolo11l-seg.pt,MOTS20-02,556,14,1,112,10,1,4,0.9090909090909091,0.7142857142857143,0.8,0.7258763241160288,0.8385092424416575,1,12
yolo11l-seg.pt,MOTS20-02,557,13,1,111,9,2,4,0.8181818181818182,0.6923076923076923,0.75,0.7401512132765508,0.8483563396606688,2,13
yolo11l-seg.pt,MOTS20-02,558,13,1,100,9,1,4,0.9,0.6923076923076923,0.782608695652174,0.7297789070667563,0.8416625025308602,2,12
yolo11l-seg.pt,MOTS20-02,559,13,1,105,11,0,2,1.0,0.8461538461538461,0.9166666666666666,0.7095601207680755,0.8269823619103994,1,12
yolo11l-seg.pt,MOTS20-02,560,13,1,120,11,0,2,1.0,0.8461538461538461,0.9166666666666666,0.7055710577517363,0.8236264890509916,1,12
yolo11l-seg.pt,MOTS20-02,561,12,1,105,11,0,1,1.0,0.9166666666666666,0.9565217391304348,0.7014562893777377,0.8204586186805709,1,12
yolo11l-seg.pt,MOTS20-02,562,12,1,102,11,0,1,1.0,0.9166666666666666,0.9565217391304348,0.7020307602332287,0.8225664952002778,2,13
yolo11l-seg.pt,MOTS20-02,563,12,1,101,11,0,1,1.0,0.9166666666666666,0.9565217391304348,0.714372427083743,0.8300227136771702,2,13
yolo11l-seg.pt,MOTS20-02,564,12,1,104,10,1,2,0.9090909090909091,0.8333333333333334,0.8695652173913043,0.7413540605922675,0.8500142450248017,4,15
yolo11l-seg.pt,MOTS20-02,565,12,1,102,11,0,1,1.0,0.9166666666666666,0.9565217391304348,0.7273045980561157,0.8383812908648077,2,13
yolo11l-seg.pt,MOTS20-02,566,12,1,99,10,1,2,0.9090909090909091,0.8333333333333334,0.8695652173913043,0.7277390191232694,0.8402619032484674,2,13
yolo11l-seg.pt,MOTS20-02,567,12,1,116,10,1,2,0.9090909090909091,0.8333333333333334,0.8695652173913043,0.7290114187188144,0.8400438659148252,3,14
yolo11l-seg.pt,MOTS20-02,568,14,1,110,11,1,3,0.9166666666666666,0.7857142857142857,0.8461538461538461,0.7079075663185698,0.8264384944479548,3,15
yolo11l-seg.pt,MOTS20-02,569,14,1,101,12,0,2,1.0,0.8571428571428571,0.9230769230769231,0.6838243889548273,0.8090150099564702,2,14
yolo11l-seg.pt,MOTS20-02,570,14,1,103,11,0,3,1.0,0.7857142857142857,0.88,0.6977835494652213,0.8182944119752688,2,13
yolo11l-seg.pt,MOTS20-02,571,13,1,115,11,1,2,0.9166666666666666,0.8461538461538461,0.88,0.7170101419132016,0.8334658759330892,4,16
yolo11l-seg.pt,MOTS20-02,572,13,1,116,11,1,2,0.9166666666666666,0.8461538461538461,0.88,0.7119587631976347,0.8291100505938916,2,14
yolo11l-seg.pt,MOTS20-02,573,13,1,115,13,0,0,1.0,1.0,1.0,0.6923715574422518,0.8140086551055621,2,15
yolo11l-seg.pt,MOTS20-02,574,12,1,112,11,0,1,1.0,0.9166666666666666,0.9565217391304348,0.6883786300511173,0.8124506639718017,3,14
yolo11l-seg.pt,MOTS20-02,575,11,1,107,10,0,1,1.0,0.9090909090909091,0.9523809523809523,0.7077465529935382,0.8258776007030482,6,16
yolo11l-seg.pt,MOTS20-02,576,11,1,106,10,0,1,1.0,0.9090909090909091,0.9523809523809523,0.7233279646399907,0.8370512603444957,5,15
yolo11l-seg.pt,MOTS20-02,577,11,1,120,10,0,1,1.0,0.9090909090909091,0.9523809523809523,0.7101022019845252,0.8279890479775869,5,15
yolo11l-seg.pt,MOTS20-02,578,11,1,121,10,0,1,1.0,0.9090909090909091,0.9523809523809523,0.7264684680924465,0.8385815136802883,3,13
yolo11l-seg.pt,MOTS20-02,579,11,1,110,11,0,0,1.0,1.0,1.0,0.7082789034167335,0.8258381006880242,3,14
yolo11l-seg.pt,MOTS20-02,580,11,1,111,11,0,0,1.0,1.0,1.0,0.7233257917625586,0.8367704453123236,3,14
yolo11l-seg.pt,MOTS20-02,581,11,1,105,11,0,0,1.0,1.0,1.0,0.7040366715020535,0.8230943099530914,3,14
yolo11l-seg.pt,MOTS20-02,582,11,1,112,11,0,0,1.0,1.0,1.0,0.7174762457375415,0.8319183342512751,3,14
yolo11l-seg.pt,MOTS20-02,583,11,1,113,10,0,1,1.0,0.9090909090909091,0.9523809523809523,0.702873074822333,0.8213279105729432,2,12
yolo11l-seg.pt,MOTS20-02,584,11,1,112,9,1,2,0.9,0.8181818181818182,0.8571428571428571,0.6911834140816564,0.8135665221852834,2,12
yolo11l-seg.pt,MOTS20-02,585,11,1,108,10,0,1,1.0,0.9090909090909091,0.9523809523809523,0.7051508645434855,0.8242974213768954,2,12
yolo11l-seg.pt,MOTS20-02,586,11,1,111,9,0,2,1.0,0.8181818181818182,0.9,0.710947799215673,0.8279597260746776,2,11
yolo11l-seg.pt,MOTS20-02,587,10,1,96,8,0,2,1.0,0.8,0.8888888888888888,0.6874615006411531,0.8130383025164525,3,11
yolo11l-seg.pt,MOTS20-02,588,10,1,101,9,0,1,1.0,0.9,0.9473684210526315,0.6958547586529221,0.8189681197518589,4,13
yolo11l-seg.pt,MOTS20-02,589,10,1,108,10,0,0,1.0,1.0,1.0,0.69845311066584,0.8208609960896647,4,14
yolo11l-seg.pt,MOTS20-02,590,10,1,113,9,0,1,1.0,0.9,0.9473684210526315,0.6941711371119159,0.8177422909207954,3,12
yolo11l-seg.pt,MOTS20-02,591,10,1,110,10,0,0,1.0,1.0,1.0,0.6871797321439764,0.8133095717931935,4,14
yolo11l-seg.pt,MOTS20-02,592,10,1,121,10,0,0,1.0,1.0,1.0,0.6729440062918435,0.8027394164502386,3,13
yolo11l-seg.pt,MOTS20-02,593,10,1,120,10,0,0,1.0,1.0,1.0,0.665643399291475,0.7974422650828572,3,13
yolo11l-seg.pt,MOTS20-02,594,10,1,111,10,0,0,1.0,1.0,1.0,0.6659231451487383,0.7971160142345611,3,13
yolo11l-seg.pt,MOTS20-02,595,10,1,107,10,0,0,1.0,1.0,1.0,0.6760866490166839,0.8044959630206824,2,12
yolo11l-seg.pt,MOTS20-02,596,10,1,108,10,0,0,1.0,1.0,1.0,0.6795740353856866,0.8073001747451544,2,12
yolo11l-seg.pt,MOTS20-02,597,10,1,113,10,0,0,1.0,1.0,1.0,0.6703486905134606,0.8007307305210126,2,12
yolo11l-seg.pt,MOTS20-02,598,10,1,112,10,0,0,1.0,1.0,1.0,0.6789322528153674,0.8067701061941209,2,12
yolo11l-seg.pt,MOTS20-02,599,10,1,98,10,0,0,1.0,1.0,1.0,0.6744990978636259,0.8037302712847854,2,12
yolo11l-seg.pt,MOTS20-02,600,10,1,101,9,1,1,0.9,0.9,0.9,0.6825681211906818,0.8095012894658777,1,11
yolo11l-seg.pt,MOTS20-05,1,5,1,33,3,0,2,1.0,0.6,0.75,0.8128376679315718,0.8933112943842341,0,3
yolo11l-seg.pt,MOTS20-05,2,6,1,39,5,0,1,1.0,0.8333333333333334,0.9090909090909091,0.7454439070135738,0.8462680090698029,0,5
yolo11l-seg.pt,MOTS20-05,3,7,1,52,5,0,2,1.0,0.7142857142857143,0.8333333333333334,0.7047155627833751,0.8174600157092511,1,6
yolo11l-seg.pt,MOTS20-05,4,8,1,66,5,0,3,1.0,0.625,0.7692307692307693,0.773211342586798,0.8641485558976877,0,5
yolo11l-seg.pt,MOTS20-05,5,8,1,80,7,0,1,1.0,0.875,0.9333333333333333,0.7655209072759644,0.8639091292652415,1,8
yolo11l-seg.pt,MOTS20-05,6,9,1,76,5,0,4,1.0,0.5555555555555556,0.7142857142857143,0.7865437781067934,0.8776466017443578,1,6
yolo11l-seg.pt,MOTS20-05,7,8,1,69,6,0,2,1.0,0.75,0.8571428571428571,0.7997288290445015,0.887156568484674,1,7
yolo11l-seg.pt,MOTS20-05,8,9,1,73,6,0,3,1.0,0.6666666666666666,0.8,0.8080236283610107,0.8923015598845473,1,7
yolo11l-seg.pt,MOTS20-05,9,9,1,77,7,0,2,1.0,0.7777777777777778,0.875,0.7761762934436017,0.8685594886497763,1,8
yolo11l-seg.pt,MOTS20-05,10,11,1,84,8,0,3,1.0,0.7272727272727273,0.8421052631578947,0.7558410832724611,0.856641933629628,1,9
yolo11l-seg.pt,MOTS20-05,11,11,1,108,9,0,2,1.0,0.8181818181818182,0.9,0.7812980706079483,0.8749114822238769,1,10
yolo11l-seg.pt,MOTS20-05,12,11,1,114,9,1,2,0.9,0.8181818181818182,0.8571428571428571,0.7595304669367016,0.8606933574977026,1,11
yolo11l-seg.pt,MOTS20-05,13,11,1,91,9,0,2,1.0,0.8181818181818182,0.9,0.7511050115691573,0.8543794264748997,1,10
yolo11l-seg.pt,MOTS20-05,14,11,1,119,8,1,3,0.8888888888888888,0.7272727272727273,0.8,0.752807839884567,0.8553315407632187,1,10
yolo11l-seg.pt,MOTS20-05,15,10,1,109,6,1,4,0.8571428571428571,0.6,0.7058823529411765,0.7421093985516714,0.843896250470849,1,8
yolo11l-seg.pt,MOTS20-05,16,9,1,98,6,1,3,0.8571428571428571,0.6666666666666666,0.75,0.7938773198775276,0.8817478372530263,1,8
yolo11l-seg.pt,MOTS20-05,17,10,1,98,5,1,5,0.8333333333333334,0.5,0.625,0.7721941397227909,0.8667179081854238,1,7
yolo11l-seg.pt,MOTS20-05,18,10,1,113,6,2,4,0.75,0.6,0.6666666666666666,0.8168538023205242,0.8975975430353519,1,9
yolo11l-seg.pt,MOTS20-05,19,10,1,108,5,2,5,0.7142857142857143,0.5,0.5882352941176471,0.8178245046717727,0.898181672181688,1,8
yolo11l-seg.pt,MOTS20-05,20,9,1,97,5,3,4,0.625,0.5555555555555556,0.5882352941176471,0.8132436027063801,0.894181518223025,1,9
yolo11l-seg.pt,MOTS20-05,21,9,1,79,4,1,5,0.8,0.4444444444444444,0.5714285714285714,0.7972963583207408,0.8825333699959038,1,6
yolo11l-seg.pt,MOTS20-05,22,7,1,88,5,1,2,0.8333333333333334,0.7142857142857143,0.7692307692307693,0.7670620933657128,0.8623487295425931,1,7
yolo11l-seg.pt,MOTS20-05,23,6,1,82,5,1,1,0.8333333333333334,0.8333333333333334,0.8333333333333334,0.7887190566534652,0.8768697506879413,1,7
yolo11l-seg.pt,MOTS20-05,24,6,1,69,5,1,1,0.8333333333333334,0.8333333333333334,0.8333333333333334,0.7433308875067046,0.8435702060197526,1,7
yolo11l-seg.pt,MOTS20-05,25,5,1,46,3,1,2,0.75,0.6,0.6666666666666666,0.8302278176447299,0.9000439825139909,1,5
yolo11l-seg.pt,MOTS20-05,26,5,1,56,3,1,2,0.75,0.6,0.6666666666666666,0.8700912189691329,0.9285066179238988,1,5
yolo11l-seg.pt,MOTS20-05,27,5,1,51,3,1,2,0.75,0.6,0.6666666666666666,0.8689533859226265,0.9276899947286812,1,5
yolo11l-seg.pt,MOTS20-05,28,3,1,33,3,1,0,0.75,1.0,0.8571428571428571,0.8696641746734864,0.9284403427598177,1,5
yolo11l-seg.pt,MOTS20-05,29,5,1,30,4,1,1,0.8,0.8,0.8,0.822612737358462,0.8983981014964385,1,6
yolo11l-seg.pt,MOTS20-05,30,7,1,74,5,1,2,0.8333333333333334,0.7142857142857143,0.7692307692307693,0.7874728397911557,0.8756256311377675,1,7
yolo11l-seg.pt,MOTS20-05,31,8,1,69,6,2,2,0.75,0.75,0.75,0.8485011778977182,0.9167341775816765,1,9
yolo11l-seg.pt,MOTS20-05,32,8,1,84,6,2,2,0.75,0.75,0.75,0.7862345334672668,0.8744627185241335,1,9
yolo11l-seg.pt,MOTS20-05,33,8,1,82,7,3,1,0.7,0.875,0.7777777777777778,0.8007722599244198,0.8846825611627105,1,11
yolo11l-seg.pt,MOTS20-05,34,8,1,58,7,1,1,0.875,0.875,0.875,0.7892954786177723,0.8779744588531958,1,9
yolo11l-seg.pt,MOTS20-05,35,9,1,64,7,2,2,0.7777777777777778,0.7777777777777778,0.7777777777777778,0.797848476609322,0.8835635392744619,1,10
yolo11l-seg.pt,MOTS20-05,36,10,1,69,7,2,3,0.7777777777777778,0.7,0.7368421052631579,0.7731195890182546,0.8664094148685615,1,10
yolo11l-seg.pt,MOTS20-05,37,10,1,62,7,2,3,0.7777777777777778,0.7,0.7368421052631579,0.7947134121029954,0.8821771307947611,1,10
yolo11l-seg.pt,MOTS20-05,38,10,1,73,8,1,2,0.8888888888888888,0.8,0.8421052631578947,0.765513861859977,0.8625837766204676,1,10
yolo11l-seg.pt,MOTS20-05,39,10,1,69,6,3,4,0.6666666666666666,0.6,0.631578947368421,0.808130797744985,0.8911826844917039,2,11
yolo11l-seg.pt,MOTS20-05,40,10,1,77,8,2,2,0.8,0.8,0.8,0.7575720237192498,0.8549163605254213,2,12
yolo11l-seg.pt,MOTS20-05,41,10,1,65,9,2,1,0.8181818181818182,0.9,0.8571428571428571,0.7350670448721566,0.8387574641725739,2,13
yolo11l-seg.pt,MOTS20-05,42,10,1,70,8,1,2,0.8888888888888888,0.8,0.8421052631578947,0.7917278681717063,0.8786668995398278,3,12
yolo11l-seg.pt,MOTS20-05,43,9,1,72,6,1,3,0.8571428571428571,0.6666666666666666,0.75,0.7953969597825772,0.8773633292746258,1,8
yolo11l-seg.pt,MOTS20-05,44,9,1,71,5,1,4,0.8333333333333334,0.5555555555555556,0.6666666666666666,0.8066175241001993,0.883841196344094,1,7
yolo11l-seg.pt,MOTS20-05,45,7,1,58,3,2,4,0.6,0.42857142857142855,0.5,0.9141062266069543,0.9548062397380201,1,6
yolo11l-seg.pt,MOTS20-05,46,5,1,51,3,2,2,0.6,0.6,0.6,0.9109583698339522,0.9531715327474636,2,7
yolo11l-seg.pt,MOTS20-05,47,5,1,49,4,2,1,0.6666666666666666,0.8,0.7272727272727273,0.8125218895774993,0.8839762952500416,1,7
yolo11l-seg.pt,MOTS20-05,48,6,1,43,3,1,3,0.75,0.5,0.6,0.9162871466159365,0.9560757439313597,3,7
yolo11l-seg.pt,MOTS20-05,49,7,1,52,4,0,3,1.0,0.5714285714285714,0.7272727272727273,0.8793493428934603,0.9343429647857686,1,5
yolo11l-seg.pt,MOTS20-05,50,7,1,70,6,0,1,1.0,0.8571428571428571,0.9230769230769231,0.8255725788088587,0.9010946341726394,3,9
yolo11l-seg.pt,MOTS20-05,51,8,1,50,4,1,4,0.8,0.5,0.6153846153846154,0.876322650865748,0.9321223341805744,2,7
yolo11l-seg.pt,MOTS20-05,52,6,1,43,4,0,2,1.0,0.6666666666666666,0.8,0.8821957030745486,0.9360704324321463,1,5
yolo11l-seg.pt,MOTS20-05,53,4,1,36,3,0,1,1.0,0.75,0.8571428571428571,0.9197581713028572,0.9579646907231482,1,4
yolo11l-seg.pt,MOTS20-05,54,4,1,36,3,0,1,1.0,0.75,0.8571428571428571,0.9311768109211574,0.9641744696033837,1,4
yolo11l-seg.pt,MOTS20-05,55,4,1,41,3,0,1,1.0,0.75,0.8571428571428571,0.9377037280884695,0.9677030821411035,1,4
yolo11l-seg.pt,MOTS20-05,56,5,1,31,3,0,2,1.0,0.6,0.75,0.9355150425816493,0.9665420673012215,1,4
yolo11l-seg.pt,MOTS20-05,57,3,1,22,3,0,0,1.0,1.0,1.0,0.9371723569290079,0.9674433316057427,1,4
yolo11l-seg.pt,MOTS20-05,58,3,1,31,3,0,0,1.0,1.0,1.0,0.9353265973625978,0.966421212838723,1,4
yolo11l-seg.pt,MOTS20-05,59,3,1,30,3,0,0,1.0,1.0,1.0,0.9282882429157501,0.9625274931557807,2,5
yolo11l-seg.pt,MOTS20-05,60,3,1,22,3,0,0,1.0,1.0,1.0,0.930189016195774,0.9636184328401569,1,4
yolo11l-seg.pt,MOTS20-05,61,3,1,23,3,0,0,1.0,1.0,1.0,0.9324637726229684,0.9649193254410892,2,5
yolo11l-seg.pt,MOTS20-05,62,4,1,33,4,0,0,1.0,1.0,1.0,0.844744372341753,0.9061935421664312,1,5
yolo11l-seg.pt,MOTS20-05,63,4,1,31,3,1,1,0.75,0.75,0.75,0.9311195254709602,0.9642065545178005,1,5
yolo11l-seg.pt,MOTS20-05,64,5,1,47,4,1,1,0.8,0.8,0.8,0.8575566708977094,0.9160132010043984,1,6
yolo11l-seg.pt,MOTS20-05,65,5,1,53,4,1,1,0.8,0.8,0.8,0.8732758550841999,0.9281490850030427,2,7
yolo11l-seg.pt,MOTS20-05,66,6,1,46,4,2,2,0.6666666666666666,0.6666666666666666,0.6666666666666666,0.8781769295049258,0.9306676597456429,2,8
yolo11l-seg.pt,MOTS20-05,67,6,1,50,5,0,1,1.0,0.8333333333333334,0.9090909090909091,0.8024722799918333,0.8784828832599798,2,7
yolo11l-seg.pt,MOTS20-05,68,6,1,63,5,0,1,1.0,0.8333333333333334,0.9090909090909091,0.8166618566810117,0.8888353435374272,1,6
yolo11l-seg.pt,MOTS20-05,69,8,1,59,7,1,1,0.875,0.875,0.875,0.8045815289574758,0.8850453714683025,1,9
yolo11l-seg.pt,MOTS20-05,70,8,1,82,8,0,0,1.0,1.0,1.0,0.8275264663256663,0.9028039454505958,3,11
yolo11l-seg.pt,MOTS20-05,71,8,1,69,7,0,1,1.0,0.875,0.9333333333333333,0.8299338775848312,0.9040845730627023,2,9
yolo11l-seg.pt,MOTS20-05,72,8,1,86,7,0,1,1.0,0.875,0.9333333333333333,0.8259863749713997,0.9013002770445409,3,10
yolo11l-seg.pt,MOTS20-05,73,8,1,74,8,0,0,1.0,1.0,1.0,0.8179923341197738,0.8967290767615876,1,9
yolo11l-seg.pt,MOTS20-05,74,8,1,79,8,0,0,1.0,1.0,1.0,0.7997285951764797,0.8847087930079444,0,8
yolo11l-seg.pt,MOTS20-05,75,8,1,80,7,1,1,0.875,0.875,0.875,0.7905849037417215,0.8766486192607612,0,8
yolo11l-seg.pt,MOTS20-05,76,8,1,65,7,0,1,1.0,0.875,0.9333333333333333,0.8343708992313255,0.906250444539994,2,9
yolo11l-seg.pt,MOTS20-05,77,6,1,53,5,1,1,0.8333333333333334,0.8333333333333334,0.8333333333333334,0.8299419021503656,0.9007849316754326,0,6
yolo11l-seg.pt,MOTS20-05,78,5,1,70,5,1,0,0.8333333333333334,1.0,0.9090909090909091,0.859438167522924,0.9218500127072289,0,6
yolo11l-seg.pt,MOTS20-05,79,5,1,56,5,2,0,0.7142857142857143,1.0,0.8333333333333334,0.8146101473165871,0.8875447617019481,0,7
yolo11l-seg.pt,MOTS20-05,80,5,1,36,4,0,1,1.0,0.8,0.8888888888888888,0.9056616551941999,0.9496281152166811,0,4
yolo11l-seg.pt,MOTS20-05,81,5,1,40,4,1,1,0.8,0.8,0.8,0.9092721318409503,0.9516948445663723,2,7
yolo11l-seg.pt,MOTS20-05,82,5,1,38,3,1,2,0.75,0.6,0.6666666666666666,0.929499746617084,0.9632470979061029,1,5
yolo11l-seg.pt,MOTS20-05,83,3,1,35,3,0,0,1.0,1.0,1.0,0.9386962789930432,0.9682335027642859,0,3
yolo11l-seg.pt,MOTS20-05,84,3,1,34,3,0,0,1.0,1.0,1.0,0.9334338078826644,0.9654096423765699,0,3
yolo11l-seg.pt,MOTS20-05,85,4,1,36,4,0,0,1.0,1.0,1.0,0.9004430224941199,0.9464130833081681,1,5
yolo11l-seg.pt,MOTS20-05,86,7,1,55,4,1,3,0.8,0.5714285714285714,0.6666666666666666,0.9084095454602967,0.9512299746737358,0,5
yolo11l-seg.pt,MOTS20-05,87,7,1,78,5,0,2,1.0,0.7142857142857143,0.8333333333333334,0.8687855347728707,0.9273364715415434,1,6
yolo11l-seg.pt,MOTS20-05,88,7,1,67,6,0,1,1.0,0.8571428571428571,0.9230769230769231,0.8473216662553421,0.9144473929036576,0,6
yolo11l-seg.pt,MOTS20-05,89,7,1,61,6,0,1,1.0,0.8571428571428571,0.9230769230769231,0.833754375167079,0.905552341996183,1,7
yolo11l-seg.pt,MOTS20-05,90,6,1,65,6,0,0,1.0,1.0,1.0,0.7948454537950996,0.8758054855071272,1,7
yolo11l-seg.pt,MOTS20-05,91,8,1,87,7,0,1,1.0,0.875,0.9333333333333333,0.8153982691506643,0.8930085970577953,0,7
yolo11l-seg.pt,MOTS20-05,92,8,1,84,7,0,1,1.0,0.875,0.9333333333333333,0.7886316722524603,0.874896962930026,2,9
yolo11l-seg.pt,MOTS20-05,93,9,1,83,7,0,2,1.0,0.7777777777777778,0.875,0.8178852379629331,0.895650738579796,2,9
yolo11l-seg.pt,MOTS20-05,94,7,1,79,6,0,1,1.0,0.8571428571428571,0.9230769230769231,0.834365143292373,0.9055126543885339,1,7
yolo11l-seg.pt,MOTS20-05,95,9,1,96,6,0,3,1.0,0.6666666666666666,0.8,0.8361917464234884,0.9074848837434805,2,8
yolo11l-seg.pt,MOTS20-05,96,10,1,94,8,0,2,1.0,0.8,0.8888888888888888,0.8335569051993295,0.9062100195309051,2,10
yolo11l-seg.pt,MOTS20-05,97,9,1,90,8,0,1,1.0,0.8888888888888888,0.9411764705882353,0.8348681936506184,0.9066400674296785,3,11
yolo11l-seg.pt,MOTS20-05,98,9,1,92,8,0,1,1.0,0.8888888888888888,0.9411764705882353,0.8189815225213188,0.8972504819047649,1,9
yolo11l-seg.pt,MOTS20-05,99,9,1,92,8,0,1,1.0,0.8888888888888888,0.9411764705882353,0.8224433625483025,0.8992054116973368,1,9
yolo11l-seg.pt,MOTS20-05,100,9,1,91,8,0,1,1.0,0.8888888888888888,0.9411764705882353,0.8326900028123049,0.9062556791803913,1,9
yolo11l-seg.pt,MOTS20-05,101,9,1,89,7,0,2,1.0,0.7777777777777778,0.875,0.8275918811921729,0.9022177661310024,1,8
yolo11l-seg.pt,MOTS20-05,102,9,1,89,7,1,2,0.875,0.7777777777777778,0.8235294117647058,0.7702467770599577,0.8605596235619529,2,10
yolo11l-seg.pt,MOTS20-05,103,9,1,90,6,0,3,1.0,0.6666666666666666,0.8,0.843529035977324,0.9103685154942225,3,9
yolo11l-seg.pt,MOTS20-05,104,9,1,86,7,0,2,1.0,0.7777777777777778,0.875,0.8063403238111688,0.8865261234806586,2,9
yolo11l-seg.pt,MOTS20-05,105,9,1,89,6,1,3,0.8571428571428571,0.6666666666666666,0.75,0.8655606297932582,0.9256508256603349,2,9
yolo11l-seg.pt,MOTS20-05,106,9,1,76,7,1,2,0.875,0.7777777777777778,0.8235294117647058,0.8061022932926857,0.8866854850353713,1,9
yolo11l-seg.pt,MOTS20-05,107,9,1,80,6,1,3,0.8571428571428571,0.6666666666666666,0.75,0.829351446148217,0.9013277636475673,2,9
yolo11l-seg.pt,MOTS20-05,108,9,1,92,7,1,2,0.875,0.7777777777777778,0.8235294117647058,0.7781432541254133,0.8660126781229269,1,9
yolo11l-seg.pt,MOTS20-05,109,9,1,88,5,0,4,1.0,0.5555555555555556,0.7142857142857143,0.8635796275708245,0.923953507660268,0,5
yolo11l-seg.pt,MOTS20-05,110,9,1,60,5,1,4,0.8333333333333334,0.5555555555555556,0.6666666666666666,0.8600835270964806,0.9216720747337851,0,6
yolo11l-seg.pt,MOTS20-05,111,7,1,50,5,1,2,0.8333333333333334,0.7142857142857143,0.7692307692307693,0.8454301555314367,0.910722185158391,0,6
yolo11l-seg.pt,MOTS20-05,112,6,1,66,5,2,1,0.7142857142857143,0.8333333333333334,0.7692307692307693,0.8528092434646203,0.9169526583655827,0,7
yolo11l-seg.pt,MOTS20-05,113,6,1,43,4,1,2,0.8,0.6666666666666666,0.7272727272727273,0.9030328302060355,0.9478971283751318,0,5
yolo11l-seg.pt,MOTS20-05,114,6,1,54,4,0,2,1.0,0.6666666666666666,0.8,0.8864669906141086,0.9369262758579688,1,5
yolo11l-seg.pt,MOTS20-05,115,3,1,22,3,0,0,1.0,1.0,1.0,0.9382530116635935,0.9680746471933417,0,3
yolo11l-seg.pt,MOTS20-05,116,3,1,39,3,0,0,1.0,1.0,1.0,0.9429604607670452,0.9705943090997796,0,3
yolo11l-seg.pt,MOTS20-05,117,3,1,27,3,1,0,0.75,1.0,0.8571428571428571,0.932707344712092,0.9650198819193202,0,4
yolo11l-seg.pt,MOTS20-05,118,4,1,46,4,1,0,0.8,1.0,0.8888888888888888,0.8977176457112226,0.9445504480686109,1,6
yolo11l-seg.pt,MOTS20-05,119,6,1,47,6,1,0,0.8571428571428571,1.0,0.9230769230769231,0.8393608219612988,0.9090212411609535,0,7
yolo11l-seg.pt,MOTS20-05,120,6,1,43,6,1,0,0.8571428571428571,1.0,0.9230769230769231,0.816342573408933,0.8930641719996562,1,8
yolo11l-seg.pt,MOTS20-05,121,6,1,49,6,1,0,0.8571428571428571,1.0,0.9230769230769231,0.8227962444231064,0.8979387727078364,1,8
yolo11l-seg.pt,MOTS20-05,122,6,1,50,5,1,1,0.8333333333333334,0.8333333333333334,0.8333333333333334,0.8573349014562754,0.9185392337274351,2,8
yolo11l-seg.pt,MOTS20-05,123,9,1,67,6,1,3,0.8571428571428571,0.6666666666666666,0.75,0.8323782073827624,0.9044493998009071,2,9
yolo11l-seg.pt,MOTS20-05,124,9,1,77,7,2,2,0.7777777777777778,0.7777777777777778,0.7777777777777778,0.8160320416171596,0.8958865912359021,2,11
yolo11l-seg.pt,MOTS20-05,125,9,1,68,7,1,2,0.875,0.7777777777777778,0.8235294117647058,0.8125433526074602,0.8933023245158827,3,11
yolo11l-seg.pt,MOTS20-05,126,9,1,77,7,1,2,0.875,0.7777777777777778,0.8235294117647058,0.8133621693078318,0.8935139971634304,2,10
yolo11l-seg.pt,MOTS20-05,127,9,1,78,7,1,2,0.875,0.7777777777777778,0.8235294117647058,0.8064437293811323,0.8882864448580923,3,11
yolo11l-seg.pt,MOTS20-05,128,9,1,71,7,1,2,0.875,0.7777777777777778,0.8235294117647058,0.8198862368965993,0.8973845054712063,3,11
yolo11l-seg.pt,MOTS20-05,129,10,1,75,8,1,2,0.8888888888888888,0.8,0.8421052631578947,0.7740477739497343,0.8663359232357376,2,11
yolo11l-seg.pt,MOTS20-05,130,10,1,65,8,1,2,0.8888888888888888,0.8,0.8421052631578947,0.7777308874598245,0.8671264297525904,2,11
yolo11l-seg.pt,MOTS20-05,131,10,1,70,7,1,3,0.875,0.7,0.7777777777777778,0.8050725456064266,0.8865910633340508,2,10
yolo11l-seg.pt,MOTS20-05,132,10,1,87,7,2,3,0.7777777777777778,0.7,0.7368421052631579,0.8127727886116417,0.8928746149131552,1,10
yolo11l-seg.pt,MOTS20-05,133,10,1,80,7,2,3,0.7777777777777778,0.7,0.7368421052631579,0.829391337892696,0.9040636700007109,2,11
yolo11l-seg.pt,MOTS20-05,134,10,1,81,7,2,3,0.7777777777777778,0.7,0.7368421052631579,0.8158283105683576,0.8947278336020261,2,11
yolo11l-seg.pt,MOTS20-05,135,10,1,81,7,2,3,0.7777777777777778,0.7,0.7368421052631579,0.7572795864445755,0.8515718458040421,2,11
yolo11l-seg.pt,MOTS20-05,136,10,1,71,8,0,2,1.0,0.8,0.8888888888888888,0.7639774458939028,0.8576002678922714,2,10
yolo11l-seg.pt,MOTS20-05,137,10,1,87,8,1,2,0.8888888888888888,0.8,0.8421052631578947,0.7794853245133601,0.8679734193246347,1,10
yolo11l-seg.pt,MOTS20-05,138,9,1,82,8,1,1,0.8888888888888888,0.8888888888888888,0.8888888888888888,0.7946604915464187,0.8793920330287145,1,10
yolo11l-seg.pt,MOTS20-05,139,9,1,77,7,1,2,0.875,0.7777777777777778,0.8235294117647058,0.7940158873837841,0.8776369392240906,2,10
yolo11l-seg.pt,MOTS20-05,140,9,1,74,7,1,2,0.875,0.7777777777777778,0.8235294117647058,0.7866694243761195,0.8717078462222059,2,10
yolo11l-seg.pt,MOTS20-05,141,9,1,70,7,0,2,1.0,0.7777777777777778,0.875,0.7759192692442751,0.8653414987124826,2,9
yolo11l-seg.pt,MOTS20-05,142,9,1,68,8,1,1,0.8888888888888888,0.8888888888888888,0.8888888888888888,0.7556736891539111,0.8528873582984984,2,11
yolo11l-seg.pt,MOTS20-05,143,9,1,63,7,1,2,0.875,0.7777777777777778,0.8235294117647058,0.7829357072971577,0.8683087589238158,1,9
yolo11l-seg.pt,MOTS20-05,144,9,1,67,7,1,2,0.875,0.7777777777777778,0.8235294117647058,0.7773054497905221,0.8643310320115223,2,10
yolo11l-seg.pt,MOTS20-05,145,8,1,65,7,1,1,0.875,0.875,0.875,0.7799341432884523,0.8665230203129763,1,9
yolo11l-seg.pt,MOTS20-05,146,7,1,43,4,1,3,0.8,0.5714285714285714,0.6666666666666666,0.8270658654480912,0.8928520101920334,0,5
yolo11l-seg.pt,MOTS20-05,147,5,1,48,4,2,1,0.6666666666666666,0.8,0.7272727272727273,0.8998102648826217,0.9460783008302003,1,7
yolo11l-seg.pt,MOTS20-05,148,5,1,36,5,0,0,1.0,1.0,1.0,0.8224862672264883,0.8921504680723276,1,6
yolo11l-seg.pt,MOTS20-05,149,5,1,44,4,2,1,0.6666666666666666,0.8,0.7272727272727273,0.9028077142851034,0.947935546577456,1,7
yolo11l-seg.pt,MOTS20-05,150,5,1,36,4,1,1,0.8,0.8,0.8,0.8819593055460536,0.9343377460590797,1,6
yolo11l-seg.pt,MOTS20-05,151,3,1,30,3,0,0,1.0,1.0,1.0,0.9369674264491997,0.967430634943582,1,4
yolo11l-seg.pt,MOTS20-05,152,3,1,20,3,0,0,1.0,1.0,1.0,0.9343435355458548,0.9660234465154192,1,4
yolo11l-seg.pt,MOTS20-05,153,6,1,55,5,1,1,0.8333333333333334,0.8333333333333334,0.8333333333333334,0.813041715836848,0.8880953691176572,1,7
yolo11l-seg.pt,MOTS20-05,154,7,1,67,7,1,0,0.875,1.0,0.9333333333333333,0.8149198477389055,0.8932046540865995,2,10
yolo11l-seg.pt,MOTS20-05,155,7,1,63,6,0,1,1.0,0.8571428571428571,0.9230769230769231,0.8377217991541187,0.9070346486578549,2,8
yolo11l-seg.pt,MOTS20-05,156,7,1,61,6,0,1,1.0,0.8571428571428571,0.9230769230769231,0.8282081976556454,0.8999118978266042,1,7
yolo11l-seg.pt,MOTS20-05,157,7,1,66,7,0,0,1.0,1.0,1.0,0.7885368547846109,0.8734033247636714,2,9
yolo11l-seg.pt,MOTS20-05,158,7,1,62,6,0,1,1.0,0.8571428571428571,0.9230769230769231,0.819282555585115,0.8927016244038716,2,8
yolo11l-seg.pt,MOTS20-05,159,9,1,78,7,0,2,1.0,0.7777777777777778,0.875,0.8307941511806486,0.9031932938695645,1,8
yolo11l-seg.pt,MOTS20-05,160,9,1,89,8,1,1,0.8888888888888888,0.8888888888888888,0.8888888888888888,0.8272438181315883,0.9020972550954565,1,10
yolo11l-seg.pt,MOTS20-05,161,9,1,86,8,1,1,0.8888888888888888,0.8888888888888888,0.8888888888888888,0.8212960665433973,0.8969717588085498,2,11
yolo11l-seg.pt,MOTS20-05,162,9,1,74,8,1,1,0.8888888888888888,0.8888888888888888,0.8888888888888888,0.8013745256523725,0.8845937292926347,2,11
yolo11l-seg.pt,MOTS20-05,163,9,1,73,6,1,3,0.8571428571428571,0.6666666666666666,0.75,0.8419952961537739,0.908892764726386,0,7
yolo11l-seg.pt,MOTS20-05,164,9,1,91,7,1,2,0.875,0.7777777777777778,0.8235294117647058,0.8238873894653056,0.8974223430756635,0,8
yolo11l-seg.pt,MOTS20-05,165,9,1,65,7,1,2,0.875,0.7777777777777778,0.8235294117647058,0.8344156842222021,0.9057594368465055,0,8
yolo11l-seg.pt,MOTS20-05,166,9,1,67,7,0,2,1.0,0.7777777777777778,0.875,0.8133914221324601,0.8898595031596642,0,7
yolo11l-seg.pt,MOTS20-05,167,9,1,68,7,1,2,0.875,0.7777777777777778,0.8235294117647058,0.8437345882100962,0.9115159239281325,0,8
yolo11l-seg.pt,MOTS20-05,168,9,1,70,7,1,2,0.875,0.7777777777777778,0.8235294117647058,0.8145865622572119,0.8911713622173089,0,8
yolo11l-seg.pt,MOTS20-05,169,9,1,74,7,2,2,0.7777777777777778,0.7777777777777778,0.7777777777777778,0.8424635893557978,0.9111238632068063,2,11
yolo11l-seg.pt,MOTS20-05,170,8,1,72,7,0,1,1.0,0.875,0.9333333333333333,0.8182128232199377,0.8935413155640488,0,7
yolo11l-seg.pt,MOTS20-05,171,5,1,37,4,0,1,1.0,0.8,0.8888888888888888,0.8672944724897478,0.9220053980297761,0,4
yolo11l-seg.pt,MOTS20-05,172,5,1,40,4,1,1,0.8,0.8,0.8,0.8850811868927457,0.9352617873896762,0,5
yolo11l-seg.pt,MOTS20-05,173,5,1,41,4,2,1,0.6666666666666666,0.8,0.7272727272727273,0.8409884027876364,0.9009967736427119,0,6
yolo11l-seg.pt,MOTS20-05,174,4,1,62,3,0,1,1.0,0.75,0.8571428571428571,0.9507999595697565,0.9747538097359844,0,3
yolo11l-seg.pt,MOTS20-05,175,4,1,29,3,0,1,1.0,0.75,0.8571428571428571,0.9508863858671392,0.974773677361355,0,3
yolo11l-seg.pt,MOTS20-05,176,3,1,32,3,0,0,1.0,1.0,1.0,0.9468961516998927,0.972697659348933,0,3
yolo11l-seg.pt,MOTS20-05,177,4,1,45,3,0,1,1.0,0.75,0.8571428571428571,0.9481033298846769,0.9733265850112321,0,3
yolo11l-seg.pt,MOTS20-05,178,7,1,44,6,2,1,0.75,0.8571428571428571,0.8,0.8766330446262618,0.9321451567607312,1,9
yolo11l-seg.pt,MOTS20-05,179,7,1,54,6,2,1,0.75,0.8571428571428571,0.8,0.8842036277465816,0.9369377378112772,1,9
yolo11l-seg.pt,MOTS20-05,180,7,1,43,6,2,1,0.75,0.8571428571428571,0.8,0.8762992543728236,0.9324089788816078,1,9
yolo11l-seg.pt,MOTS20-05,181,7,1,51,6,0,1,1.0,0.8571428571428571,0.9230769230769231,0.8646776262771327,0.9250785435509749,1,7
yolo11l-seg.pt,MOTS20-05,182,9,1,61,7,1,2,0.875,0.7777777777777778,0.8235294117647058,0.8279990475970099,0.9008928979332519,1,9
yolo11l-seg.pt,MOTS20-05,183,9,1,56,7,3,2,0.7,0.7777777777777778,0.7368421052631579,0.8361722714624947,0.9055743301813131,0,10
yolo11l-seg.pt,MOTS20-05,184,9,1,55,7,2,2,0.7777777777777778,0.7777777777777778,0.7777777777777778,0.7876935890593165,0.8701664473110154,0,9
yolo11l-seg.pt,MOTS20-05,185,9,1,50,7,1,2,0.875,0.7777777777777778,0.8235294117647058,0.8161413346502309,0.8936394980727046,0,8
yolo11l-seg.pt,MOTS20-05,186,9,1,55,9,0,0,1.0,1.0,1.0,0.7509191236306862,0.8475063090627462,1,10
yolo11l-seg.pt,MOTS20-05,187,9,1,55,9,0,0,1.0,1.0,1.0,0.7941055702637035,0.878944602480634,1,10
yolo11l-seg.pt,MOTS20-05,188,9,1,55,9,0,0,1.0,1.0,1.0,0.7807153380752633,0.86830377112984,1,10
yolo11l-seg.pt,MOTS20-05,189,9,1,58,9,0,0,1.0,1.0,1.0,0.7828694090362641,0.869860509597966,0,9
yolo11l-seg.pt,MOTS20-05,190,9,1,59,9,0,0,1.0,1.0,1.0,0.7876340655284136,0.8736309437080282,0,9
yolo11l-seg.pt,MOTS20-05,191,9,1,55,7,0,2,1.0,0.7777777777777778,0.875,0.8444622854753308,0.9113900952402398,0,7
yolo11l-seg.pt,MOTS20-05,192,9,1,51,7,0,2,1.0,0.7777777777777778,0.875,0.858752844983583,0.9207559326632939,0,7
yolo11l-seg.pt,MOTS20-05,193,9,1,51,7,0,2,1.0,0.7777777777777778,0.875,0.8371842207988773,0.9068406525040368,0,7
yolo11l-seg.pt,MOTS20-05,194,9,1,49,8,0,1,1.0,0.8888888888888888,0.9411764705882353,0.8126307868573269,0.8898337615953671,0,8
yolo11l-seg.pt,MOTS20-05,195,9,1,59,7,0,2,1.0,0.7777777777777778,0.875,0.8291781585735551,0.899696199986117,0,7
yolo11l-seg.pt,MOTS20-05,196,9,1,50,7,0,2,1.0,0.7777777777777778,0.875,0.8318872218705741,0.903401996830819,0,7
yolo11l-seg.pt,MOTS20-05,197,9,1,54,7,0,2,1.0,0.7777777777777778,0.875,0.8236280036965093,0.8950800632569996,0,7
yolo11l-seg.pt,MOTS20-05,198,9,1,44,7,0,2,1.0,0.7777777777777778,0.875,0.823203306395449,0.8960680641244896,0,7
yolo11l-seg.pt,MOTS20-05,199,9,1,43,7,0,2,1.0,0.7777777777777778,0.875,0.8273548002248013,0.897561152431807,0,7
yolo11l-seg.pt,MOTS20-05,200,9,1,44,6,1,3,0.8571428571428571,0.6666666666666666,0.75,0.8607516941563214,0.921642662003254,1,8
yolo11l-seg.pt,MOTS20-05,201,9,1,48,6,1,3,0.8571428571428571,0.6666666666666666,0.75,0.866306478986958,0.9255664384961566,1,8
yolo11l-seg.pt,MOTS20-05,202,9,1,43,7,2,2,0.7777777777777778,0.7777777777777778,0.7777777777777778,0.7969060936476353,0.8789599761663519,1,10
yolo11l-seg.pt,MOTS20-05,203,9,1,47,6,3,3,0.6666666666666666,0.6666666666666666,0.6666666666666666,0.8360924642396873,0.9044585364970258,1,10
yolo11l-seg.pt,MOTS20-05,204,9,1,53,7,2,2,0.7777777777777778,0.7777777777777778,0.7777777777777778,0.7837385669153035,0.8658473299946411,1,10
yolo11l-seg.pt,MOTS20-05,205,9,1,43,6,2,3,0.75,0.6666666666666666,0.7058823529411765,0.827718202917816,0.8970824749664463,1,9
yolo11l-seg.pt,MOTS20-05,206,9,1,44,5,2,4,0.7142857142857143,0.5555555555555556,0.625,0.8659148459717099,0.9240076348133964,1,8
yolo11l-seg.pt,MOTS20-05,207,8,1,46,6,1,2,0.8571428571428571,0.75,0.8,0.8362328295400666,0.9033278556070071,1,8
yolo11l-seg.pt,MOTS20-05,208,7,1,47,6,0,1,1.0,0.8571428571428571,0.9230769230769231,0.8275198973186728,0.8959760220125927,1,7
yolo11l-seg.pt,MOTS20-05,209,7,1,42,5,2,2,0.7142857142857143,0.7142857142857143,0.7142857142857143,0.8975669094967353,0.9441749472192894,2,9
yolo11l-seg.pt,MOTS20-05,210,6,1,44,5,2,1,0.7142857142857143,0.8333333333333334,0.7692307692307693,0.8811558540843224,0.9339186827267405,2,9
yolo11l-seg.pt,MOTS20-05,211,6,1,36,5,1,1,0.8333333333333334,0.8333333333333334,0.8333333333333334,0.8800999875675531,0.933908556593962,1,7
yolo11l-seg.pt,MOTS20-05,212,6,1,46,5,2,1,0.7142857142857143,0.8333333333333334,0.7692307692307693,0.8911555566393433,0.941470464981028,1,8
yolo11l-seg.pt,MOTS20-05,213,6,1,52,6,0,0,1.0,1.0,1.0,0.863826460597942,0.9235754188857058,0,6
yolo11l-seg.pt,MOTS20-05,214,6,1,40,6,2,0,0.75,1.0,0.8571428571428571,0.8576791623454478,0.9187596373020885,1,9
yolo11l-seg.pt,MOTS20-05,215,6,1,48,6,1,0,0.8571428571428571,1.0,0.9230769230769231,0.8611640057657733,0.9224338741265375,0,7
yolo11l-seg.pt,MOTS20-05,216,6,1,42,6,1,0,0.8571428571428571,1.0,0.9230769230769231,0.8677581388385612,0.9262385005171946,1,8
yolo11l-seg.pt,MOTS20-05,217,6,1,39,6,2,0,0.75,1.0,0.8571428571428571,0.8465455397601988,0.9130918377464128,1,9
yolo11l-seg.pt,MOTS20-05,218,6,1,58,6,0,0,1.0,1.0,1.0,0.8699761247194262,0.9278834848016762,3,9
yolo11l-seg.pt,MOTS20-05,219,6,1,57,6,0,0,1.0,1.0,1.0,0.8565864801957397,0.9191330296662373,0,6
yolo11l-seg.pt,MOTS20-05,220,6,1,58,6,0,0,1.0,1.0,1.0,0.8690712886326755,0.9275581970223223,3,9
yolo11l-seg.pt,MOTS20-05,221,6,1,52,6,1,0,0.8571428571428571,1.0,0.9230769230769231,0.8662392362288057,0.925455076280806,3,10
yolo11l-seg.pt,MOTS20-05,222,6,1,71,6,0,0,1.0,1.0,1.0,0.8760499911044745,0.9319151129591567,4,10
yolo11l-seg.pt,MOTS20-05,223,6,1,71,6,0,0,1.0,1.0,1.0,0.8761067421011237,0.9323712753105342,4,10
yolo11l-seg.pt,MOTS20-05,224,7,1,84,6,0,1,1.0,0.8571428571428571,0.9230769230769231,0.8675072044638442,0.9272605585937433,3,9
yolo11l-seg.pt,MOTS20-05,225,7,1,86,6,1,1,0.8571428571428571,0.8571428571428571,0.8571428571428571,0.8614150763166643,0.9228975389496458,2,9
yolo11l-seg.pt,MOTS20-05,226,7,1,88,6,0,1,1.0,0.8571428571428571,0.9230769230769231,0.8762015919209935,0.9321118722128928,3,9
yolo11l-seg.pt,MOTS20-05,227,7,1,83,6,0,1,1.0,0.8571428571428571,0.9230769230769231,0.8814436538198315,0.9356019320947757,2,8
yolo11l-seg.pt,MOTS20-05,228,8,1,90,7,0,1,1.0,0.875,0.9333333333333333,0.8257834670235624,0.899075483136553,4,11
yolo11l-seg.pt,MOTS20-05,229,8,1,80,7,2,1,0.7777777777777778,0.875,0.8235294117647058,0.8704914540574997,0.9293565459178154,4,13
yolo11l-seg.pt,MOTS20-05,230,8,1,85,7,2,1,0.7777777777777778,0.875,0.8235294117647058,0.8632061388678803,0.9251065343880368,2,11
yolo11l-seg.pt,MOTS20-05,231,8,1,81,7,0,1,1.0,0.875,0.9333333333333333,0.8570349587615622,0.9215138457652261,2,9
yolo11l-seg.pt,MOTS20-05,232,8,1,78,7,0,1,1.0,0.875,0.9333333333333333,0.8705126785641866,0.9295918147286653,1,8
yolo11l-seg.pt,MOTS20-05,233,7,1,86,7,0,0,1.0,1.0,1.0,0.8613271723070993,0.922533182623421,1,8
yolo11l-seg.pt,MOTS20-05,234,8,1,96,8,0,0,1.0,1.0,1.0,0.8367446434990111,0.9077183857173178,1,9
yolo11l-seg.pt,MOTS20-05,235,8,1,67,6,3,2,0.6666666666666666,0.75,0.7058823529411765,0.8407924300542953,0.9095507380179243,2,11
yolo11l-seg.pt,MOTS20-05,236,10,1,90,8,3,2,0.7272727272727273,0.8,0.7619047619047619,0.7946222627747078,0.8785701499329772,2,13
yolo11l-seg.pt,MOTS20-05,237,10,1,74,8,3,2,0.7272727272727273,0.8,0.7619047619047619,0.8010390139516703,0.8860673521675988,3,14
yolo11l-seg.pt,MOTS20-05,238,10,1,87,7,1,3,0.875,0.7,0.7777777777777778,0.7609317724982578,0.8543803688797137,2,10
yolo11l-seg.pt,MOTS20-05,239,10,1,96,8,2,2,0.8,0.8,0.8,0.7975739169531173,0.8835497067245401,2,12
yolo11l-seg.pt,MOTS20-05,240,8,1,88,7,0,1,1.0,0.875,0.9333333333333333,0.7933482364172181,0.8785886277238344,3,10
yolo11l-seg.pt,MOTS20-05,241,8,1,103,7,0,1,1.0,0.875,0.9333333333333333,0.7757809018039153,0.8666469787521854,3,10
yolo11l-seg.pt,MOTS20-05,242,10,1,103,8,3,2,0.7272727272727273,0.8,0.7619047619047619,0.7872691772424218,0.8719243805149772,1,12
yolo11l-seg.pt,MOTS20-05,243,10,1,86,10,1,0,0.9090909090909091,1.0,0.9523809523809523,0.7942582063584768,0.8779702018648485,0,11
yolo11l-seg.pt,MOTS20-05,244,10,1,69,8,1,2,0.8888888888888888,0.8,0.8421052631578947,0.8521317161722437,0.9176900166541592,0,9
yolo11l-seg.pt,MOTS20-05,245,9,1,54,8,1,1,0.8888888888888888,0.8888888888888888,0.8888888888888888,0.8671931160898649,0.9275705721277141,0,9
yolo11l-seg.pt,MOTS20-05,246,9,1,64,8,0,1,1.0,0.8888888888888888,0.9411764705882353,0.8380837008773052,0.9082733370764188,1,9
yolo11l-seg.pt,MOTS20-05,247,8,1,52,7,0,1,1.0,0.875,0.9333333333333333,0.8324451601541227,0.902709130017682,3,10
yolo11l-seg.pt,MOTS20-05,248,8,1,72,6,1,2,0.8571428571428571,0.75,0.8,0.8749661000357163,0.9327001172732311,2,9
yolo11l-seg.pt,MOTS20-05,249,8,1,61,8,0,0,1.0,1.0,1.0,0.8113032904897581,0.8893470688141034,1,9
yolo11l-seg.pt,MOTS20-05,250,10,1,77,9,0,1,1.0,0.9,0.9473684210526315,0.8125596681690719,0.8917549068042931,1,10
yolo11l-seg.pt,MOTS20-05,251,10,1,77,10,0,0,1.0,1.0,1.0,0.8157227842949878,0.8956838450819113,1,11
yolo11l-seg.pt,MOTS20-05,252,10,1,75,10,0,0,1.0,1.0,1.0,0.8055902158438799,0.8890932532073368,1,11
yolo11l-seg.pt,MOTS20-05,253,13,1,73,10,1,3,0.9090909090909091,0.7692307692307693,0.8333333333333334,0.7864122705313432,0.8762698825605962,1,12
yolo11l-seg.pt,MOTS20-05,254,14,1,77,11,2,3,0.8461538461538461,0.7857142857142857,0.8148148148148148,0.7458005080550648,0.847960020019991,1,14
yolo11l-seg.pt,MOTS20-05,255,13,1,89,9,0,4,1.0,0.6923076923076923,0.8181818181818182,0.8309131870979529,0.9059145015116739,2,11
yolo11l-seg.pt,MOTS20-05,256,13,1,78,9,1,4,0.9,0.6923076923076923,0.782608695652174,0.8354973175839078,0.9078185676261062,1,11
yolo11l-seg.pt,MOTS20-05,257,13,1,84,10,1,3,0.9090909090909091,0.7692307692307693,0.8333333333333334,0.8178495713382787,0.8963030849436997,0,11
yolo11l-seg.pt,MOTS20-05,258,12,1,76,9,0,3,1.0,0.75,0.8571428571428571,0.8067547386243346,0.8901028120008151,0,9
yolo11l-seg.pt,MOTS20-05,259,12,1,63,9,0,3,1.0,0.75,0.8571428571428571,0.8082774856981991,0.8889149146228034,0,9
yolo11l-seg.pt,MOTS20-05,260,10,1,64,7,0,3,1.0,0.7,0.8235294117647058,0.8253748435681036,0.9020047610721461,0,7
yolo11l-seg.pt,MOTS20-05,261,9,1,60,6,0,3,1.0,0.6666666666666666,0.8,0.8191827061604614,0.8927823495229162,0,6
yolo11l-seg.pt,MOTS20-05,262,9,1,98,6,0,3,1.0,0.6666666666666666,0.8,0.7738756916257956,0.8640271092676337,1,7
yolo11l-seg.pt,MOTS20-05,263,7,1,81,4,2,3,0.6666666666666666,0.5714285714285714,0.6153846153846154,0.8835388455392474,0.9366556654081228,2,8
yolo11l-seg.pt,MOTS20-05,264,7,1,54,4,1,3,0.8,0.5714285714285714,0.6666666666666666,0.863004396602213,0.9237183364671979,2,7
yolo11l-seg.pt,MOTS20-05,265,8,1,69,6,0,2,1.0,0.75,0.8571428571428571,0.7953773427160562,0.874206187065472,0,6
yolo11l-seg.pt,MOTS20-05,266,8,1,80,5,1,3,0.8333333333333334,0.625,0.7142857142857143,0.8712447084226038,0.929413933824736,0,6
yolo11l-seg.pt,MOTS20-05,267,8,1,78,7,0,1,1.0,0.875,0.9333333333333333,0.8396158049450964,0.9052136497746858,0,7
yolo11l-seg.pt,MOTS20-05,268,8,1,66,6,0,2,1.0,0.75,0.8571428571428571,0.8790550277306979,0.9339897097581228,2,8
yolo11l-seg.pt,MOTS20-05,269,10,1,68,8,0,2,1.0,0.8,0.8888888888888888,0.7976499671528293,0.8785551328497749,0,8
yolo11l-seg.pt,MOTS20-05,270,11,1,67,6,1,5,0.8571428571428571,0.5454545454545454,0.6666666666666666,0.8770659197475971,0.9335239485965584,0,7
yolo11l-seg.pt,MOTS20-05,271,11,1,84,6,1,5,0.8571428571428571,0.5454545454545454,0.6666666666666666,0.8730119935444716,0.9306210218530709,0,7
yolo11l-seg.pt,MOTS20-05,272,9,1,94,6,1,3,0.8571428571428571,0.6666666666666666,0.75,0.8905076469302998,0.9411063786511954,0,7
yolo11l-seg.pt,MOTS20-05,273,9,1,115,6,2,3,0.75,0.6666666666666666,0.7058823529411765,0.834138941648709,0.9055004255577613,1,9
yolo11l-seg.pt,MOTS20-05,274,10,1,80,7,0,3,1.0,0.7,0.8235294117647058,0.7969204340697812,0.8806560677455176,1,8
yolo11l-seg.pt,MOTS20-05,275,11,1,84,7,1,4,0.875,0.6363636363636364,0.7368421052631579,0.8162112190809501,0.8942871720795971,0,8
yolo11l-seg.pt,MOTS20-05,276,11,1,104,8,1,3,0.8888888888888888,0.7272727272727273,0.8,0.7782013206791116,0.8652963283738538,1,10
yolo11l-seg.pt,MOTS20-05,277,10,1,82,8,1,2,0.8888888888888888,0.8,0.8421052631578947,0.767040011813292,0.8613775362257708,0,9
yolo11l-seg.pt,MOTS20-05,278,10,1,67,8,2,2,0.8,0.8,0.8,0.8135108750224646,0.8928914380555137,0,10
yolo11l-seg.pt,MOTS20-05,279,10,1,84,7,1,3,0.875,0.7,0.7777777777777778,0.8493140583050077,0.915933193339197,0,8
yolo11l-seg.pt,MOTS20-05,280,10,1,57,6,1,4,0.8571428571428571,0.6,0.7058823529411765,0.9029462382688185,0.9485346990584821,0,7
yolo11l-seg.pt,MOTS20-05,281,9,1,43,7,0,2,1.0,0.7777777777777778,0.875,0.8547382762388223,0.9140868445667177,0,7
yolo11l-seg.pt,MOTS20-05,282,10,1,73,8,1,2,0.8888888888888888,0.8,0.8421052631578947,0.8118894230245152,0.8909316048115677,0,9
yolo11l-seg.pt,MOTS20-05,283,10,1,71,10,0,0,1.0,1.0,1.0,0.8353964824119057,0.9080942607170398,0,10
yolo11l-seg.pt,MOTS20-05,284,10,1,78,9,0,1,1.0,0.9,0.9473684210526315,0.8325756832592943,0.906063941662737,0,9
yolo11l-seg.pt,MOTS20-05,285,9,1,62,8,0,1,1.0,0.8888888888888888,0.9411764705882353,0.8733264680848669,0.9313312565206155,0,8
yolo11l-seg.pt,MOTS20-05,286,9,1,53,8,0,1,1.0,0.8888888888888888,0.9411764705882353,0.8778079130668015,0.9334673252738416,0,8
yolo11l-seg.pt,MOTS20-05,287,9,1,46,9,0,0,1.0,1.0,1.0,0.8759437525021568,0.9321643603531746,0,9
yolo11l-seg.pt,MOTS20-05,288,9,1,53,9,0,0,1.0,1.0,1.0,0.8856757367269927,0.9380554219668823,1,10
yolo11l-seg.pt,MOTS20-05,289,8,1,58,8,0,0,1.0,1.0,1.0,0.8653344049955463,0.9269164982309175,3,11
yolo11l-seg.pt,MOTS20-05,290,8,1,76,8,1,0,0.8888888888888888,1.0,0.9411764705882353,0.8508078868766592,0.9176812856289456,2,11
yolo11l-seg.pt,MOTS20-05,291,8,1,45,7,2,1,0.7777777777777778,0.875,0.8235294117647058,0.8697451695651874,0.92922948081679,2,11
yolo11l-seg.pt,MOTS20-05,292,8,1,54,7,1,1,0.875,0.875,0.875,0.8667789770171164,0.9272361685488252,1,9
yolo11l-seg.pt,MOTS20-05,293,9,1,55,7,1,2,0.875,0.7777777777777778,0.8235294117647058,0.8952854628438095,0.9439878610846709,1,9
yolo11l-seg.pt,MOTS20-05,294,9,1,55,8,0,1,1.0,0.8888888888888888,0.9411764705882353,0.8636796730321753,0.922285999552342,2,10
yolo11l-seg.pt,MOTS20-05,295,10,1,41,7,1,3,0.875,0.7,0.7777777777777778,0.8926410344064118,0.9419013383819942,1,9
yolo11l-seg.pt,MOTS20-05,296,10,1,42,8,0,2,1.0,0.8,0.8888888888888888,0.8947579642552534,0.9437364656632905,0,8
yolo11l-seg.pt,MOTS20-05,297,10,1,58,8,0,2,1.0,0.8,0.8888888888888888,0.8840728701996259,0.9377962341778713,0,8
yolo11l-seg.pt,MOTS20-05,298,10,1,76,9,0,1,1.0,0.9,0.9473684210526315,0.8154070007803145,0.8929440580693814,0,9
yolo11l-seg.pt,MOTS20-05,299,10,1,55,8,0,2,1.0,0.8,0.8888888888888888,0.8516936400098222,0.9179605264064137,0,8
yolo11l-seg.pt,MOTS20-05,300,9,1,58,8,0,1,1.0,0.8888888888888888,0.9411764705882353,0.8422590702182431,0.9123526381518119,0,8
yolo11l-seg.pt,MOTS20-05,301,9,1,61,8,1,1,0.8888888888888888,0.8888888888888888,0.8888888888888888,0.8573542806073292,0.9213907838579376,2,11
yolo11l-seg.pt,MOTS20-05,302,10,0,58,10,1,0,0.9090909090909091,1.0,0.9523809523809523,0.8214465715940165,0.898083927351425,0,11
yolo11l-seg.pt,MOTS20-05,303,12,1,97,10,1,2,0.9090909090909091,0.8333333333333334,0.8695652173913043,0.7934497828179593,0.8812667404460759,0,11
yolo11l-seg.pt,MOTS20-05,304,14,1,74,11,1,3,0.9166666666666666,0.7857142857142857,0.8461538461538461,0.7744737141505262,0.8664188112731168,0,12
yolo11l-seg.pt,MOTS20-05,305,13,1,58,12,0,1,1.0,0.9230769230769231,0.96,0.7914092379410352,0.8782779448459325,0,12
yolo11l-seg.pt,MOTS20-05,306,13,1,104,11,0,2,1.0,0.8461538461538461,0.9166666666666666,0.7599748755584017,0.8571957293900706,1,12
yolo11l-seg.pt,MOTS20-05,307,12,1,113,10,0,2,1.0,0.8333333333333334,0.9090909090909091,0.7416176757793822,0.8455864435422326,2,12
yolo11l-seg.pt,MOTS20-05,308,12,1,88,8,2,4,0.8,0.6666666666666666,0.7272727272727273,0.813793005984021,0.894012058960878,0,10
yolo11l-seg.pt,MOTS20-05,309,12,1,103,10,1,2,0.9090909090909091,0.8333333333333334,0.8695652173913043,0.726900347446384,0.8338142807849245,1,12
yolo11l-seg.pt,MOTS20-05,310,11,1,95,9,0,2,1.0,0.8181818181818182,0.9,0.7398441111757615,0.8433725374012999,0,9
yolo11l-seg.pt,MOTS20-05,311,11,1,87,9,2,2,0.8181818181818182,0.8181818181818182,0.8181818181818182,0.7616987866314242,0.8596871187116556,0,11
yolo11l-seg.pt,MOTS20-05,312,10,1,74,8,0,2,1.0,0.8,0.8888888888888888,0.8016761192760709,0.8854096208787503,1,9
yolo11l-seg.pt,MOTS20-05,313,11,1,75,8,0,3,1.0,0.7272727272727273,0.8421052631578947,0.8151544996991544,0.8946380699431052,2,10
yolo11l-seg.pt,MOTS20-05,314,11,1,81,9,0,2,1.0,0.8181818181818182,0.9,0.8127582338225984,0.8936342425257793,2,11
yolo11l-seg.pt,MOTS20-05,315,11,1,83,10,0,1,1.0,0.9090909090909091,0.9523809523809523,0.7585698407439424,0.8567445436820986,2,12
yolo11l-seg.pt,MOTS20-05,316,9,1,58,8,0,1,1.0,0.8888888888888888,0.9411764705882353,0.8176076464481048,0.8971742318377843,2,10
yolo11l-seg.pt,MOTS20-05,317,8,1,50,7,1,1,0.875,0.875,0.875,0.7939604333444062,0.8811333682290782,2,10
yolo11l-seg.pt,MOTS20-05,318,8,1,48,7,0,1,1.0,0.875,0.9333333333333333,0.8060944162074672,0.8892116124763597,2,9
yolo11l-seg.pt,MOTS20-05,319,7,1,53,7,0,0,1.0,1.0,1.0,0.8090753368905242,0.8916286221403762,1,8
yolo11l-seg.pt,MOTS20-05,320,8,1,75,8,1,0,0.8888888888888888,1.0,0.9411764705882353,0.7774621228361114,0.8701520905008064,0,9
yolo11l-seg.pt,MOTS20-05,321,10,1,88,10,1,0,0.9090909090909091,1.0,0.9523809523809523,0.7775855879518547,0.8687778485630325,0,11
yolo11l-seg.pt,MOTS20-05,322,10,1,85,10,0,0,1.0,1.0,1.0,0.7823456636110648,0.8730193762836945,0,10
yolo11l-seg.pt,MOTS20-05,323,9,1,76,9,1,0,0.9,1.0,0.9473684210526315,0.7865898615354066,0.8752421160242083,2,12
yolo11l-seg.pt,MOTS20-05,324,10,1,73,7,3,3,0.7,0.7,0.7,0.7850844816333045,0.8740487445296015,1,11
yolo11l-seg.pt,MOTS20-05,325,10,1,96,9,0,1,1.0,0.9,0.9473684210526315,0.7599965540761809,0.8573200595252797,2,11
yolo11l-seg.pt,MOTS20-05,326,11,1,76,9,1,2,0.9,0.8181818181818182,0.8571428571428571,0.7914886411129974,0.879837926414582,0,10
yolo11l-seg.pt,MOTS20-05,327,9,1,73,8,1,1,0.8888888888888888,0.8888888888888888,0.8888888888888888,0.8245432833397968,0.9003584945652177,2,11
yolo11l-seg.pt,MOTS20-05,328,9,1,63,9,0,0,1.0,1.0,1.0,0.7881065425768424,0.8776973671746326,1,10
yolo11l-seg.pt,MOTS20-05,329,10,1,72,8,1,2,0.8888888888888888,0.8,0.8421052631578947,0.8211514558837465,0.8983929536650108,1,10
yolo11l-seg.pt,MOTS20-05,330,11,1,59,8,2,3,0.8,0.7272727272727273,0.7619047619047619,0.8317976631902917,0.904638133394656,1,11
yolo11l-seg.pt,MOTS20-05,331,10,1,50,9,0,1,1.0,0.9,0.9473684210526315,0.7919057538885099,0.8780040606354294,0,9
yolo11l-seg.pt,MOTS20-05,332,11,1,85,6,1,5,0.8571428571428571,0.5454545454545454,0.6666666666666666,0.8236900762399918,0.8995854224198135,1,8
yolo11l-seg.pt,MOTS20-05,333,8,1,94,7,2,1,0.7777777777777778,0.875,0.8235294117647058,0.8253616919007861,0.9010394762831047,1,10
yolo11l-seg.pt,MOTS20-05,334,8,1,80,7,0,1,1.0,0.875,0.9333333333333333,0.835300767179688,0.9073624317836896,2,9
yolo11l-seg.pt,MOTS20-05,335,9,1,69,8,0,1,1.0,0.8888888888888888,0.9411764705882353,0.8518564714186379,0.9183492777636904,1,9
yolo11l-seg.pt,MOTS20-05,336,9,1,125,6,5,3,0.5454545454545454,0.6666666666666666,0.6,0.8555547253081549,0.9204612583968294,0,11
yolo11l-seg.pt,MOTS20-05,337,8,1,96,7,0,1,1.0,0.875,0.9333333333333333,0.7883782734580501,0.8774622253094143,2,9
yolo11l-seg.pt,MOTS20-05,338,9,1,77,8,0,1,1.0,0.8888888888888888,0.9411764705882353,0.8122334324054323,0.8927242389875293,1,9
yolo11l-seg.pt,MOTS20-05,339,9,1,95,9,0,0,1.0,1.0,1.0,0.7971704643394726,0.8833795848159528,2,11
yolo11l-seg.pt,MOTS20-05,340,9,1,86,9,0,0,1.0,1.0,1.0,0.8229229556619978,0.9002872102088502,0,9
yolo11l-seg.pt,MOTS20-05,341,9,1,73,9,1,0,0.9,1.0,0.9473684210526315,0.8102072058894151,0.8920244703446831,0,10
yolo11l-seg.pt,MOTS20-05,342,8,1,71,8,0,0,1.0,1.0,1.0,0.7902707891211201,0.8783561132634138,1,9
yolo11l-seg.pt,MOTS20-05,343,8,1,75,8,0,0,1.0,1.0,1.0,0.8374250002016778,0.9085839637467938,0,8
yolo11l-seg.pt,MOTS20-05,344,8,1,77,8,2,0,0.8,1.0,0.8888888888888888,0.805702502109249,0.8901221859023656,0,10
yolo11l-seg.pt,MOTS20-05,345,8,1,52,8,0,0,1.0,1.0,1.0,0.7958036590237823,0.8838192744310551,0,8
yolo11l-seg.pt,MOTS20-05,346,8,1,80,8,0,0,1.0,1.0,1.0,0.8533999026841699,0.9203865430423395,0,8
yolo11l-seg.pt,MOTS20-05,347,7,1,105,7,0,0,1.0,1.0,1.0,0.7974542877582201,0.884356263832264,3,10
yolo11l-seg.pt,MOTS20-05,348,7,1,69,7,0,0,1.0,1.0,1.0,0.8318735898319763,0.9035118361032356,1,8
yolo11l-seg.pt,MOTS20-05,349,7,1,75,6,1,1,0.8571428571428571,0.8571428571428571,0.8571428571428571,0.888661443194758,0.9402684619495955,1,8
yolo11l-seg.pt,MOTS20-05,350,7,1,72,6,0,1,1.0,0.8571428571428571,0.9230769230769231,0.874053753801916,0.932000551455073,1,7
yolo11l-seg.pt,MOTS20-05,351,5,1,97,5,0,0,1.0,1.0,1.0,0.8621631135188335,0.9246248107070227,2,7
yolo11l-seg.pt,MOTS20-05,352,5,1,68,5,0,0,1.0,1.0,1.0,0.885375555779828,0.9386600202468871,3,8
yolo11l-seg.pt,MOTS20-05,353,7,1,61,7,0,0,1.0,1.0,1.0,0.790132112665939,0.874103057862988,0,7
yolo11l-seg.pt,MOTS20-05,354,7,1,64,5,3,2,0.625,0.7142857142857143,0.6666666666666666,0.8753886854180095,0.9318410446750282,0,8
yolo11l-seg.pt,MOTS20-05,355,7,1,73,7,1,0,0.875,1.0,0.9333333333333333,0.8309100577498681,0.9049115636194554,1,9
yolo11l-seg.pt,MOTS20-05,356,7,1,57,6,0,1,1.0,0.8571428571428571,0.9230769230769231,0.8535418963342528,0.9195739290612367,0,6
yolo11l-seg.pt,MOTS20-05,357,7,1,46,6,0,1,1.0,0.8571428571428571,0.9230769230769231,0.8804766398037015,0.9360656997325872,0,6
yolo11l-seg.pt,MOTS20-05,358,7,1,47,7,0,0,1.0,1.0,1.0,0.8478856436911124,0.9141617868612639,0,7
yolo11l-seg.pt,MOTS20-05,359,7,1,53,7,1,0,0.875,1.0,0.9333333333333333,0.8520672110166672,0.9176300580514581,0,8
yolo11l-seg.pt,MOTS20-05,360,7,1,97,6,1,1,0.8571428571428571,0.8571428571428571,0.8571428571428571,0.8913680013683477,0.9421978807496748,0,7
yolo11l-seg.pt,MOTS20-05,361,7,1,92,6,2,1,0.75,0.8571428571428571,0.8,0.8659182329059535,0.9270470481570875,0,8
yolo11l-seg.pt,MOTS20-05,362,7,1,57,6,0,1,1.0,0.8571428571428571,0.9230769230769231,0.8776132004081568,0.9343639658332247,0,6
yolo11l-seg.pt,MOTS20-05,363,7,1,40,6,0,1,1.0,0.8571428571428571,0.9230769230769231,0.8567209146862697,0.9224121527027349,0,6
yolo11l-seg.pt,MOTS20-05,364,6,1,52,6,0,0,1.0,1.0,1.0,0.8824754291111655,0.9364395946995319,0,6
yolo11l-seg.pt,MOTS20-05,365,6,1,55,6,0,0,1.0,1.0,1.0,0.8666299257919455,0.9274914088404683,0,6
yolo11l-seg.pt,MOTS20-05,366,7,1,81,6,0,1,1.0,0.8571428571428571,0.9230769230769231,0.826377221562621,0.8979719798519485,0,6
yolo11l-seg.pt,MOTS20-05,367,7,1,102,6,0,1,1.0,0.8571428571428571,0.9230769230769231,0.8521881520215663,0.916970202752501,0,6
yolo11l-seg.pt,MOTS20-05,368,6,1,44,4,1,2,0.8,0.6666666666666666,0.7272727272727273,0.8727558558181256,0.9310383125067327,0,5
yolo11l-seg.pt,MOTS20-05,369,6,1,60,4,0,2,1.0,0.6666666666666666,0.8,0.8647466636162147,0.9270786777690468,0,4
yolo11l-seg.pt,MOTS20-05,370,7,1,71,5,0,2,1.0,0.7142857142857143,0.8333333333333334,0.8324577439651261,0.9060497619047265,0,5
yolo11l-seg.pt,MOTS20-05,371,7,1,64,6,0,1,1.0,0.8571428571428571,0.9230769230769231,0.8168304526386557,0.8967401283056273,0,6
yolo11l-seg.pt,MOTS20-05,372,6,1,60,5,0,1,1.0,0.8333333333333334,0.9090909090909091,0.8439748769507641,0.9140406842137342,1,6
yolo11l-seg.pt,MOTS20-05,373,8,1,74,6,0,2,1.0,0.75,0.8571428571428571,0.8452775627860737,0.9144763327870647,0,6
yolo11l-seg.pt,MOTS20-05,374,8,1,75,6,0,2,1.0,0.75,0.8571428571428571,0.8413379193801158,0.9118443035896376,0,6
yolo11l-seg.pt,MOTS20-05,375,8,1,63,8,0,0,1.0,1.0,1.0,0.7819033459427389,0.8726558508176556,0,8
yolo11l-seg.pt,MOTS20-05,376,10,1,78,9,1,1,0.9,0.9,0.9,0.738117000222661,0.8422589799849641,0,10
yolo11l-seg.pt,MOTS20-05,377,10,1,62,10,0,0,1.0,1.0,1.0,0.7666810809897174,0.8644731819540862,0,10
yolo11l-seg.pt,MOTS20-05,378,11,1,89,9,1,2,0.9,0.8181818181818182,0.8571428571428571,0.7613980802568364,0.8612996879597268,0,10
yolo11l-seg.pt,MOTS20-05,379,11,1,76,10,1,1,0.9090909090909091,0.9090909090909091,0.9090909090909091,0.7862934241418251,0.8772929767248115,0,11
yolo11l-seg.pt,MOTS20-05,380,11,1,100,10,1,1,0.9090909090909091,0.9090909090909091,0.9090909090909091,0.7701822497032169,0.8633290892913148,0,11
yolo11l-seg.pt,MOTS20-05,381,11,1,110,10,1,1,0.9090909090909091,0.9090909090909091,0.9090909090909091,0.7684869823583083,0.8648069157343719,0,11
yolo11l-seg.pt,MOTS20-05,382,10,1,79,9,0,1,1.0,0.9,0.9473684210526315,0.7842800994933524,0.8760287989393107,1,10
yolo11l-seg.pt,MOTS20-05,383,10,1,87,9,3,1,0.75,0.9,0.8181818181818182,0.7696050354550117,0.8662863634072179,0,12
yolo11l-seg.pt,MOTS20-05,384,9,1,88,8,0,1,1.0,0.8888888888888888,0.9411764705882353,0.7901729435076051,0.8795727562798668,1,9
yolo11l-seg.pt,MOTS20-05,385,9,1,86,8,0,1,1.0,0.8888888888888888,0.9411764705882353,0.7948890142834697,0.8833779289599368,2,10
yolo11l-seg.pt,MOTS20-05,386,9,1,86,8,1,1,0.8888888888888888,0.8888888888888888,0.8888888888888888,0.8019333780516399,0.8879441732810629,0,9
yolo11l-seg.pt,MOTS20-05,387,9,1,65,9,2,0,0.8181818181818182,1.0,0.9,0.8067379741996281,0.8903569266331013,1,12
yolo11l-seg.pt,MOTS20-05,388,9,1,78,9,1,0,0.9,1.0,0.9473684210526315,0.8018059363766047,0.886130997771049,1,11
yolo11l-seg.pt,MOTS20-05,389,9,1,70,8,0,1,1.0,0.8888888888888888,0.9411764705882353,0.780447910200611,0.8712751402589775,1,9
yolo11l-seg.pt,MOTS20-05,390,9,1,61,9,0,0,1.0,1.0,1.0,0.7855223238507517,0.8759780192921025,1,10
yolo11l-seg.pt,MOTS20-05,391,9,1,92,8,0,1,1.0,0.8888888888888888,0.9411764705882353,0.7650850798122356,0.8601585208349348,1,9
yolo11l-seg.pt,MOTS20-05,392,9,1,80,9,0,0,1.0,1.0,1.0,0.7927220536688607,0.881308392569655,1,10
yolo11l-seg.pt,MOTS20-05,393,9,1,94,9,0,0,1.0,1.0,1.0,0.7464559791729857,0.8509903157152227,2,11
yolo11l-seg.pt,MOTS20-05,394,9,1,98,9,0,0,1.0,1.0,1.0,0.7631860763763746,0.8607293851493358,1,10
yolo11l-seg.pt,MOTS20-05,395,9,1,107,8,1,1,0.8888888888888888,0.8888888888888888,0.8888888888888888,0.7726871461178941,0.8674552448553442,1,10
yolo11l-seg.pt,MOTS20-05,396,9,1,91,8,1,1,0.8888888888888888,0.8888888888888888,0.8888888888888888,0.7619380741778181,0.8589798975141683,2,11
yolo11l-seg.pt,MOTS20-05,397,8,1,104,8,0,0,1.0,1.0,1.0,0.7409520224128785,0.8471854627393891,3,11
yolo11l-seg.pt,MOTS20-05,398,8,1,61,7,0,1,1.0,0.875,0.9333333333333333,0.7001404531805291,0.8156173016230349,1,8
yolo11l-seg.pt,MOTS20-05,399,8,1,61,7,0,1,1.0,0.875,0.9333333333333333,0.7247364652019165,0.8345622798887085,2,9
yolo11l-seg.pt,MOTS20-05,400,7,1,62,6,0,1,1.0,0.8571428571428571,0.9230769230769231,0.753011333507223,0.8506195694021329,3,9
yolo11l-seg.pt,MOTS20-05,401,7,1,49,6,0,1,1.0,0.8571428571428571,0.9230769230769231,0.7713390731038917,0.865680531652632,4,10
yolo11l-seg.pt,MOTS20-05,402,7,1,88,7,1,0,0.875,1.0,0.9333333333333333,0.7608692094714306,0.8599087942221603,2,10
yolo11l-seg.pt,MOTS20-05,403,6,1,77,6,0,0,1.0,1.0,1.0,0.7331679238372096,0.8408381751219492,4,10
yolo11l-seg.pt,MOTS20-05,404,6,1,87,6,1,0,0.8571428571428571,1.0,0.9230769230769231,0.720012751615017,0.8300960216228924,1,8
yolo11l-seg.pt,MOTS20-05,405,5,1,75,5,1,0,0.8333333333333334,1.0,0.9090909090909091,0.7209114433477117,0.8331436570191434,3,9
yolo11l-seg.pt,MOTS20-05,406,4,1,66,3,1,1,0.75,0.75,0.75,0.7627471727575074,0.8596262492999771,2,6
yolo11l-seg.pt,MOTS20-05,407,4,1,52,3,1,1,0.75,0.75,0.75,0.7491573199608732,0.8454083932275656,3,7
yolo11l-seg.pt,MOTS20-05,408,4,1,67,3,0,1,1.0,0.75,0.8571428571428571,0.7499413372610837,0.8456467612107583,2,5
yolo11l-seg.pt,MOTS20-05,409,4,1,52,3,1,1,0.75,0.75,0.75,0.7376546954308151,0.8402918975516709,1,5
yolo11l-seg.pt,MOTS20-05,410,4,1,90,4,0,0,1.0,1.0,1.0,0.7175687473916678,0.8272259495068115,2,6
yolo11l-seg.pt,MOTS20-05,411,4,1,50,4,0,0,1.0,1.0,1.0,0.7129740232813022,0.8253008030208756,3,7
yolo11l-seg.pt,MOTS20-05,412,4,1,65,4,1,0,0.8,1.0,0.8888888888888888,0.7352171666187517,0.843196829724333,1,6
yolo11l-seg.pt,MOTS20-05,413,4,1,82,4,1,0,0.8,1.0,0.8888888888888888,0.7082926346988839,0.8218847362794391,1,6
yolo11l-seg.pt,MOTS20-05,414,5,1,76,5,0,0,1.0,1.0,1.0,0.7467117230940318,0.8519274388846011,0,5
yolo11l-seg.pt,MOTS20-05,415,6,1,63,5,0,1,1.0,0.8333333333333334,0.9090909090909091,0.7219907591730019,0.8336958280006183,0,5
yolo11l-seg.pt,MOTS20-05,416,6,1,86,5,0,1,1.0,0.8333333333333334,0.9090909090909091,0.7830675229996433,0.8726068564672756,0,5
yolo11l-seg.pt,MOTS20-05,417,6,1,90,5,0,1,1.0,0.8333333333333334,0.9090909090909091,0.7706452774748762,0.8632333574231021,1,6
yolo11l-seg.pt,MOTS20-05,418,6,1,75,5,1,1,0.8333333333333334,0.8333333333333334,0.8333333333333334,0.7306885085732808,0.833210500670417,1,7
yolo11l-seg.pt,MOTS20-05,419,6,1,56,4,1,2,0.8,0.6666666666666666,0.7272727272727273,0.8019121049213738,0.8828614386168239,2,7
yolo11l-seg.pt,MOTS20-05,420,6,1,67,4,1,2,0.8,0.6666666666666666,0.7272727272727273,0.8097128714057297,0.8905291870717689,0,5
yolo11l-seg.pt,MOTS20-05,421,6,1,82,4,0,2,1.0,0.6666666666666666,0.8,0.7765071584516143,0.8688561448602051,1,5
yolo11l-seg.pt,MOTS20-05,422,5,1,73,5,0,0,1.0,1.0,1.0,0.7788268171437174,0.8686302349404258,0,5
yolo11l-seg.pt,MOTS20-05,423,6,1,78,5,0,1,1.0,0.8333333333333334,0.9090909090909091,0.7471862152068794,0.8457050543602369,0,5
yolo11l-seg.pt,MOTS20-05,424,5,1,59,4,1,1,0.8,0.8,0.8,0.8453153262726284,0.9141048255179612,1,6
yolo11l-seg.pt,MOTS20-05,425,6,1,77,5,0,1,1.0,0.8333333333333334,0.9090909090909091,0.7928266790243204,0.8810294868128423,2,7
yolo11l-seg.pt,MOTS20-05,426,6,1,91,5,1,1,0.8333333333333334,0.8333333333333334,0.8333333333333334,0.7639043059698027,0.8588303740236757,2,8
yolo11l-seg.pt,MOTS20-05,427,6,1,70,5,1,1,0.8333333333333334,0.8333333333333334,0.8333333333333334,0.7535490881032133,0.85157071293886,1,7
yolo11l-seg.pt,MOTS20-05,428,7,1,79,5,1,2,0.8333333333333334,0.7142857142857143,0.7692307692307693,0.8432136303681279,0.9131177399666006,0,6
yolo11l-seg.pt,MOTS20-05,429,7,1,76,6,0,1,1.0,0.8571428571428571,0.9230769230769231,0.7814575756491465,0.869219402674922,1,7
yolo11l-seg.pt,MOTS20-05,430,7,1,68,6,1,1,0.8571428571428571,0.8571428571428571,0.8571428571428571,0.8322186346869388,0.9044943714820254,0,7
yolo11l-seg.pt,MOTS20-05,431,8,1,73,7,2,1,0.7777777777777778,0.875,0.8235294117647058,0.7695104523900869,0.8591431999170165,1,10
yolo11l-seg.pt,MOTS20-05,432,8,1,53,6,0,2,1.0,0.75,0.8571428571428571,0.8329442790051234,0.9056409590214423,0,6
yolo11l-seg.pt,MOTS20-05,433,7,1,81,6,0,1,1.0,0.8571428571428571,0.9230769230769231,0.8316040934778117,0.9047024162474894,2,8
yolo11l-seg.pt,MOTS20-05,434,7,1,65,6,0,1,1.0,0.8571428571428571,0.9230769230769231,0.8115904000367001,0.8922586399392592,1,7
yolo11l-seg.pt,MOTS20-05,435,7,1,80,7,0,0,1.0,1.0,1.0,0.7796923493894372,0.8697362253205115,1,8
yolo11l-seg.pt,MOTS20-05,436,7,1,83,7,1,0,0.875,1.0,0.9333333333333333,0.7434288112468284,0.8471280642952449,1,9
yolo11l-seg.pt,MOTS20-05,437,8,1,90,7,2,1,0.7777777777777778,0.875,0.8235294117647058,0.7601033601224972,0.8583953507627724,0,9
yolo11l-seg.pt,MOTS20-05,438,9,1,74,7,0,2,1.0,0.7777777777777778,0.875,0.8057660133259045,0.8880337132554817,0,7
yolo11l-seg.pt,MOTS20-05,439,7,1,77,7,0,0,1.0,1.0,1.0,0.825368273836535,0.9008140654251041,0,7
yolo11l-seg.pt,MOTS20-05,440,6,1,48,6,0,0,1.0,1.0,1.0,0.828278127558515,0.9032296131754268,0,6
yolo11l-seg.pt,MOTS20-05,441,6,0,51,5,0,1,1.0,0.8333333333333334,0.9090909090909091,0.7931194636018194,0.8750841999446589,0,5
yolo11l-seg.pt,MOTS20-05,442,6,0,39,5,0,1,1.0,0.8333333333333334,0.9090909090909091,0.8675400381278011,0.9276224220406197,0,5
yolo11l-seg.pt,MOTS20-05,443,5,0,28,5,2,0,0.7142857142857143,1.0,0.8333333333333334,0.8832672213461745,0.9368683091418779,0,7
yolo11l-seg.pt,MOTS20-05,444,8,1,42,8,1,0,0.8888888888888888,1.0,0.9411764705882353,0.8177414894153505,0.8952024237328201,0,9
yolo11l-seg.pt,MOTS20-05,445,9,1,66,8,1,1,0.8888888888888888,0.8888888888888888,0.8888888888888888,0.8315857296639615,0.9042865200170227,0,9
yolo11l-seg.pt,MOTS20-05,446,9,1,60,8,0,1,1.0,0.8888888888888888,0.9411764705882353,0.8249544530627118,0.8983282616382906,0,8
yolo11l-seg.pt,MOTS20-05,447,9,1,61,9,0,0,1.0,1.0,1.0,0.796518718073657,0.8824222246409756,0,9
yolo11l-seg.pt,MOTS20-05,448,9,1,71,9,0,0,1.0,1.0,1.0,0.8345628219534106,0.9066086047655655,0,9
yolo11l-seg.pt,MOTS20-05,449,9,1,55,9,0,0,1.0,1.0,1.0,0.8321615753893391,0.9054947046867916,0,9
yolo11l-seg.pt,MOTS20-05,450,9,1,52,9,0,0,1.0,1.0,1.0,0.822667336324096,0.8981073214014097,0,9
yolo11l-seg.pt,MOTS20-05,451,9,1,52,9,0,0,1.0,1.0,1.0,0.8423483771660849,0.9118904764165959,0,9
yolo11l-seg.pt,MOTS20-05,452,9,1,63,7,0,2,1.0,0.7777777777777778,0.875,0.8830001352721099,0.9365897600872434,0,7
yolo11l-seg.pt,MOTS20-05,453,9,1,51,9,0,0,1.0,1.0,1.0,0.7996471224315688,0.8823132395712079,0,9
yolo11l-seg.pt,MOTS20-05,454,9,1,60,7,0,2,1.0,0.7777777777777778,0.875,0.8504148346003223,0.9154727604566115,0,7
yolo11l-seg.pt,MOTS20-05,455,9,1,49,8,2,1,0.8,0.8888888888888888,0.8421052631578947,0.8558834862054834,0.9205322093286669,0,10
yolo11l-seg.pt,MOTS20-05,456,9,1,52,8,1,1,0.8888888888888888,0.8888888888888888,0.8888888888888888,0.837910968816217,0.9080454791917361,0,9
yolo11l-seg.pt,MOTS20-05,457,9,1,38,7,2,2,0.7777777777777778,0.7777777777777778,0.7777777777777778,0.890004359047322,0.9409691241185971,0,9
yolo11l-seg.pt,MOTS20-05,458,9,1,60,8,1,1,0.8888888888888888,0.8888888888888888,0.8888888888888888,0.8478427465911966,0.9144503713675431,0,9
yolo11l-seg.pt,MOTS20-05,459,9,1,46,8,2,1,0.8,0.8888888888888888,0.8421052631578947,0.8306385550718448,0.9041809918750257,0,10
yolo11l-seg.pt,MOTS20-05,460,9,1,40,8,1,1,0.8888888888888888,0.8888888888888888,0.8888888888888888,0.8378276994703159,0.9083132604734081,0,9
yolo11l-seg.pt,MOTS20-05,461,8,1,57,6,0,2,1.0,0.75,0.8571428571428571,0.9077230225428493,0.9512031046297765,1,7
yolo11l-seg.pt,MOTS20-05,462,8,1,69,6,0,2,1.0,0.75,0.8571428571428571,0.885201033541892,0.9386178555534735,1,7
yolo11l-seg.pt,MOTS20-05,463,8,1,54,6,0,2,1.0,0.75,0.8571428571428571,0.8861621001148755,0.9382538152104778,0,6
yolo11l-seg.pt,MOTS20-05,464,8,1,55,6,0,2,1.0,0.75,0.8571428571428571,0.8870861385481891,0.9384447451899803,0,6
yolo11l-seg.pt,MOTS20-05,465,7,1,37,7,0,0,1.0,1.0,1.0,0.8564803525177304,0.9188227728980483,0,7
yolo11l-seg.pt,MOTS20-05,466,7,1,49,6,0,1,1.0,0.8571428571428571,0.9230769230769231,0.8973372482702788,0.9441656208012187,0,6
yolo11l-seg.pt,MOTS20-05,467,7,1,80,6,0,1,1.0,0.8571428571428571,0.9230769230769231,0.8919798328874026,0.9415698018009954,1,7
yolo11l-seg.pt,MOTS20-05,468,7,1,66,6,0,1,1.0,0.8571428571428571,0.9230769230769231,0.8433847926025305,0.9091671278815269,1,7
yolo11l-seg.pt,MOTS20-05,469,6,1,53,6,0,0,1.0,1.0,1.0,0.8382173031809333,0.9058099549424127,0,6
yolo11l-seg.pt,MOTS20-05,470,6,1,39,6,0,0,1.0,1.0,1.0,0.8358220072525748,0.904016319135655,0,6
yolo11l-seg.pt,MOTS20-05,471,6,1,38,5,2,1,0.7142857142857143,0.8333333333333334,0.7692307692307693,0.8915243781286751,0.9420753805734778,0,7
yolo11l-seg.pt,MOTS20-05,472,6,1,42,5,0,1,1.0,0.8333333333333334,0.9090909090909091,0.8897992682288136,0.9406156094083983,0,5
yolo11l-seg.pt,MOTS20-05,473,5,1,36,5,0,0,1.0,1.0,1.0,0.8911000852164177,0.940968917961816,0,5
yolo11l-seg.pt,MOTS20-05,474,5,1,35,5,0,0,1.0,1.0,1.0,0.9043519136691328,0.9491967597681029,0,5
yolo11l-seg.pt,MOTS20-05,475,5,1,52,5,0,0,1.0,1.0,1.0,0.9084043583878817,0.9517071329560787,1,6
yolo11l-seg.pt,MOTS20-05,476,5,1,42,5,0,0,1.0,1.0,1.0,0.8998786813473142,0.9456826481577474,1,6
yolo11l-seg.pt,MOTS20-05,477,5,1,69,5,0,0,1.0,1.0,1.0,0.8810317812701658,0.9351819673440149,1,6
yolo11l-seg.pt,MOTS20-05,478,5,1,49,5,0,0,1.0,1.0,1.0,0.8968495822892916,0.9442202004095733,0,5
yolo11l-seg.pt,MOTS20-05,479,5,1,51,5,0,0,1.0,1.0,1.0,0.898548119233135,0.9452833236208911,0,5
yolo11l-seg.pt,MOTS20-05,480,5,1,27,5,1,0,0.8333333333333334,1.0,0.9090909090909091,0.8581821232804691,0.9212502488212927,1,7
yolo11l-seg.pt,MOTS20-05,481,5,1,34,5,0,0,1.0,1.0,1.0,0.8286106594628502,0.8962739690969281,2,7
yolo11l-seg.pt,MOTS20-05,482,5,1,49,5,0,0,1.0,1.0,1.0,0.8484001292994796,0.9081964384963207,1,6
yolo11l-seg.pt,MOTS20-05,483,5,1,57,4,0,1,1.0,0.8,0.8888888888888888,0.9229249674101097,0.9598124090235798,1,5
yolo11l-seg.pt,MOTS20-05,484,5,1,81,4,0,1,1.0,0.8,0.8888888888888888,0.9300346438009033,0.9636527783578448,1,5
yolo11l-seg.pt,MOTS20-05,485,5,1,36,4,0,1,1.0,0.8,0.8888888888888888,0.9148096406197926,0.9554552616870033,1,5
yolo11l-seg.pt,MOTS20-05,486,5,1,41,4,0,1,1.0,0.8,0.8888888888888888,0.9259382858181822,0.961514418522516,1,5
yolo11l-seg.pt,MOTS20-05,487,5,1,44,4,0,1,1.0,0.8,0.8888888888888888,0.9275428942944797,0.962356075423288,1,5
yolo11l-seg.pt,MOTS20-05,488,5,1,53,4,0,1,1.0,0.8,0.8888888888888888,0.9034299134735064,0.9492266657941169,2,6
yolo11l-seg.pt,MOTS20-05,489,5,1,47,4,0,1,1.0,0.8,0.8888888888888888,0.8831140529161735,0.9378913220067975,2,6
yolo11l-seg.pt,MOTS20-05,490,5,1,66,4,0,1,1.0,0.8,0.8888888888888888,0.8973735558536553,0.9455947053303068,1,5
yolo11l-seg.pt,MOTS20-05,491,5,1,92,4,0,1,1.0,0.8,0.8888888888888888,0.8896733138684705,0.9412039785747869,1,5
yolo11l-seg.pt,MOTS20-05,492,5,1,69,4,0,1,1.0,0.8,0.8888888888888888,0.8973472060000915,0.945534428285089,0,4
yolo11l-seg.pt,MOTS20-05,493,5,1,91,4,0,1,1.0,0.8,0.8888888888888888,0.883071368962476,0.93729643683268,0,4
yolo11l-seg.pt,MOTS20-05,494,5,1,76,4,0,1,1.0,0.8,0.8888888888888888,0.8941640814363822,0.9434792872405144,0,4
yolo11l-seg.pt,MOTS20-05,495,5,1,84,5,0,0,1.0,1.0,1.0,0.8394040402776225,0.9097889605526976,0,5
yolo11l-seg.pt,MOTS20-05,496,5,1,44,5,1,0,0.8333333333333334,1.0,0.9090909090909091,0.8339978718007475,0.9038182372615428,0,6
yolo11l-seg.pt,MOTS20-05,497,5,1,47,5,2,0,0.7142857142857143,1.0,0.8333333333333334,0.8285802272068317,0.8994474752557515,0,7
yolo11l-seg.pt,MOTS20-05,498,5,1,42,5,2,0,0.7142857142857143,1.0,0.8333333333333334,0.8508376817701124,0.9163384944752091,0,7
yolo11l-seg.pt,MOTS20-05,499,5,1,70,5,0,0,1.0,1.0,1.0,0.8417132095082376,0.9088431023334633,0,5
yolo11l-seg.pt,MOTS20-05,500,5,1,50,5,1,0,0.8333333333333334,1.0,0.9090909090909091,0.8603946047315025,0.9233273241175816,0,6
yolo11l-seg.pt,MOTS20-05,501,5,1,47,5,1,0,0.8333333333333334,1.0,0.9090909090909091,0.8080706442692979,0.8851154034926733,0,6
yolo11l-seg.pt,MOTS20-05,502,5,1,50,5,0,0,1.0,1.0,1.0,0.8056983022881823,0.8860060287994393,0,5
yolo11l-seg.pt,MOTS20-05,503,6,1,51,6,1,0,0.8571428571428571,1.0,0.9230769230769231,0.7818161273460595,0.8713227676576056,0,7
yolo11l-seg.pt,MOTS20-05,504,6,0,47,6,0,0,1.0,1.0,1.0,0.8387057599277085,0.9065499842737842,0,6
yolo11l-seg.pt,MOTS20-05,505,6,0,39,5,0,1,1.0,0.8333333333333334,0.9090909090909091,0.8556360340045954,0.9178749792742824,0,5
yolo11l-seg.pt,MOTS20-05,506,6,0,26,5,0,1,1.0,0.8333333333333334,0.9090909090909091,0.8513616998707925,0.915220121629936,0,5
yolo11l-seg.pt,MOTS20-05,507,6,0,24,5,0,1,1.0,0.8333333333333334,0.9090909090909091,0.8813986139479228,0.935371989487305,0,5
yolo11l-seg.pt,MOTS20-05,508,6,0,39,5,0,1,1.0,0.8333333333333334,0.9090909090909091,0.8745521432220364,0.9321799028611615,0,5
yolo11l-seg.pt,MOTS20-05,509,5,1,40,5,1,0,0.8333333333333334,1.0,0.9090909090909091,0.8642424563484903,0.9252120893915317,0,6
yolo11l-seg.pt,MOTS20-05,510,5,1,45,5,0,0,1.0,1.0,1.0,0.8666562027744911,0.9271212467617096,1,6
yolo11l-seg.pt,MOTS20-05,511,7,0,29,6,0,1,1.0,0.8571428571428571,0.9230769230769231,0.7825666478422976,0.8725735392610758,0,6
yolo11l-seg.pt,MOTS20-05,512,7,0,42,5,0,2,1.0,0.7142857142857143,0.8333333333333334,0.8910500045708248,0.9419274501570323,0,5
yolo11l-seg.pt,MOTS20-05,513,7,0,25,5,0,2,1.0,0.7142857142857143,0.8333333333333334,0.9072825882906155,0.951223284845552,0,5
yolo11l-seg.pt,MOTS20-05,514,7,0,15,5,0,2,1.0,0.7142857142857143,0.8333333333333334,0.9019408511132774,0.9484236609130583,0,5
yolo11l-seg.pt,MOTS20-05,515,6,1,28,5,0,1,1.0,0.8333333333333334,0.9090909090909091,0.8790189729632436,0.9353618886622355,0,5
yolo11l-seg.pt,MOTS20-05,516,6,0,47,6,1,0,0.8571428571428571,1.0,0.9230769230769231,0.8254855134507877,0.8970790750823575,0,7
yolo11l-seg.pt,MOTS20-05,517,6,1,26,5,0,1,1.0,0.8333333333333334,0.9090909090909091,0.9011581590169069,0.9479294907730266,0,5
yolo11l-seg.pt,MOTS20-05,518,6,1,20,5,0,1,1.0,0.8333333333333334,0.9090909090909091,0.8665646441263,0.9282845538066029,0,5
yolo11l-seg.pt,MOTS20-05,519,4,1,29,4,0,0,1.0,1.0,1.0,0.8356299700268195,0.9070136216290111,0,4
yolo11l-seg.pt,MOTS20-05,520,4,1,24,3,0,1,1.0,0.75,0.8571428571428571,0.8963722284166388,0.94410192140591,0,3
yolo11l-seg.pt,MOTS20-05,521,4,1,38,3,1,1,0.75,0.75,0.75,0.9068302789052037,0.9508614153579349,0,4
yolo11l-seg.pt,MOTS20-05,522,4,1,37,3,0,1,1.0,0.75,0.8571428571428571,0.9008687078463424,0.9474837690224905,0,3
yolo11l-seg.pt,MOTS20-05,523,4,1,37,3,0,1,1.0,0.75,0.8571428571428571,0.8992125667347072,0.9464132554751065,1,4
yolo11l-seg.pt,MOTS20-05,524,4,1,48,3,0,1,1.0,0.75,0.8571428571428571,0.9014598437947915,0.9477289439908748,1,4
yolo11l-seg.pt,MOTS20-05,525,4,1,10,4,0,0,1.0,1.0,1.0,0.8527190104486745,0.9147237914811259,0,4
yolo11l-seg.pt,MOTS20-05,526,5,1,16,4,0,1,1.0,0.8,0.8888888888888888,0.8903113246486523,0.9399560922300116,0,4
yolo11l-seg.pt,MOTS20-05,527,5,1,36,5,0,0,1.0,1.0,1.0,0.8543777432143964,0.9185063924187151,0,5
yolo11l-seg.pt,MOTS20-05,528,5,1,15,5,0,0,1.0,1.0,1.0,0.9085682583914251,0.9514339926184409,0,5
yolo11l-seg.pt,MOTS20-05,529,6,1,22,5,0,1,1.0,0.8333333333333334,0.9090909090909091,0.9105942435626613,0.9526414661290137,0,5
yolo11l-seg.pt,MOTS20-05,530,7,1,34,5,0,2,1.0,0.7142857142857143,0.8333333333333334,0.8795538149222326,0.9348960297966276,0,5
yolo11l-seg.pt,MOTS20-05,531,8,1,46,6,0,2,1.0,0.75,0.8571428571428571,0.8802619554395436,0.9355320956018783,0,6
yolo11l-seg.pt,MOTS20-05,532,8,1,47,6,1,2,0.8571428571428571,0.75,0.8,0.871907708078831,0.9305686620568238,0,7
yolo11l-seg.pt,MOTS20-05,533,8,1,45,7,0,1,1.0,0.875,0.9333333333333333,0.8481392732224852,0.9159478263521178,0,7
yolo11l-seg.pt,MOTS20-05,534,8,1,37,7,0,1,1.0,0.875,0.9333333333333333,0.8339603253343296,0.9025761958273784,0,7
yolo11l-seg.pt,MOTS20-05,535,8,1,41,6,1,2,0.8571428571428571,0.75,0.8,0.9025587830881503,0.9483731312859675,0,7
yolo11l-seg.pt,MOTS20-05,536,8,1,74,8,0,0,1.0,1.0,1.0,0.8580343512767363,0.9213192244944683,0,8
yolo11l-seg.pt,MOTS20-05,537,9,1,83,8,0,1,1.0,0.8888888888888888,0.9411764705882353,0.8544385024537835,0.9199890122112583,0,8
yolo11l-seg.pt,MOTS20-05,538,9,0,52,8,1,1,0.8888888888888888,0.8888888888888888,0.8888888888888888,0.8691814627380972,0.9289001339645335,0,9
yolo11l-seg.pt,MOTS20-05,539,9,0,33,8,0,1,1.0,0.8888888888888888,0.9411764705882353,0.8807597358276193,0.9357084952904785,0,8
yolo11l-seg.pt,MOTS20-05,540,9,1,23,8,1,1,0.8888888888888888,0.8888888888888888,0.8888888888888888,0.8671519100255897,0.9275574944649467,0,9
yolo11l-seg.pt,MOTS20-05,541,9,1,37,9,1,0,0.9,1.0,0.9473684210526315,0.850432055915565,0.9173516423776764,0,10
yolo11l-seg.pt,MOTS20-05,542,9,1,47,9,1,0,0.9,1.0,0.9473684210526315,0.8544102861815019,0.9208795988748645,0,10
yolo11l-seg.pt,MOTS20-05,543,9,1,58,9,0,0,1.0,1.0,1.0,0.8528476081220222,0.9180330228138005,0,9
yolo11l-seg.pt,MOTS20-05,544,8,1,86,8,0,0,1.0,1.0,1.0,0.813925628655313,0.8916958526093048,0,8
yolo11l-seg.pt,MOTS20-05,545,8,1,69,7,1,1,0.875,0.875,0.875,0.8547527371886112,0.9200463077010143,0,8
yolo11l-seg.pt,MOTS20-05,546,8,1,83,7,1,1,0.875,0.875,0.875,0.8437996982826528,0.913867847176857,0,8
yolo11l-seg.pt,MOTS20-05,547,7,1,69,6,0,1,1.0,0.8571428571428571,0.9230769230769231,0.8579642465996967,0.9230041469626079,1,7
yolo11l-seg.pt,MOTS20-05,548,7,1,65,6,1,1,0.8571428571428571,0.8571428571428571,0.8571428571428571,0.8771828158577181,0.934244235886826,0,7
yolo11l-seg.pt,MOTS20-05,549,7,1,60,7,0,0,1.0,1.0,1.0,0.8153525332954742,0.8922114865370355,0,7
yolo11l-seg.pt,MOTS20-05,550,7,1,71,6,0,1,1.0,0.8571428571428571,0.9230769230769231,0.877787763262983,0.9346498407958782,0,6
yolo11l-seg.pt,MOTS20-05,551,7,1,67,7,0,0,1.0,1.0,1.0,0.8583060446918134,0.9215781887897341,0,7
yolo11l-seg.pt,MOTS20-05,552,8,1,76,6,0,2,1.0,0.75,0.8571428571428571,0.8778903135174351,0.9343390596619026,0,6
yolo11l-seg.pt,MOTS20-05,553,8,1,72,6,2,2,0.75,0.75,0.75,0.8742433082787601,0.9316932882780629,0,8
yolo11l-seg.pt,MOTS20-05,554,9,1,101,6,1,3,0.8571428571428571,0.6666666666666666,0.75,0.8668423863705419,0.9245395055309537,0,7
yolo11l-seg.pt,MOTS20-05,555,9,1,72,7,0,2,1.0,0.7777777777777778,0.875,0.8370423344314165,0.9071579019389394,0,7
yolo11l-seg.pt,MOTS20-05,556,9,1,75,6,0,3,1.0,0.6666666666666666,0.8,0.8832925179035741,0.9367738486277509,0,6
yolo11l-seg.pt,MOTS20-05,557,9,1,49,6,1,3,0.8571428571428571,0.6666666666666666,0.75,0.8805740761903995,0.9362779336804056,0,7
yolo11l-seg.pt,MOTS20-05,558,9,1,60,6,1,3,0.8571428571428571,0.6666666666666666,0.75,0.8643635102024985,0.9268564117457322,0,7
yolo11l-seg.pt,MOTS20-05,559,9,1,55,6,1,3,0.8571428571428571,0.6666666666666666,0.75,0.8914316114880609,0.9422044469929847,0,7
yolo11l-seg.pt,MOTS20-05,560,9,1,47,6,1,3,0.8571428571428571,0.6666666666666666,0.75,0.8814909780176454,0.9365997383370527,0,7
yolo11l-seg.pt,MOTS20-05,561,9,1,29,8,1,1,0.8888888888888888,0.8888888888888888,0.8888888888888888,0.8533829851441055,0.9183655391210029,0,9
yolo11l-seg.pt,MOTS20-05,562,9,1,50,7,0,2,1.0,0.7777777777777778,0.875,0.8604543632737217,0.922270556812112,0,7
yolo11l-seg.pt,MOTS20-05,563,9,1,48,6,0,3,1.0,0.6666666666666666,0.8,0.8597701540751198,0.9232068302215448,0,6
yolo11l-seg.pt,MOTS20-05,564,7,1,51,5,1,2,0.8333333333333334,0.7142857142857143,0.7692307692307693,0.8646732948928058,0.9272556779165975,1,7
yolo11l-seg.pt,MOTS20-05,565,7,1,58,4,0,3,1.0,0.5714285714285714,0.7272727272727273,0.8711295681480823,0.9310969812523227,0,4
yolo11l-seg.pt,MOTS20-05,566,6,1,37,4,0,2,1.0,0.6666666666666666,0.8,0.9204545726126935,0.958534069951465,0,4
yolo11l-seg.pt,MOTS20-05,567,5,1,60,3,0,2,1.0,0.6,0.75,0.9205872545971999,0.9586318492250246,2,5
yolo11l-seg.pt,MOTS20-05,568,7,1,45,3,1,4,0.75,0.42857142857142855,0.5454545454545454,0.9153560481619495,0.9557605841091249,2,6
yolo11l-seg.pt,MOTS20-05,569,7,1,47,5,0,2,1.0,0.7142857142857143,0.8333333333333334,0.8760119327256577,0.9309900985849751,0,5
yolo11l-seg.pt,MOTS20-05,570,6,1,58,4,0,2,1.0,0.6666666666666666,0.8,0.9317189124843369,0.9645386285082845,0,4
yolo11l-seg.pt,MOTS20-05,571,6,1,17,4,0,2,1.0,0.6666666666666666,0.8,0.941555160541921,0.9698830217609289,0,4
yolo11l-seg.pt,MOTS20-05,572,6,1,24,4,1,2,0.8,0.6666666666666666,0.7272727272727273,0.9105297372496911,0.9523815715493529,0,5
yolo11l-seg.pt,MOTS20-05,573,6,1,40,4,1,2,0.8,0.6666666666666666,0.7272727272727273,0.8877795707661812,0.9380284330839537,0,5
yolo11l-seg.pt,MOTS20-05,574,5,1,67,2,0,3,1.0,0.4,0.5714285714285714,0.9268958143752986,0.9620248013847672,2,4
yolo11l-seg.pt,MOTS20-05,575,5,1,45,2,0,3,1.0,0.4,0.5714285714285714,0.9313890320221583,0.9644736301649331,0,2
yolo11l-seg.pt,MOTS20-05,576,5,1,39,2,0,3,1.0,0.4,0.5714285714285714,0.9310549161737001,0.9642921514961016,0,2
yolo11l-seg.pt,MOTS20-05,577,4,1,19,2,0,2,1.0,0.5,0.6666666666666666,0.9394715650952987,0.968758971373606,0,2
yolo11l-seg.pt,MOTS20-05,578,5,1,37,2,1,3,0.6666666666666666,0.4,0.5,0.9537280096119087,0.9763149430262434,0,3
yolo11l-seg.pt,MOTS20-05,579,5,1,52,4,2,1,0.6666666666666666,0.8,0.7272727272727273,0.8765294346048225,0.9320057045657049,0,6
yolo11l-seg.pt,MOTS20-05,580,5,1,61,3,0,2,1.0,0.6,0.75,0.9069418117501679,0.9506022587011769,0,3
yolo11l-seg.pt,MOTS20-05,581,5,1,58,4,0,1,1.0,0.8,0.8888888888888888,0.8161232305618287,0.8933833053749216,1,5
yolo11l-seg.pt,MOTS20-05,582,6,1,71,4,2,2,0.6666666666666666,0.6666666666666666,0.6666666666666666,0.8216955591229024,0.8979428299037401,0,6
yolo11l-seg.pt,MOTS20-05,583,5,1,52,4,2,1,0.6666666666666666,0.8,0.7272727272727273,0.8238655841584267,0.9003286969225793,0,6
yolo11l-seg.pt,MOTS20-05,584,5,1,27,4,2,1,0.6666666666666666,0.8,0.7272727272727273,0.8305628159013152,0.9056065701017756,0,6
yolo11l-seg.pt,MOTS20-05,585,6,1,45,4,3,2,0.5714285714285714,0.6666666666666666,0.6153846153846154,0.8536236732249485,0.9190432106113454,0,7
yolo11l-seg.pt,MOTS20-05,586,6,1,42,5,0,1,1.0,0.8333333333333334,0.9090909090909091,0.7878698287908601,0.8743916193696517,0,5
yolo11l-seg.pt,MOTS20-05,587,6,1,54,5,0,1,1.0,0.8333333333333334,0.9090909090909091,0.7951411172877293,0.8807188492579435,0,5
yolo11l-seg.pt,MOTS20-05,588,5,1,61,5,0,0,1.0,1.0,1.0,0.7890864221010766,0.8770752476883997,0,5
yolo11l-seg.pt,MOTS20-05,589,6,1,60,4,1,2,0.8,0.6666666666666666,0.7272727272727273,0.7867183396967321,0.8749230623810414,1,6
yolo11l-seg.pt,MOTS20-05,590,6,1,73,6,1,0,0.8571428571428571,1.0,0.9230769230769231,0.7855867691315442,0.8775413818423415,0,7
yolo11l-seg.pt,MOTS20-05,591,6,1,86,5,0,1,1.0,0.8333333333333334,0.9090909090909091,0.8004614379309215,0.8856367705832862,1,6
yolo11l-seg.pt,MOTS20-05,592,6,1,57,5,1,1,0.8333333333333334,0.8333333333333334,0.8333333333333334,0.7801200905567123,0.8700005828453696,0,6
yolo11l-seg.pt,MOTS20-05,593,6,1,73,5,1,1,0.8333333333333334,0.8333333333333334,0.8333333333333334,0.7615482305095721,0.8526613618631815,1,7
yolo11l-seg.pt,MOTS20-05,594,6,1,63,5,2,1,0.7142857142857143,0.8333333333333334,0.7692307692307693,0.8096905567741196,0.8897537668973312,2,9
yolo11l-seg.pt,MOTS20-05,595,6,1,57,4,1,2,0.8,0.6666666666666666,0.7272727272727273,0.8098192728911424,0.8880151324604894,1,6
yolo11l-seg.pt,MOTS20-05,596,6,1,61,4,2,2,0.6666666666666666,0.6666666666666666,0.6666666666666666,0.8400902133903542,0.9111281629484109,2,8
yolo11l-seg.pt,MOTS20-05,597,6,1,49,4,1,2,0.8,0.6666666666666666,0.7272727272727273,0.8245397638345492,0.9002583250629161,1,6
yolo11l-seg.pt,MOTS20-05,598,5,1,70,4,1,1,0.8,0.8,0.8,0.8094943989919031,0.8889054809190088,3,8
yolo11l-seg.pt,MOTS20-05,599,5,1,77,5,0,0,1.0,1.0,1.0,0.7613309101509395,0.8551432021716696,4,9
yolo11l-seg.pt,MOTS20-05,600,5,1,58,3,0,2,1.0,0.6,0.75,0.8108011572035897,0.8912061464151696,1,4
yolo11l-seg.pt,MOTS20-05,601,5,1,70,5,0,0,1.0,1.0,1.0,0.7958839749296402,0.8819475909115733,0,5
yolo11l-seg.pt,MOTS20-05,602,5,1,58,4,2,1,0.6666666666666666,0.8,0.7272727272727273,0.8311081353629769,0.903937179402852,0,6
yolo11l-seg.pt,MOTS20-05,603,5,1,56,3,1,2,0.75,0.6,0.6666666666666666,0.9037557599572302,0.9493276895150845,0,4
yolo11l-seg.pt,MOTS20-05,604,6,1,49,4,3,2,0.5714285714285714,0.6666666666666666,0.6153846153846154,0.8665022965350736,0.9257385054493186,0,7
yolo11l-seg.pt,MOTS20-05,605,6,1,45,6,2,0,0.75,1.0,0.8571428571428571,0.8117173634946813,0.8918875983382724,0,8
yolo11l-seg.pt,MOTS20-05,606,6,1,56,4,2,2,0.6666666666666666,0.6666666666666666,0.6666666666666666,0.875263553079783,0.931265024524047,0,6
yolo11l-seg.pt,MOTS20-05,607,6,1,45,5,1,1,0.8333333333333334,0.8333333333333334,0.8333333333333334,0.840074234340646,0.9109958623194201,0,6
yolo11l-seg.pt,MOTS20-05,608,6,1,55,6,1,0,0.8571428571428571,1.0,0.9230769230769231,0.817251699632057,0.8967632781223758,0,7
yolo11l-seg.pt,MOTS20-05,609,5,1,81,4,2,1,0.6666666666666666,0.8,0.7272727272727273,0.834756689782641,0.9065280586899156,0,6
yolo11l-seg.pt,MOTS20-05,610,6,1,76,4,0,2,1.0,0.6666666666666666,0.8,0.834017976998942,0.9065482499407322,0,4
yolo11l-seg.pt,MOTS20-05,611,6,1,63,5,1,1,0.8333333333333334,0.8333333333333334,0.8333333333333334,0.846383007318809,0.9149642652908753,0,6
yolo11l-seg.pt,MOTS20-05,612,6,1,49,5,0,1,1.0,0.8333333333333334,0.9090909090909091,0.8571879948635012,0.9221977939327246,0,5
yolo11l-seg.pt,MOTS20-05,613,6,1,42,5,1,1,0.8333333333333334,0.8333333333333334,0.8333333333333334,0.8465699072364823,0.9157369088941101,0,6
yolo11l-seg.pt,MOTS20-05,614,5,1,32,5,0,0,1.0,1.0,1.0,0.8713500796261501,0.9307105444179005,0,5
yolo11l-seg.pt,MOTS20-05,615,5,1,30,5,0,0,1.0,1.0,1.0,0.8887665726191024,0.9408377831334629,1,6
yolo11l-seg.pt,MOTS20-05,616,7,1,36,7,0,0,1.0,1.0,1.0,0.8402812829164796,0.9111689021588409,0,7
yolo11l-seg.pt,MOTS20-05,617,7,1,32,7,0,0,1.0,1.0,1.0,0.86899420265301,0.9290814650355255,0,7
yolo11l-seg.pt,MOTS20-05,618,7,1,34,7,0,0,1.0,1.0,1.0,0.8830538769747046,0.9374154039350772,0,7
yolo11l-seg.pt,MOTS20-05,619,7,0,34,6,0,1,1.0,0.8571428571428571,0.9230769230769231,0.8810313840048628,0.9358893112492487,0,6
yolo11l-seg.pt,MOTS20-05,620,6,0,12,6,0,0,1.0,1.0,1.0,0.8827505620323995,0.9370289551464976,0,6
yolo11l-seg.pt,MOTS20-05,621,6,0,8,6,0,0,1.0,1.0,1.0,0.8968207016504907,0.9452688962986416,0,6
yolo11l-seg.pt,MOTS20-05,622,6,0,13,6,0,0,1.0,1.0,1.0,0.9059849218611785,0.9504097050212733,0,6
yolo11l-seg.pt,MOTS20-05,623,6,1,12,6,0,0,1.0,1.0,1.0,0.8903469244719111,0.9415252516389317,0,6
yolo11l-seg.pt,MOTS20-05,624,6,1,28,6,0,0,1.0,1.0,1.0,0.8517990040412969,0.9189875953126715,0,6
yolo11l-seg.pt,MOTS20-05,625,7,1,29,5,1,2,0.8333333333333334,0.7142857142857143,0.7692307692307693,0.8686735252729372,0.928912608515842,0,6
yolo11l-seg.pt,MOTS20-05,626,7,1,41,5,0,2,1.0,0.7142857142857143,0.8333333333333334,0.844709763533003,0.9136685094850844,0,5
yolo11l-seg.pt,MOTS20-05,627,6,1,38,5,0,1,1.0,0.8333333333333334,0.9090909090909091,0.861822418653556,0.9235573239044921,1,6
yolo11l-seg.pt,MOTS20-05,628,7,1,42,5,0,2,1.0,0.7142857142857143,0.8333333333333334,0.8482427052254209,0.9141553523743514,0,5
yolo11l-seg.pt,MOTS20-05,629,7,0,30,5,0,2,1.0,0.7142857142857143,0.8333333333333334,0.8801885068890177,0.9353248546273514,0,5
yolo11l-seg.pt,MOTS20-05,630,7,1,54,6,0,1,1.0,0.8571428571428571,0.9230769230769231,0.8559576261811913,0.9211100560131041,0,6
yolo11l-seg.pt,MOTS20-05,631,8,0,55,6,0,2,1.0,0.75,0.8571428571428571,0.8332246848300634,0.9071895122966582,0,6
yolo11l-seg.pt,MOTS20-05,632,8,0,58,6,1,2,0.8571428571428571,0.75,0.8,0.8723259743794229,0.9307695335790638,0,7
yolo11l-seg.pt,MOTS20-05,633,8,0,59,7,0,1,1.0,0.875,0.9333333333333333,0.8716326104527388,0.9290566779123549,0,7
yolo11l-seg.pt,MOTS20-05,634,8,0,76,7,2,1,0.7777777777777778,0.875,0.8235294117647058,0.8638066821299691,0.9242273122952039,0,9
yolo11l-seg.pt,MOTS20-05,635,8,1,75,6,2,2,0.75,0.75,0.75,0.8279808414020721,0.8994284379983172,0,8
yolo11l-seg.pt,MOTS20-05,636,7,1,56,5,0,2,1.0,0.7142857142857143,0.8333333333333334,0.8960535145738204,0.9447049992650125,0,5
yolo11l-seg.pt,MOTS20-05,637,6,1,62,5,0,1,1.0,0.8333333333333334,0.9090909090909091,0.9071206676423991,0.9510547378019316,0,5
yolo11l-seg.pt,MOTS20-05,638,6,1,62,5,0,1,1.0,0.8333333333333334,0.9090909090909091,0.9130527137652195,0.9542469603165691,0,5
yolo11l-seg.pt,MOTS20-05,639,6,1,66,6,0,0,1.0,1.0,1.0,0.8979618180103651,0.9456864564181346,0,6
yolo11l-seg.pt,MOTS20-05,640,6,1,73,6,0,0,1.0,1.0,1.0,0.8801223093181157,0.9353693625455719,0,6
yolo11l-seg.pt,MOTS20-05,641,6,1,65,6,1,0,0.8571428571428571,1.0,0.9230769230769231,0.8455268654512099,0.9150832738908911,0,7
yolo11l-seg.pt,MOTS20-05,642,6,1,56,6,0,0,1.0,1.0,1.0,0.8699528094969979,0.9299943598310141,0,6
yolo11l-seg.pt,MOTS20-05,643,6,1,61,6,0,0,1.0,1.0,1.0,0.8824494990948031,0.9369402551664656,0,6
yolo11l-seg.pt,MOTS20-05,644,6,1,57,6,0,0,1.0,1.0,1.0,0.8731579784818485,0.9316949702216659,0,6
yolo11l-seg.pt,MOTS20-05,645,6,1,40,5,0,1,1.0,0.8333333333333334,0.9090909090909091,0.8647701597019658,0.9261677913879248,0,5
yolo11l-seg.pt,MOTS20-05,646,5,1,75,5,0,0,1.0,1.0,1.0,0.8493605180430451,0.9173880372594951,0,5
yolo11l-seg.pt,MOTS20-05,647,5,1,63,5,0,0,1.0,1.0,1.0,0.865356355417882,0.9266122080933179,0,5
yolo11l-seg.pt,MOTS20-05,648,5,1,67,5,0,0,1.0,1.0,1.0,0.8478162175591233,0.9150942564281953,0,5
yolo11l-seg.pt,MOTS20-05,649,5,1,70,5,0,0,1.0,1.0,1.0,0.8568311622225082,0.9218046833774103,0,5
yolo11l-seg.pt,MOTS20-05,650,5,1,71,5,0,0,1.0,1.0,1.0,0.8696021893436574,0.9296424251749237,0,5
yolo11l-seg.pt,MOTS20-05,651,5,1,79,5,0,0,1.0,1.0,1.0,0.8547060616077993,0.9194316084484603,0,5
yolo11l-seg.pt,MOTS20-05,652,5,1,92,4,0,1,1.0,0.8,0.8888888888888888,0.8763145758595323,0.9336718025182567,0,4
yolo11l-seg.pt,MOTS20-05,653,5,1,91,5,0,0,1.0,1.0,1.0,0.8186533847328405,0.892899095473593,0,5
yolo11l-seg.pt,MOTS20-05,654,5,1,76,5,0,0,1.0,1.0,1.0,0.8388915266233029,0.9101580087176794,0,5
yolo11l-seg.pt,MOTS20-05,655,6,1,65,5,0,1,1.0,0.8333333333333334,0.9090909090909091,0.8057923021432988,0.8855963347495026,0,5
yolo11l-seg.pt,MOTS20-05,656,6,1,74,5,1,1,0.8333333333333334,0.8333333333333334,0.8333333333333334,0.8392685601884479,0.9098858025480562,0,6
yolo11l-seg.pt,MOTS20-05,657,6,1,67,5,0,1,1.0,0.8333333333333334,0.9090909090909091,0.8831108182593118,0.9374533322624522,0,5
yolo11l-seg.pt,MOTS20-05,658,6,1,83,5,1,1,0.8333333333333334,0.8333333333333334,0.8333333333333334,0.8939973922366855,0.9437904286177433,0,6
yolo11l-seg.pt,MOTS20-05,659,7,1,99,5,0,2,1.0,0.7142857142857143,0.8333333333333334,0.8265130484355012,0.9026638209817242,0,5
yolo11l-seg.pt,MOTS20-05,660,6,1,58,5,0,1,1.0,0.8333333333333334,0.9090909090909091,0.8485246225411336,0.9160589773760155,0,5
yolo11l-seg.pt,MOTS20-05,661,5,1,70,5,0,0,1.0,1.0,1.0,0.8633304989691137,0.925962096142214,0,5
yolo11l-seg.pt,MOTS20-05,662,5,1,87,5,1,0,0.8333333333333334,1.0,0.9090909090909091,0.8718243257486609,0.9298905617667822,0,6
yolo11l-seg.pt,MOTS20-05,663,5,1,86,5,1,0,0.8333333333333334,1.0,0.9090909090909091,0.8773126673759059,0.934152006727533,1,7
yolo11l-seg.pt,MOTS20-05,664,5,1,72,5,1,0,0.8333333333333334,1.0,0.9090909090909091,0.879381231623929,0.9351863340693758,0,6
yolo11l-seg.pt,MOTS20-05,665,6,1,71,5,0,1,1.0,0.8333333333333334,0.9090909090909091,0.8924649452131617,0.9428563999540213,1,6
yolo11l-seg.pt,MOTS20-05,666,6,1,60,5,0,1,1.0,0.8333333333333334,0.9090909090909091,0.9021334556740366,0.9483239053435927,1,6
yolo11l-seg.pt,MOTS20-05,667,7,1,51,7,0,0,1.0,1.0,1.0,0.8230759449810199,0.8993929565397155,0,7
yolo11l-seg.pt,MOTS20-05,668,7,1,41,7,1,0,0.875,1.0,0.9333333333333333,0.8931427871984129,0.9432286805658846,1,9
yolo11l-seg.pt,MOTS20-05,669,8,1,36,7,0,1,1.0,0.875,0.9333333333333333,0.8908986414866666,0.9419608566210701,0,7
yolo11l-seg.pt,MOTS20-05,670,8,1,63,7,0,1,1.0,0.875,0.9333333333333333,0.8728725650702472,0.9308521978006475,0,7
yolo11l-seg.pt,MOTS20-05,671,7,1,65,7,0,0,1.0,1.0,1.0,0.8779988566937178,0.9346787093923875,0,7
yolo11l-seg.pt,MOTS20-05,672,8,1,71,7,0,1,1.0,0.875,0.9333333333333333,0.8468232461368259,0.9144788089435136,0,7
yolo11l-seg.pt,MOTS20-05,673,7,1,94,6,0,1,1.0,0.8571428571428571,0.9230769230769231,0.8800538007513804,0.9358118386604143,0,6
yolo11l-seg.pt,MOTS20-05,674,7,1,58,7,0,0,1.0,1.0,1.0,0.8619107641270045,0.9235229177057152,0,7
yolo11l-seg.pt,MOTS20-05,675,7,1,65,7,0,0,1.0,1.0,1.0,0.8207963355342569,0.8970419686404397,0,7
yolo11l-seg.pt,MOTS20-05,676,7,1,43,6,0,1,1.0,0.8571428571428571,0.9230769230769231,0.8219286262180275,0.8968366440555288,0,6
yolo11l-seg.pt,MOTS20-05,677,9,1,63,6,0,3,1.0,0.6666666666666666,0.8,0.8188754815201887,0.8951342909089001,0,6
yolo11l-seg.pt,MOTS20-05,678,8,1,82,6,0,2,1.0,0.75,0.8571428571428571,0.827269787245521,0.8986985680905678,1,7
yolo11l-seg.pt,MOTS20-05,679,8,1,89,7,1,1,0.875,0.875,0.875,0.8307884071178014,0.9055567278089337,0,8
yolo11l-seg.pt,MOTS20-05,680,8,1,55,7,2,1,0.7777777777777778,0.875,0.8235294117647058,0.8038515946146344,0.8862657369217585,0,9
yolo11l-seg.pt,MOTS20-05,681,9,1,85,7,2,2,0.7777777777777778,0.7777777777777778,0.7777777777777778,0.7845775408182325,0.8730585140576406,1,10
yolo11l-seg.pt,MOTS20-05,682,9,1,72,7,1,2,0.875,0.7777777777777778,0.8235294117647058,0.8810524382889001,0.9363777268075418,0,8
yolo11l-seg.pt,MOTS20-05,683,8,1,70,7,0,1,1.0,0.875,0.9333333333333333,0.8858013625959323,0.9389854227973303,1,8
yolo11l-seg.pt,MOTS20-05,684,7,1,76,6,0,1,1.0,0.8571428571428571,0.9230769230769231,0.8925801677462193,0.9428995230827825,1,7
yolo11l-seg.pt,MOTS20-05,685,7,1,67,6,1,1,0.8571428571428571,0.8571428571428571,0.8571428571428571,0.8652961599043691,0.9269998724655796,0,7
yolo11l-seg.pt,MOTS20-05,686,8,1,101,7,2,1,0.7777777777777778,0.875,0.8235294117647058,0.8437079165937196,0.910195896145229,0,9
yolo11l-seg.pt,MOTS20-05,687,8,1,118,7,3,1,0.7,0.875,0.7777777777777778,0.8758262275043239,0.9331970025870725,0,10
yolo11l-seg.pt,MOTS20-05,688,9,1,117,7,1,2,0.875,0.7777777777777778,0.8235294117647058,0.8777334463237233,0.9344285158293438,0,8
yolo11l-seg.pt,MOTS20-05,689,9,1,119,7,3,2,0.7,0.7777777777777778,0.7368421052631579,0.8639800536633553,0.9250257815048951,0,10
yolo11l-seg.pt,MOTS20-05,690,9,1,104,9,1,0,0.9,1.0,0.9473684210526315,0.8608891903616452,0.9243261821881232,0,10
yolo11l-seg.pt,MOTS20-05,691,9,1,83,8,3,1,0.7272727272727273,0.8888888888888888,0.8,0.8628245999084607,0.9248798568919634,0,11
yolo11l-seg.pt,MOTS20-05,692,9,1,71,8,1,1,0.8888888888888888,0.8888888888888888,0.8888888888888888,0.8409881128178851,0.9112924633002488,0,9
yolo11l-seg.pt,MOTS20-05,693,11,0,100,9,0,2,1.0,0.8181818181818182,0.9,0.841181968902943,0.9113162747675406,0,9
yolo11l-seg.pt,MOTS20-05,694,10,1,88,8,0,2,1.0,0.8,0.8888888888888888,0.8660533475121994,0.9255333914960485,1,9
yolo11l-seg.pt,MOTS20-05,695,10,1,65,7,1,3,0.875,0.7,0.7777777777777778,0.8749102422860522,0.9326880786847896,0,8
yolo11l-seg.pt,MOTS20-05,696,9,1,84,8,0,1,1.0,0.8888888888888888,0.9411764705882353,0.8623955403678145,0.9250307290840101,0,8
yolo11l-seg.pt,MOTS20-05,697,8,1,101,8,0,0,1.0,1.0,1.0,0.8540803136888591,0.9198175391068077,0,8
yolo11l-seg.pt,MOTS20-05,698,9,1,89,7,0,2,1.0,0.7777777777777778,0.875,0.8650351954367038,0.9269166525253361,0,7
yolo11l-seg.pt,MOTS20-05,699,8,1,94,7,0,1,1.0,0.875,0.9333333333333333,0.8760374941367465,0.9331979627229579,0,7
yolo11l-seg.pt,MOTS20-05,700,10,1,68,9,1,1,0.9,0.9,0.9,0.8204235412742167,0.8984971132160937,1,11
yolo11l-seg.pt,MOTS20-05,701,11,0,55,9,2,2,0.8181818181818182,0.8181818181818182,0.8181818181818182,0.836325156926103,0.9095053677864146,0,11
yolo11l-seg.pt,MOTS20-05,702,10,1,81,9,1,1,0.9,0.9,0.9,0.8103443395473815,0.8925739676854947,1,11
yolo11l-seg.pt,MOTS20-05,703,10,1,70,10,1,0,0.9090909090909091,1.0,0.9523809523809523,0.8294458933403638,0.9048223100523922,0,11
yolo11l-seg.pt,MOTS20-05,704,10,0,63,10,0,0,1.0,1.0,1.0,0.815810135342644,0.8933918971767218,0,10
yolo11l-seg.pt,MOTS20-05,705,8,1,86,7,0,1,1.0,0.875,0.9333333333333333,0.8860328673876772,0.938634607698397,2,9
yolo11l-seg.pt,MOTS20-05,706,8,1,61,7,0,1,1.0,0.875,0.9333333333333333,0.8544808899901648,0.9153940043681781,1,8
yolo11l-seg.pt,MOTS20-05,707,8,1,64,7,0,1,1.0,0.875,0.9333333333333333,0.8395991353753407,0.9060070012832829,1,8
yolo11l-seg.pt,MOTS20-05,708,8,1,66,6,0,2,1.0,0.75,0.8571428571428571,0.86910183184969,0.9288788552202242,0,6
yolo11l-seg.pt,MOTS20-05,709,7,1,66,5,0,2,1.0,0.7142857142857143,0.8333333333333334,0.8871943532207764,0.9391150142254224,1,6
yolo11l-seg.pt,MOTS20-05,710,7,1,66,6,0,1,1.0,0.8571428571428571,0.9230769230769231,0.8459016722359944,0.914298151949123,0,6
yolo11l-seg.pt,MOTS20-05,711,8,1,59,6,1,2,0.8571428571428571,0.75,0.8,0.8477910861326549,0.9166292550683851,0,7
yolo11l-seg.pt,MOTS20-05,712,7,1,54,6,1,1,0.8571428571428571,0.8571428571428571,0.8571428571428571,0.8682965832342653,0.9286414021115662,0,7
yolo11l-seg.pt,MOTS20-05,713,7,1,59,6,1,1,0.8571428571428571,0.8571428571428571,0.8571428571428571,0.8580600404165599,0.9227532539558281,0,7
yolo11l-seg.pt,MOTS20-05,714,8,1,57,6,0,2,1.0,0.75,0.8571428571428571,0.829558383560549,0.9050907494138641,0,6
yolo11l-seg.pt,MOTS20-05,715,8,0,76,6,0,2,1.0,0.75,0.8571428571428571,0.8210815519722751,0.8982430675005294,0,6
yolo11l-seg.pt,MOTS20-05,716,8,1,51,7,0,1,1.0,0.875,0.9333333333333333,0.8530409647889067,0.9189818738738271,0,7
yolo11l-seg.pt,MOTS20-05,717,7,1,52,6,0,1,1.0,0.8571428571428571,0.9230769230769231,0.8851595483881131,0.9387437116251691,1,7
yolo11l-seg.pt,MOTS20-05,718,6,1,59,6,0,0,1.0,1.0,1.0,0.8632177479881441,0.9236157989608108,1,7
yolo11l-seg.pt,MOTS20-05,719,6,1,67,5,0,1,1.0,0.8333333333333334,0.9090909090909091,0.8953621521633417,0.9445797738325009,0,5
yolo11l-seg.pt,MOTS20-05,720,7,1,75,5,1,2,0.8333333333333334,0.7142857142857143,0.7692307692307693,0.8956106700004491,0.944479943070603,1,7
yolo11l-seg.pt,MOTS20-05,721,8,1,79,7,1,1,0.875,0.875,0.875,0.8428558722653322,0.9069919424970724,1,9
yolo11l-seg.pt,MOTS20-05,722,8,1,61,7,2,1,0.7777777777777778,0.875,0.8235294117647058,0.8396316203870333,0.9056408486268906,0,9
yolo11l-seg.pt,MOTS20-05,723,9,1,59,7,2,2,0.7777777777777778,0.7777777777777778,0.7777777777777778,0.8651338748797072,0.926620494628551,0,9
yolo11l-seg.pt,MOTS20-05,724,9,1,51,9,0,0,1.0,1.0,1.0,0.8226180953139107,0.8992007621079652,0,9
yolo11l-seg.pt,MOTS20-05,725,9,1,52,9,0,0,1.0,1.0,1.0,0.8314218065447556,0.905362501392178,0,9
yolo11l-seg.pt,MOTS20-05,726,9,1,52,9,0,0,1.0,1.0,1.0,0.842728008567833,0.9129090917291924,0,9
yolo11l-seg.pt,MOTS20-05,727,9,1,46,9,0,0,1.0,1.0,1.0,0.8111349706525322,0.8901052259330017,1,10
yolo11l-seg.pt,MOTS20-05,728,9,1,61,9,0,0,1.0,1.0,1.0,0.822842422572531,0.8991411775248351,1,10
yolo11l-seg.pt,MOTS20-05,729,9,1,65,9,0,0,1.0,1.0,1.0,0.8199024294988,0.8964076635718798,1,10
yolo11l-seg.pt,MOTS20-05,730,8,1,74,8,0,0,1.0,1.0,1.0,0.7942386171248943,0.8792900945980151,3,11
yolo11l-seg.pt,MOTS20-05,731,9,1,75,8,0,1,1.0,0.8888888888888888,0.9411764705882353,0.7781451365693068,0.8674758698550847,0,8
yolo11l-seg.pt,MOTS20-05,732,8,1,62,8,0,0,1.0,1.0,1.0,0.7865387352086328,0.8726371578790392,1,9
yolo11l-seg.pt,MOTS20-05,733,9,1,64,7,2,2,0.7777777777777778,0.7777777777777778,0.7777777777777778,0.8107427469665636,0.8908463823597572,0,9
yolo11l-seg.pt,MOTS20-05,734,9,1,70,8,3,1,0.7272727272727273,0.8888888888888888,0.8,0.790147004371147,0.8765372250947256,0,11
yolo11l-seg.pt,MOTS20-05,735,9,1,56,9,0,0,1.0,1.0,1.0,0.7781102644283567,0.86952066123631,0,9
yolo11l-seg.pt,MOTS20-05,736,8,1,53,8,1,0,0.8888888888888888,1.0,0.9411764705882353,0.8641089310186791,0.9241799485853575,1,10
yolo11l-seg.pt,MOTS20-05,737,7,1,62,7,1,0,0.875,1.0,0.9333333333333333,0.8521351656597033,0.917166199131775,2,10
yolo11l-seg.pt,MOTS20-05,738,7,1,76,7,0,0,1.0,1.0,1.0,0.8447065338627072,0.9110729514316717,2,9
yolo11l-seg.pt,MOTS20-05,739,7,1,52,7,0,0,1.0,1.0,1.0,0.8375685931753726,0.9090310474692936,1,8
yolo11l-seg.pt,MOTS20-05,740,7,1,43,7,2,0,0.7777777777777778,1.0,0.875,0.8348622799021331,0.907988112471596,1,10
yolo11l-seg.pt,MOTS20-05,741,8,1,46,8,0,0,1.0,1.0,1.0,0.7927477068260694,0.8797400928819228,0,8
yolo11l-seg.pt,MOTS20-05,742,8,1,43,8,0,0,1.0,1.0,1.0,0.8246204505527905,0.9024687393524917,0,8
yolo11l-seg.pt,MOTS20-05,743,8,1,29,8,0,0,1.0,1.0,1.0,0.8532752521635916,0.9197714714643861,1,9
yolo11l-seg.pt,MOTS20-05,744,8,1,31,8,0,0,1.0,1.0,1.0,0.8230380117178717,0.8999485767405844,1,9
yolo11l-seg.pt,MOTS20-05,745,8,1,36,8,0,0,1.0,1.0,1.0,0.8601439855423398,0.923523374338584,0,8
yolo11l-seg.pt,MOTS20-05,746,8,1,48,7,0,1,1.0,0.875,0.9333333333333333,0.863796077311373,0.9257366096417501,1,8
yolo11l-seg.pt,MOTS20-05,747,9,1,54,7,1,2,0.875,0.7777777777777778,0.8235294117647058,0.8430548826833651,0.9124076681708958,0,8
yolo11l-seg.pt,MOTS20-05,748,8,1,66,8,2,0,0.8,1.0,0.8888888888888888,0.8388387088901107,0.9075086610138989,0,10
yolo11l-seg.pt,MOTS20-05,749,8,1,40,8,1,0,0.8888888888888888,1.0,0.9411764705882353,0.8464377116077502,0.912157097054606,0,9
yolo11l-seg.pt,MOTS20-05,750,8,1,29,7,0,1,1.0,0.875,0.9333333333333333,0.8582244652894941,0.9214621472998806,0,7
yolo11l-seg.pt,MOTS20-05,751,8,1,43,7,0,1,1.0,0.875,0.9333333333333333,0.8719922850494332,0.9299588499602525,0,7
yolo11l-seg.pt,MOTS20-05,752,9,1,47,8,0,1,1.0,0.8888888888888888,0.9411764705882353,0.8312465859928319,0.9041145776890513,0,8
yolo11l-seg.pt,MOTS20-05,753,8,1,68,6,0,2,1.0,0.75,0.8571428571428571,0.8567105771554694,0.9209254912113187,1,7
yolo11l-seg.pt,MOTS20-05,754,10,1,56,10,1,0,0.9090909090909091,1.0,0.9523809523809523,0.7959756934358667,0.8809001252979399,1,12
yolo11l-seg.pt,MOTS20-05,755,10,1,61,8,2,2,0.8,0.8,0.8,0.852123414333361,0.918392867738102,0,10
yolo11l-seg.pt,MOTS20-05,756,10,1,54,9,0,1,1.0,0.9,0.9473684210526315,0.8213291333869953,0.8991054204034236,0,9
yolo11l-seg.pt,MOTS20-05,757,9,1,66,8,2,1,0.8,0.8888888888888888,0.8421052631578947,0.79745935357648,0.880363332348792,1,11
yolo11l-seg.pt,MOTS20-05,758,8,1,52,7,0,1,1.0,0.875,0.9333333333333333,0.8827864216432306,0.9368766317760969,2,9
yolo11l-seg.pt,MOTS20-05,759,8,1,67,8,0,0,1.0,1.0,1.0,0.8506622443257286,0.9166838096027264,0,8
yolo11l-seg.pt,MOTS20-05,760,9,1,70,8,0,1,1.0,0.8888888888888888,0.9411764705882353,0.828103186625426,0.9020416869497968,0,8
yolo11l-seg.pt,MOTS20-05,761,10,1,64,10,2,0,0.8333333333333334,1.0,0.9090909090909091,0.804556037059567,0.8882719659182605,1,13
yolo11l-seg.pt,MOTS20-05,762,10,1,67,10,0,0,1.0,1.0,1.0,0.8120779519413166,0.8925265989882485,1,11
yolo11l-seg.pt,MOTS20-05,763,11,1,75,10,0,1,1.0,0.9090909090909091,0.9523809523809523,0.8068478264409638,0.8892162801120996,1,11
yolo11l-seg.pt,MOTS20-05,764,11,1,68,9,0,2,1.0,0.8181818181818182,0.9,0.8258696981004225,0.9011281947237069,1,10
yolo11l-seg.pt,MOTS20-05,765,11,1,83,9,0,2,1.0,0.8181818181818182,0.9,0.820788928867674,0.8989562904165047,1,10
yolo11l-seg.pt,MOTS20-05,766,12,1,58,9,0,3,1.0,0.75,0.8571428571428571,0.8151097322574306,0.8959089243508664,0,9
yolo11l-seg.pt,MOTS20-05,767,12,1,74,9,0,3,1.0,0.75,0.8571428571428571,0.782309868199874,0.8722528860456802,0,9
yolo11l-seg.pt,MOTS20-05,768,11,1,68,7,2,4,0.7777777777777778,0.6363636363636364,0.7,0.8368557449707755,0.9096940895795301,0,9
yolo11l-seg.pt,MOTS20-05,769,12,1,86,8,0,4,1.0,0.6666666666666666,0.8,0.8008113231170875,0.8835719961660615,0,8
yolo11l-seg.pt,MOTS20-05,770,12,1,80,7,4,5,0.6363636363636364,0.5833333333333334,0.6086956521739131,0.8503255355868663,0.9187302971728363,0,11
yolo11l-seg.pt,MOTS20-05,771,11,1,102,7,2,4,0.7777777777777778,0.6363636363636364,0.7,0.829619165074073,0.9042704212963575,0,9
yolo11l-seg.pt,MOTS20-05,772,10,1,101,6,2,4,0.75,0.6,0.6666666666666666,0.8425507808356968,0.9123701795881494,0,8
yolo11l-seg.pt,MOTS20-05,773,12,1,109,6,1,6,0.8571428571428571,0.5,0.631578947368421,0.7962244623739334,0.8817340059626543,1,8
yolo11l-seg.pt,MOTS20-05,774,11,1,85,8,0,3,1.0,0.7272727272727273,0.8421052631578947,0.758929521453679,0.8559419796385321,1,9
yolo11l-seg.pt,MOTS20-05,775,11,1,86,7,1,4,0.875,0.6363636363636364,0.7368421052631579,0.849339494977575,0.9181364981133971,0,8
yolo11l-seg.pt,MOTS20-05,776,11,1,75,7,0,4,1.0,0.6363636363636364,0.7777777777777778,0.8393597780368222,0.9107300165756654,1,8
yolo11l-seg.pt,MOTS20-05,777,14,1,67,10,0,4,1.0,0.7142857142857143,0.8333333333333334,0.8122963957841538,0.8943433599020878,0,10
yolo11l-seg.pt,MOTS20-05,778,14,1,63,9,0,5,1.0,0.6428571428571429,0.782608695652174,0.8160497741278314,0.8954992708853202,0,9
yolo11l-seg.pt,MOTS20-05,779,14,1,85,10,0,4,1.0,0.7142857142857143,0.8333333333333334,0.8400024207042396,0.9116446850463353,0,10
yolo11l-seg.pt,MOTS20-05,780,14,1,77,11,0,3,1.0,0.7857142857142857,0.88,0.8234148411401724,0.9003251564779942,0,11
yolo11l-seg.pt,MOTS20-05,781,13,1,70,10,0,3,1.0,0.7692307692307693,0.8695652173913043,0.7843288345089131,0.8740355406689959,0,10
yolo11l-seg.pt,MOTS20-05,782,13,1,59,10,1,3,0.9090909090909091,0.7692307692307693,0.8333333333333334,0.7973666484071186,0.8833094426894817,0,11
yolo11l-seg.pt,MOTS20-05,783,13,1,70,10,0,3,1.0,0.7692307692307693,0.8695652173913043,0.8138251517196979,0.8948221682673541,0,10
yolo11l-seg.pt,MOTS20-05,784,14,1,57,9,1,5,0.9,0.6428571428571429,0.75,0.8482742724278253,0.9170267784956927,0,10
yolo11l-seg.pt,MOTS20-05,785,12,1,47,11,0,1,1.0,0.9166666666666666,0.9565217391304348,0.8053601823920583,0.8891202604275499,1,12
yolo11l-seg.pt,MOTS20-05,786,10,1,63,9,0,1,1.0,0.9,0.9473684210526315,0.846546212037059,0.9135176471326019,0,9
yolo11l-seg.pt,MOTS20-05,787,8,1,76,8,0,0,1.0,1.0,1.0,0.834591398540262,0.9065830352656588,1,9
yolo11l-seg.pt,MOTS20-05,788,9,1,75,8,0,1,1.0,0.8888888888888888,0.9411764705882353,0.810299422326461,0.8899160318226229,0,8
yolo11l-seg.pt,MOTS20-05,789,9,1,40,9,0,0,1.0,1.0,1.0,0.858733647420221,0.9225845773474062,2,11
yolo11l-seg.pt,MOTS20-05,790,9,1,58,8,0,1,1.0,0.8888888888888888,0.9411764705882353,0.8504535549894974,0.9168236388098576,0,8
yolo11l-seg.pt,MOTS20-05,791,10,1,68,8,0,2,1.0,0.8,0.8888888888888888,0.8674625943105212,0.9279228959638188,0,8
yolo11l-seg.pt,MOTS20-05,792,9,1,39,7,0,2,1.0,0.7777777777777778,0.875,0.8689047509927795,0.928914391513443,2,9
yolo11l-seg.pt,MOTS20-05,793,11,1,49,9,0,2,1.0,0.8181818181818182,0.9,0.8600325362193393,0.923859551139183,0,9
yolo11l-seg.pt,MOTS20-05,794,11,1,43,8,0,3,1.0,0.7272727272727273,0.8421052631578947,0.8731192246550812,0.9316509431015217,0,8
yolo11l-seg.pt,MOTS20-05,795,10,1,70,7,1,3,0.875,0.7,0.7777777777777778,0.879189473040267,0.9351363260241781,0,8
yolo11l-seg.pt,MOTS20-05,796,9,0,54,8,0,1,1.0,0.8888888888888888,0.9411764705882353,0.8454907906422122,0.9116095636374097,0,8
yolo11l-seg.pt,MOTS20-05,797,11,0,73,9,0,2,1.0,0.8181818181818182,0.9,0.8514917784150862,0.9173661840071085,0,9
yolo11l-seg.pt,MOTS20-05,798,12,1,57,10,1,2,0.9090909090909091,0.8333333333333334,0.8695652173913043,0.8043267377225115,0.8869192609379686,0,11
yolo11l-seg.pt,MOTS20-05,799,11,1,60,10,0,1,1.0,0.9090909090909091,0.9523809523809523,0.8218855451779816,0.8985502078693433,1,11
yolo11l-seg.pt,MOTS20-05,800,11,1,50,9,0,2,1.0,0.8181818181818182,0.9,0.8287329179322274,0.9043705093151271,0,9
yolo11l-seg.pt,MOTS20-05,801,11,1,42,11,0,0,1.0,1.0,1.0,0.8141177313492304,0.8946571097895515,0,11
yolo11l-seg.pt,MOTS20-05,802,11,1,59,9,0,2,1.0,0.8181818181818182,0.9,0.8537388365344275,0.9202664949004377,0,9
yolo11l-seg.pt,MOTS20-05,803,11,1,89,9,0,2,1.0,0.8181818181818182,0.9,0.8075517587232628,0.8911173366942988,0,9
yolo11l-seg.pt,MOTS20-05,804,11,1,98,10,0,1,1.0,0.9090909090909091,0.9523809523809523,0.7994637214128082,0.8840303065886118,0,10
yolo11l-seg.pt,MOTS20-05,805,12,1,69,9,1,3,0.9,0.75,0.8181818181818182,0.8245290426689886,0.9031705618296856,1,11
yolo11l-seg.pt,MOTS20-05,806,11,1,70,8,0,3,1.0,0.7272727272727273,0.8421052631578947,0.804910536461255,0.8886462505361372,0,8
yolo11l-seg.pt,MOTS20-05,807,11,1,66,9,0,2,1.0,0.8181818181818182,0.9,0.8000859794545917,0.8853726394757612,0,9
yolo11l-seg.pt,MOTS20-05,808,11,1,65,9,0,2,1.0,0.8181818181818182,0.9,0.79015862630969,0.8793783789833507,0,9
yolo11l-seg.pt,MOTS20-05,809,10,1,76,8,1,2,0.8888888888888888,0.8,0.8421052631578947,0.825151570831677,0.9036777533429352,0,9
yolo11l-seg.pt,MOTS20-05,810,10,1,77,8,1,2,0.8888888888888888,0.8,0.8421052631578947,0.8303808228635102,0.90646671207541,0,9
yolo11l-seg.pt,MOTS20-05,811,10,1,70,8,0,2,1.0,0.8,0.8888888888888888,0.8509146219619366,0.9190012671365986,0,8
yolo11l-seg.pt,MOTS20-05,812,10,1,61,8,1,2,0.8888888888888888,0.8,0.8421052631578947,0.8063570899200474,0.8909031812753232,0,9
yolo11l-seg.pt,MOTS20-05,813,12,1,75,9,0,3,1.0,0.75,0.8571428571428571,0.7857220157014528,0.8759631375499803,0,9
yolo11l-seg.pt,MOTS20-05,814,12,1,93,9,0,3,1.0,0.75,0.8571428571428571,0.8027886677617042,0.8878036945329323,0,9
yolo11l-seg.pt,MOTS20-05,815,12,0,70,10,1,2,0.9090909090909091,0.8333333333333334,0.8695652173913043,0.8084514563723063,0.889060462181418,0,11
yolo11l-seg.pt,MOTS20-05,816,12,0,70,11,1,1,0.9166666666666666,0.9166666666666666,0.9166666666666666,0.8357186650157769,0.9095039627920459,0,12
yolo11l-seg.pt,MOTS20-05,817,12,0,61,11,1,1,0.9166666666666666,0.9166666666666666,0.9166666666666666,0.834878436470667,0.9090123371673648,0,12
yolo11l-seg.pt,MOTS20-05,818,13,0,71,11,0,2,1.0,0.8461538461538461,0.9166666666666666,0.8388248785467044,0.9116865713918838,0,11
yolo11l-seg.pt,MOTS20-05,819,13,1,84,12,0,1,1.0,0.9230769230769231,0.96,0.811691034601138,0.8943192247049461,0,12
yolo11l-seg.pt,MOTS20-05,820,13,1,66,12,1,1,0.9230769230769231,0.9230769230769231,0.9230769230769231,0.7901692075406358,0.8781361223147947,0,13
yolo11l-seg.pt,MOTS20-05,821,13,1,61,12,1,1,0.9230769230769231,0.9230769230769231,0.9230769230769231,0.8206617231467184,0.8987360387428026,0,13
yolo11l-seg.pt,MOTS20-05,822,12,1,87,10,2,2,0.8333333333333334,0.8333333333333334,0.8333333333333334,0.8309716487747065,0.9049289191336829,1,13
yolo11l-seg.pt,MOTS20-05,823,12,1,65,11,1,1,0.9166666666666666,0.9166666666666666,0.9166666666666666,0.8197780324744631,0.899187654375572,0,12
yolo11l-seg.pt,MOTS20-05,824,12,1,58,11,0,1,1.0,0.9166666666666666,0.9565217391304348,0.8193048598307076,0.8979274869204964,1,12
yolo11l-seg.pt,MOTS20-05,825,13,1,57,12,2,1,0.8571428571428571,0.9230769230769231,0.8888888888888888,0.8103845649882194,0.8924317157223435,0,14
yolo11l-seg.pt,MOTS20-05,826,13,1,68,12,2,1,0.8571428571428571,0.9230769230769231,0.8888888888888888,0.771292011175269,0.868001966282737,0,14
yolo11l-seg.pt,MOTS20-05,827,12,1,54,10,1,2,0.9090909090909091,0.8333333333333334,0.8695652173913043,0.8303018852355614,0.9054286120284246,1,12
yolo11l-seg.pt,MOTS20-05,828,11,1,65,10,0,1,1.0,0.9090909090909091,0.9523809523809523,0.8378410786938828,0.9113280370411969,0,10
yolo11l-seg.pt,MOTS20-05,829,10,1,59,9,0,1,1.0,0.9,0.9473684210526315,0.8196028553760916,0.8988565165764376,1,10
yolo11l-seg.pt,MOTS20-05,830,11,1,70,9,0,2,1.0,0.8181818181818182,0.9,0.8223438959623517,0.8999600927451927,1,10
yolo11l-seg.pt,MOTS20-05,831,10,1,62,8,1,2,0.8888888888888888,0.8,0.8421052631578947,0.825947753390909,0.9024774894056315,0,9
yolo11l-seg.pt,MOTS20-05,832,9,1,69,8,1,1,0.8888888888888888,0.8888888888888888,0.8888888888888888,0.8428887512112595,0.9136683483032234,1,10
yolo11l-seg.pt,MOTS20-05,833,10,1,64,8,0,2,1.0,0.8,0.8888888888888888,0.8440962294667885,0.9131579982728475,1,9
yolo11l-seg.pt,MOTS20-05,834,10,1,81,8,1,2,0.8888888888888888,0.8,0.8421052631578947,0.8295276445321329,0.904678574048174,1,10
yolo11l-seg.pt,MOTS20-05,835,10,1,108,9,1,1,0.9,0.9,0.9,0.7887699781364683,0.8786356964520341,0,10
yolo11l-seg.pt,MOTS20-05,836,9,1,98,7,0,2,1.0,0.7777777777777778,0.875,0.7854592922795521,0.8773581180257491,1,8
yolo11l-seg.pt,MOTS20-05,837,9,1,73,8,0,1,1.0,0.8888888888888888,0.9411764705882353,0.8111864128481165,0.8942315029231067,1,9
yolo11l-seg.pt,MOTS20-09,1,6,1,79,6,0,0,1.0,1.0,1.0,0.763001571228847,0.8636883584000015,3,9
yolo11l-seg.pt,MOTS20-09,2,6,1,56,6,0,0,1.0,1.0,1.0,0.7577164415787935,0.8598105786862873,3,9
yolo11l-seg.pt,MOTS20-09,3,6,1,64,6,0,0,1.0,1.0,1.0,0.7631736148960359,0.8630806653821758,2,8
yolo11l-seg.pt,MOTS20-09,4,6,1,67,6,0,0,1.0,1.0,1.0,0.7634687980913751,0.8644366350997209,2,8
yolo11l-seg.pt,MOTS20-09,5,6,1,61,6,0,0,1.0,1.0,1.0,0.7764043270970616,0.8726415855346225,2,8
yolo11l-seg.pt,MOTS20-09,6,6,1,56,6,0,0,1.0,1.0,1.0,0.7818197253302817,0.8760206102543573,1,7
yolo11l-seg.pt,MOTS20-09,7,6,1,56,6,0,0,1.0,1.0,1.0,0.7951033077885518,0.8843006668842349,1,7
yolo11l-seg.pt,MOTS20-09,8,6,1,57,6,0,0,1.0,1.0,1.0,0.7957036436476924,0.8846714285225076,1,7
yolo11l-seg.pt,MOTS20-09,9,7,1,50,6,0,1,1.0,0.8571428571428571,0.9230769230769231,0.7958561940060213,0.8850180974743324,1,7
yolo11l-seg.pt,MOTS20-09,10,7,1,54,6,0,1,1.0,0.8571428571428571,0.9230769230769231,0.787627137820969,0.8794329809060231,2,8
yolo11l-seg.pt,MOTS20-09,11,7,1,49,6,0,1,1.0,0.8571428571428571,0.9230769230769231,0.7854244958028492,0.8777937922167688,2,8
yolo11l-seg.pt,MOTS20-09,12,7,1,56,6,0,1,1.0,0.8571428571428571,0.9230769230769231,0.7918796152738915,0.8820009043365261,1,7
yolo11l-seg.pt,MOTS20-09,13,7,1,54,7,0,0,1.0,1.0,1.0,0.7617017763288233,0.8608165794470921,2,9
yolo11l-seg.pt,MOTS20-09,14,7,1,61,7,0,0,1.0,1.0,1.0,0.7609693734835511,0.8613319889431033,2,9
yolo11l-seg.pt,MOTS20-09,15,7,1,58,7,0,0,1.0,1.0,1.0,0.759211593517867,0.8595665526824529,2,9
yolo11l-seg.pt,MOTS20-09,16,7,1,59,7,0,0,1.0,1.0,1.0,0.7687816725379062,0.8657875209121154,2,9
yolo11l-seg.pt,MOTS20-09,17,7,1,52,7,0,0,1.0,1.0,1.0,0.7783847009674411,0.8724623575821535,2,9
yolo11l-seg.pt,MOTS20-09,18,7,1,59,7,0,0,1.0,1.0,1.0,0.7753285322633144,0.8710588693304603,1,8
yolo11l-seg.pt,MOTS20-09,19,7,1,65,7,0,0,1.0,1.0,1.0,0.7755519593952498,0.8715527556439072,1,8
yolo11l-seg.pt,MOTS20-09,20,7,1,78,7,0,0,1.0,1.0,1.0,0.7739081685599497,0.8704435283233775,1,8
yolo11l-seg.pt,MOTS20-09,21,7,1,65,7,0,0,1.0,1.0,1.0,0.7676024982098674,0.8663980217860583,1,8
yolo11l-seg.pt,MOTS20-09,22,7,1,53,7,1,0,0.875,1.0,0.9333333333333333,0.7720440608040319,0.869320150358168,1,9
yolo11l-seg.pt,MOTS20-09,23,7,1,68,7,1,0,0.875,1.0,0.9333333333333333,0.7991502569963834,0.8873452932541285,1,9
yolo11l-seg.pt,MOTS20-09,24,7,1,61,7,0,0,1.0,1.0,1.0,0.8024935061157904,0.8890875683009895,1,8
yolo11l-seg.pt,MOTS20-09,25,7,1,83,7,0,0,1.0,1.0,1.0,0.7907207522381874,0.881151319300295,1,8
yolo11l-seg.pt,MOTS20-09,26,7,1,76,7,0,0,1.0,1.0,1.0,0.7867007337734124,0.8775420209897212,1,8
yolo11l-seg.pt,MOTS20-09,27,7,1,68,6,0,1,1.0,0.8571428571428571,0.9230769230769231,0.8083148015693736,0.8924730690298235,1,7
yolo11l-seg.pt,MOTS20-09,28,7,1,78,6,0,1,1.0,0.8571428571428571,0.9230769230769231,0.7892851552090709,0.8779334017111412,1,7
yolo11l-seg.pt,MOTS20-09,29,6,1,72,6,0,0,1.0,1.0,1.0,0.782184156072789,0.8717647448073671,1,7
yolo11l-seg.pt,MOTS20-09,30,6,1,75,6,0,0,1.0,1.0,1.0,0.7742913298916646,0.8672056780087877,0,6
yolo11l-seg.pt,MOTS20-09,31,6,1,70,6,0,0,1.0,1.0,1.0,0.7918600229729368,0.8808029779058373,0,6
yolo11l-seg.pt,MOTS20-09,32,6,1,98,6,0,0,1.0,1.0,1.0,0.7835774282904979,0.875175331554376,0,6
yolo11l-seg.pt,MOTS20-09,33,6,1,77,6,0,0,1.0,1.0,1.0,0.7812177120652491,0.8736162450520036,0,6
yolo11l-seg.pt,MOTS20-09,34,6,1,84,6,0,0,1.0,1.0,1.0,0.7856035488402777,0.8761368842054016,0,6
yolo11l-seg.pt,MOTS20-09,35,6,1,84,5,0,1,1.0,0.8333333333333334,0.9090909090909091,0.8252563105326564,0.9021969795049529,0,5
yolo11l-seg.pt,MOTS20-09,36,6,1,80,6,0,0,1.0,1.0,1.0,0.7949789169333239,0.8831029724711499,1,7
yolo11l-seg.pt,MOTS20-09,37,6,1,69,5,0,1,1.0,0.8333333333333334,0.9090909090909091,0.8138502149448648,0.8954290167690389,1,6
yolo11l-seg.pt,MOTS20-09,38,6,1,70,5,0,1,1.0,0.8333333333333334,0.9090909090909091,0.8187244983124511,0.8982825055435351,1,6
yolo11l-seg.pt,MOTS20-09,39,6,1,69,5,0,1,1.0,0.8333333333333334,0.9090909090909091,0.8254790645618495,0.9025193854013814,1,6
yolo11l-seg.pt,MOTS20-09,40,6,1,53,5,0,1,1.0,0.8333333333333334,0.9090909090909091,0.8243532588795948,0.9019432648393637,1,6
yolo11l-seg.pt,MOTS20-09,41,7,1,51,5,0,2,1.0,0.7142857142857143,0.8333333333333334,0.8174827021679392,0.8974205051815168,1,6
yolo11l-seg.pt,MOTS20-09,42,7,1,63,5,0,2,1.0,0.7142857142857143,0.8333333333333334,0.8289908691060793,0.9043777876302832,1,6
yolo11l-seg.pt,MOTS20-09,43,6,1,63,5,0,1,1.0,0.8333333333333334,0.9090909090909091,0.8288050679475628,0.9044604491775855,1,6
yolo11l-seg.pt,MOTS20-09,44,6,1,54,5,0,1,1.0,0.8333333333333334,0.9090909090909091,0.8255498463137954,0.9027695032497842,1,6
yolo11l-seg.pt,MOTS20-09,45,7,1,77,6,0,1,1.0,0.8571428571428571,0.9230769230769231,0.8063119069895412,0.889934194372818,1,7
yolo11l-seg.pt,MOTS20-09,46,7,1,75,6,0,1,1.0,0.8571428571428571,0.9230769230769231,0.8070406336907597,0.8898720222526925,1,7
yolo11l-seg.pt,MOTS20-09,47,7,1,78,6,1,1,0.8571428571428571,0.8571428571428571,0.8571428571428571,0.8134370808055813,0.8939547166770813,1,8
yolo11l-seg.pt,MOTS20-09,48,7,1,68,6,1,1,0.8571428571428571,0.8571428571428571,0.8571428571428571,0.7940578190215984,0.8802535553324988,1,8
yolo11l-seg.pt,MOTS20-09,49,7,1,67,6,1,1,0.8571428571428571,0.8571428571428571,0.8571428571428571,0.8128943568034771,0.8940852484420391,1,8
yolo11l-seg.pt,MOTS20-09,50,7,1,75,6,1,1,0.8571428571428571,0.8571428571428571,0.8571428571428571,0.8039491395753419,0.8883190729106434,1,8
yolo11l-seg.pt,MOTS20-09,51,7,1,86,6,3,1,0.6666666666666666,0.8571428571428571,0.75,0.8050035215593961,0.8892716495860818,1,10
yolo11l-seg.pt,MOTS20-09,52,7,1,62,6,1,1,0.8571428571428571,0.8571428571428571,0.8571428571428571,0.799543438856977,0.8859676270499207,1,8
yolo11l-seg.pt,MOTS20-09,53,7,1,79,6,2,1,0.75,0.8571428571428571,0.8,0.7959328236681563,0.8839892618989978,1,9
yolo11l-seg.pt,MOTS20-09,54,7,1,93,7,1,0,0.875,1.0,0.9333333333333333,0.7719282758830979,0.867209739797072,1,9
yolo11l-seg.pt,MOTS20-09,55,7,1,83,7,1,0,0.875,1.0,0.9333333333333333,0.7886908045702665,0.8793109263991169,2,10
yolo11l-seg.pt,MOTS20-09,56,7,1,82,7,0,0,1.0,1.0,1.0,0.788143617113757,0.8786513268996711,2,9
yolo11l-seg.pt,MOTS20-09,57,7,1,73,7,0,0,1.0,1.0,1.0,0.7962617821302972,0.8843694756294419,3,10
yolo11l-seg.pt,MOTS20-09,58,7,1,67,7,1,0,0.875,1.0,0.9333333333333333,0.7812078886445118,0.8742055523488477,2,10
yolo11l-seg.pt,MOTS20-09,59,7,1,67,7,1,0,0.875,1.0,0.9333333333333333,0.7653687450460952,0.8623609877572814,2,10
yolo11l-seg.pt,MOTS20-09,60,7,1,70,6,0,1,1.0,0.8571428571428571,0.9230769230769231,0.8148339608089722,0.8964543827945112,2,8
yolo11l-seg.pt,MOTS20-09,61,6,1,76,6,0,0,1.0,1.0,1.0,0.8135750450278859,0.8955403285502936,3,9
yolo11l-seg.pt,MOTS20-09,62,6,1,80,6,0,0,1.0,1.0,1.0,0.8134346598251252,0.8952772361268986,3,9
yolo11l-seg.pt,MOTS20-09,63,6,1,80,6,0,0,1.0,1.0,1.0,0.8063736587691249,0.8914058694106878,2,8
yolo11l-seg.pt,MOTS20-09,64,6,1,75,6,0,0,1.0,1.0,1.0,0.8150406874984766,0.8966041319174836,3,9
yolo11l-seg.pt,MOTS20-09,65,6,1,77,6,0,0,1.0,1.0,1.0,0.816978652014677,0.8977279547800431,3,9
yolo11l-seg.pt,MOTS20-09,66,6,1,69,6,0,0,1.0,1.0,1.0,0.8183792426749612,0.8984276919653348,3,9
yolo11l-seg.pt,MOTS20-09,67,7,1,78,7,0,0,1.0,1.0,1.0,0.7792269654531756,0.8699497801181219,1,8
yolo11l-seg.pt,MOTS20-09,68,7,1,76,7,0,0,1.0,1.0,1.0,0.7935960150179635,0.8819730092924606,2,9
yolo11l-seg.pt,MOTS20-09,69,7,1,66,7,0,0,1.0,1.0,1.0,0.8006112989093567,0.8858431165766668,2,9
yolo11l-seg.pt,MOTS20-09,70,8,1,60,7,0,1,1.0,0.875,0.9333333333333333,0.8043330508246728,0.8885149354076508,2,9
yolo11l-seg.pt,MOTS20-09,71,8,1,65,7,0,1,1.0,0.875,0.9333333333333333,0.8003970912510668,0.8863468504312396,2,9
yolo11l-seg.pt,MOTS20-09,72,8,1,62,7,0,1,1.0,0.875,0.9333333333333333,0.8025359860245634,0.887745307642711,2,9
yolo11l-seg.pt,MOTS20-09,73,8,1,47,7,0,1,1.0,0.875,0.9333333333333333,0.7971689405076521,0.8834075326471114,2,9
yolo11l-seg.pt,MOTS20-09,74,8,1,49,7,0,1,1.0,0.875,0.9333333333333333,0.7954106409160806,0.8827297918648614,2,9
yolo11l-seg.pt,MOTS20-09,75,8,1,47,7,1,1,0.875,0.875,0.875,0.804070408049835,0.8893792006187661,2,10
yolo11l-seg.pt,MOTS20-09,76,8,1,52,7,0,1,1.0,0.875,0.9333333333333333,0.8085737492244497,0.8920256923102963,2,9
yolo11l-seg.pt,MOTS20-09,77,8,1,52,7,0,1,1.0,0.875,0.9333333333333333,0.8099055860709555,0.892613144898719,2,9
yolo11l-seg.pt,MOTS20-09,78,8,1,56,7,0,1,1.0,0.875,0.9333333333333333,0.7981600456857934,0.8847381293843117,2,9
yolo11l-seg.pt,MOTS20-09,79,8,1,56,7,0,1,1.0,0.875,0.9333333333333333,0.8069707593361113,0.8912184048983338,2,9
yolo11l-seg.pt,MOTS20-09,80,8,1,61,7,0,1,1.0,0.875,0.9333333333333333,0.8113739473322877,0.8942336996484052,2,9
yolo11l-seg.pt,MOTS20-09,81,7,1,65,7,0,0,1.0,1.0,1.0,0.8077966609879855,0.8921053442703041,2,9
yolo11l-seg.pt,MOTS20-09,82,7,1,69,7,0,0,1.0,1.0,1.0,0.8050841411439894,0.8897626522786057,4,11
yolo11l-seg.pt,MOTS20-09,83,7,1,59,7,0,0,1.0,1.0,1.0,0.8168221773190185,0.8975652493122173,4,11
yolo11l-seg.pt,MOTS20-09,84,7,1,57,7,0,0,1.0,1.0,1.0,0.8092324499290559,0.8925403777307709,4,11
yolo11l-seg.pt,MOTS20-09,85,7,1,66,7,0,0,1.0,1.0,1.0,0.810442282913651,0.8934129795739781,2,9
yolo11l-seg.pt,MOTS20-09,86,7,1,58,7,0,0,1.0,1.0,1.0,0.8076777180401498,0.8918942946325993,3,10
yolo11l-seg.pt,MOTS20-09,87,7,1,63,7,0,0,1.0,1.0,1.0,0.8124513893821609,0.8949202290047061,3,10
yolo11l-seg.pt,MOTS20-09,88,7,1,72,7,0,0,1.0,1.0,1.0,0.808181932360139,0.8921564903953183,2,9
yolo11l-seg.pt,MOTS20-09,89,7,1,61,7,0,0,1.0,1.0,1.0,0.8054766201422117,0.8905727476560222,2,9
yolo11l-seg.pt,MOTS20-09,90,7,1,75,7,0,0,1.0,1.0,1.0,0.8075999021560036,0.8917858509569712,2,9
yolo11l-seg.pt,MOTS20-09,91,7,1,75,7,0,0,1.0,1.0,1.0,0.8060045422298334,0.8907767237213167,3,10
yolo11l-seg.pt,MOTS20-09,92,7,1,67,7,0,0,1.0,1.0,1.0,0.8011569506577383,0.8864744542967194,3,10
yolo11l-seg.pt,MOTS20-09,93,7,1,84,7,0,0,1.0,1.0,1.0,0.8121762090066244,0.8949512456145706,3,10
yolo11l-seg.pt,MOTS20-09,94,7,1,85,7,1,0,0.875,1.0,0.9333333333333333,0.8112802684146041,0.8940957092062524,2,10
yolo11l-seg.pt,MOTS20-09,95,7,1,88,7,0,0,1.0,1.0,1.0,0.8080384441917697,0.8921996606864712,1,8
yolo11l-seg.pt,MOTS20-09,96,7,1,68,7,0,0,1.0,1.0,1.0,0.8199020550941205,0.8997299358452446,1,8
yolo11l-seg.pt,MOTS20-09,97,7,1,65,7,0,0,1.0,1.0,1.0,0.829953976552758,0.9057881749880828,2,9
yolo11l-seg.pt,MOTS20-09,98,7,1,78,7,0,0,1.0,1.0,1.0,0.8309733083586359,0.9063382531936186,2,9
yolo11l-seg.pt,MOTS20-09,99,7,1,77,7,0,0,1.0,1.0,1.0,0.8271514373706153,0.9042357716777242,2,9
yolo11l-seg.pt,MOTS20-09,100,7,1,75,7,0,0,1.0,1.0,1.0,0.824519653079075,0.9025550885460488,2,9
yolo11l-seg.pt,MOTS20-09,101,7,1,71,7,0,0,1.0,1.0,1.0,0.824502694275034,0.9023471378989131,2,9
yolo11l-seg.pt,MOTS20-09,102,7,1,81,7,0,0,1.0,1.0,1.0,0.8172256114108514,0.8977545721090446,2,9
yolo11l-seg.pt,MOTS20-09,103,7,1,78,7,0,0,1.0,1.0,1.0,0.8129034607427966,0.8947184983487144,2,9
yolo11l-seg.pt,MOTS20-09,104,7,1,72,7,0,0,1.0,1.0,1.0,0.8060265510984692,0.8896499786291623,3,10
yolo11l-seg.pt,MOTS20-09,105,7,1,65,7,0,0,1.0,1.0,1.0,0.7958754120366659,0.8814361503716633,3,10
yolo11l-seg.pt,MOTS20-09,106,7,1,70,6,0,1,1.0,0.8571428571428571,0.9230769230769231,0.8334542905890707,0.9077984109798282,3,9
yolo11l-seg.pt,MOTS20-09,107,7,1,65,5,0,2,1.0,0.7142857142857143,0.8333333333333334,0.8534573442369184,0.9198664364099234,3,8
yolo11l-seg.pt,MOTS20-09,108,6,1,66,5,0,1,1.0,0.8333333333333334,0.9090909090909091,0.8532939943957331,0.9198346862912237,3,8
yolo11l-seg.pt,MOTS20-09,109,6,1,64,5,0,1,1.0,0.8333333333333334,0.9090909090909091,0.8530098282616472,0.919614449188062,3,8
yolo11l-seg.pt,MOTS20-09,110,6,1,59,5,0,1,1.0,0.8333333333333334,0.9090909090909091,0.8564822227763205,0.9215964138124203,2,7
yolo11l-seg.pt,MOTS20-09,111,6,1,59,5,0,1,1.0,0.8333333333333334,0.9090909090909091,0.860389225453907,0.9241104085132855,2,7
yolo11l-seg.pt,MOTS20-09,112,5,1,52,5,0,0,1.0,1.0,1.0,0.8569206861519063,0.9221335235302268,2,7
yolo11l-seg.pt,MOTS20-09,113,5,1,47,5,0,0,1.0,1.0,1.0,0.8547986445811497,0.9210766393517865,1,6
yolo11l-seg.pt,MOTS20-09,114,5,1,54,5,0,0,1.0,1.0,1.0,0.8318644958455155,0.9062020793094522,2,7
yolo11l-seg.pt,MOTS20-09,115,5,1,58,5,0,0,1.0,1.0,1.0,0.8390343949884478,0.9108207677566252,2,7
yolo11l-seg.pt,MOTS20-09,116,5,1,65,5,0,0,1.0,1.0,1.0,0.8320610857720269,0.9057847281946723,2,7
yolo11l-seg.pt,MOTS20-09,117,5,1,54,5,0,0,1.0,1.0,1.0,0.8499384638169898,0.9175684737336496,1,6
yolo11l-seg.pt,MOTS20-09,118,5,1,46,4,2,1,0.6666666666666666,0.8,0.7272727272727273,0.8731926245545862,0.931579772323257,1,7
yolo11l-seg.pt,MOTS20-09,119,5,1,44,4,0,1,1.0,0.8,0.8888888888888888,0.8564965322700581,0.9219705811065834,1,5
yolo11l-seg.pt,MOTS20-09,120,5,1,33,4,0,1,1.0,0.8,0.8888888888888888,0.8703532673008171,0.9301146536641639,0,4
yolo11l-seg.pt,MOTS20-09,121,4,1,37,4,0,0,1.0,1.0,1.0,0.8717187736928236,0.9306435177215613,1,5
yolo11l-seg.pt,MOTS20-09,122,4,1,30,4,0,0,1.0,1.0,1.0,0.8648842244319138,0.926526918331295,1,5
yolo11l-seg.pt,MOTS20-09,123,4,1,48,4,0,0,1.0,1.0,1.0,0.8677388659676952,0.9282273360134505,1,5
yolo11l-seg.pt,MOTS20-09,124,4,1,42,4,0,0,1.0,1.0,1.0,0.868883275607682,0.929044646578224,1,5
yolo11l-seg.pt,MOTS20-09,125,4,1,51,4,0,0,1.0,1.0,1.0,0.8672227275384421,0.9284154088335429,1,5
yolo11l-seg.pt,MOTS20-09,126,5,1,79,4,0,1,1.0,0.8,0.8888888888888888,0.8666688413418202,0.9280417715456606,2,6
yolo11l-seg.pt,MOTS20-09,127,5,1,69,4,0,1,1.0,0.8,0.8888888888888888,0.8697981665327256,0.9298734760804063,1,5
yolo11l-seg.pt,MOTS20-09,128,5,1,71,5,0,0,1.0,1.0,1.0,0.8398483219663622,0.9114997991000411,1,6
yolo11l-seg.pt,MOTS20-09,129,5,1,67,5,1,0,0.8333333333333334,1.0,0.9090909090909091,0.8493181271845902,0.9172416824441697,3,9
yolo11l-seg.pt,MOTS20-09,130,5,1,67,5,0,0,1.0,1.0,1.0,0.8485890136796532,0.9163547426958912,2,7
yolo11l-seg.pt,MOTS20-09,131,5,1,62,5,0,0,1.0,1.0,1.0,0.8563228747351325,0.9212132545247963,2,7
yolo11l-seg.pt,MOTS20-09,132,5,1,64,5,0,0,1.0,1.0,1.0,0.8494694406590234,0.9171590390648363,2,7
yolo11l-seg.pt,MOTS20-09,133,5,1,64,5,0,0,1.0,1.0,1.0,0.8430442115748586,0.9132461328599465,3,8
yolo11l-seg.pt,MOTS20-09,134,5,1,83,4,0,1,1.0,0.8,0.8888888888888888,0.8772575114123359,0.934188825256974,3,7
yolo11l-seg.pt,MOTS20-09,135,6,1,87,5,1,1,0.8333333333333334,0.8333333333333334,0.8333333333333334,0.856231937302554,0.9216871187815873,3,9
yolo11l-seg.pt,MOTS20-09,136,6,1,71,5,0,1,1.0,0.8333333333333334,0.9090909090909091,0.8684958593317667,0.9290866045743005,3,8
yolo11l-seg.pt,MOTS20-09,137,7,1,96,5,0,2,1.0,0.7142857142857143,0.8333333333333334,0.8711097035173404,0.930629897090958,3,8
yolo11l-seg.pt,MOTS20-09,138,7,1,70,5,0,2,1.0,0.7142857142857143,0.8333333333333334,0.8601053440222202,0.9238210080275756,3,8
yolo11l-seg.pt,MOTS20-09,139,6,1,69,6,0,0,1.0,1.0,1.0,0.8390609795920261,0.9106516957938058,3,9
yolo11l-seg.pt,MOTS20-09,140,6,1,62,6,0,0,1.0,1.0,1.0,0.8587928740320067,0.9229936401570765,2,8
yolo11l-seg.pt,MOTS20-09,141,6,1,70,6,0,0,1.0,1.0,1.0,0.8655723908622491,0.9271247366223713,3,9
yolo11l-seg.pt,MOTS20-09,142,6,1,65,6,0,0,1.0,1.0,1.0,0.872801016192328,0.9312935835724806,2,8
yolo11l-seg.pt,MOTS20-09,143,6,1,73,6,0,0,1.0,1.0,1.0,0.85997944481741,0.9237193940427835,2,8
yolo11l-seg.pt,MOTS20-09,144,7,1,60,6,0,1,1.0,0.8571428571428571,0.9230769230769231,0.8436811324133865,0.9135027356141042,2,8
yolo11l-seg.pt,MOTS20-09,145,7,1,54,6,0,1,1.0,0.8571428571428571,0.9230769230769231,0.8627914160669153,0.9254552549977962,2,8
yolo11l-seg.pt,MOTS20-09,146,8,1,60,6,0,2,1.0,0.75,0.8571428571428571,0.8664317366304076,0.9275803948659874,2,8
yolo11l-seg.pt,MOTS20-09,147,8,1,71,6,0,2,1.0,0.75,0.8571428571428571,0.8745810235388035,0.9322571048898863,2,8
yolo11l-seg.pt,MOTS20-09,148,9,1,69,6,0,3,1.0,0.6666666666666666,0.8,0.8602107311408638,0.9239139005091622,1,7
yolo11l-seg.pt,MOTS20-09,149,8,1,82,6,0,2,1.0,0.75,0.8571428571428571,0.8638687025836663,0.9257702210474977,2,8
yolo11l-seg.pt,MOTS20-09,150,8,1,90,6,0,2,1.0,0.75,0.8571428571428571,0.8586772102098418,0.923011731591843,1,7
yolo11l-seg.pt,MOTS20-09,151,8,1,76,7,0,1,1.0,0.875,0.9333333333333333,0.8106386875918012,0.8894001784427644,1,8
yolo11l-seg.pt,MOTS20-09,152,8,1,74,7,0,1,1.0,0.875,0.9333333333333333,0.8322710421446171,0.9060232685192487,1,8
yolo11l-seg.pt,MOTS20-09,153,7,1,51,7,0,0,1.0,1.0,1.0,0.83493057602789,0.907732458024945,1,8
yolo11l-seg.pt,MOTS20-09,154,7,1,71,7,0,0,1.0,1.0,1.0,0.8409507653303615,0.9110016056849266,1,8
yolo11l-seg.pt,MOTS20-09,155,7,1,59,7,0,0,1.0,1.0,1.0,0.833926437775836,0.9065978055779274,1,8
yolo11l-seg.pt,MOTS20-09,156,7,1,63,7,0,0,1.0,1.0,1.0,0.8167720069341277,0.8933413678574672,1,8
yolo11l-seg.pt,MOTS20-09,157,7,1,74,6,0,1,1.0,0.8571428571428571,0.9230769230769231,0.8650132740801015,0.9268574225076714,1,7
yolo11l-seg.pt,MOTS20-09,158,7,1,67,6,0,1,1.0,0.8571428571428571,0.9230769230769231,0.8767080433427493,0.9337081199125831,2,8
yolo11l-seg.pt,MOTS20-09,159,7,1,74,6,0,1,1.0,0.8571428571428571,0.9230769230769231,0.8724706013602476,0.9314207389240418,2,8
yolo11l-seg.pt,MOTS20-09,160,7,1,82,6,0,1,1.0,0.8571428571428571,0.9230769230769231,0.8551788311232097,0.9213441514470256,3,9
yolo11l-seg.pt,MOTS20-09,161,7,1,88,6,0,1,1.0,0.8571428571428571,0.9230769230769231,0.8673921310072398,0.9282415917920761,2,8
yolo11l-seg.pt,MOTS20-09,162,7,1,66,6,0,1,1.0,0.8571428571428571,0.9230769230769231,0.856259615203208,0.9218477115577423,2,8
yolo11l-seg.pt,MOTS20-09,163,7,1,71,6,0,1,1.0,0.8571428571428571,0.9230769230769231,0.8587042537196616,0.9235262484443627,2,8
yolo11l-seg.pt,MOTS20-09,164,8,1,89,6,1,2,0.8571428571428571,0.75,0.8,0.8487000387216082,0.9174822881422658,3,10
yolo11l-seg.pt,MOTS20-09,165,8,1,87,6,1,2,0.8571428571428571,0.75,0.8,0.8421841577054433,0.9131639684528431,3,10
yolo11l-seg.pt,MOTS20-09,166,8,1,89,7,2,1,0.7777777777777778,0.875,0.8235294117647058,0.7861226679208465,0.8739173958073332,3,12
yolo11l-seg.pt,MOTS20-09,167,8,1,102,6,1,2,0.8571428571428571,0.75,0.8,0.8192182596308748,0.8933925524494711,3,10
yolo11l-seg.pt,MOTS20-09,168,8,1,72,6,0,2,1.0,0.75,0.8571428571428571,0.8261581878248682,0.9022805698088446,3,9
yolo11l-seg.pt,MOTS20-09,169,10,1,69,6,1,4,0.8571428571428571,0.6,0.7058823529411765,0.8297523773836132,0.9049940975915844,3,10
yolo11l-seg.pt,MOTS20-09,170,10,1,86,6,1,4,0.8571428571428571,0.6,0.7058823529411765,0.8332289419415385,0.9068559346488275,3,10
yolo11l-seg.pt,MOTS20-09,171,10,1,107,7,2,3,0.7777777777777778,0.7,0.7368421052631579,0.812479393078955,0.8944919233685119,3,12
yolo11l-seg.pt,MOTS20-09,172,10,1,105,8,0,2,1.0,0.8,0.8888888888888888,0.8212410970856876,0.8989906786779227,2,10
yolo11l-seg.pt,MOTS20-09,173,10,1,98,8,1,2,0.8888888888888888,0.8,0.8421052631578947,0.8265409283950598,0.903419590036988,2,11
yolo11l-seg.pt,MOTS20-09,174,10,1,100,8,1,2,0.8888888888888888,0.8,0.8421052631578947,0.7828769003624123,0.8733120708639175,4,13
yolo11l-seg.pt,MOTS20-09,175,10,1,124,7,0,3,1.0,0.7,0.8235294117647058,0.7981916279781559,0.8849342580576433,5,12
yolo11l-seg.pt,MOTS20-09,176,9,1,100,7,0,2,1.0,0.7777777777777778,0.875,0.8171827196841008,0.8975875057107537,5,12
yolo11l-seg.pt,MOTS20-09,177,9,1,98,7,1,2,0.875,0.7777777777777778,0.8235294117647058,0.8163174321878317,0.8968737636759049,6,14
yolo11l-seg.pt,MOTS20-09,178,9,1,95,6,0,3,1.0,0.6666666666666666,0.8,0.8287506435568804,0.9046081147835775,6,12
yolo11l-seg.pt,MOTS20-09,179,7,1,93,6,1,1,0.8571428571428571,0.8571428571428571,0.8571428571428571,0.8186695992348806,0.8972047588520171,5,12
yolo11l-seg.pt,MOTS20-09,180,8,1,88,6,1,2,0.8571428571428571,0.75,0.8,0.8220582200099185,0.8999078120517238,3,10
yolo11l-seg.pt,MOTS20-09,181,9,1,76,9,0,0,1.0,1.0,1.0,0.7391139238459927,0.8432823044214468,2,11
yolo11l-seg.pt,MOTS20-09,182,9,1,64,7,1,2,0.875,0.7777777777777778,0.8235294117647058,0.823227154841158,0.9003970756975548,2,10
yolo11l-seg.pt,MOTS20-09,183,9,1,60,8,0,1,1.0,0.8888888888888888,0.9411764705882353,0.7873683458716431,0.8739225382323903,2,10
yolo11l-seg.pt,MOTS20-09,184,9,1,54,7,0,2,1.0,0.7777777777777778,0.875,0.8324055269694776,0.9061848672242633,1,8
yolo11l-seg.pt,MOTS20-09,185,9,1,57,8,1,1,0.8888888888888888,0.8888888888888888,0.8888888888888888,0.814082980682419,0.8947982120094865,1,10
yolo11l-seg.pt,MOTS20-09,186,11,1,59,8,1,3,0.8888888888888888,0.7272727272727273,0.8,0.8246023598869685,0.9009029049147068,1,10
yolo11l-seg.pt,MOTS20-09,187,11,1,67,10,1,1,0.9090909090909091,0.9090909090909091,0.9090909090909091,0.8156369686782258,0.8961307247430497,1,12
yolo11l-seg.pt,MOTS20-09,188,12,1,68,10,1,2,0.9090909090909091,0.8333333333333334,0.8695652173913043,0.7794018441757119,0.8714353700873056,1,12
yolo11l-seg.pt,MOTS20-09,189,12,1,62,10,1,2,0.9090909090909091,0.8333333333333334,0.8695652173913043,0.7944366189732588,0.8808214023395389,0,11
yolo11l-seg.pt,MOTS20-09,190,12,1,43,10,1,2,0.9090909090909091,0.8333333333333334,0.8695652173913043,0.8006445691903169,0.8865279862573029,0,11
yolo11l-seg.pt,MOTS20-09,191,12,1,55,9,1,3,0.9,0.75,0.8181818181818182,0.8038379761535376,0.8897391419271448,0,10
yolo11l-seg.pt,MOTS20-09,192,12,1,81,10,0,2,1.0,0.8333333333333334,0.9090909090909091,0.7693592556491111,0.8639075580684642,0,10
yolo11l-seg.pt,MOTS20-09,193,12,1,74,9,1,3,0.9,0.75,0.8181818181818182,0.7971322413573053,0.8831795622558754,0,10
yolo11l-seg.pt,MOTS20-09,194,11,1,71,8,0,3,1.0,0.7272727272727273,0.8421052631578947,0.7846663670562177,0.874358190381335,0,8
yolo11l-seg.pt,MOTS20-09,195,11,1,64,8,2,3,0.8,0.7272727272727273,0.7619047619047619,0.7619468679513517,0.859101562740942,0,10
yolo11l-seg.pt,MOTS20-09,196,11,1,55,10,0,1,1.0,0.9090909090909091,0.9523809523809523,0.7648425035489484,0.863108218660383,0,10
yolo11l-seg.pt,MOTS20-09,197,11,1,49,10,0,1,1.0,0.9090909090909091,0.9523809523809523,0.7492802488422076,0.8496550843375047,0,10
yolo11l-seg.pt,MOTS20-09,198,11,1,60,8,1,3,0.8888888888888888,0.7272727272727273,0.8,0.8226637616929942,0.9007958997004453,0,9
yolo11l-seg.pt,MOTS20-09,199,10,1,60,8,2,2,0.8,0.8,0.8,0.8274060969747874,0.9039806587265784,0,10
yolo11l-seg.pt,MOTS20-09,200,10,1,63,10,0,0,1.0,1.0,1.0,0.7940584685141479,0.8814290412439556,0,10
yolo11l-seg.pt,MOTS20-09,201,10,1,38,10,0,0,1.0,1.0,1.0,0.7680749058515925,0.863591618338851,0,10
yolo11l-seg.pt,MOTS20-09,202,10,1,47,10,0,0,1.0,1.0,1.0,0.8032397588425807,0.8867661640200908,1,11
yolo11l-seg.pt,MOTS20-09,203,10,1,53,10,0,0,1.0,1.0,1.0,0.7944207890215659,0.8789479547211749,1,11
yolo11l-seg.pt,MOTS20-09,204,10,1,74,8,1,2,0.8888888888888888,0.8,0.8421052631578947,0.8067307789591024,0.8893796801211611,1,10
yolo11l-seg.pt,MOTS20-09,205,10,1,62,8,1,2,0.8888888888888888,0.8,0.8421052631578947,0.8055087896715624,0.8890244171128252,2,11
yolo11l-seg.pt,MOTS20-09,206,10,1,57,8,2,2,0.8,0.8,0.8,0.8231830845192712,0.9016163685306795,1,11
yolo11l-seg.pt,MOTS20-09,207,12,1,64,8,1,4,0.8888888888888888,0.6666666666666666,0.7619047619047619,0.7812992928803771,0.8732018953244232,1,10
yolo11l-seg.pt,MOTS20-09,208,10,1,41,9,1,1,0.9,0.9,0.9,0.8200570537200552,0.899624071886223,0,10
yolo11l-seg.pt,MOTS20-09,209,11,1,52,11,0,0,1.0,1.0,1.0,0.7768193136634417,0.8694168387471014,0,11
yolo11l-seg.pt,MOTS20-09,210,12,1,58,10,1,2,0.9090909090909091,0.8333333333333334,0.8695652173913043,0.7929557270115882,0.8805787651747427,0,11
yolo11l-seg.pt,MOTS20-09,211,12,1,56,9,1,3,0.9,0.75,0.8181818181818182,0.822340981029911,0.9013568009630357,0,10
yolo11l-seg.pt,MOTS20-09,212,12,1,64,11,0,1,1.0,0.9166666666666666,0.9565217391304348,0.7869100505688981,0.8755693858135914,2,13
yolo11l-seg.pt,MOTS20-09,213,13,1,61,11,1,2,0.9166666666666666,0.8461538461538461,0.88,0.7650926789274234,0.8604948543444124,1,13
yolo11l-seg.pt,MOTS20-09,214,13,1,67,10,1,3,0.9090909090909091,0.7692307692307693,0.8333333333333334,0.7819234756901342,0.87324464394683,1,12
yolo11l-seg.pt,MOTS20-09,215,12,1,53,10,1,2,0.9090909090909091,0.8333333333333334,0.8695652173913043,0.7766598827779023,0.8700108945887173,1,12
yolo11l-seg.pt,MOTS20-09,216,12,1,66,11,0,1,1.0,0.9166666666666666,0.9565217391304348,0.7540299637886997,0.8552718902860509,1,12
yolo11l-seg.pt,MOTS20-09,217,12,1,59,10,1,2,0.9090909090909091,0.8333333333333334,0.8695652173913043,0.7854144043813747,0.8770859045321557,1,12
yolo11l-seg.pt,MOTS20-09,218,13,1,60,10,1,3,0.9090909090909091,0.7692307692307693,0.8333333333333334,0.7915990616665436,0.8814218622598148,1,12
yolo11l-seg.pt,MOTS20-09,219,13,1,68,11,0,2,1.0,0.8461538461538461,0.9166666666666666,0.7641186922800588,0.8620729360629246,1,12
yolo11l-seg.pt,MOTS20-09,220,12,1,70,12,1,0,0.9230769230769231,1.0,0.96,0.7825268264307376,0.8752943389951549,1,14
yolo11l-seg.pt,MOTS20-09,221,11,1,72,11,2,0,0.8461538461538461,1.0,0.9166666666666666,0.7650925846198249,0.8617932931174269,1,14
yolo11l-seg.pt,MOTS20-09,222,12,1,94,11,0,1,1.0,0.9166666666666666,0.9565217391304348,0.769149273257836,0.8627322060800896,1,12
yolo11l-seg.pt,MOTS20-09,223,13,1,81,11,0,2,1.0,0.8461538461538461,0.9166666666666666,0.7724866920217779,0.8651132157190773,0,11
yolo11l-seg.pt,MOTS20-09,224,13,1,88,11,0,2,1.0,0.8461538461538461,0.9166666666666666,0.7655381490318998,0.8596555452279326,0,11
yolo11l-seg.pt,MOTS20-09,225,13,1,90,10,1,3,0.9090909090909091,0.7692307692307693,0.8333333333333334,0.7934378125417286,0.8798694245727953,0,11
yolo11l-seg.pt,MOTS20-09,226,13,1,97,11,1,2,0.9166666666666666,0.8461538461538461,0.88,0.7786312441282555,0.8688070804217651,2,14
yolo11l-seg.pt,MOTS20-09,227,13,1,94,11,1,2,0.9166666666666666,0.8461538461538461,0.88,0.7743936826006081,0.8654188524252068,0,12
yolo11l-seg.pt,MOTS20-09,228,13,1,92,11,1,2,0.9166666666666666,0.8461538461538461,0.88,0.772287759970338,0.8664490325780327,0,12
yolo11l-seg.pt,MOTS20-09,229,13,1,68,11,1,2,0.9166666666666666,0.8461538461538461,0.88,0.7830276452648359,0.873720656948329,0,12
yolo11l-seg.pt,MOTS20-09,230,13,1,81,11,0,2,1.0,0.8461538461538461,0.9166666666666666,0.762789763071288,0.8580533265916904,1,12
yolo11l-seg.pt,MOTS20-09,231,13,1,76,10,0,3,1.0,0.7692307692307693,0.8695652173913043,0.7987533475970507,0.8840486866422713,1,11
yolo11l-seg.pt,MOTS20-09,232,13,1,87,10,0,3,1.0,0.7692307692307693,0.8695652173913043,0.7843769892846826,0.8749886049829483,1,11
yolo11l-seg.pt,MOTS20-09,233,13,1,90,10,0,3,1.0,0.7692307692307693,0.8695652173913043,0.7918009634412915,0.8790880100326269,1,11
yolo11l-seg.pt,MOTS20-09,234,13,1,88,10,0,3,1.0,0.7692307692307693,0.8695652173913043,0.7807372452578919,0.8717284716640415,1,11
yolo11l-seg.pt,MOTS20-09,235,13,1,80,9,1,4,0.9,0.6923076923076923,0.782608695652174,0.8009914316422316,0.8870723001003212,2,12
yolo11l-seg.pt,MOTS20-09,236,13,1,81,9,1,4,0.9,0.6923076923076923,0.782608695652174,0.8090542980249525,0.8911674490155979,2,12
yolo11l-seg.pt,MOTS20-09,237,13,1,79,11,1,2,0.9166666666666666,0.8461538461538461,0.88,0.7593407125249372,0.8549806955911059,2,14
yolo11l-seg.pt,MOTS20-09,238,13,1,87,11,2,2,0.8461538461538461,0.8461538461538461,0.8461538461538461,0.7691578973089648,0.8640220528999841,1,14
yolo11l-seg.pt,MOTS20-09,239,13,1,86,10,2,3,0.8333333333333334,0.7692307692307693,0.8,0.7904461333074634,0.8790938590818662,2,14
yolo11l-seg.pt,MOTS20-09,240,13,1,91,10,3,3,0.7692307692307693,0.7692307692307693,0.7692307692307693,0.7813465661836456,0.8724886222948474,2,15
yolo11l-seg.pt,MOTS20-09,241,12,1,77,10,2,2,0.8333333333333334,0.8333333333333334,0.8333333333333334,0.7764810095722983,0.8694777275873735,2,14
yolo11l-seg.pt,MOTS20-09,242,13,1,75,10,3,3,0.7692307692307693,0.7692307692307693,0.7692307692307693,0.784090183626484,0.8750170472317412,2,15
yolo11l-seg.pt,MOTS20-09,243,12,1,70,10,4,2,0.7142857142857143,0.8333333333333334,0.7692307692307693,0.7942750754414948,0.8820761966103918,2,16
yolo11l-seg.pt,MOTS20-09,244,12,1,71,10,1,2,0.9090909090909091,0.8333333333333334,0.8695652173913043,0.7898625013430538,0.8783118300315754,2,13
yolo11l-seg.pt,MOTS20-09,245,12,1,76,10,2,2,0.8333333333333334,0.8333333333333334,0.8333333333333334,0.7936325417245862,0.8803218237761857,2,14
yolo11l-seg.pt,MOTS20-09,246,13,1,83,9,2,4,0.8181818181818182,0.6923076923076923,0.75,0.8272246198149736,0.9046146113702035,2,13
yolo11l-seg.pt,MOTS20-09,247,13,1,91,9,2,4,0.8181818181818182,0.6923076923076923,0.75,0.8196270807001057,0.8995297269323225,2,13
yolo11l-seg.pt,MOTS20-09,248,13,1,71,9,2,4,0.8181818181818182,0.6923076923076923,0.75,0.8141777398677691,0.8961941922906789,1,12
yolo11l-seg.pt,MOTS20-09,249,13,1,90,9,2,4,0.8181818181818182,0.6923076923076923,0.75,0.8163583134254877,0.8976664943088747,1,12
yolo11l-seg.pt,MOTS20-09,250,13,1,97,9,3,4,0.75,0.6923076923076923,0.72,0.8131191942356489,0.8961037505107393,2,14
yolo11l-seg.pt,MOTS20-09,251,13,1,110,9,1,4,0.9,0.6923076923076923,0.782608695652174,0.823830734658691,0.9028756325068498,2,12
yolo11l-seg.pt,MOTS20-09,252,13,1,114,10,1,3,0.9090909090909091,0.7692307692307693,0.8333333333333334,0.804919294657602,0.8895658748690067,2,13
yolo11l-seg.pt,MOTS20-09,253,13,1,113,10,1,3,0.9090909090909091,0.7692307692307693,0.8333333333333334,0.8140429762079184,0.8962511793544042,2,13
yolo11l-seg.pt,MOTS20-09,254,13,1,107,10,1,3,0.9090909090909091,0.7692307692307693,0.8333333333333334,0.7973358407969091,0.885051757951558,2,13
yolo11l-seg.pt,MOTS20-09,255,12,1,98,10,0,2,1.0,0.8333333333333334,0.9090909090909091,0.8021612202959858,0.888775306057329,3,13
yolo11l-seg.pt,MOTS20-09,256,12,1,99,11,0,1,1.0,0.9166666666666666,0.9565217391304348,0.7676580072037865,0.8652907095303639,2,13
yolo11l-seg.pt,MOTS20-09,257,13,1,82,11,0,2,1.0,0.8461538461538461,0.9166666666666666,0.7586378350582647,0.8578746898203697,2,13
yolo11l-seg.pt,MOTS20-09,258,13,1,78,11,1,2,0.9166666666666666,0.8461538461538461,0.88,0.7781137009750974,0.8722591650777706,2,14
yolo11l-seg.pt,MOTS20-09,259,13,1,78,8,2,5,0.8,0.6153846153846154,0.6956521739130435,0.7970041585942059,0.8819291700828582,2,12
yolo11l-seg.pt,MOTS20-09,260,13,1,77,8,4,5,0.6666666666666666,0.6153846153846154,0.64,0.8191581140433151,0.898442887027227,1,13
yolo11l-seg.pt,MOTS20-09,261,13,1,76,8,3,5,0.7272727272727273,0.6153846153846154,0.6666666666666666,0.8085880970721073,0.8897138150016448,1,12
yolo11l-seg.pt,MOTS20-09,262,13,1,89,9,1,4,0.9,0.6923076923076923,0.782608695652174,0.7871121140664525,0.8773711290426963,1,11
yolo11l-seg.pt,MOTS20-09,263,13,1,76,9,2,4,0.8181818181818182,0.6923076923076923,0.75,0.7765339154260682,0.8682543590689952,1,12
yolo11l-seg.pt,MOTS20-09,264,13,1,76,7,2,6,0.7777777777777778,0.5384615384615384,0.6363636363636364,0.8425991831792427,0.9140834617570078,1,10
yolo11l-seg.pt,MOTS20-09,265,12,1,86,8,2,4,0.8,0.6666666666666666,0.7272727272727273,0.8017471522742324,0.8850316257849484,1,11
yolo11l-seg.pt,MOTS20-09,266,12,1,95,8,1,4,0.8888888888888888,0.6666666666666666,0.7619047619047619,0.8130959216064522,0.8940360285667153,1,10
yolo11l-seg.pt,MOTS20-09,267,12,1,91,8,0,4,1.0,0.6666666666666666,0.8,0.8102896226793319,0.8911142176001241,2,10
yolo11l-seg.pt,MOTS20-09,268,12,1,85,8,0,4,1.0,0.6666666666666666,0.8,0.8103479349384413,0.8915823916786231,2,10
yolo11l-seg.pt,MOTS20-09,269,12,1,78,8,0,4,1.0,0.6666666666666666,0.8,0.8069224749425935,0.8881782603320891,2,10
yolo11l-seg.pt,MOTS20-09,270,12,1,76,8,0,4,1.0,0.6666666666666666,0.8,0.8028065520029704,0.8852955413229653,2,10
yolo11l-seg.pt,MOTS20-09,271,11,1,68,8,0,3,1.0,0.7272727272727273,0.8421052631578947,0.8033825312519275,0.8872984248224491,3,11
yolo11l-seg.pt,MOTS20-09,272,10,1,77,8,0,2,1.0,0.8,0.8888888888888888,0.7985293398996185,0.8859410380747926,3,11
yolo11l-seg.pt,MOTS20-09,273,10,1,86,8,1,2,0.8888888888888888,0.8,0.8421052631578947,0.7995821628107866,0.8864047584736345,3,12
yolo11l-seg.pt,MOTS20-09,274,10,1,82,8,1,2,0.8888888888888888,0.8,0.8421052631578947,0.7899551539235323,0.8785411812174619,3,12
yolo11l-seg.pt,MOTS20-09,275,10,1,70,8,1,2,0.8888888888888888,0.8,0.8421052631578947,0.7797948222570157,0.8711537217031298,3,12
yolo11l-seg.pt,MOTS20-09,276,10,1,77,9,1,1,0.9,0.9,0.9,0.7583684080485569,0.8548610824864586,2,12
yolo11l-seg.pt,MOTS20-09,277,10,1,68,8,1,2,0.8888888888888888,0.8,0.8421052631578947,0.7841269023958253,0.875361629845596,2,11
yolo11l-seg.pt,MOTS20-09,278,11,1,73,9,0,2,1.0,0.8181818181818182,0.9,0.7716178123147857,0.868463659035124,2,11
yolo11l-seg.pt,MOTS20-09,279,10,1,69,9,0,1,1.0,0.9,0.9473684210526315,0.7926168815885102,0.8824668464831145,2,11
yolo11l-seg.pt,MOTS20-09,280,10,1,63,9,0,1,1.0,0.9,0.9473684210526315,0.7779566658709709,0.8723779634187732,2,11
yolo11l-seg.pt,MOTS20-09,281,10,1,71,9,0,1,1.0,0.9,0.9473684210526315,0.7778868259975489,0.8717987980328926,2,11
yolo11l-seg.pt,MOTS20-09,282,10,1,67,9,0,1,1.0,0.9,0.9473684210526315,0.7902072452615932,0.8801608345296484,2,11
yolo11l-seg.pt,MOTS20-09,283,10,1,67,9,0,1,1.0,0.9,0.9473684210526315,0.7994782074226029,0.8868833124353879,2,11
yolo11l-seg.pt,MOTS20-09,284,10,1,64,9,0,1,1.0,0.9,0.9473684210526315,0.789537204463826,0.8800712289562788,2,11
yolo11l-seg.pt,MOTS20-09,285,10,1,65,9,0,1,1.0,0.9,0.9473684210526315,0.7747777487670995,0.8700239048326427,2,11
yolo11l-seg.pt,MOTS20-09,286,10,1,68,9,0,1,1.0,0.9,0.9473684210526315,0.7810966392056792,0.8748506329384846,2,11
yolo11l-seg.pt,MOTS20-09,287,10,1,71,9,0,1,1.0,0.9,0.9473684210526315,0.7873047457856316,0.8783728853237097,2,11
yolo11l-seg.pt,MOTS20-09,288,10,1,71,9,0,1,1.0,0.9,0.9473684210526315,0.7958117168596611,0.8841170225267011,2,11
yolo11l-seg.pt,MOTS20-09,289,10,1,77,9,0,1,1.0,0.9,0.9473684210526315,0.8029577161313495,0.8889412873589273,2,11
yolo11l-seg.pt,MOTS20-09,290,9,1,79,9,0,0,1.0,1.0,1.0,0.8130459843997772,0.8954700155989462,2,11
yolo11l-seg.pt,MOTS20-09,291,9,1,95,9,0,0,1.0,1.0,1.0,0.8163704898501022,0.8978200128974808,2,11
yolo11l-seg.pt,MOTS20-09,292,9,1,98,9,0,0,1.0,1.0,1.0,0.8182484474261285,0.8990439764733811,2,11
yolo11l-seg.pt,MOTS20-09,293,9,1,99,9,0,0,1.0,1.0,1.0,0.805116452643007,0.8900308377471688,2,11
yolo11l-seg.pt,MOTS20-09,294,9,1,105,9,0,0,1.0,1.0,1.0,0.7812468301726843,0.8736656119494208,2,11
yolo11l-seg.pt,MOTS20-09,295,9,1,111,9,0,0,1.0,1.0,1.0,0.7905879479365097,0.8790668447735189,2,11
yolo11l-seg.pt,MOTS20-09,296,9,1,114,9,0,0,1.0,1.0,1.0,0.7800333474653339,0.871572097992912,2,11
yolo11l-seg.pt,MOTS20-09,297,10,1,108,9,0,1,1.0,0.9,0.9473684210526315,0.777991984570804,0.8697093096474904,2,11
yolo11l-seg.pt,MOTS20-09,298,10,1,114,10,0,0,1.0,1.0,1.0,0.7522213456918219,0.8516108553238029,3,13
yolo11l-seg.pt,MOTS20-09,299,10,1,99,8,2,2,0.8,0.8,0.8,0.7726861094996017,0.8679524686447085,3,13
yolo11l-seg.pt,MOTS20-09,300,12,1,93,9,1,3,0.9,0.75,0.8181818181818182,0.759351795239669,0.8577332331840891,3,13
yolo11l-seg.pt,MOTS20-09,301,12,1,99,10,0,2,1.0,0.8333333333333334,0.9090909090909091,0.7631074201691952,0.861098209777626,3,13
yolo11l-seg.pt,MOTS20-09,302,12,1,105,9,0,3,1.0,0.75,0.8571428571428571,0.805956603295735,0.8905809637011326,3,12
yolo11l-seg.pt,MOTS20-09,303,12,1,95,9,0,3,1.0,0.75,0.8571428571428571,0.7937907285210107,0.8822598515837465,3,12
yolo11l-seg.pt,MOTS20-09,304,12,1,93,9,0,3,1.0,0.75,0.8571428571428571,0.7914079046335804,0.8811664990379425,3,12
yolo11l-seg.pt,MOTS20-09,305,12,1,85,9,0,3,1.0,0.75,0.8571428571428571,0.7844019755691558,0.8761996913569651,3,12
yolo11l-seg.pt,MOTS20-09,306,12,1,89,9,1,3,0.9,0.75,0.8181818181818182,0.7708355194939304,0.8668725161611304,3,13
yolo11l-seg.pt,MOTS20-09,307,12,1,96,8,0,4,1.0,0.6666666666666666,0.8,0.778263695200938,0.8711371583077674,3,11
yolo11l-seg.pt,MOTS20-09,308,11,1,86,9,0,2,1.0,0.8181818181818182,0.9,0.7887323392233984,0.8786819033831801,1,10
yolo11l-seg.pt,MOTS20-09,309,12,1,78,9,0,3,1.0,0.75,0.8571428571428571,0.7813352875901745,0.8744965829940478,1,10
yolo11l-seg.pt,MOTS20-09,310,12,1,101,9,0,3,1.0,0.75,0.8571428571428571,0.77622957909483,0.8695526221139911,1,10
yolo11l-seg.pt,MOTS20-09,311,11,1,95,8,1,3,0.8888888888888888,0.7272727272727273,0.8,0.8305044499776741,0.905872284791576,1,10
yolo11l-seg.pt,MOTS20-09,312,10,1,83,9,0,1,1.0,0.9,0.9473684210526315,0.7924223172437899,0.8799363269058853,2,11
yolo11l-seg.pt,MOTS20-09,313,10,1,90,9,0,1,1.0,0.9,0.9473684210526315,0.8055074280802956,0.8887483911551471,1,10
yolo11l-seg.pt,MOTS20-09,314,12,1,89,9,0,3,1.0,0.75,0.8571428571428571,0.7815050947142039,0.8722059403439779,1,10
yolo11l-seg.pt,MOTS20-09,315,11,1,86,9,0,2,1.0,0.8181818181818182,0.9,0.7795659362076018,0.8709532738111244,1,10
yolo11l-seg.pt,MOTS20-09,316,10,1,88,10,1,0,0.9090909090909091,1.0,0.9523809523809523,0.7734412050135903,0.8676683906532325,1,12
yolo11l-seg.pt,MOTS20-09,317,10,1,93,10,0,0,1.0,1.0,1.0,0.7759125714844897,0.8689454498517742,1,11
yolo11l-seg.pt,MOTS20-09,318,10,1,88,9,3,1,0.75,0.9,0.8181818181818182,0.8061679159992152,0.8902476446368875,1,13
yolo11l-seg.pt,MOTS20-09,319,10,1,93,8,0,2,1.0,0.8,0.8888888888888888,0.8008330949116096,0.8861899503602166,4,12
yolo11l-seg.pt,MOTS20-09,320,10,1,84,8,1,2,0.8888888888888888,0.8,0.8421052631578947,0.8032950806922361,0.8871516811872047,3,12
yolo11l-seg.pt,MOTS20-09,321,11,1,89,9,1,2,0.9,0.8181818181818182,0.8571428571428571,0.788442841188056,0.8783766124745399,2,12
yolo11l-seg.pt,MOTS20-09,322,10,1,70,9,1,1,0.9,0.9,0.9,0.796867535282828,0.8850757834204439,2,12
yolo11l-seg.pt,MOTS20-09,323,10,1,59,10,0,0,1.0,1.0,1.0,0.7705793127368776,0.8662003815139275,2,12
yolo11l-seg.pt,MOTS20-09,324,10,1,63,10,0,0,1.0,1.0,1.0,0.7814777613358059,0.8733926585968979,2,12
yolo11l-seg.pt,MOTS20-09,325,10,1,65,10,2,0,0.8333333333333334,1.0,0.9090909090909091,0.7750502063192253,0.8678032076901967,2,14
yolo11l-seg.pt,MOTS20-09,326,10,1,73,10,1,0,0.9090909090909091,1.0,0.9523809523809523,0.7783877017730194,0.871532799127667,1,12
yolo11l-seg.pt,MOTS20-09,327,9,1,82,9,1,0,0.9,1.0,0.9473684210526315,0.794426627153925,0.8808385213524069,2,12
yolo11l-seg.pt,MOTS20-09,328,9,1,83,8,2,1,0.8,0.8888888888888888,0.8421052631578947,0.8195398722692657,0.8995757356614802,1,11
yolo11l-seg.pt,MOTS20-09,329,9,1,81,8,1,1,0.8888888888888888,0.8888888888888888,0.8888888888888888,0.8009369044012746,0.8870040152787655,2,11
yolo11l-seg.pt,MOTS20-09,330,10,1,81,9,1,1,0.9,0.9,0.9,0.7889453461472686,0.878539428235919,2,12
yolo11l-seg.pt,MOTS20-09,331,10,1,85,9,0,1,1.0,0.9,0.9473684210526315,0.7716055915498098,0.8655653609798901,3,12
yolo11l-seg.pt,MOTS20-09,332,10,1,82,7,2,3,0.7777777777777778,0.7,0.7368421052631579,0.8297104686955711,0.9065345833289719,2,11
yolo11l-seg.pt,MOTS20-09,333,9,1,86,8,1,1,0.8888888888888888,0.8888888888888888,0.8888888888888888,0.793643401380794,0.880315016723882,2,11
yolo11l-seg.pt,MOTS20-09,334,9,1,78,8,1,1,0.8888888888888888,0.8888888888888888,0.8888888888888888,0.818296758022785,0.8986425203165838,1,10
yolo11l-seg.pt,MOTS20-09,335,9,1,65,8,0,1,1.0,0.8888888888888888,0.9411764705882353,0.7920224396954688,0.8822002279190424,1,9
yolo11l-seg.pt,MOTS20-09,336,9,1,65,8,0,1,1.0,0.8888888888888888,0.9411764705882353,0.7985176545225621,0.8862995801092654,1,9
yolo11l-seg.pt,MOTS20-09,337,9,1,61,8,0,1,1.0,0.8888888888888888,0.9411764705882353,0.8126446349711249,0.89598126414782,1,9
yolo11l-seg.pt,MOTS20-09,338,8,1,67,8,0,0,1.0,1.0,1.0,0.8173744597541868,0.898896791477947,1,9
yolo11l-seg.pt,MOTS20-09,339,8,1,80,8,0,0,1.0,1.0,1.0,0.8148304291859193,0.8970588719404784,1,9
yolo11l-seg.pt,MOTS20-09,340,8,1,80,8,0,0,1.0,1.0,1.0,0.8316848000246408,0.907514013195841,1,9
yolo11l-seg.pt,MOTS20-09,341,9,1,83,9,0,0,1.0,1.0,1.0,0.8010483953843197,0.8873070966975138,1,10
yolo11l-seg.pt,MOTS20-09,342,9,1,74,9,1,0,0.9,1.0,0.9473684210526315,0.7978165808145861,0.8837090425174792,1,11
yolo11l-seg.pt,MOTS20-09,343,9,1,77,9,2,0,0.8181818181818182,1.0,0.9,0.809196660797219,0.8921552074965725,2,13
yolo11l-seg.pt,MOTS20-09,344,9,1,73,8,3,1,0.7272727272727273,0.8888888888888888,0.8,0.8104593684286518,0.8923264097553469,1,12
yolo11l-seg.pt,MOTS20-09,345,10,1,97,7,2,3,0.7777777777777778,0.7,0.7368421052631579,0.7975577155059106,0.8833430711775374,1,10
yolo11l-seg.pt,MOTS20-09,346,9,1,92,8,4,1,0.6666666666666666,0.8888888888888888,0.7619047619047619,0.763417339591286,0.8596205577671863,1,13
yolo11l-seg.pt,MOTS20-09,347,9,1,84,8,0,1,1.0,0.8888888888888888,0.9411764705882353,0.7721581237925152,0.8671048951773399,2,10
yolo11l-seg.pt,MOTS20-09,348,9,1,87,8,0,1,1.0,0.8888888888888888,0.9411764705882353,0.7743607373929069,0.869375749125017,2,10
yolo11l-seg.pt,MOTS20-09,349,9,1,76,8,0,1,1.0,0.8888888888888888,0.9411764705882353,0.7935252519060374,0.8828955342804539,2,10
yolo11l-seg.pt,MOTS20-09,350,9,1,71,8,0,1,1.0,0.8888888888888888,0.9411764705882353,0.8079004978898584,0.8922462419029938,2,10
yolo11l-seg.pt,MOTS20-09,351,9,1,66,8,0,1,1.0,0.8888888888888888,0.9411764705882353,0.8061411939187446,0.8908594835203958,2,10
yolo11l-seg.pt,MOTS20-09,352,9,1,78,8,1,1,0.8888888888888888,0.8888888888888888,0.8888888888888888,0.8053340217156,0.890351691148584,2,11
yolo11l-seg.pt,MOTS20-09,353,9,1,83,8,1,1,0.8888888888888888,0.8888888888888888,0.8888888888888888,0.7688659184995743,0.8659835695366946,2,11
yolo11l-seg.pt,MOTS20-09,354,9,1,92,8,1,1,0.8888888888888888,0.8888888888888888,0.8888888888888888,0.7589676885476713,0.8600760503454857,2,11
yolo11l-seg.pt,MOTS20-09,355,9,1,88,8,1,1,0.8888888888888888,0.8888888888888888,0.8888888888888888,0.7894345142139618,0.8807668053550933,2,11
yolo11l-seg.pt,MOTS20-09,356,9,1,94,9,0,0,1.0,1.0,1.0,0.7661537709319046,0.8640358562870121,2,11
yolo11l-seg.pt,MOTS20-09,357,9,1,99,9,1,0,0.9,1.0,0.9473684210526315,0.7611328156490687,0.8603287662023977,1,11
yolo11l-seg.pt,MOTS20-09,358,9,1,97,9,1,0,0.9,1.0,0.9473684210526315,0.7341576745825227,0.8397487788627384,1,11
yolo11l-seg.pt,MOTS20-09,359,9,1,98,8,1,1,0.8888888888888888,0.8888888888888888,0.8888888888888888,0.754250416510549,0.8546265807370544,1,10
yolo11l-seg.pt,MOTS20-09,360,9,1,95,7,2,2,0.7777777777777778,0.7777777777777778,0.7777777777777778,0.7923604592524501,0.8814354450901859,3,12
yolo11l-seg.pt,MOTS20-09,361,10,1,81,9,2,1,0.8181818181818182,0.9,0.8571428571428571,0.7644151160252368,0.8609031683572227,1,12
yolo11l-seg.pt,MOTS20-09,362,9,1,80,8,2,1,0.8,0.8888888888888888,0.8421052631578947,0.745799297552143,0.8489865349176833,2,12
yolo11l-seg.pt,MOTS20-09,363,10,1,79,10,1,0,0.9090909090909091,1.0,0.9523809523809523,0.7280989766706731,0.8357738927991261,1,12
yolo11l-seg.pt,MOTS20-09,364,10,1,90,8,2,2,0.8,0.8,0.8,0.7998070193416993,0.8867689901510198,1,11
yolo11l-seg.pt,MOTS20-09,365,10,1,72,8,1,2,0.8888888888888888,0.8,0.8421052631578947,0.8091437209429237,0.8928699118426577,1,10
yolo11l-seg.pt,MOTS20-09,366,10,1,77,9,1,1,0.9,0.9,0.9,0.7705507167428828,0.8670260400770617,0,10
yolo11l-seg.pt,MOTS20-09,367,10,1,91,10,0,0,1.0,1.0,1.0,0.7525948249338408,0.8516849450916105,0,10
yolo11l-seg.pt,MOTS20-09,368,10,1,94,9,3,1,0.75,0.9,0.8181818181818182,0.8031205849360501,0.8879792480763821,1,13
yolo11l-seg.pt,MOTS20-09,369,10,1,75,9,0,1,1.0,0.9,0.9473684210526315,0.8016605903692938,0.8879521877184282,2,11
yolo11l-seg.pt,MOTS20-09,370,10,1,71,9,1,1,0.9,0.9,0.9,0.7988187947917739,0.8870255899871425,0,10
yolo11l-seg.pt,MOTS20-09,371,11,1,75,9,2,2,0.8181818181818182,0.8181818181818182,0.8181818181818182,0.7790437717992419,0.8733611620485957,0,11
yolo11l-seg.pt,MOTS20-09,372,10,1,67,9,3,1,0.75,0.9,0.8181818181818182,0.7734993393245858,0.8699748508891522,0,12
yolo11l-seg.pt,MOTS20-09,373,10,1,69,10,1,0,0.9090909090909091,1.0,0.9523809523809523,0.7825254746973446,0.8760648668866976,0,11
yolo11l-seg.pt,MOTS20-09,374,10,1,74,10,1,0,0.9090909090909091,1.0,0.9523809523809523,0.7767329675799912,0.8721573298942831,0,11
yolo11l-seg.pt,MOTS20-09,375,10,1,93,10,1,0,0.9090909090909091,1.0,0.9523809523809523,0.7888334189993108,0.879242154820534,1,12
yolo11l-seg.pt,MOTS20-09,376,10,1,88,10,1,0,0.9090909090909091,1.0,0.9523809523809523,0.7675641635151742,0.8652851435854558,3,14
yolo11l-seg.pt,MOTS20-09,377,10,1,88,10,0,0,1.0,1.0,1.0,0.7721869340238694,0.8688305185571797,2,12
yolo11l-seg.pt,MOTS20-09,378,10,1,79,10,0,0,1.0,1.0,1.0,0.7944289937369403,0.8833895167532368,2,12
yolo11l-seg.pt,MOTS20-09,379,10,1,93,10,1,0,0.9090909090909091,1.0,0.9523809523809523,0.7863423730060253,0.8783669834314491,4,15
yolo11l-seg.pt,MOTS20-09,380,10,1,85,10,0,0,1.0,1.0,1.0,0.7782238640793133,0.8721115914804247,2,12
yolo11l-seg.pt,MOTS20-09,381,10,1,91,10,0,0,1.0,1.0,1.0,0.7574809142679386,0.8577539800697267,2,12
yolo11l-seg.pt,MOTS20-09,382,10,1,74,9,1,1,0.9,0.9,0.9,0.7549101113761219,0.8560264304304117,2,12
yolo11l-seg.pt,MOTS20-09,383,10,1,94,9,1,1,0.9,0.9,0.9,0.7594180181878623,0.8584604091520317,2,12
yolo11l-seg.pt,MOTS20-09,384,10,1,87,9,0,1,1.0,0.9,0.9473684210526315,0.7603291276009924,0.8603138734859237,1,10
yolo11l-seg.pt,MOTS20-09,385,10,1,102,9,1,1,0.9,0.9,0.9,0.7557567395516763,0.8560729118186887,1,11
yolo11l-seg.pt,MOTS20-09,386,10,1,82,10,0,0,1.0,1.0,1.0,0.734333847186832,0.841615562575013,1,11
yolo11l-seg.pt,MOTS20-09,387,10,1,77,10,0,0,1.0,1.0,1.0,0.7345993221029425,0.8419648644932295,1,11
yolo11l-seg.pt,MOTS20-09,388,10,1,74,10,0,0,1.0,1.0,1.0,0.746961957022471,0.8506388707978377,1,11
yolo11l-seg.pt,MOTS20-09,389,10,1,85,10,0,0,1.0,1.0,1.0,0.7400458114680056,0.8452802111029538,1,11
yolo11l-seg.pt,MOTS20-09,390,10,1,69,9,1,1,0.9,0.9,0.9,0.7250929244253488,0.8339700444068776,1,11
yolo11l-seg.pt,MOTS20-09,391,10,1,83,10,0,0,1.0,1.0,1.0,0.7213805815024429,0.8316555432657395,1,11
yolo11l-seg.pt,MOTS20-09,392,10,1,85,9,1,1,0.9,0.9,0.9,0.7502193988535734,0.8510460057601207,1,11
yolo11l-seg.pt,MOTS20-09,393,9,1,75,9,1,0,0.9,1.0,0.9473684210526315,0.7546878143962341,0.8540597748379067,2,12
yolo11l-seg.pt,MOTS20-09,394,10,1,64,8,1,2,0.8888888888888888,0.8,0.8421052631578947,0.7583518100239549,0.8571476110388401,2,11
yolo11l-seg.pt,MOTS20-09,395,10,1,60,8,1,2,0.8888888888888888,0.8,0.8421052631578947,0.7450848527045811,0.8477246953641367,2,11
yolo11l-seg.pt,MOTS20-09,396,10,1,64,7,2,3,0.7777777777777778,0.7,0.7368421052631579,0.7617694394017717,0.8610467113135566,2,11
yolo11l-seg.pt,MOTS20-09,397,9,1,73,7,0,2,1.0,0.7777777777777778,0.875,0.7857800891929713,0.8780599011657246,1,8
yolo11l-seg.pt,MOTS20-09,398,9,1,65,7,0,2,1.0,0.7777777777777778,0.875,0.7892857943790695,0.8808156486991788,1,8
yolo11l-seg.pt,MOTS20-09,399,8,1,76,7,1,1,0.875,0.875,0.875,0.775364121287479,0.871127438661582,1,9
yolo11l-seg.pt,MOTS20-09,400,8,1,73,7,1,1,0.875,0.875,0.875,0.7830249970049797,0.8763631176931782,1,9
yolo11l-seg.pt,MOTS20-09,401,8,1,73,7,1,1,0.875,0.875,0.875,0.7742050359564289,0.8703216714950714,1,9
yolo11l-seg.pt,MOTS20-09,402,9,1,69,7,0,2,1.0,0.7777777777777778,0.875,0.7649382237412475,0.8645621447567492,1,8
yolo11l-seg.pt,MOTS20-09,403,9,1,66,7,0,2,1.0,0.7777777777777778,0.875,0.7747024080735362,0.8715400317741978,1,8
yolo11l-seg.pt,MOTS20-09,404,9,1,62,7,1,2,0.875,0.7777777777777778,0.8235294117647058,0.781279745731508,0.875319303210567,1,9
yolo11l-seg.pt,MOTS20-09,405,9,1,62,8,0,1,1.0,0.8888888888888888,0.9411764705882353,0.7589244576177929,0.8573403815411351,1,9
yolo11l-seg.pt,MOTS20-09,406,8,1,67,7,0,1,1.0,0.875,0.9333333333333333,0.7827605296523806,0.8755113052193364,1,8
yolo11l-seg.pt,MOTS20-09,407,8,1,59,7,1,1,0.875,0.875,0.875,0.7849823279262008,0.8775335687203535,1,9
yolo11l-seg.pt,MOTS20-09,408,8,1,66,7,1,1,0.875,0.875,0.875,0.8011191527662955,0.888161499704946,2,10
yolo11l-seg.pt,MOTS20-09,409,9,1,85,7,1,2,0.875,0.7777777777777778,0.8235294117647058,0.7869219414951745,0.8786568920019192,2,10
yolo11l-seg.pt,MOTS20-09,410,9,1,77,7,1,2,0.875,0.7777777777777778,0.8235294117647058,0.7692665894757058,0.8658845760609627,2,10
yolo11l-seg.pt,MOTS20-09,411,9,1,83,8,0,1,1.0,0.8888888888888888,0.9411764705882353,0.7433084924074062,0.84801535709573,2,10
yolo11l-seg.pt,MOTS20-09,412,9,1,76,8,0,1,1.0,0.8888888888888888,0.9411764705882353,0.7415867672659185,0.8482070805280306,1,9
yolo11l-seg.pt,MOTS20-09,413,9,1,78,6,1,3,0.8571428571428571,0.6666666666666666,0.75,0.7950867699021896,0.8843336831246152,1,8
yolo11l-seg.pt,MOTS20-09,414,9,1,78,7,0,2,1.0,0.7777777777777778,0.875,0.7437711306410403,0.8489570739554418,2,9
yolo11l-seg.pt,MOTS20-09,415,9,1,80,7,1,2,0.875,0.7777777777777778,0.8235294117647058,0.7500942594127029,0.8519446322924401,2,10
yolo11l-seg.pt,MOTS20-09,416,9,1,80,7,0,2,1.0,0.7777777777777778,0.875,0.7396177620074932,0.8442093814517188,2,9
yolo11l-seg.pt,MOTS20-09,417,9,1,80,8,0,1,1.0,0.8888888888888888,0.9411764705882353,0.7082395531205188,0.82256374663475,2,10
yolo11l-seg.pt,MOTS20-09,418,9,1,100,8,1,1,0.8888888888888888,0.8888888888888888,0.8888888888888888,0.7111054110183145,0.8251743382587342,2,11
yolo11l-seg.pt,MOTS20-09,419,9,1,92,8,0,1,1.0,0.8888888888888888,0.9411764705882353,0.7466464788408335,0.8517338722651373,2,10
yolo11l-seg.pt,MOTS20-09,420,9,1,87,8,0,1,1.0,0.8888888888888888,0.9411764705882353,0.7410875792777337,0.8480142690521781,1,9
yolo11l-seg.pt,MOTS20-09,421,9,1,79,8,0,1,1.0,0.8888888888888888,0.9411764705882353,0.7506944379820703,0.8539628464691187,1,9
yolo11l-seg.pt,MOTS20-09,422,9,1,81,8,2,1,0.8,0.8888888888888888,0.8421052631578947,0.7539051954184391,0.8562640135870774,1,11
yolo11l-seg.pt,MOTS20-09,423,9,1,81,8,1,1,0.8888888888888888,0.8888888888888888,0.8888888888888888,0.7541205739968502,0.856367095642624,1,10
yolo11l-seg.pt,MOTS20-09,424,9,1,69,8,1,1,0.8888888888888888,0.8888888888888888,0.8888888888888888,0.7672249654949661,0.864068784358994,1,10
yolo11l-seg.pt,MOTS20-09,425,10,1,74,9,0,1,1.0,0.9,0.9473684210526315,0.7438815678905031,0.8479786337014361,1,10
yolo11l-seg.pt,MOTS20-09,426,10,1,76,8,1,2,0.8888888888888888,0.8,0.8421052631578947,0.769773228755861,0.8676402760575831,1,10
yolo11l-seg.pt,MOTS20-09,427,10,1,75,9,0,1,1.0,0.9,0.9473684210526315,0.7581216354406801,0.8595090121372955,1,10
yolo11l-seg.pt,MOTS20-09,428,10,1,85,9,0,1,1.0,0.9,0.9473684210526315,0.7570148416438104,0.8587877135769698,1,10
yolo11l-seg.pt,MOTS20-09,429,9,1,88,9,0,0,1.0,1.0,1.0,0.7751682408147217,0.8714080663406512,1,10
yolo11l-seg.pt,MOTS20-09,430,9,1,83,9,0,0,1.0,1.0,1.0,0.7716537662815581,0.8690886139901354,2,11
yolo11l-seg.pt,MOTS20-09,431,9,1,92,9,0,0,1.0,1.0,1.0,0.7680602841507967,0.8660010097141182,3,12
yolo11l-seg.pt,MOTS20-09,432,9,1,86,9,0,0,1.0,1.0,1.0,0.7710925584767844,0.8671735834055946,3,12
yolo11l-seg.pt,MOTS20-09,433,9,1,85,9,0,0,1.0,1.0,1.0,0.7729052315917273,0.8691671073104043,2,11
yolo11l-seg.pt,MOTS20-09,434,9,1,87,9,0,0,1.0,1.0,1.0,0.7835955434848954,0.8756337942906335,2,11
yolo11l-seg.pt,MOTS20-09,435,9,1,89,9,0,0,1.0,1.0,1.0,0.7624506427026575,0.8622255948267725,2,11
yolo11l-seg.pt,MOTS20-09,436,9,1,66,9,0,0,1.0,1.0,1.0,0.7728262413588998,0.8696398394257455,2,11
yolo11l-seg.pt,MOTS20-09,437,9,1,80,9,0,0,1.0,1.0,1.0,0.7552495799757586,0.8581474715654809,2,11
yolo11l-seg.pt,MOTS20-09,438,10,1,85,10,1,0,0.9090909090909091,1.0,0.9523809523809523,0.7566128879839653,0.8584273194522913,2,13
yolo11l-seg.pt,MOTS20-09,439,10,1,84,9,0,1,1.0,0.9,0.9473684210526315,0.7607662700943703,0.8603194420627477,2,11
yolo11l-seg.pt,MOTS20-09,440,9,1,76,9,1,0,0.9,1.0,0.9473684210526315,0.772950972156978,0.8691097208151533,3,13
yolo11l-seg.pt,MOTS20-09,441,9,1,77,9,0,0,1.0,1.0,1.0,0.7706833826253137,0.8669579504873121,2,11
yolo11l-seg.pt,MOTS20-09,442,10,1,64,10,1,0,0.9090909090909091,1.0,0.9523809523809523,0.7391128685703462,0.8446459193310215,1,12
yolo11l-seg.pt,MOTS20-09,443,10,1,74,10,1,0,0.9090909090909091,1.0,0.9523809523809523,0.7444789792934747,0.8491842316997177,1,12
yolo11l-seg.pt,MOTS20-09,444,9,1,66,9,0,0,1.0,1.0,1.0,0.7603426789871945,0.8594570077494781,2,11
yolo11l-seg.pt,MOTS20-09,445,9,1,75,9,0,0,1.0,1.0,1.0,0.7635388938461711,0.8617050228902665,1,10
yolo11l-seg.pt,MOTS20-09,446,9,1,67,8,0,1,1.0,0.8888888888888888,0.9411764705882353,0.7884431277736418,0.8791780202586357,1,9
yolo11l-seg.pt,MOTS20-09,447,10,1,80,8,0,2,1.0,0.8,0.8888888888888888,0.7835610564659088,0.8764265878268851,1,9
yolo11l-seg.pt,MOTS20-09,448,9,1,72,9,0,0,1.0,1.0,1.0,0.7689286987395829,0.8669681469610555,1,10
yolo11l-seg.pt,MOTS20-09,449,9,1,83,9,0,0,1.0,1.0,1.0,0.788428219981348,0.8802060913069605,1,10
yolo11l-seg.pt,MOTS20-09,450,9,1,93,8,0,1,1.0,0.8888888888888888,0.9411764705882353,0.7730869392351749,0.869831663570112,1,9
yolo11l-seg.pt,MOTS20-09,451,9,1,94,7,0,2,1.0,0.7777777777777778,0.875,0.7856239309059153,0.8778429795621415,1,8
yolo11l-seg.pt,MOTS20-09,452,8,1,100,7,0,1,1.0,0.875,0.9333333333333333,0.7814862782536339,0.8753722156683773,1,8
yolo11l-seg.pt,MOTS20-09,453,10,1,85,7,0,3,1.0,0.7,0.8235294117647058,0.7773921213206751,0.8720551660204494,1,8
yolo11l-seg.pt,MOTS20-09,454,10,1,103,7,1,3,0.875,0.7,0.7777777777777778,0.7897781879039958,0.8810474752097862,1,9
yolo11l-seg.pt,MOTS20-09,455,10,1,95,7,0,3,1.0,0.7,0.8235294117647058,0.7680041949955402,0.865428415585472,1,8
yolo11l-seg.pt,MOTS20-09,456,10,1,87,6,1,4,0.8571428571428571,0.6,0.7058823529411765,0.8000698103875048,0.8869237341731777,1,8
yolo11l-seg.pt,MOTS20-09,457,8,1,56,6,0,2,1.0,0.75,0.8571428571428571,0.798227010817476,0.8867625404979376,1,7
yolo11l-seg.pt,MOTS20-09,458,8,1,60,7,1,1,0.875,0.875,0.875,0.7846116141860741,0.8758111025044263,1,9
yolo11l-seg.pt,MOTS20-09,459,7,1,64,7,1,0,0.875,1.0,0.9333333333333333,0.8162950977482393,0.8969276827322609,2,10
yolo11l-seg.pt,MOTS20-09,460,8,1,62,8,1,0,0.8888888888888888,1.0,0.9411764705882353,0.7848458673155579,0.8760129920848142,1,10
yolo11l-seg.pt,MOTS20-09,461,9,1,61,8,0,1,1.0,0.8888888888888888,0.9411764705882353,0.7799866784859015,0.8748244121743292,0,8
yolo11l-seg.pt,MOTS20-09,462,10,1,56,8,0,2,1.0,0.8,0.8888888888888888,0.7827550785115482,0.8771326772466934,0,8
yolo11l-seg.pt,MOTS20-09,463,10,1,55,8,0,2,1.0,0.8,0.8888888888888888,0.8009849875634036,0.8885540867686306,0,8
yolo11l-seg.pt,MOTS20-09,464,10,1,68,8,0,2,1.0,0.8,0.8888888888888888,0.7871138158740607,0.8795008703335405,0,8
yolo11l-seg.pt,MOTS20-09,465,10,1,63,8,0,2,1.0,0.8,0.8888888888888888,0.7982078159538195,0.8861865503278975,0,8
yolo11l-seg.pt,MOTS20-09,466,10,1,76,9,1,1,0.9,0.9,0.9,0.7730968860144904,0.8685667561860563,0,10
yolo11l-seg.pt,MOTS20-09,467,11,1,82,9,1,2,0.9,0.8181818181818182,0.8571428571428571,0.7887428901318958,0.8788999500288305,0,10
yolo11l-seg.pt,MOTS20-09,468,11,1,76,9,3,2,0.75,0.8181818181818182,0.782608695652174,0.7741659485724338,0.8676407429297615,1,13
yolo11l-seg.pt,MOTS20-09,469,11,1,60,8,2,3,0.8,0.7272727272727273,0.7619047619047619,0.8138063589842733,0.895902979176417,1,11
yolo11l-seg.pt,MOTS20-09,470,11,1,71,9,1,2,0.9,0.8181818181818182,0.8571428571428571,0.7909165188781071,0.8810939986575315,1,11
yolo11l-seg.pt,MOTS20-09,471,12,1,66,9,1,3,0.9,0.75,0.8181818181818182,0.7827953110535275,0.8747642851093611,1,11
yolo11l-seg.pt,MOTS20-09,472,11,1,66,8,1,3,0.8888888888888888,0.7272727272727273,0.8,0.7765575984888914,0.8715021629019054,2,11
yolo11l-seg.pt,MOTS20-09,473,11,1,77,8,1,3,0.8888888888888888,0.7272727272727273,0.8,0.7611959293125454,0.8612982909647398,3,12
yolo11l-seg.pt,MOTS20-09,474,11,1,70,8,1,3,0.8888888888888888,0.7272727272727273,0.8,0.7635392410458873,0.8632718776256416,1,10
yolo11l-seg.pt,MOTS20-09,475,10,1,75,8,1,2,0.8888888888888888,0.8,0.8421052631578947,0.7595959162859957,0.860344323355236,2,11
yolo11l-seg.pt,MOTS20-09,476,10,1,69,8,1,2,0.8888888888888888,0.8,0.8421052631578947,0.7677029775389257,0.8654213743975422,2,11
yolo11l-seg.pt,MOTS20-09,477,10,1,72,8,0,2,1.0,0.8,0.8888888888888888,0.7735337075891837,0.8693796114791128,1,9
yolo11l-seg.pt,MOTS20-09,478,10,1,68,8,1,2,0.8888888888888888,0.8,0.8421052631578947,0.7749662583867976,0.870608794408575,2,11
yolo11l-seg.pt,MOTS20-09,479,10,1,66,8,0,2,1.0,0.8,0.8888888888888888,0.7568837863038307,0.8588141713121082,2,10
yolo11l-seg.pt,MOTS20-09,480,10,1,77,8,0,2,1.0,0.8,0.8888888888888888,0.7474804544163615,0.8526353183132791,1,9
yolo11l-seg.pt,MOTS20-09,481,10,1,99,7,0,3,1.0,0.7,0.8235294117647058,0.7707000005713847,0.8692866354239339,1,8
yolo11l-seg.pt,MOTS20-09,482,11,1,74,8,0,3,1.0,0.7272727272727273,0.8421052631578947,0.7592355045422503,0.8615695400554371,2,10
yolo11l-seg.pt,MOTS20-09,483,10,1,63,8,0,2,1.0,0.8,0.8888888888888888,0.7643417200533621,0.8654188904018316,2,10
yolo11l-seg.pt,MOTS20-09,484,10,1,57,8,0,2,1.0,0.8,0.8888888888888888,0.772040088619081,0.8694164116051087,2,10
yolo11l-seg.pt,MOTS20-09,485,11,1,48,8,0,3,1.0,0.7272727272727273,0.8421052631578947,0.7781374738354345,0.8731174305461129,2,10
yolo11l-seg.pt,MOTS20-09,486,11,1,58,9,0,2,1.0,0.8181818181818182,0.9,0.7374463930333208,0.8413837560895215,1,10
yolo11l-seg.pt,MOTS20-09,487,11,1,53,8,0,3,1.0,0.7272727272727273,0.8421052631578947,0.7702126755825913,0.8658317167119356,1,9
yolo11l-seg.pt,MOTS20-09,488,11,1,47,8,0,3,1.0,0.7272727272727273,0.8421052631578947,0.7651796098887474,0.8613508374962136,1,9
yolo11l-seg.pt,MOTS20-09,489,11,1,66,7,1,4,0.875,0.6363636363636364,0.7368421052631579,0.8017331607318683,0.8874956971766921,1,9
yolo11l-seg.pt,MOTS20-09,490,10,1,58,7,1,3,0.875,0.7,0.7777777777777778,0.8179286980981517,0.8984193063235466,1,9
yolo11l-seg.pt,MOTS20-09,491,10,1,55,7,1,3,0.875,0.7,0.7777777777777778,0.7820795605442863,0.8748782662623447,1,9
yolo11l-seg.pt,MOTS20-09,492,10,1,51,8,0,2,1.0,0.8,0.8888888888888888,0.7683541094975205,0.8652381645174383,1,9
yolo11l-seg.pt,MOTS20-09,493,10,1,54,7,1,3,0.875,0.7,0.7777777777777778,0.7843877324812362,0.8776316896833889,1,9
yolo11l-seg.pt,MOTS20-09,494,10,1,70,7,1,3,0.875,0.7,0.7777777777777778,0.7870492574650986,0.8788928799374818,2,10
yolo11l-seg.pt,MOTS20-09,495,9,1,83,8,1,1,0.8888888888888888,0.8888888888888888,0.8888888888888888,0.7653579328041997,0.8619528949259897,3,12
yolo11l-seg.pt,MOTS20-09,496,9,1,77,8,1,1,0.8888888888888888,0.8888888888888888,0.8888888888888888,0.7853632168789355,0.8767333793387045,3,12
yolo11l-seg.pt,MOTS20-09,497,9,1,64,8,0,1,1.0,0.8888888888888888,0.9411764705882353,0.791742514374517,0.8811051269802914,2,10
yolo11l-seg.pt,MOTS20-09,498,9,1,74,8,0,1,1.0,0.8888888888888888,0.9411764705882353,0.7784053592044329,0.8720302990592954,2,10
yolo11l-seg.pt,MOTS20-09,499,9,1,85,8,0,1,1.0,0.8888888888888888,0.9411764705882353,0.7713256957607466,0.8663797558211397,2,10
yolo11l-seg.pt,MOTS20-09,500,9,1,72,9,0,0,1.0,1.0,1.0,0.7388261814451921,0.8450037142745728,2,11
yolo11l-seg.pt,MOTS20-09,501,9,1,70,9,0,0,1.0,1.0,1.0,0.7493166095404378,0.8529284245399597,2,11
yolo11l-seg.pt,MOTS20-09,502,9,1,68,9,0,0,1.0,1.0,1.0,0.7640439178418652,0.8622292087300987,2,11
yolo11l-seg.pt,MOTS20-09,503,9,1,69,9,0,0,1.0,1.0,1.0,0.7545142882614012,0.8555081670436986,2,11
yolo11l-seg.pt,MOTS20-09,504,9,1,71,9,0,0,1.0,1.0,1.0,0.7616311662456048,0.8615046038308729,2,11
yolo11l-seg.pt,MOTS20-09,505,10,1,75,8,1,2,0.8888888888888888,0.8,0.8421052631578947,0.7668120688226772,0.8649004409289105,2,11
yolo11l-seg.pt,MOTS20-09,506,10,1,78,9,0,1,1.0,0.9,0.9473684210526315,0.749105867123224,0.8514877664638976,2,11
yolo11l-seg.pt,MOTS20-09,507,10,1,72,9,0,1,1.0,0.9,0.9473684210526315,0.7576487289690427,0.85959366717135,3,12
yolo11l-seg.pt,MOTS20-09,508,10,1,87,9,0,1,1.0,0.9,0.9473684210526315,0.743405408461499,0.8473204653366535,2,11
yolo11l-seg.pt,MOTS20-09,509,10,1,76,9,0,1,1.0,0.9,0.9473684210526315,0.739050496105677,0.8443753706374887,2,11
yolo11l-seg.pt,MOTS20-09,510,9,1,67,7,0,2,1.0,0.7777777777777778,0.875,0.7456773837760667,0.850105014268809,3,10
yolo11l-seg.pt,MOTS20-09,511,9,1,83,7,0,2,1.0,0.7777777777777778,0.875,0.740248923542575,0.8475471053240102,3,10
yolo11l-seg.pt,MOTS20-09,512,10,1,73,8,0,2,1.0,0.8,0.8888888888888888,0.743198548344335,0.8490895727188348,1,9
yolo11l-seg.pt,MOTS20-09,513,10,1,82,8,0,2,1.0,0.8,0.8888888888888888,0.7420550728716311,0.8477477177409753,1,9
yolo11l-seg.pt,MOTS20-09,514,10,1,80,8,0,2,1.0,0.8,0.8888888888888888,0.7496582368143176,0.8547773172588218,1,9
yolo11l-seg.pt,MOTS20-09,515,10,1,65,8,1,2,0.8888888888888888,0.8,0.8421052631578947,0.7568607934104362,0.8600674593496536,2,11
yolo11l-seg.pt,MOTS20-09,516,10,1,66,8,1,2,0.8888888888888888,0.8,0.8421052631578947,0.7402072185371317,0.8469379227207778,2,11
yolo11l-seg.pt,MOTS20-09,517,10,1,74,8,0,2,1.0,0.8,0.8888888888888888,0.7337159883966786,0.842947012665278,2,10
yolo11l-seg.pt,MOTS20-09,518,10,1,84,8,1,2,0.8888888888888888,0.8,0.8421052631578947,0.7323710596973247,0.8394410796063166,2,11
yolo11l-seg.pt,MOTS20-09,519,9,1,70,9,0,0,1.0,1.0,1.0,0.6828038528480845,0.8051209495317027,2,11
yolo11l-seg.pt,MOTS20-09,520,9,1,67,7,3,2,0.7,0.7777777777777778,0.7368421052631579,0.7208005473343297,0.8325378291120175,2,12
yolo11l-seg.pt,MOTS20-09,521,10,1,73,7,3,3,0.7,0.7,0.7,0.7395911224432805,0.8458836957658745,2,12
yolo11l-seg.pt,MOTS20-09,522,10,1,75,7,2,3,0.7777777777777778,0.7,0.7368421052631579,0.7474704051779819,0.8491349495831032,2,11
yolo11l-seg.pt,MOTS20-09,523,10,1,84,6,4,4,0.6,0.6,0.6,0.7802882427777504,0.8751562423045022,1,11
yolo11l-seg.pt,MOTS20-09,524,10,1,91,7,1,3,0.875,0.7,0.7777777777777778,0.7256351794800896,0.8348336503756711,2,10
yolo11l-seg.pt,MOTS20-09,525,10,1,88,6,1,4,0.8571428571428571,0.6,0.7058823529411765,0.7545727273801579,0.8537613260490821,1,8
yolo11l-seg.pt,MOTS20-11,1,14,1,119,9,0,5,1.0,0.6428571428571429,0.782608695652174,0.7907657279600128,0.8799680972540643,2,11
yolo11l-seg.pt,MOTS20-11,2,14,1,94,9,0,5,1.0,0.6428571428571429,0.782608695652174,0.7982471173981108,0.8852820617862959,2,11
yolo11l-seg.pt,MOTS20-11,3,14,1,112,9,0,5,1.0,0.6428571428571429,0.782608695652174,0.789161086079953,0.878857632707519,1,10
yolo11l-seg.pt,MOTS20-11,4,14,1,98,10,0,4,1.0,0.7142857142857143,0.8333333333333334,0.7840966827075025,0.8759769514813993,1,11
yolo11l-seg.pt,MOTS20-11,5,14,1,108,9,0,5,1.0,0.6428571428571429,0.782608695652174,0.7907974002016973,0.8801780693381471,4,13
yolo11l-seg.pt,MOTS20-11,6,14,1,100,10,0,4,1.0,0.7142857142857143,0.8333333333333334,0.792106447544524,0.8810065309763895,1,11
yolo11l-seg.pt,MOTS20-11,7,14,1,90,10,0,4,1.0,0.7142857142857143,0.8333333333333334,0.7930603744504844,0.8820584435999338,2,12
yolo11l-seg.pt,MOTS20-11,8,14,1,74,10,1,4,0.9090909090909091,0.7142857142857143,0.8,0.7928538782037318,0.8821025233833254,2,13
yolo11l-seg.pt,MOTS20-11,9,14,1,74,10,1,4,0.9090909090909091,0.7142857142857143,0.8,0.7814597215681706,0.8736488815451153,2,13
yolo11l-seg.pt,MOTS20-11,10,14,1,74,11,0,3,1.0,0.7857142857142857,0.88,0.7497978752429472,0.8514877429220463,2,13
yolo11l-seg.pt,MOTS20-11,11,14,1,79,11,0,3,1.0,0.7857142857142857,0.88,0.7417102661647751,0.846162258765066,1,12
yolo11l-seg.pt,MOTS20-11,12,14,1,91,11,0,3,1.0,0.7857142857142857,0.88,0.7434018099624189,0.847896108774843,1,12
yolo11l-seg.pt,MOTS20-11,13,14,1,89,11,0,3,1.0,0.7857142857142857,0.88,0.7392338172106947,0.8451362362391446,1,12
yolo11l-seg.pt,MOTS20-11,14,16,1,94,11,0,5,1.0,0.6875,0.8148148148148148,0.7454625474561614,0.8492752552679055,2,13
yolo11l-seg.pt,MOTS20-11,15,16,1,97,11,0,5,1.0,0.6875,0.8148148148148148,0.7413208413491332,0.8463337822277393,1,12
yolo11l-seg.pt,MOTS20-11,16,16,1,105,9,0,7,1.0,0.5625,0.72,0.7451475597410111,0.8483044046151044,1,10
yolo11l-seg.pt,MOTS20-11,17,14,1,113,9,0,5,1.0,0.6428571428571429,0.782608695652174,0.7499995084625233,0.8505248599915131,1,10
yolo11l-seg.pt,MOTS20-11,18,14,1,116,9,0,5,1.0,0.6428571428571429,0.782608695652174,0.748630578379658,0.8502776052129819,1,10
yolo11l-seg.pt,MOTS20-11,19,11,1,108,8,0,3,1.0,0.7272727272727273,0.8421052631578947,0.7615596855482264,0.8585202583583038,2,10
yolo11l-seg.pt,MOTS20-11,20,11,1,95,9,0,2,1.0,0.8181818181818182,0.9,0.7436782096235314,0.8480038349418536,2,11
yolo11l-seg.pt,MOTS20-11,21,10,1,105,8,1,2,0.8888888888888888,0.8,0.8421052631578947,0.7279237498720013,0.835520508946306,0,9
yolo11l-seg.pt,MOTS20-11,22,12,1,105,8,1,4,0.8888888888888888,0.6666666666666666,0.7619047619047619,0.7468648435212336,0.8480092997803634,1,10
yolo11l-seg.pt,MOTS20-11,23,13,1,92,9,0,4,1.0,0.6923076923076923,0.8181818181818182,0.7319388307549816,0.8363969507720026,1,10
yolo11l-seg.pt,MOTS20-11,24,11,1,90,8,0,3,1.0,0.7272727272727273,0.8421052631578947,0.7526983010633848,0.852319460280758,2,10
yolo11l-seg.pt,MOTS20-11,25,11,1,108,7,1,4,0.875,0.6363636363636364,0.7368421052631579,0.7753471894641973,0.8679004490276526,1,9
yolo11l-seg.pt,MOTS20-11,26,12,1,114,7,1,5,0.875,0.5833333333333334,0.7,0.8077649696374152,0.8902804584823623,1,9
yolo11l-seg.pt,MOTS20-11,27,12,1,103,8,1,4,0.8888888888888888,0.6666666666666666,0.7619047619047619,0.7712085697075861,0.86399846547081,1,10
yolo11l-seg.pt,MOTS20-11,28,12,1,80,7,0,5,1.0,0.5833333333333334,0.7368421052631579,0.8039022379024348,0.8866791710550956,0,7
yolo11l-seg.pt,MOTS20-11,29,12,1,77,8,1,4,0.8888888888888888,0.6666666666666666,0.7619047619047619,0.7742916820221781,0.8673938578981089,1,10
yolo11l-seg.pt,MOTS20-11,30,12,1,82,9,1,3,0.9,0.75,0.8181818181818182,0.7375366507624954,0.8415447102980068,0,10
yolo11l-seg.pt,MOTS20-11,31,12,1,84,8,1,4,0.8888888888888888,0.6666666666666666,0.7619047619047619,0.7700766362898149,0.8642560674819483,0,9
yolo11l-seg.pt,MOTS20-11,32,12,1,89,9,1,3,0.9,0.75,0.8181818181818182,0.7597148114475866,0.8583122117250156,0,10
yolo11l-seg.pt,MOTS20-11,33,12,1,78,8,1,4,0.8888888888888888,0.6666666666666666,0.7619047619047619,0.7660808206569405,0.8616426456259392,0,9
yolo11l-seg.pt,MOTS20-11,34,12,1,82,8,0,4,1.0,0.6666666666666666,0.8,0.7917721129253139,0.8792459298042952,0,8
yolo11l-seg.pt,MOTS20-11,35,11,1,94,9,0,2,1.0,0.8181818181818182,0.9,0.7893303855187379,0.8784168474806059,0,9
yolo11l-seg.pt,MOTS20-11,36,11,1,100,8,0,3,1.0,0.7272727272727273,0.8421052631578947,0.7845942834907959,0.8735819009841133,0,8
yolo11l-seg.pt,MOTS20-11,37,11,1,84,8,0,3,1.0,0.7272727272727273,0.8421052631578947,0.7930523092077071,0.8808934352363775,0,8
yolo11l-seg.pt,MOTS20-11,38,11,1,90,8,1,3,0.8888888888888888,0.7272727272727273,0.8,0.7815850973204874,0.8718599407552212,0,9
yolo11l-seg.pt,MOTS20-11,39,11,1,99,8,1,3,0.8888888888888888,0.7272727272727273,0.8,0.7824381494839014,0.8732018965849841,0,9
yolo11l-seg.pt,MOTS20-11,40,11,1,104,8,0,3,1.0,0.7272727272727273,0.8421052631578947,0.7915854360891551,0.880541145148034,1,9
yolo11l-seg.pt,MOTS20-11,41,11,1,88,8,0,3,1.0,0.7272727272727273,0.8421052631578947,0.795316902803872,0.8831526615700929,0,8
yolo11l-seg.pt,MOTS20-11,42,12,1,101,8,0,4,1.0,0.6666666666666666,0.8,0.800642123645654,0.8866437215187921,1,9
yolo11l-seg.pt,MOTS20-11,43,12,1,99,8,1,4,0.8888888888888888,0.6666666666666666,0.7619047619047619,0.7882119617770851,0.877231188189698,0,9
yolo11l-seg.pt,MOTS20-11,44,12,1,99,9,0,3,1.0,0.75,0.8571428571428571,0.7798406801421642,0.8729306294618845,0,9
yolo11l-seg.pt,MOTS20-11,45,12,1,88,8,1,4,0.8888888888888888,0.6666666666666666,0.7619047619047619,0.7990136777007864,0.885264944321251,1,10
yolo11l-seg.pt,MOTS20-11,46,10,1,98,8,0,2,1.0,0.8,0.8888888888888888,0.7910101303539598,0.8802884353522438,2,10
yolo11l-seg.pt,MOTS20-11,47,12,1,94,8,0,4,1.0,0.6666666666666666,0.8,0.7970625801483735,0.8843600922346813,2,10
yolo11l-seg.pt,MOTS20-11,48,12,1,87,8,0,4,1.0,0.6666666666666666,0.8,0.7861463515446387,0.8765405916770768,2,10
yolo11l-seg.pt,MOTS20-11,49,12,1,80,9,0,3,1.0,0.75,0.8571428571428571,0.7735452704110737,0.8683542390979784,1,10
yolo11l-seg.pt,MOTS20-11,50,12,1,81,8,0,4,1.0,0.6666666666666666,0.8,0.8035257109217309,0.8885880035042851,1,9
yolo11l-seg.pt,MOTS20-11,51,12,1,73,9,0,3,1.0,0.75,0.8571428571428571,0.774364163603313,0.8667233453439072,1,10
yolo11l-seg.pt,MOTS20-11,52,12,1,92,8,1,4,0.8888888888888888,0.6666666666666666,0.7619047619047619,0.8009387618083106,0.8864785297697108,0,9
yolo11l-seg.pt,MOTS20-11,53,12,1,100,8,0,4,1.0,0.6666666666666666,0.8,0.7978312745449925,0.8837424846242057,1,9
yolo11l-seg.pt,MOTS20-11,54,11,1,107,9,0,2,1.0,0.8181818181818182,0.9,0.7947580680547678,0.8817962770415786,1,10
yolo11l-seg.pt,MOTS20-11,55,11,1,98,9,0,2,1.0,0.8181818181818182,0.9,0.7994612908381576,0.884945030184292,0,9
yolo11l-seg.pt,MOTS20-11,56,12,1,99,9,1,3,0.9,0.75,0.8181818181818182,0.7931192250461829,0.8803266564926834,0,10
yolo11l-seg.pt,MOTS20-11,57,11,1,91,9,1,2,0.9,0.8181818181818182,0.8571428571428571,0.7989411077674561,0.8843075477207932,0,10
yolo11l-seg.pt,MOTS20-11,58,10,1,97,8,1,2,0.8888888888888888,0.8,0.8421052631578947,0.8074331750426702,0.8899718503703646,0,9
yolo11l-seg.pt,MOTS20-11,59,10,1,83,8,1,2,0.8888888888888888,0.8,0.8421052631578947,0.8069777085683165,0.889620607198441,0,9
yolo11l-seg.pt,MOTS20-11,60,11,1,72,9,0,2,1.0,0.8181818181818182,0.9,0.771439155704125,0.8642191987522242,0,9
yolo11l-seg.pt,MOTS20-11,61,11,1,66,9,0,2,1.0,0.8181818181818182,0.9,0.7772674910146521,0.8699390894112725,0,9
yolo11l-seg.pt,MOTS20-11,62,11,1,60,8,0,3,1.0,0.7272727272727273,0.8421052631578947,0.8184713757094505,0.8978593421580461,0,8
yolo11l-seg.pt,MOTS20-11,63,11,1,79,9,0,2,1.0,0.8181818181818182,0.9,0.810781588313089,0.8926087451667366,0,9
yolo11l-seg.pt,MOTS20-11,64,11,1,88,9,0,2,1.0,0.8181818181818182,0.9,0.8059284723811992,0.8873560871119617,0,9
yolo11l-seg.pt,MOTS20-11,65,11,1,88,8,0,3,1.0,0.7272727272727273,0.8421052631578947,0.8252100802699653,0.9014226424959151,1,9
yolo11l-seg.pt,MOTS20-11,66,11,1,79,9,1,2,0.9,0.8181818181818182,0.8571428571428571,0.816358135452216,0.8964495846193675,1,11
yolo11l-seg.pt,MOTS20-11,67,11,1,96,8,0,3,1.0,0.7272727272727273,0.8421052631578947,0.8333046405916745,0.9069783149704387,1,9
yolo11l-seg.pt,MOTS20-11,68,11,1,94,9,0,2,1.0,0.8181818181818182,0.9,0.8095155040470244,0.8923686536401512,0,9
yolo11l-seg.pt,MOTS20-11,69,11,1,99,9,1,2,0.9,0.8181818181818182,0.8571428571428571,0.8047062786205228,0.889130482837417,1,11
yolo11l-seg.pt,MOTS20-11,70,11,1,98,9,1,2,0.9,0.8181818181818182,0.8571428571428571,0.8121999946778432,0.8942237922602989,1,11
yolo11l-seg.pt,MOTS20-11,71,11,1,89,10,0,1,1.0,0.9090909090909091,0.9523809523809523,0.7687676657162685,0.8632343529830756,1,11
yolo11l-seg.pt,MOTS20-11,72,11,1,95,10,0,1,1.0,0.9090909090909091,0.9523809523809523,0.7703071463849867,0.8646007527939975,1,11
yolo11l-seg.pt,MOTS20-11,73,11,1,89,9,0,2,1.0,0.8181818181818182,0.9,0.7955706034586822,0.8827590511938682,1,10
yolo11l-seg.pt,MOTS20-11,74,11,1,93,9,1,2,0.9,0.8181818181818182,0.8571428571428571,0.7990585430816677,0.8840523233177232,1,11
yolo11l-seg.pt,MOTS20-11,75,11,1,82,9,0,2,1.0,0.8181818181818182,0.9,0.7935951551041825,0.8811822541781842,1,10
yolo11l-seg.pt,MOTS20-11,76,11,1,96,8,1,3,0.8888888888888888,0.7272727272727273,0.8,0.826713856490499,0.9030648548735782,1,10
yolo11l-seg.pt,MOTS20-11,77,11,1,99,9,0,2,1.0,0.8181818181818182,0.9,0.8067884478865546,0.8902707342446031,1,10
yolo11l-seg.pt,MOTS20-11,78,10,1,113,8,0,2,1.0,0.8,0.8888888888888888,0.7740500513589885,0.8689771864283047,2,10
yolo11l-seg.pt,MOTS20-11,79,10,1,106,9,0,1,1.0,0.9,0.9473684210526315,0.7789803736679056,0.8716220176801096,3,12
yolo11l-seg.pt,MOTS20-11,80,10,1,108,9,0,1,1.0,0.9,0.9473684210526315,0.7607667575244059,0.8601423687935306,3,12
yolo11l-seg.pt,MOTS20-11,81,11,1,108,9,0,2,1.0,0.8181818181818182,0.9,0.7555203826157777,0.8573181465971064,1,10
yolo11l-seg.pt,MOTS20-11,82,10,1,118,8,1,2,0.8888888888888888,0.8,0.8421052631578947,0.7757004757325103,0.8707633318233585,3,12
yolo11l-seg.pt,MOTS20-11,83,10,1,127,8,1,2,0.8888888888888888,0.8,0.8421052631578947,0.7771271106993138,0.8717347367410297,2,11
yolo11l-seg.pt,MOTS20-11,84,10,1,115,9,0,1,1.0,0.9,0.9473684210526315,0.7647547285060338,0.8624347860346221,3,12
yolo11l-seg.pt,MOTS20-11,85,11,1,141,11,0,0,1.0,1.0,1.0,0.757074584986982,0.8575246172447311,2,13
yolo11l-seg.pt,MOTS20-11,86,11,1,118,10,1,1,0.9090909090909091,0.9090909090909091,0.9090909090909091,0.7812684383938546,0.8744337121113865,2,13
yolo11l-seg.pt,MOTS20-11,87,10,1,119,8,0,2,1.0,0.8,0.8888888888888888,0.8138909506735243,0.8957297347838572,3,11
yolo11l-seg.pt,MOTS20-11,88,11,1,113,8,0,3,1.0,0.7272727272727273,0.8421052631578947,0.8175839198969233,0.898268384059322,2,10
yolo11l-seg.pt,MOTS20-11,89,11,1,115,9,0,2,1.0,0.8181818181818182,0.9,0.8029872766150261,0.888603835636623,2,11
yolo11l-seg.pt,MOTS20-11,90,12,1,126,10,0,2,1.0,0.8333333333333334,0.9090909090909091,0.792541992230934,0.8818771636737524,2,12
yolo11l-seg.pt,MOTS20-11,91,13,1,146,8,1,5,0.8888888888888888,0.6153846153846154,0.7272727272727273,0.79573647705327,0.8828159383847154,2,11
yolo11l-seg.pt,MOTS20-11,92,13,1,122,7,1,6,0.875,0.5384615384615384,0.6666666666666666,0.8197150952914031,0.8990627951335312,2,10
yolo11l-seg.pt,MOTS20-11,93,13,1,132,7,0,6,1.0,0.5384615384615384,0.7,0.8086952212048526,0.8912982871145099,2,9
yolo11l-seg.pt,MOTS20-11,94,13,1,125,7,0,6,1.0,0.5384615384615384,0.7,0.8208651181004345,0.8991138761771474,2,9
yolo11l-seg.pt,MOTS20-11,95,13,1,112,7,0,6,1.0,0.5384615384615384,0.7,0.8106745308054961,0.892782717917317,3,10
yolo11l-seg.pt,MOTS20-11,96,13,1,108,7,0,6,1.0,0.5384615384615384,0.7,0.8082616096253831,0.890599226871621,2,9
yolo11l-seg.pt,MOTS20-11,97,13,1,131,7,1,6,0.875,0.5384615384615384,0.6666666666666666,0.8279581131807278,0.9035903280440755,2,10
yolo11l-seg.pt,MOTS20-11,98,13,1,128,7,0,6,1.0,0.5384615384615384,0.7,0.8474823046810196,0.9161215770477044,2,9
yolo11l-seg.pt,MOTS20-11,99,13,1,115,7,1,6,0.875,0.5384615384615384,0.6666666666666666,0.8197711728213962,0.898233298773224,2,10
yolo11l-seg.pt,MOTS20-11,100,12,1,123,7,0,5,1.0,0.5833333333333334,0.7368421052631579,0.8071689384897837,0.8904212033215438,1,8
yolo11l-seg.pt,MOTS20-11,101,11,1,98,7,0,4,1.0,0.6363636363636364,0.7777777777777778,0.793385127330829,0.8819364456413654,1,8
yolo11l-seg.pt,MOTS20-11,102,10,1,87,7,0,3,1.0,0.7,0.8235294117647058,0.7888444318292581,0.8787097172873518,1,8
yolo11l-seg.pt,MOTS20-11,103,10,1,114,7,0,3,1.0,0.7,0.8235294117647058,0.7826406577302006,0.8744783782899813,1,8
yolo11l-seg.pt,MOTS20-11,104,9,1,82,6,1,3,0.8571428571428571,0.6666666666666666,0.75,0.784554207568875,0.8770606250452492,2,9
yolo11l-seg.pt,MOTS20-11,105,10,1,97,7,0,3,1.0,0.7,0.8235294117647058,0.794759370498591,0.883678406069144,2,9
yolo11l-seg.pt,MOTS20-11,106,11,1,94,7,0,4,1.0,0.6363636363636364,0.7777777777777778,0.7985200033308644,0.8857524839432923,1,8
yolo11l-seg.pt,MOTS20-11,107,10,1,91,6,0,4,1.0,0.6,0.75,0.7852229489343099,0.8775608568128691,3,9
yolo11l-seg.pt,MOTS20-11,108,11,1,101,7,0,4,1.0,0.6363636363636364,0.7777777777777778,0.7747578215938683,0.8705267585885604,1,8
yolo11l-seg.pt,MOTS20-11,109,11,1,98,7,1,4,0.875,0.6363636363636364,0.7368421052631579,0.8075539723086286,0.8925805752879175,2,10
yolo11l-seg.pt,MOTS20-11,110,11,1,95,7,0,4,1.0,0.6363636363636364,0.7777777777777778,0.7641935538381349,0.8612653402426597,1,8
yolo11l-seg.pt,MOTS20-11,111,11,1,94,6,0,5,1.0,0.5454545454545454,0.7058823529411765,0.7927934736347791,0.8820762066157024,0,6
yolo11l-seg.pt,MOTS20-11,112,11,1,97,7,1,4,0.875,0.6363636363636364,0.7368421052631579,0.7689248363877371,0.8658217356935797,0,8
yolo11l-seg.pt,MOTS20-11,113,11,1,91,7,1,4,0.875,0.6363636363636364,0.7368421052631579,0.7689825359905351,0.8653373099957636,0,8
yolo11l-seg.pt,MOTS20-11,114,11,1,78,8,0,3,1.0,0.7272727272727273,0.8421052631578947,0.7879798668619492,0.8788026167287406,0,8
yolo11l-seg.pt,MOTS20-11,115,11,1,84,8,1,3,0.8888888888888888,0.7272727272727273,0.8,0.778244017877491,0.8721600627238002,0,9
yolo11l-seg.pt,MOTS20-11,116,11,1,74,7,1,4,0.875,0.6363636363636364,0.7368421052631579,0.7810796704371205,0.8745867455786167,0,8
yolo11l-seg.pt,MOTS20-11,117,11,1,61,7,0,4,1.0,0.6363636363636364,0.7777777777777778,0.7751200246136941,0.8702657301771464,0,7
yolo11l-seg.pt,MOTS20-11,118,11,1,63,7,0,4,1.0,0.6363636363636364,0.7777777777777778,0.7713002871096162,0.8680780874626841,0,7
yolo11l-seg.pt,MOTS20-11,119,11,1,75,7,1,4,0.875,0.6363636363636364,0.7368421052631579,0.7809741096771238,0.8743934788347821,0,8
yolo11l-seg.pt,MOTS20-11,120,11,1,57,7,1,4,0.875,0.6363636363636364,0.7368421052631579,0.7776686776011801,0.8722002196469771,0,8
yolo11l-seg.pt,MOTS20-11,121,11,1,45,7,0,4,1.0,0.6363636363636364,0.7777777777777778,0.7527958580957801,0.8560661085915219,0,7
yolo11l-seg.pt,MOTS20-11,122,11,1,65,7,0,4,1.0,0.6363636363636364,0.7777777777777778,0.7715769952989138,0.8684366662727528,0,7
yolo11l-seg.pt,MOTS20-11,123,12,1,79,9,0,3,1.0,0.75,0.8571428571428571,0.7642537872464794,0.8632652514382471,0,9
yolo11l-seg.pt,MOTS20-11,124,12,1,101,8,0,4,1.0,0.6666666666666666,0.8,0.7717360715729022,0.867620994335934,0,8
yolo11l-seg.pt,MOTS20-11,125,12,1,90,8,1,4,0.8888888888888888,0.6666666666666666,0.7619047619047619,0.7940547524085562,0.8834310246591337,0,9
yolo11l-seg.pt,MOTS20-11,126,12,1,81,7,1,5,0.875,0.5833333333333334,0.7,0.8247580874293199,0.9034039985817248,0,8
yolo11l-seg.pt,MOTS20-11,127,12,1,97,8,0,4,1.0,0.6666666666666666,0.8,0.8161100783140118,0.8969787544792039,0,8
yolo11l-seg.pt,MOTS20-11,128,11,1,86,8,0,3,1.0,0.7272727272727273,0.8421052631578947,0.8162876823336238,0.8967186575929964,0,8
yolo11l-seg.pt,MOTS20-11,129,11,1,70,8,0,3,1.0,0.7272727272727273,0.8421052631578947,0.8266154852722303,0.9042132518705519,0,8
yolo11l-seg.pt,MOTS20-11,130,11,1,73,8,0,3,1.0,0.7272727272727273,0.8421052631578947,0.8162590753645904,0.8975690933972169,0,8
yolo11l-seg.pt,MOTS20-11,131,11,1,95,7,0,4,1.0,0.6363636363636364,0.7777777777777778,0.8297528575743183,0.9060752005469591,0,7
yolo11l-seg.pt,MOTS20-11,132,11,1,92,7,0,4,1.0,0.6363636363636364,0.7777777777777778,0.834684882941622,0.9091408545804327,0,7
yolo11l-seg.pt,MOTS20-11,133,11,1,96,7,0,4,1.0,0.6363636363636364,0.7777777777777778,0.8324487566189024,0.9077547303582351,0,7
yolo11l-seg.pt,MOTS20-11,134,11,1,90,8,0,3,1.0,0.7272727272727273,0.8421052631578947,0.8153432845171877,0.896657986020411,0,8
yolo11l-seg.pt,MOTS20-11,135,11,1,106,8,0,3,1.0,0.7272727272727273,0.8421052631578947,0.8210754837724018,0.9005574104983916,0,8
yolo11l-seg.pt,MOTS20-11,136,11,1,102,8,0,3,1.0,0.7272727272727273,0.8421052631578947,0.801397596646841,0.8874788510255489,0,8
yolo11l-seg.pt,MOTS20-11,137,11,1,89,7,0,4,1.0,0.6363636363636364,0.7777777777777778,0.8329760920079293,0.9083992135059604,0,7
yolo11l-seg.pt,MOTS20-11,138,11,1,101,7,0,4,1.0,0.6363636363636364,0.7777777777777778,0.8362203059678114,0.910171566009072,0,7
yolo11l-seg.pt,MOTS20-11,139,11,1,90,7,0,4,1.0,0.6363636363636364,0.7777777777777778,0.8276312228148965,0.9049371585295493,0,7
yolo11l-seg.pt,MOTS20-11,140,11,1,83,7,1,4,0.875,0.6363636363636364,0.7368421052631579,0.821145037119474,0.9009245573763992,0,8
yolo11l-seg.pt,MOTS20-11,141,11,1,81,7,0,4,1.0,0.6363636363636364,0.7777777777777778,0.8212678445159891,0.9011790992336132,0,7
yolo11l-seg.pt,MOTS20-11,142,11,1,86,7,0,4,1.0,0.6363636363636364,0.7777777777777778,0.831412871189487,0.907170478677277,0,7
yolo11l-seg.pt,MOTS20-11,143,11,1,84,8,0,3,1.0,0.7272727272727273,0.8421052631578947,0.8019716319606481,0.8880519238540993,0,8
yolo11l-seg.pt,MOTS20-11,144,10,1,73,8,0,2,1.0,0.8,0.8888888888888888,0.810244740903348,0.8933171055811747,0,8
yolo11l-seg.pt,MOTS20-11,145,10,1,75,8,1,2,0.8888888888888888,0.8,0.8421052631578947,0.8104761557804269,0.8938460137582374,0,9
yolo11l-seg.pt,MOTS20-11,146,10,1,79,8,0,2,1.0,0.8,0.8888888888888888,0.8179734088917592,0.8987247489076058,0,8
yolo11l-seg.pt,MOTS20-11,147,10,1,68,8,0,2,1.0,0.8,0.8888888888888888,0.81567143786345,0.8973014540666395,0,8
yolo11l-seg.pt,MOTS20-11,148,10,1,75,8,0,2,1.0,0.8,0.8888888888888888,0.8167971967895433,0.8978386801624012,0,8
yolo11l-seg.pt,MOTS20-11,149,10,1,87,8,0,2,1.0,0.8,0.8888888888888888,0.8173432754539941,0.898276197523142,0,8
yolo11l-seg.pt,MOTS20-11,150,10,1,78,8,0,2,1.0,0.8,0.8888888888888888,0.8059293574421235,0.8903153852606407,0,8
yolo11l-seg.pt,MOTS20-11,151,9,1,57,8,0,1,1.0,0.8888888888888888,0.9411764705882353,0.7948807601393801,0.8821843447152472,0,8
yolo11l-seg.pt,MOTS20-11,152,9,1,57,8,0,1,1.0,0.8888888888888888,0.9411764705882353,0.7936141223741969,0.8797433520873015,0,8
yolo11l-seg.pt,MOTS20-11,153,9,1,71,7,1,2,0.875,0.7777777777777778,0.8235294117647058,0.8373591689454363,0.9109285480121292,0,8
yolo11l-seg.pt,MOTS20-11,154,9,1,72,7,1,2,0.875,0.7777777777777778,0.8235294117647058,0.8312526697900166,0.907276918591622,0,8
yolo11l-seg.pt,MOTS20-11,155,9,1,66,7,1,2,0.875,0.7777777777777778,0.8235294117647058,0.8281065431554937,0.9054765579203087,0,8
yolo11l-seg.pt,MOTS20-11,156,9,1,70,7,2,2,0.7777777777777778,0.7777777777777778,0.7777777777777778,0.8270683909256029,0.904491473084159,0,9
yolo11l-seg.pt,MOTS20-11,157,9,1,68,7,1,2,0.875,0.7777777777777778,0.8235294117647058,0.8294759894335808,0.9062055383198858,0,8
yolo11l-seg.pt,MOTS20-11,158,9,1,74,7,1,2,0.875,0.7777777777777778,0.8235294117647058,0.8308916171213381,0.907023071881995,0,8
yolo11l-seg.pt,MOTS20-11,159,9,1,73,8,0,1,1.0,0.8888888888888888,0.9411764705882353,0.7883831882792742,0.8768473737332922,0,8
yolo11l-seg.pt,MOTS20-11,160,9,1,73,8,0,1,1.0,0.8888888888888888,0.9411764705882353,0.7994628575369795,0.8848864898658402,0,8
yolo11l-seg.pt,MOTS20-11,161,8,1,65,8,0,0,1.0,1.0,1.0,0.810970413007049,0.8936369901029657,0,8
yolo11l-seg.pt,MOTS20-11,162,8,1,70,8,0,0,1.0,1.0,1.0,0.8110359334591422,0.8936015835879068,0,8
yolo11l-seg.pt,MOTS20-11,163,8,1,70,8,0,0,1.0,1.0,1.0,0.8133813848143463,0.8953251068600586,0,8
yolo11l-seg.pt,MOTS20-11,164,8,1,66,8,0,0,1.0,1.0,1.0,0.8022859640587104,0.8886395241788853,0,8
yolo11l-seg.pt,MOTS20-11,165,8,1,67,8,0,0,1.0,1.0,1.0,0.8177171778413843,0.8987851567059939,0,8
yolo11l-seg.pt,MOTS20-11,166,8,1,84,8,0,0,1.0,1.0,1.0,0.7999601899639186,0.8872883164394068,0,8
yolo11l-seg.pt,MOTS20-11,167,8,1,60,8,1,0,0.8888888888888888,1.0,0.9411764705882353,0.8099238437588473,0.8938310589086601,0,9
yolo11l-seg.pt,MOTS20-11,168,8,1,64,8,0,0,1.0,1.0,1.0,0.8078282915447585,0.8924712227011703,0,8
yolo11l-seg.pt,MOTS20-11,169,8,1,61,8,0,0,1.0,1.0,1.0,0.8148431222554686,0.8969193603420311,0,8
yolo11l-seg.pt,MOTS20-11,170,8,1,63,8,1,0,0.8888888888888888,1.0,0.9411764705882353,0.811756796526017,0.8947173157898634,0,9
yolo11l-seg.pt,MOTS20-11,171,8,1,67,8,1,0,0.8888888888888888,1.0,0.9411764705882353,0.8076255789657654,0.8920724187851473,0,9
yolo11l-seg.pt,MOTS20-11,172,9,1,65,8,0,1,1.0,0.8888888888888888,0.9411764705882353,0.8035800337073927,0.8895699646427644,0,8
yolo11l-seg.pt,MOTS20-11,173,9,1,71,8,0,1,1.0,0.8888888888888888,0.9411764705882353,0.8049647300275168,0.8896904074831085,0,8
yolo11l-seg.pt,MOTS20-11,174,9,1,71,8,0,1,1.0,0.8888888888888888,0.9411764705882353,0.8110616561846666,0.8931986238411069,0,8
yolo11l-seg.pt,MOTS20-11,175,9,1,77,8,0,1,1.0,0.8888888888888888,0.9411764705882353,0.8220353903645367,0.9001715133407018,0,8
yolo11l-seg.pt,MOTS20-11,176,9,1,71,8,1,1,0.8888888888888888,0.8888888888888888,0.8888888888888888,0.8257866771721196,0.902648249866836,0,9
yolo11l-seg.pt,MOTS20-11,177,9,1,56,8,0,1,1.0,0.8888888888888888,0.9411764705882353,0.8248293375555004,0.9022491376028681,0,8
yolo11l-seg.pt,MOTS20-11,178,9,1,56,8,0,1,1.0,0.8888888888888888,0.9411764705882353,0.8266983320989068,0.9031806245740078,0,8
yolo11l-seg.pt,MOTS20-11,179,9,1,66,9,0,0,1.0,1.0,1.0,0.8101626869870926,0.8933725444126662,0,9
yolo11l-seg.pt,MOTS20-11,180,9,1,55,8,0,1,1.0,0.8888888888888888,0.9411764705882353,0.8259873573013921,0.9034014547199971,0,8
yolo11l-seg.pt,MOTS20-11,181,9,1,54,9,0,0,1.0,1.0,1.0,0.8058216902764297,0.8916921204335527,0,9
yolo11l-seg.pt,MOTS20-11,182,9,1,67,9,0,0,1.0,1.0,1.0,0.8044107516567177,0.8905903271072114,0,9
yolo11l-seg.pt,MOTS20-11,183,9,1,77,9,1,0,0.9,1.0,0.9473684210526315,0.80039087947424,0.8880204213885937,0,10
yolo11l-seg.pt,MOTS20-11,184,8,1,93,8,2,0,0.8,1.0,0.8888888888888888,0.8071919641055594,0.8923187739927014,1,11
yolo11l-seg.pt,MOTS20-11,185,8,1,94,8,2,0,0.8,1.0,0.8888888888888888,0.8111022952618112,0.8945965377267643,1,11
yolo11l-seg.pt,MOTS20-11,186,9,1,107,9,3,0,0.75,1.0,0.8571428571428571,0.7756052880633422,0.8694847901603003,0,12
yolo11l-seg.pt,MOTS20-11,187,8,1,97,8,3,0,0.7272727272727273,1.0,0.8421052631578947,0.799279020400908,0.8861900503137319,2,13
yolo11l-seg.pt,MOTS20-11,188,8,1,98,8,2,0,0.8,1.0,0.8888888888888888,0.8100326360883894,0.8938796954294191,0,10
yolo11l-seg.pt,MOTS20-11,189,8,1,89,8,2,0,0.8,1.0,0.8888888888888888,0.8118786903532549,0.895011150522285,0,10
yolo11l-seg.pt,MOTS20-11,190,8,1,87,8,2,0,0.8,1.0,0.8888888888888888,0.8092744898269972,0.892943131730231,0,10
yolo11l-seg.pt,MOTS20-11,191,8,1,74,8,0,0,1.0,1.0,1.0,0.7977476792106941,0.8846448497772492,0,8
yolo11l-seg.pt,MOTS20-11,192,10,1,80,8,1,2,0.8888888888888888,0.8,0.8421052631578947,0.7959254141682215,0.8831834925937687,0,9
yolo11l-seg.pt,MOTS20-11,193,10,1,86,8,0,2,1.0,0.8,0.8888888888888888,0.8042610757899731,0.8888515364716285,0,8
yolo11l-seg.pt,MOTS20-11,194,10,1,79,8,0,2,1.0,0.8,0.8888888888888888,0.8102018685204888,0.893195992471964,0,8
yolo11l-seg.pt,MOTS20-11,195,10,1,98,8,0,2,1.0,0.8,0.8888888888888888,0.8019333500455733,0.8870881942653608,0,8
yolo11l-seg.pt,MOTS20-11,196,10,1,77,7,0,3,1.0,0.7,0.8235294117647058,0.8035348197798752,0.8881499189490517,0,7
yolo11l-seg.pt,MOTS20-11,197,10,1,89,7,1,3,0.875,0.7,0.7777777777777778,0.7938896646729254,0.8826317022129928,0,8
yolo11l-seg.pt,MOTS20-11,198,10,1,101,8,1,2,0.8888888888888888,0.8,0.8421052631578947,0.7701647935110488,0.8655742641071134,0,9
yolo11l-seg.pt,MOTS20-11,199,10,1,66,8,1,2,0.8888888888888888,0.8,0.8421052631578947,0.7705675412213283,0.8632653654915321,0,9
yolo11l-seg.pt,MOTS20-11,200,10,1,79,8,2,2,0.8,0.8,0.8,0.7647285584837565,0.8604976979958341,0,10
yolo11l-seg.pt,MOTS20-11,201,10,1,53,9,1,1,0.9,0.9,0.9,0.7447000346324449,0.846240088986241,0,10
yolo11l-seg.pt,MOTS20-11,202,10,1,54,9,2,1,0.8181818181818182,0.9,0.8571428571428571,0.7667436782085364,0.8632002112867363,0,11
yolo11l-seg.pt,MOTS20-11,203,10,1,70,9,0,1,1.0,0.9,0.9473684210526315,0.7901653446520057,0.8802619928442532,0,9
yolo11l-seg.pt,MOTS20-11,204,10,1,66,9,0,1,1.0,0.9,0.9473684210526315,0.7910184947059447,0.8811526369049976,0,9
yolo11l-seg.pt,MOTS20-11,205,10,1,71,9,0,1,1.0,0.9,0.9473684210526315,0.7873680792094544,0.8776486885423396,0,9
yolo11l-seg.pt,MOTS20-11,206,10,1,72,9,1,1,0.9,0.9,0.9,0.7825381424677373,0.8746498425455995,0,10
yolo11l-seg.pt,MOTS20-11,207,10,1,80,9,1,1,0.9,0.9,0.9,0.7658635966855071,0.8619805161725408,0,10
yolo11l-seg.pt,MOTS20-11,208,10,1,80,9,1,1,0.9,0.9,0.9,0.783009650355143,0.873885393972872,0,10
yolo11l-seg.pt,MOTS20-11,209,10,1,82,9,0,1,1.0,0.9,0.9473684210526315,0.7897487646142652,0.8787043845575985,0,9
yolo11l-seg.pt,MOTS20-11,210,10,1,81,8,0,2,1.0,0.8,0.8888888888888888,0.8317408039715506,0.9064517872432593,0,8
yolo11l-seg.pt,MOTS20-11,211,10,1,79,8,0,2,1.0,0.8,0.8888888888888888,0.8206828223355891,0.8996522838188883,0,8
yolo11l-seg.pt,MOTS20-11,212,10,1,70,8,0,2,1.0,0.8,0.8888888888888888,0.8262517893081941,0.9032884407161997,0,8
yolo11l-seg.pt,MOTS20-11,213,10,1,66,9,1,1,0.9,0.9,0.9,0.7818097019154789,0.8735522590107365,0,10
yolo11l-seg.pt,MOTS20-11,214,10,1,57,8,1,2,0.8888888888888888,0.8,0.8421052631578947,0.8061318384783434,0.890967977438514,0,9
yolo11l-seg.pt,MOTS20-11,215,10,1,58,9,1,1,0.9,0.9,0.9,0.7799785256934699,0.8731843750992221,0,10
yolo11l-seg.pt,MOTS20-11,216,10,1,74,10,0,0,1.0,1.0,1.0,0.7591034787185432,0.8579760812543042,0,10
yolo11l-seg.pt,MOTS20-11,217,10,1,72,10,0,0,1.0,1.0,1.0,0.7665753504231773,0.8637925435595941,0,10
yolo11l-seg.pt,MOTS20-11,218,10,1,70,10,0,0,1.0,1.0,1.0,0.760891427453043,0.8587873489864289,0,10
yolo11l-seg.pt,MOTS20-11,219,10,1,71,10,0,0,1.0,1.0,1.0,0.7715409147390777,0.8667709509729932,0,10
yolo11l-seg.pt,MOTS20-11,220,10,1,69,10,0,0,1.0,1.0,1.0,0.7767476981213675,0.8708234237156377,0,10
yolo11l-seg.pt,MOTS20-11,221,10,1,78,9,2,1,0.8181818181818182,0.9,0.8571428571428571,0.7856060857452374,0.8760314769476618,0,11
yolo11l-seg.pt,MOTS20-11,222,10,1,80,8,2,2,0.8,0.8,0.8,0.8226957974596507,0.9010227450093343,0,10
yolo11l-seg.pt,MOTS20-11,223,9,1,64,8,2,1,0.8,0.8888888888888888,0.8421052631578947,0.8279806647832242,0.9042218381801508,1,11
yolo11l-seg.pt,MOTS20-11,224,9,1,78,9,0,0,1.0,1.0,1.0,0.7883848657344517,0.8773488779386542,0,9
yolo11l-seg.pt,MOTS20-11,225,9,1,69,8,1,1,0.8888888888888888,0.8888888888888888,0.8888888888888888,0.8184876761009883,0.8987612777174516,1,10
yolo11l-seg.pt,MOTS20-11,226,9,1,68,8,2,1,0.8,0.8888888888888888,0.8421052631578947,0.8326488774619611,0.9077395741656646,0,10
yolo11l-seg.pt,MOTS20-11,227,9,1,62,8,2,1,0.8,0.8888888888888888,0.8421052631578947,0.8277397378600077,0.9048444206282098,0,10
yolo11l-seg.pt,MOTS20-11,228,9,1,62,8,2,1,0.8,0.8888888888888888,0.8421052631578947,0.8298433682286618,0.906143560415404,0,10
yolo11l-seg.pt,MOTS20-11,229,9,1,73,8,1,1,0.8888888888888888,0.8888888888888888,0.8888888888888888,0.8359981081279173,0.9098376377693809,0,9
yolo11l-seg.pt,MOTS20-11,230,9,1,81,9,0,0,1.0,1.0,1.0,0.7987348810947076,0.8839104656255149,0,9
yolo11l-seg.pt,MOTS20-11,231,9,1,76,8,0,1,1.0,0.8888888888888888,0.9411764705882353,0.8331693333539965,0.9082728857817783,1,9
yolo11l-seg.pt,MOTS20-11,232,9,1,83,8,0,1,1.0,0.8888888888888888,0.9411764705882353,0.8447807537088415,0.9151127738126992,0,8
yolo11l-seg.pt,MOTS20-11,233,9,1,62,9,0,0,1.0,1.0,1.0,0.8074901240319277,0.8887361419221428,0,9
yolo11l-seg.pt,MOTS20-11,234,9,1,74,9,0,0,1.0,1.0,1.0,0.8123038791269107,0.8920411541490244,0,9
yolo11l-seg.pt,MOTS20-11,235,9,1,75,9,1,0,0.9,1.0,0.9473684210526315,0.8082814815772509,0.8891643476524774,0,10
yolo11l-seg.pt,MOTS20-11,236,9,1,66,8,1,1,0.8888888888888888,0.8888888888888888,0.8888888888888888,0.8468792577201214,0.916256891602182,0,9
yolo11l-seg.pt,MOTS20-11,237,9,1,68,8,1,1,0.8888888888888888,0.8888888888888888,0.8888888888888888,0.8421420346227178,0.9134338833242248,0,9
yolo11l-seg.pt,MOTS20-11,238,9,1,93,8,1,1,0.8888888888888888,0.8888888888888888,0.8888888888888888,0.8504529704244815,0.9184997492001445,0,9
yolo11l-seg.pt,MOTS20-11,239,10,1,82,8,0,2,1.0,0.8,0.8888888888888888,0.834410575336198,0.9073657591702016,0,8
yolo11l-seg.pt,MOTS20-11,240,10,1,84,9,1,1,0.9,0.9,0.9,0.8333641529877647,0.907279300421713,0,10
yolo11l-seg.pt,MOTS20-11,241,10,1,70,9,2,1,0.8181818181818182,0.9,0.8571428571428571,0.8310224116382271,0.9049508475555071,0,11
yolo11l-seg.pt,MOTS20-11,242,10,1,69,9,1,1,0.9,0.9,0.9,0.8307139094731455,0.9034805380795385,0,10
yolo11l-seg.pt,MOTS20-11,243,10,1,84,9,2,1,0.8181818181818182,0.9,0.8571428571428571,0.8272003537690811,0.9015397165676347,0,11
yolo11l-seg.pt,MOTS20-11,244,10,1,83,9,2,1,0.8181818181818182,0.9,0.8571428571428571,0.8273174984026912,0.9009812189827657,0,11
yolo11l-seg.pt,MOTS20-11,245,10,1,73,9,1,1,0.9,0.9,0.9,0.8236416887296771,0.8990651690058447,0,10
yolo11l-seg.pt,MOTS20-11,246,10,1,86,9,1,1,0.9,0.9,0.9,0.81766084046259,0.8957312896107127,0,10
yolo11l-seg.pt,MOTS20-11,247,10,1,66,9,0,1,1.0,0.9,0.9473684210526315,0.8143560597074772,0.8923220110869211,0,9
yolo11l-seg.pt,MOTS20-11,248,11,1,61,8,1,3,0.8888888888888888,0.7272727272727273,0.8,0.8473938896459048,0.9167936525406266,0,9
yolo11l-seg.pt,MOTS20-11,249,12,1,84,8,2,4,0.8,0.6666666666666666,0.7272727272727273,0.8563244730976702,0.9219101128586613,0,10
yolo11l-seg.pt,MOTS20-11,250,12,1,79,8,1,4,0.8888888888888888,0.6666666666666666,0.7619047619047619,0.860559582065247,0.9244631699096097,0,9
yolo11l-seg.pt,MOTS20-11,251,12,1,71,9,0,3,1.0,0.75,0.8571428571428571,0.850349868229763,0.9179875714042213,0,9
yolo11l-seg.pt,MOTS20-11,252,11,1,75,9,0,2,1.0,0.8181818181818182,0.9,0.8618030628291632,0.9250807218043656,0,9
yolo11l-seg.pt,MOTS20-11,253,11,1,77,9,0,2,1.0,0.8181818181818182,0.9,0.8630082088485251,0.9258510290865178,0,9
yolo11l-seg.pt,MOTS20-11,254,11,1,80,9,1,2,0.9,0.8181818181818182,0.8571428571428571,0.8513661124049089,0.9189568252771969,0,10
yolo11l-seg.pt,MOTS20-11,255,11,1,78,8,1,3,0.8888888888888888,0.7272727272727273,0.8,0.8477420254032217,0.9161122973726847,0,9
yolo11l-seg.pt,MOTS20-11,256,11,1,91,10,1,1,0.9090909090909091,0.9090909090909091,0.9090909090909091,0.8300372109314393,0.9053614302887223,1,12
yolo11l-seg.pt,MOTS20-11,257,10,1,117,9,1,1,0.9,0.9,0.9,0.8323221307941676,0.9071141445840374,1,11
yolo11l-seg.pt,MOTS20-11,258,10,1,106,9,1,1,0.9,0.9,0.9,0.8317517375793174,0.9063527907231577,2,12
yolo11l-seg.pt,MOTS20-11,259,10,1,105,10,0,0,1.0,1.0,1.0,0.8128301464867718,0.8936896300577395,1,11
yolo11l-seg.pt,MOTS20-11,260,10,1,77,10,1,0,0.9090909090909091,1.0,0.9523809523809523,0.8095968388659415,0.8891006761720253,0,11
yolo11l-seg.pt,MOTS20-11,261,10,1,59,10,0,0,1.0,1.0,1.0,0.8228555732588945,0.9004830500321861,0,10
yolo11l-seg.pt,MOTS20-11,262,10,1,56,10,0,0,1.0,1.0,1.0,0.832770459640253,0.9065396328175265,0,10
yolo11l-seg.pt,MOTS20-11,263,10,1,45,10,0,0,1.0,1.0,1.0,0.8423723060671646,0.9128963887860158,0,10
yolo11l-seg.pt,MOTS20-11,264,10,1,31,10,0,0,1.0,1.0,1.0,0.8406003703259752,0.9117292261603008,0,10
yolo11l-seg.pt,MOTS20-11,265,10,1,55,10,0,0,1.0,1.0,1.0,0.8358268894217116,0.9084229581294625,0,10
yolo11l-seg.pt,MOTS20-11,266,10,1,53,10,0,0,1.0,1.0,1.0,0.844397116330471,0.9135005407598238,0,10
yolo11l-seg.pt,MOTS20-11,267,10,1,70,10,0,0,1.0,1.0,1.0,0.8389721129294838,0.9101007772404616,0,10
yolo11l-seg.pt,MOTS20-11,268,10,1,78,10,0,0,1.0,1.0,1.0,0.8425439995209052,0.9123006239191824,0,10
yolo11l-seg.pt,MOTS20-11,269,9,1,87,8,2,1,0.8,0.8888888888888888,0.8421052631578947,0.8307148424302832,0.9047236807681303,0,10
yolo11l-seg.pt,MOTS20-11,270,9,1,75,9,2,0,0.8181818181818182,1.0,0.9,0.8137672224842185,0.8943021969339361,0,11
yolo11l-seg.pt,MOTS20-11,271,10,1,75,10,0,0,1.0,1.0,1.0,0.8083151059132698,0.8913208017589642,0,10
yolo11l-seg.pt,MOTS20-11,272,9,1,69,9,0,0,1.0,1.0,1.0,0.8371695175279158,0.9098453810914973,1,10
yolo11l-seg.pt,MOTS20-11,273,9,1,75,9,0,0,1.0,1.0,1.0,0.8421480548457088,0.9129312668522603,1,10
yolo11l-seg.pt,MOTS20-11,274,9,1,67,9,0,0,1.0,1.0,1.0,0.8446398805039137,0.914530400439005,0,9
yolo11l-seg.pt,MOTS20-11,275,9,1,54,9,0,0,1.0,1.0,1.0,0.8341724976582083,0.9082895230233851,0,9
yolo11l-seg.pt,MOTS20-11,276,9,1,51,9,0,0,1.0,1.0,1.0,0.8243569379377358,0.902583839627793,0,9
yolo11l-seg.pt,MOTS20-11,277,9,1,59,9,0,0,1.0,1.0,1.0,0.8307233087817912,0.9057937898817561,0,9
yolo11l-seg.pt,MOTS20-11,278,9,1,61,9,0,0,1.0,1.0,1.0,0.8251057907479737,0.9025924221943318,0,9
yolo11l-seg.pt,MOTS20-11,279,9,1,75,9,0,0,1.0,1.0,1.0,0.8250555410468661,0.9023324401269566,0,9
yolo11l-seg.pt,MOTS20-11,280,9,1,75,9,0,0,1.0,1.0,1.0,0.8248593342511304,0.901145901238913,0,9
yolo11l-seg.pt,MOTS20-11,281,9,1,64,9,0,0,1.0,1.0,1.0,0.8041257488825656,0.8892874921089784,0,9
yolo11l-seg.pt,MOTS20-11,282,9,1,51,9,0,0,1.0,1.0,1.0,0.8123770254247978,0.8929374122045937,0,9
yolo11l-seg.pt,MOTS20-11,283,8,1,78,8,0,0,1.0,1.0,1.0,0.8190541579962136,0.8974154844324831,1,9
yolo11l-seg.pt,MOTS20-11,284,8,1,68,8,0,0,1.0,1.0,1.0,0.8203797145206615,0.897862666470749,1,9
yolo11l-seg.pt,MOTS20-11,285,8,1,88,8,1,0,0.8888888888888888,1.0,0.9411764705882353,0.8187545918712644,0.8964649379830605,1,10
yolo11l-seg.pt,MOTS20-11,286,8,1,88,8,1,0,0.8888888888888888,1.0,0.9411764705882353,0.8081765335395712,0.8901293741863567,0,9
yolo11l-seg.pt,MOTS20-11,287,8,1,84,8,1,0,0.8888888888888888,1.0,0.9411764705882353,0.8141627640696106,0.8939467620831542,0,9
yolo11l-seg.pt,MOTS20-11,288,8,1,109,8,0,0,1.0,1.0,1.0,0.7996985019933751,0.8844105470707193,0,8
yolo11l-seg.pt,MOTS20-11,289,8,1,76,8,0,0,1.0,1.0,1.0,0.8342041294374365,0.9069289165960752,0,8
yolo11l-seg.pt,MOTS20-11,290,8,1,81,8,0,0,1.0,1.0,1.0,0.8269236619881202,0.9016380518379976,1,9
yolo11l-seg.pt,MOTS20-11,291,8,1,66,8,2,0,0.8,1.0,0.8888888888888888,0.8039175810649108,0.8861200652393941,1,11
yolo11l-seg.pt,MOTS20-11,292,8,1,67,8,0,0,1.0,1.0,1.0,0.840331131902747,0.9113095430849213,1,9
yolo11l-seg.pt,MOTS20-11,293,8,1,69,8,0,0,1.0,1.0,1.0,0.8426130614720662,0.9132306645540141,1,9
yolo11l-seg.pt,MOTS20-11,294,8,1,55,8,0,0,1.0,1.0,1.0,0.8395094001727613,0.910739475811885,1,9
yolo11l-seg.pt,MOTS20-11,295,8,1,62,8,0,0,1.0,1.0,1.0,0.8481373974860704,0.9158002570926009,0,8
yolo11l-seg.pt,MOTS20-11,296,8,1,78,7,0,1,1.0,0.875,0.9333333333333333,0.8720351514879988,0.9311045517956195,0,7
yolo11l-seg.pt,MOTS20-11,297,8,1,61,8,0,0,1.0,1.0,1.0,0.844149275328462,0.9127186814643624,0,8
yolo11l-seg.pt,MOTS20-11,298,8,1,78,8,1,0,0.8888888888888888,1.0,0.9411764705882353,0.8341641878193786,0.9064302858788058,0,9
yolo11l-seg.pt,MOTS20-11,299,8,1,79,8,0,0,1.0,1.0,1.0,0.8398008346016713,0.9096272114740893,0,8
yolo11l-seg.pt,MOTS20-11,300,9,1,83,7,0,2,1.0,0.7777777777777778,0.875,0.8675776289862712,0.9281690718013326,0,7
yolo11l-seg.pt,MOTS20-11,301,10,1,86,7,0,3,1.0,0.7,0.8235294117647058,0.8683748716023245,0.9283941557721234,0,7
yolo11l-seg.pt,MOTS20-11,302,10,1,83,7,0,3,1.0,0.7,0.8235294117647058,0.8781267225402323,0.9342180758177151,0,7
yolo11l-seg.pt,MOTS20-11,303,10,1,77,7,0,3,1.0,0.7,0.8235294117647058,0.8785297294873636,0.9343792519774096,0,7
yolo11l-seg.pt,MOTS20-11,304,10,1,64,7,0,3,1.0,0.7,0.8235294117647058,0.8769153674653248,0.9334375223805041,0,7
yolo11l-seg.pt,MOTS20-11,305,11,1,62,7,0,4,1.0,0.6363636363636364,0.7777777777777778,0.8770223123259185,0.9338146456472699,0,7
yolo11l-seg.pt,MOTS20-11,306,11,1,53,8,0,3,1.0,0.7272727272727273,0.8421052631578947,0.8522708592749788,0.9165558990870559,0,8
yolo11l-seg.pt,MOTS20-11,307,11,1,67,8,0,3,1.0,0.7272727272727273,0.8421052631578947,0.8393285138386997,0.9078618663659925,0,8
yolo11l-seg.pt,MOTS20-11,308,11,1,76,8,0,3,1.0,0.7272727272727273,0.8421052631578947,0.8511974694149569,0.9169965033037255,1,9
yolo11l-seg.pt,MOTS20-11,309,10,1,71,7,0,3,1.0,0.7,0.8235294117647058,0.8472523072515744,0.9139251379229455,2,9
yolo11l-seg.pt,MOTS20-11,310,10,1,68,7,0,3,1.0,0.7,0.8235294117647058,0.8359483927258928,0.9058282150468296,2,9
yolo11l-seg.pt,MOTS20-11,311,11,1,64,8,0,3,1.0,0.7272727272727273,0.8421052631578947,0.8105392970465229,0.8898216602458957,0,8
yolo11l-seg.pt,MOTS20-11,312,10,1,60,7,0,3,1.0,0.7,0.8235294117647058,0.8278061666956169,0.8985631957795427,1,8
yolo11l-seg.pt,MOTS20-11,313,10,1,76,8,0,2,1.0,0.8,0.8888888888888888,0.8155914278649934,0.8932771759323608,2,10
yolo11l-seg.pt,MOTS20-11,314,10,1,91,7,1,3,0.875,0.7,0.7777777777777778,0.8508198940576158,0.9166577465480824,1,9
yolo11l-seg.pt,MOTS20-11,315,10,1,92,7,1,3,0.875,0.7,0.7777777777777778,0.8531758803879237,0.9180169567715071,1,9
yolo11l-seg.pt,MOTS20-11,316,10,1,83,7,0,3,1.0,0.7,0.8235294117647058,0.8482855090264501,0.915617466211706,0,7
yolo11l-seg.pt,MOTS20-11,317,10,1,72,7,1,3,0.875,0.7,0.7777777777777778,0.852995258875427,0.918255294380595,0,8
yolo11l-seg.pt,MOTS20-11,318,10,1,89,7,1,3,0.875,0.7,0.7777777777777778,0.8551692960114238,0.9201191581113448,1,9
yolo11l-seg.pt,MOTS20-11,319,9,1,101,7,1,2,0.875,0.7777777777777778,0.8235294117647058,0.8460366515286069,0.9145879878268471,1,9
yolo11l-seg.pt,MOTS20-11,320,9,1,87,7,1,2,0.875,0.7777777777777778,0.8235294117647058,0.8543039029011869,0.9193094168587582,3,11
yolo11l-seg.pt,MOTS20-11,321,9,1,82,7,3,2,0.7,0.7777777777777778,0.7368421052631579,0.8565983951238209,0.9204403799965583,2,12
yolo11l-seg.pt,MOTS20-11,322,9,1,81,7,3,2,0.7,0.7777777777777778,0.7368421052631579,0.8495924019029008,0.915839798905864,4,14
yolo11l-seg.pt,MOTS20-11,323,9,1,97,6,2,3,0.75,0.6666666666666666,0.7058823529411765,0.8642744563600093,0.9251237571123657,3,11
yolo11l-seg.pt,MOTS20-11,324,9,1,76,7,1,2,0.875,0.7777777777777778,0.8235294117647058,0.8204390537270843,0.8964955565529917,3,11
yolo11l-seg.pt,MOTS20-11,325,9,1,107,5,1,4,0.8333333333333334,0.5555555555555556,0.6666666666666666,0.8972129788045887,0.9453130766232352,3,9
yolo11l-seg.pt,MOTS20-11,326,9,1,106,5,2,4,0.7142857142857143,0.5555555555555556,0.625,0.893334211347417,0.9432546948398912,2,9
yolo11l-seg.pt,MOTS20-11,327,8,1,109,5,2,3,0.7142857142857143,0.625,0.6666666666666666,0.8932448098644592,0.9431346097474181,2,9
yolo11l-seg.pt,MOTS20-11,328,9,1,108,6,1,3,0.8571428571428571,0.6666666666666666,0.75,0.8421554708479908,0.9109061584020745,2,9
yolo11l-seg.pt,MOTS20-11,329,9,1,119,6,1,3,0.8571428571428571,0.6666666666666666,0.75,0.8324594520767299,0.9054532786436508,4,11
yolo11l-seg.pt,MOTS20-11,330,9,1,110,6,2,3,0.75,0.6666666666666666,0.7058823529411765,0.8197346802394242,0.8963370858871317,1,9
yolo11l-seg.pt,MOTS20-11,331,10,1,110,6,1,4,0.8571428571428571,0.6,0.7058823529411765,0.8337387704027197,0.9063149379560445,1,8
yolo11l-seg.pt,MOTS20-11,332,8,1,115,6,1,2,0.8571428571428571,0.75,0.8,0.8528636848679384,0.9181387467840545,1,8
yolo11l-seg.pt,MOTS20-11,333,9,1,96,6,1,3,0.8571428571428571,0.6666666666666666,0.75,0.8575065436963891,0.9214378351352583,2,9
yolo11l-seg.pt,MOTS20-11,334,9,1,108,7,0,2,1.0,0.7777777777777778,0.875,0.8231934098750616,0.8984524699141636,4,11
yolo11l-seg.pt,MOTS20-11,335,9,1,107,6,1,3,0.8571428571428571,0.6666666666666666,0.75,0.8487087483127967,0.9156879263963073,3,10
yolo11l-seg.pt,MOTS20-11,336,7,1,97,6,1,1,0.8571428571428571,0.8571428571428571,0.8571428571428571,0.8312499407483646,0.9046482771118667,0,7
yolo11l-seg.pt,MOTS20-11,337,7,1,114,7,1,0,0.875,1.0,0.9333333333333333,0.8194261671599864,0.8956953699079335,0,8
yolo11l-seg.pt,MOTS20-11,338,7,1,109,7,3,0,0.7,1.0,0.8235294117647058,0.8280381761365826,0.9035955622238558,2,12
yolo11l-seg.pt,MOTS20-11,339,7,1,118,7,1,0,0.875,1.0,0.9333333333333333,0.7970558584249972,0.8814806913646633,1,9
yolo11l-seg.pt,MOTS20-11,340,7,1,84,7,0,0,1.0,1.0,1.0,0.8035859724742863,0.887509019073657,1,8
yolo11l-seg.pt,MOTS20-11,341,7,1,94,7,0,0,1.0,1.0,1.0,0.781818329989797,0.8727200810687042,1,8
yolo11l-seg.pt,MOTS20-11,342,7,1,94,7,0,0,1.0,1.0,1.0,0.7710784709947633,0.865647989802807,2,9
yolo11l-seg.pt,MOTS20-11,343,7,1,102,7,0,0,1.0,1.0,1.0,0.7614188574380637,0.8596689182299003,1,8
yolo11l-seg.pt,MOTS20-11,344,7,1,80,6,0,1,1.0,0.8571428571428571,0.9230769230769231,0.7929281644527558,0.8817728986652268,2,8
yolo11l-seg.pt,MOTS20-11,345,7,1,77,6,0,1,1.0,0.8571428571428571,0.9230769230769231,0.7766108987785186,0.8695641045624002,2,8
yolo11l-seg.pt,MOTS20-11,346,7,1,91,7,0,0,1.0,1.0,1.0,0.8093219330835456,0.8932218309771184,3,10
yolo11l-seg.pt,MOTS20-11,347,7,1,92,5,1,2,0.8333333333333334,0.7142857142857143,0.7692307692307693,0.836631378087492,0.9098750050204826,2,8
yolo11l-seg.pt,MOTS20-11,348,6,1,104,6,0,0,1.0,1.0,1.0,0.8327636532622306,0.9078557888594335,3,9
yolo11l-seg.pt,MOTS20-11,349,6,1,101,6,0,0,1.0,1.0,1.0,0.8378172426661488,0.910986884826907,2,8
yolo11l-seg.pt,MOTS20-11,350,6,1,106,6,1,0,0.8571428571428571,1.0,0.9230769230769231,0.8466311280419457,0.9165520901503289,2,9
yolo11l-seg.pt,MOTS20-11,351,6,1,106,6,1,0,0.8571428571428571,1.0,0.9230769230769231,0.8403377812138171,0.9126993003525113,2,9
yolo11l-seg.pt,MOTS20-11,352,6,1,115,6,0,0,1.0,1.0,1.0,0.8616762886221149,0.9253651812175819,2,8
yolo11l-seg.pt,MOTS20-11,353,6,1,103,6,0,0,1.0,1.0,1.0,0.8696381450751046,0.9299568916801637,2,8
yolo11l-seg.pt,MOTS20-11,354,6,1,93,6,0,0,1.0,1.0,1.0,0.8537515160230419,0.9206834991689824,2,8
yolo11l-seg.pt,MOTS20-11,355,6,1,94,6,1,0,0.8571428571428571,1.0,0.9230769230769231,0.8532716435403706,0.9203414587680734,2,9
yolo11l-seg.pt,MOTS20-11,356,6,1,76,6,1,0,0.8571428571428571,1.0,0.9230769230769231,0.8559309213297746,0.9219739120187854,2,9
yolo11l-seg.pt,MOTS20-11,357,6,1,73,6,1,0,0.8571428571428571,1.0,0.9230769230769231,0.8593931191360773,0.9239101693675774,2,9
yolo11l-seg.pt,MOTS20-11,358,6,1,69,6,1,0,0.8571428571428571,1.0,0.9230769230769231,0.8531618817587514,0.9201788006495967,2,9
yolo11l-seg.pt,MOTS20-11,359,6,1,70,6,1,0,0.8571428571428571,1.0,0.9230769230769231,0.8648546980586257,0.926983525704946,2,9
yolo11l-seg.pt,MOTS20-11,360,6,1,77,6,1,0,0.8571428571428571,1.0,0.9230769230769231,0.8672854714569319,0.9282024375390044,2,9
yolo11l-seg.pt,MOTS20-11,361,6,1,91,6,1,0,0.8571428571428571,1.0,0.9230769230769231,0.8695419417362258,0.9296708454229679,2,9
yolo11l-seg.pt,MOTS20-11,362,6,1,83,6,1,0,0.8571428571428571,1.0,0.9230769230769231,0.8719024260657209,0.9310291296295224,2,9
yolo11l-seg.pt,MOTS20-11,363,6,1,87,6,1,0,0.8571428571428571,1.0,0.9230769230769231,0.8682649776157488,0.929050527282277,2,9
yolo11l-seg.pt,MOTS20-11,364,6,1,87,6,1,0,0.8571428571428571,1.0,0.9230769230769231,0.8708937232639129,0.9304634996316103,2,9
yolo11l-seg.pt,MOTS20-11,365,6,1,66,6,1,0,0.8571428571428571,1.0,0.9230769230769231,0.86109631937131,0.9247903785334156,2,9
yolo11l-seg.pt,MOTS20-11,366,6,1,77,6,1,0,0.8571428571428571,1.0,0.9230769230769231,0.8586932110844376,0.9234196940700409,2,9
yolo11l-seg.pt,MOTS20-11,367,6,1,95,6,2,0,0.75,1.0,0.8571428571428571,0.8592906343681886,0.9237799479516431,2,10
yolo11l-seg.pt,MOTS20-11,368,6,1,110,6,2,0,0.75,1.0,0.8571428571428571,0.8733707474858998,0.9319367489337855,2,10
yolo11l-seg.pt,MOTS20-11,369,7,1,112,6,2,1,0.75,0.8571428571428571,0.8,0.8677349704253166,0.9286263261114597,1,9
yolo11l-seg.pt,MOTS20-11,370,7,1,115,7,1,0,0.875,1.0,0.9333333333333333,0.8512987992369705,0.9186812716992244,1,9
yolo11l-seg.pt,MOTS20-11,371,7,1,107,7,1,0,0.875,1.0,0.9333333333333333,0.8549337113154397,0.9208955388787883,1,9
yolo11l-seg.pt,MOTS20-11,372,7,1,108,7,2,0,0.7777777777777778,1.0,0.875,0.8506083682036307,0.91827762513977,1,10
yolo11l-seg.pt,MOTS20-11,373,7,1,113,7,2,0,0.7777777777777778,1.0,0.875,0.8624641628002202,0.925405614798389,1,10
yolo11l-seg.pt,MOTS20-11,374,7,1,125,7,2,0,0.7777777777777778,1.0,0.875,0.8552037723095266,0.9209483513577579,2,11
yolo11l-seg.pt,MOTS20-11,375,7,1,112,7,1,0,0.875,1.0,0.9333333333333333,0.8588349328899706,0.9230619354882917,2,10
yolo11l-seg.pt,MOTS20-11,376,7,1,119,7,2,0,0.7777777777777778,1.0,0.875,0.8555852234424757,0.9212589826424004,0,9
yolo11l-seg.pt,MOTS20-11,377,7,1,121,7,1,0,0.875,1.0,0.9333333333333333,0.8640929352904719,0.9264732091504568,1,9
yolo11l-seg.pt,MOTS20-11,378,8,1,117,7,2,1,0.7777777777777778,0.875,0.8235294117647058,0.863527187997792,0.9260832331429434,3,12
yolo11l-seg.pt,MOTS20-11,379,8,1,123,7,2,1,0.7777777777777778,0.875,0.8235294117647058,0.8718498481708535,0.9309833500087492,0,9
yolo11l-seg.pt,MOTS20-11,380,8,1,125,7,1,1,0.875,0.875,0.875,0.8695735485523748,0.9295107391893577,0,8
yolo11l-seg.pt,MOTS20-11,381,8,1,115,7,1,1,0.875,0.875,0.875,0.8779234953944498,0.9346217578060922,0,8
yolo11l-seg.pt,MOTS20-11,382,8,1,82,7,1,1,0.875,0.875,0.875,0.8689952523481624,0.9295531571558888,0,8
yolo11l-seg.pt,MOTS20-11,383,8,1,93,7,0,1,1.0,0.875,0.9333333333333333,0.8617606775588265,0.9253006374556911,0,7
yolo11l-seg.pt,MOTS20-11,384,8,1,114,7,1,1,0.875,0.875,0.875,0.8576427929252824,0.9229125202532444,0,8
yolo11l-seg.pt,MOTS20-11,385,8,1,87,7,0,1,1.0,0.875,0.9333333333333333,0.8584109619095445,0.9232233961751041,0,7
yolo11l-seg.pt,MOTS20-11,386,8,1,90,7,0,1,1.0,0.875,0.9333333333333333,0.8532803997609459,0.920175293288556,0,7
yolo11l-seg.pt,MOTS20-11,387,8,1,86,7,0,1,1.0,0.875,0.9333333333333333,0.8608501692511525,0.9244069937089693,0,7
yolo11l-seg.pt,MOTS20-11,388,8,1,53,7,0,1,1.0,0.875,0.9333333333333333,0.8590322072521103,0.9235797042751701,0,7
yolo11l-seg.pt,MOTS20-11,389,8,1,56,7,0,1,1.0,0.875,0.9333333333333333,0.8575212938140458,0.9226251825026246,0,7
yolo11l-seg.pt,MOTS20-11,390,8,1,69,7,0,1,1.0,0.875,0.9333333333333333,0.8584514827560044,0.9228325168903341,0,7
yolo11l-seg.pt,MOTS20-11,391,8,1,62,7,0,1,1.0,0.875,0.9333333333333333,0.8586357157913452,0.9230882207008289,0,7
yolo11l-seg.pt,MOTS20-11,392,8,1,90,7,0,1,1.0,0.875,0.9333333333333333,0.8628835781194002,0.9254159931948572,0,7
yolo11l-seg.pt,MOTS20-11,393,8,1,78,7,0,1,1.0,0.875,0.9333333333333333,0.8687893184395525,0.929187454098375,0,7
yolo11l-seg.pt,MOTS20-11,394,8,1,75,7,0,1,1.0,0.875,0.9333333333333333,0.8707673924413928,0.9302666587755338,0,7
yolo11l-seg.pt,MOTS20-11,395,8,1,65,7,0,1,1.0,0.875,0.9333333333333333,0.8703095601361056,0.929978238862673,0,7
yolo11l-seg.pt,MOTS20-11,396,8,1,75,7,0,1,1.0,0.875,0.9333333333333333,0.8793643237411963,0.9350941994598614,0,7
yolo11l-seg.pt,MOTS20-11,397,8,1,77,7,0,1,1.0,0.875,0.9333333333333333,0.8812749468657833,0.9363297262008654,0,7
yolo11l-seg.pt,MOTS20-11,398,8,1,72,7,0,1,1.0,0.875,0.9333333333333333,0.8818507693509076,0.9366472894765446,0,7
yolo11l-seg.pt,MOTS20-11,399,8,1,73,7,0,1,1.0,0.875,0.9333333333333333,0.8829387149080163,0.93736196790244,1,8
yolo11l-seg.pt,MOTS20-11,400,8,1,68,7,0,1,1.0,0.875,0.9333333333333333,0.8765280335970281,0.9336941579920968,0,7
yolo11l-seg.pt,MOTS20-11,401,8,1,62,7,0,1,1.0,0.875,0.9333333333333333,0.8697903430140876,0.9297140254041026,0,7
yolo11l-seg.pt,MOTS20-11,402,8,1,60,7,0,1,1.0,0.875,0.9333333333333333,0.8775434275608018,0.9341757150125801,0,7
yolo11l-seg.pt,MOTS20-11,403,8,1,54,7,0,1,1.0,0.875,0.9333333333333333,0.8673116308952874,0.928236526407766,0,7
yolo11l-seg.pt,MOTS20-11,404,8,1,69,7,0,1,1.0,0.875,0.9333333333333333,0.8639260633353272,0.9259696893574024,0,7
yolo11l-seg.pt,MOTS20-11,405,8,1,65,7,0,1,1.0,0.875,0.9333333333333333,0.856155654944125,0.9209878660640468,0,7
yolo11l-seg.pt,MOTS20-11,406,8,1,54,7,0,1,1.0,0.875,0.9333333333333333,0.8329996905330761,0.9048548583795953,0,7
yolo11l-seg.pt,MOTS20-11,407,8,1,42,7,0,1,1.0,0.875,0.9333333333333333,0.8339267955810623,0.9057574890455917,0,7
yolo11l-seg.pt,MOTS20-11,408,8,1,42,8,0,0,1.0,1.0,1.0,0.8349484803519613,0.9073610877776418,0,8
yolo11l-seg.pt,MOTS20-11,409,8,1,49,8,0,0,1.0,1.0,1.0,0.8454400199729382,0.9137529967494984,0,8
yolo11l-seg.pt,MOTS20-11,410,8,1,71,8,0,0,1.0,1.0,1.0,0.8538069819438956,0.9192980398599366,0,8
yolo11l-seg.pt,MOTS20-11,411,8,1,57,8,0,0,1.0,1.0,1.0,0.8506644679498878,0.9171804730557331,1,9
yolo11l-seg.pt,MOTS20-11,412,8,1,58,8,0,0,1.0,1.0,1.0,0.85668757720683,0.9209344879859704,1,9
yolo11l-seg.pt,MOTS20-11,413,8,1,64,8,0,0,1.0,1.0,1.0,0.8577379249491567,0.921585901592004,0,8
yolo11l-seg.pt,MOTS20-11,414,8,1,60,8,0,0,1.0,1.0,1.0,0.8462680224568844,0.9146710794806753,1,9
yolo11l-seg.pt,MOTS20-11,415,8,1,63,8,0,0,1.0,1.0,1.0,0.8330886551013932,0.9059925439545429,1,9
yolo11l-seg.pt,MOTS20-11,416,8,1,58,8,0,0,1.0,1.0,1.0,0.8135361119157734,0.8926327981517492,1,9
yolo11l-seg.pt,MOTS20-11,417,9,1,57,8,0,1,1.0,0.8888888888888888,0.9411764705882353,0.809546071505699,0.8885797431590995,1,9
yolo11l-seg.pt,MOTS20-11,418,9,1,56,7,1,2,0.875,0.7777777777777778,0.8235294117647058,0.8493566885303396,0.9165823175909293,1,9
yolo11l-seg.pt,MOTS20-11,419,9,1,49,7,1,2,0.875,0.7777777777777778,0.8235294117647058,0.8479027354884033,0.9156335834169037,1,9
yolo11l-seg.pt,MOTS20-11,420,8,1,44,7,1,1,0.875,0.875,0.875,0.8587958769227779,0.9222955731447043,1,9
yolo11l-seg.pt,MOTS20-11,421,8,1,43,8,0,0,1.0,1.0,1.0,0.819771133958966,0.8952677881137077,1,9
yolo11l-seg.pt,MOTS20-11,422,8,1,69,8,0,0,1.0,1.0,1.0,0.8287641734009026,0.9022460875843465,1,9
yolo11l-seg.pt,MOTS20-11,423,8,1,70,8,0,0,1.0,1.0,1.0,0.8381170304192125,0.9093049640729143,1,9
yolo11l-seg.pt,MOTS20-11,424,8,1,57,8,1,0,0.8888888888888888,1.0,0.9411764705882353,0.8480599493142242,0.9151450882369514,1,10
yolo11l-seg.pt,MOTS20-11,425,9,1,57,9,0,0,1.0,1.0,1.0,0.8342341733982601,0.9077297706299114,2,11
yolo11l-seg.pt,MOTS20-11,426,9,1,57,9,0,0,1.0,1.0,1.0,0.8348260141795275,0.9086681327566697,3,12
yolo11l-seg.pt,MOTS20-11,427,10,1,46,10,1,0,0.9090909090909091,1.0,0.9523809523809523,0.8020281331038321,0.8866839705075862,2,13
yolo11l-seg.pt,MOTS20-11,428,11,1,60,10,0,1,1.0,0.9090909090909091,0.9523809523809523,0.785569711106386,0.875561055814501,2,12
yolo11l-seg.pt,MOTS20-11,429,11,1,71,10,1,1,0.9090909090909091,0.9090909090909091,0.9090909090909091,0.7951117124071605,0.8818552125982191,2,13
yolo11l-seg.pt,MOTS20-11,430,11,1,82,10,0,1,1.0,0.9090909090909091,0.9523809523809523,0.7911401476421485,0.8789284434607207,1,11
yolo11l-seg.pt,MOTS20-11,431,11,1,66,10,0,1,1.0,0.9090909090909091,0.9523809523809523,0.7860301046449955,0.8752315825406107,1,11
yolo11l-seg.pt,MOTS20-11,432,11,1,66,9,0,2,1.0,0.8181818181818182,0.9,0.8119240827566657,0.8937502997559543,0,9
yolo11l-seg.pt,MOTS20-11,433,11,1,63,9,0,2,1.0,0.8181818181818182,0.9,0.8263548400778553,0.9028449421458089,0,9
yolo11l-seg.pt,MOTS20-11,434,11,1,69,9,1,2,0.9,0.8181818181818182,0.8571428571428571,0.8310416677275414,0.9059851375732185,0,10
yolo11l-seg.pt,MOTS20-11,435,11,1,70,11,0,0,1.0,1.0,1.0,0.7838188546516008,0.8727354227190315,0,11
yolo11l-seg.pt,MOTS20-11,436,11,1,73,10,0,1,1.0,0.9090909090909091,0.9523809523809523,0.7915701760224791,0.8789276876867247,0,10
yolo11l-seg.pt,MOTS20-11,437,11,1,55,9,1,2,0.9,0.8181818181818182,0.8571428571428571,0.8332858796201859,0.907282401683283,0,10
yolo11l-seg.pt,MOTS20-11,438,11,1,58,9,0,2,1.0,0.8181818181818182,0.9,0.8376514857352064,0.9100678149630187,0,9
yolo11l-seg.pt,MOTS20-11,439,11,1,59,9,0,2,1.0,0.8181818181818182,0.9,0.8337443412678388,0.9075220650189532,0,9
yolo11l-seg.pt,MOTS20-11,440,11,1,56,9,0,2,1.0,0.8181818181818182,0.9,0.824128595177617,0.9011441320802879,0,9
yolo11l-seg.pt,MOTS20-11,441,11,1,54,9,0,2,1.0,0.8181818181818182,0.9,0.8215154238034917,0.8998298304861385,0,9
yolo11l-seg.pt,MOTS20-11,442,11,1,73,9,1,2,0.9,0.8181818181818182,0.8571428571428571,0.8246293464420728,0.9020816216150281,0,10
yolo11l-seg.pt,MOTS20-11,443,10,1,74,9,0,1,1.0,0.9,0.9473684210526315,0.8253377470127182,0.9025238842560844,0,9
yolo11l-seg.pt,MOTS20-11,444,10,1,77,9,1,1,0.9,0.9,0.9,0.8258100653591242,0.9027046008993977,0,10
yolo11l-seg.pt,MOTS20-11,445,10,1,88,9,2,1,0.8181818181818182,0.9,0.8571428571428571,0.8217772241885141,0.9002180423431455,1,12
yolo11l-seg.pt,MOTS20-11,446,10,1,82,9,1,1,0.9,0.9,0.9,0.8182564935016292,0.898811464637987,1,11
yolo11l-seg.pt,MOTS20-11,447,10,1,74,10,0,0,1.0,1.0,1.0,0.7889831965497222,0.8773616693264714,1,11
yolo11l-seg.pt,MOTS20-11,448,10,1,65,10,0,0,1.0,1.0,1.0,0.8000232830939316,0.8860713864075607,1,11
yolo11l-seg.pt,MOTS20-11,449,9,1,77,9,1,0,0.9,1.0,0.9473684210526315,0.7971723490625872,0.8838015454234072,1,11
yolo11l-seg.pt,MOTS20-11,450,9,1,91,9,0,0,1.0,1.0,1.0,0.7974705576614596,0.8845535348986071,1,10
yolo11l-seg.pt,MOTS20-11,451,9,1,69,9,0,0,1.0,1.0,1.0,0.7912971842706444,0.8805683264682563,1,10
yolo11l-seg.pt,MOTS20-11,452,9,1,52,9,0,0,1.0,1.0,1.0,0.8094197112898448,0.8931200784962718,1,10
yolo11l-seg.pt,MOTS20-11,453,9,1,59,9,0,0,1.0,1.0,1.0,0.8222475930186144,0.9013775431997948,1,10
yolo11l-seg.pt,MOTS20-11,454,9,1,65,9,0,0,1.0,1.0,1.0,0.8313291128050782,0.9068446543315064,1,10
yolo11l-seg.pt,MOTS20-11,455,9,1,72,9,0,0,1.0,1.0,1.0,0.8361749753870913,0.909816321458788,1,10
yolo11l-seg.pt,MOTS20-11,456,9,1,75,9,0,0,1.0,1.0,1.0,0.830161006357291,0.9060827386300662,1,10
yolo11l-seg.pt,MOTS20-11,457,9,1,78,9,0,0,1.0,1.0,1.0,0.8277177079692297,0.9045466167485373,1,10
yolo11l-seg.pt,MOTS20-11,458,9,1,88,9,0,0,1.0,1.0,1.0,0.8183385139633742,0.8986489002977849,1,10
yolo11l-seg.pt,MOTS20-11,459,9,1,82,9,0,0,1.0,1.0,1.0,0.8190295250350181,0.8990486277467367,0,9
yolo11l-seg.pt,MOTS20-11,460,9,1,81,8,0,1,1.0,0.8888888888888888,0.9411764705882353,0.8259027408350608,0.9034330094605721,0,8
yolo11l-seg.pt,MOTS20-11,461,9,1,89,8,0,1,1.0,0.8888888888888888,0.9411764705882353,0.8031521731940734,0.8893031734079817,0,8
yolo11l-seg.pt,MOTS20-11,462,9,1,84,8,0,1,1.0,0.8888888888888888,0.9411764705882353,0.8119264600074072,0.894800296332795,0,8
yolo11l-seg.pt,MOTS20-11,463,8,1,71,8,0,0,1.0,1.0,1.0,0.8120688753390639,0.8944056979034756,0,8
yolo11l-seg.pt,MOTS20-11,464,8,1,70,8,0,0,1.0,1.0,1.0,0.805272422103986,0.8904986707684587,1,9
yolo11l-seg.pt,MOTS20-11,465,8,1,64,8,0,0,1.0,1.0,1.0,0.7918968937171377,0.8815745824695882,1,9
yolo11l-seg.pt,MOTS20-11,466,8,1,77,8,0,0,1.0,1.0,1.0,0.7967058129958386,0.8852473649801404,1,9
yolo11l-seg.pt,MOTS20-11,467,8,1,79,8,0,0,1.0,1.0,1.0,0.8145410139280418,0.8959676470488716,1,9
yolo11l-seg.pt,MOTS20-11,468,8,1,77,8,0,0,1.0,1.0,1.0,0.8119358744595755,0.8947616713093851,1,9
yolo11l-seg.pt,MOTS20-11,469,8,1,75,8,0,0,1.0,1.0,1.0,0.8088931105133385,0.8928790850659116,0,8
yolo11l-seg.pt,MOTS20-11,470,8,1,56,7,0,1,1.0,0.875,0.9333333333333333,0.8184801667367348,0.8991172419094384,1,8
yolo11l-seg.pt,MOTS20-11,471,8,1,63,8,0,0,1.0,1.0,1.0,0.7878655152446882,0.8773048511475218,0,8
yolo11l-seg.pt,MOTS20-11,472,8,1,78,7,0,1,1.0,0.875,0.9333333333333333,0.8269550933902025,0.9042301661985702,1,8
yolo11l-seg.pt,MOTS20-11,473,9,1,72,7,0,2,1.0,0.7777777777777778,0.875,0.8272583511459451,0.9040332895215941,2,9
yolo11l-seg.pt,MOTS20-11,474,8,1,48,7,0,1,1.0,0.875,0.9333333333333333,0.8327806491864905,0.9067381223545949,1,8
yolo11l-seg.pt,MOTS20-11,475,8,1,43,7,0,1,1.0,0.875,0.9333333333333333,0.8295830895060254,0.9046578603737542,0,7
yolo11l-seg.pt,MOTS20-11,476,8,1,58,7,0,1,1.0,0.875,0.9333333333333333,0.8152440843129783,0.8943713281855162,1,8
yolo11l-seg.pt,MOTS20-11,477,8,1,53,7,0,1,1.0,0.875,0.9333333333333333,0.8246321540887683,0.9014575481000876,1,8
yolo11l-seg.pt,MOTS20-11,478,8,1,46,7,0,1,1.0,0.875,0.9333333333333333,0.8252694550786247,0.9023879051223759,0,7
yolo11l-seg.pt,MOTS20-11,479,8,1,56,7,0,1,1.0,0.875,0.9333333333333333,0.8340351368264763,0.9079584549857519,0,7
yolo11l-seg.pt,MOTS20-11,480,8,1,60,7,0,1,1.0,0.875,0.9333333333333333,0.8324360332640827,0.9069132985843431,0,7
yolo11l-seg.pt,MOTS20-11,481,8,1,50,7,0,1,1.0,0.875,0.9333333333333333,0.8261289335445691,0.9026858011851544,0,7
yolo11l-seg.pt,MOTS20-11,482,8,1,48,7,0,1,1.0,0.875,0.9333333333333333,0.8190024552684764,0.8977478749796409,0,7
yolo11l-seg.pt,MOTS20-11,483,8,1,51,8,0,0,1.0,1.0,1.0,0.7755392004291286,0.8680657372521221,0,8
yolo11l-seg.pt,MOTS20-11,484,8,1,60,8,0,0,1.0,1.0,1.0,0.7972804587993425,0.8848043888916428,1,9
yolo11l-seg.pt,MOTS20-11,485,9,1,52,8,0,1,1.0,0.8888888888888888,0.9411764705882353,0.8105961934053487,0.8926892700032716,1,9
yolo11l-seg.pt,MOTS20-11,486,9,1,58,8,0,1,1.0,0.8888888888888888,0.9411764705882353,0.800218475877323,0.8847705508107773,0,8
yolo11l-seg.pt,MOTS20-11,487,10,1,81,8,0,2,1.0,0.8,0.8888888888888888,0.8018403651825193,0.8855840474584631,0,8
yolo11l-seg.pt,MOTS20-11,488,10,1,87,6,1,4,0.8571428571428571,0.6,0.7058823529411765,0.8603557833244507,0.9241421532977142,1,8
yolo11l-seg.pt,MOTS20-11,489,10,1,70,6,1,4,0.8571428571428571,0.6,0.7058823529411765,0.861608802485295,0.9250237207203131,1,8
yolo11l-seg.pt,MOTS20-11,490,10,1,96,6,1,4,0.8571428571428571,0.6,0.7058823529411765,0.8570558264182,0.9223997816297752,0,7
yolo11l-seg.pt,MOTS20-11,491,10,1,85,6,1,4,0.8571428571428571,0.6,0.7058823529411765,0.8552888364803933,0.9213811048410535,1,8
yolo11l-seg.pt,MOTS20-11,492,10,1,86,6,1,4,0.8571428571428571,0.6,0.7058823529411765,0.8559213614748531,0.9218378474408436,0,7
yolo11l-seg.pt,MOTS20-11,493,10,1,86,6,1,4,0.8571428571428571,0.6,0.7058823529411765,0.8589832240344796,0.9237216003174634,1,8
yolo11l-seg.pt,MOTS20-11,494,10,1,90,6,1,4,0.8571428571428571,0.6,0.7058823529411765,0.8556561686679007,0.9217715206569707,1,8
yolo11l-seg.pt,MOTS20-11,495,10,1,108,6,1,4,0.8571428571428571,0.6,0.7058823529411765,0.8552391119328474,0.9215036912405609,0,7
yolo11l-seg.pt,MOTS20-11,496,10,1,101,7,1,3,0.875,0.7,0.7777777777777778,0.8377404625026976,0.910285190837354,0,8
yolo11l-seg.pt,MOTS20-11,497,10,1,111,7,2,3,0.7777777777777778,0.7,0.7368421052631579,0.8362121992293073,0.9090639452688639,0,9
yolo11l-seg.pt,MOTS20-11,498,10,1,106,6,1,4,0.8571428571428571,0.6,0.7058823529411765,0.8594127258044186,0.9239702738214315,0,7
yolo11l-seg.pt,MOTS20-11,499,10,1,105,6,1,4,0.8571428571428571,0.6,0.7058823529411765,0.8557007273081813,0.9217776426682563,0,7
yolo11l-seg.pt,MOTS20-11,500,10,1,83,6,0,4,1.0,0.6,0.75,0.8526306255979855,0.92004981648132,0,6
yolo11l-seg.pt,MOTS20-11,501,10,1,86,6,0,4,1.0,0.6,0.75,0.8547003454994865,0.921329406899515,0,6
yolo11l-seg.pt,MOTS20-11,502,10,1,70,6,1,4,0.8571428571428571,0.6,0.7058823529411765,0.8618760987484899,0.9253649946756508,1,8
yolo11l-seg.pt,MOTS20-11,503,10,1,65,7,0,3,1.0,0.7,0.8235294117647058,0.808521488344951,0.8876717086472011,0,7
yolo11l-seg.pt,MOTS20-11,504,10,1,77,7,0,3,1.0,0.7,0.8235294117647058,0.8166003255826408,0.8938963148804161,2,9
yolo11l-seg.pt,MOTS20-11,505,10,1,63,7,0,3,1.0,0.7,0.8235294117647058,0.8174554977711587,0.8943104532390705,1,8
yolo11l-seg.pt,MOTS20-11,506,10,1,80,7,0,3,1.0,0.7,0.8235294117647058,0.8196861544349192,0.8962583694511602,1,8
yolo11l-seg.pt,MOTS20-11,507,10,1,62,7,1,3,0.875,0.7,0.7777777777777778,0.8303420044430924,0.9030438283377273,1,9
yolo11l-seg.pt,MOTS20-11,508,10,1,89,7,1,3,0.875,0.7,0.7777777777777778,0.8380470368249716,0.907745054290179,1,9
yolo11l-seg.pt,MOTS20-11,509,10,1,77,8,0,2,1.0,0.8,0.8888888888888888,0.8082337891863031,0.8879975003450276,1,9
yolo11l-seg.pt,MOTS20-11,510,10,1,84,8,1,2,0.8888888888888888,0.8,0.8421052631578947,0.8069391580574183,0.8881543464556984,1,10
yolo11l-seg.pt,MOTS20-11,511,8,1,72,8,0,0,1.0,1.0,1.0,0.8001257623339695,0.8845554562966209,1,9
yolo11l-seg.pt,MOTS20-11,512,8,1,89,8,0,0,1.0,1.0,1.0,0.8092853023508018,0.8910725239069431,1,9
yolo11l-seg.pt,MOTS20-11,513,8,1,79,8,1,0,0.8888888888888888,1.0,0.9411764705882353,0.8126743885314062,0.8929006418562346,1,10
yolo11l-seg.pt,MOTS20-11,514,8,1,70,8,1,0,0.8888888888888888,1.0,0.9411764705882353,0.8115280721174711,0.8914463534798032,1,10
yolo11l-seg.pt,MOTS20-11,515,8,1,75,8,1,0,0.8888888888888888,1.0,0.9411764705882353,0.7990520147366086,0.8820544940194401,1,10
yolo11l-seg.pt,MOTS20-11,516,8,1,90,7,2,1,0.7777777777777778,0.875,0.8235294117647058,0.8423428117095951,0.9129761509874215,1,10
yolo11l-seg.pt,MOTS20-11,517,8,1,79,7,2,1,0.7777777777777778,0.875,0.8235294117647058,0.8465732705770898,0.9158612370652242,1,10
yolo11l-seg.pt,MOTS20-11,518,8,1,89,8,0,0,1.0,1.0,1.0,0.8121233895594455,0.8913590239888274,1,9
yolo11l-seg.pt,MOTS20-11,519,8,1,97,8,0,0,1.0,1.0,1.0,0.803743273910821,0.8859625592192107,1,9
yolo11l-seg.pt,MOTS20-11,520,8,1,83,7,0,1,1.0,0.875,0.9333333333333333,0.8468290839636969,0.9156342936497308,1,8
yolo11l-seg.pt,MOTS20-11,521,8,1,81,7,0,1,1.0,0.875,0.9333333333333333,0.8431768114409988,0.9135432591399352,1,8
yolo11l-seg.pt,MOTS20-11,522,8,1,73,7,0,1,1.0,0.875,0.9333333333333333,0.8409731902878941,0.9118420360421237,1,8
yolo11l-seg.pt,MOTS20-11,523,8,1,64,7,0,1,1.0,0.875,0.9333333333333333,0.844128349498917,0.9139477135507729,1,8
yolo11l-seg.pt,MOTS20-11,524,8,1,68,7,0,1,1.0,0.875,0.9333333333333333,0.8539845765321262,0.9199754837807463,0,7
yolo11l-seg.pt,MOTS20-11,525,8,1,65,7,0,1,1.0,0.875,0.9333333333333333,0.8635493618631163,0.9258582941214958,0,7
yolo11l-seg.pt,MOTS20-11,526,8,1,68,7,0,1,1.0,0.875,0.9333333333333333,0.861400320928896,0.9246158822284232,0,7
yolo11l-seg.pt,MOTS20-11,527,7,1,61,7,0,0,1.0,1.0,1.0,0.8646764888854049,0.9264936563470341,0,7
yolo11l-seg.pt,MOTS20-11,528,8,1,71,7,0,1,1.0,0.875,0.9333333333333333,0.8647662400578406,0.9266692789238731,1,8
yolo11l-seg.pt,MOTS20-11,529,9,1,84,7,0,2,1.0,0.7777777777777778,0.875,0.8613302657544324,0.9245863033945704,1,8
yolo11l-seg.pt,MOTS20-11,530,10,1,70,7,0,3,1.0,0.7,0.8235294117647058,0.8637147619402082,0.9262487770762264,0,7
yolo11l-seg.pt,MOTS20-11,531,9,1,89,7,0,2,1.0,0.7777777777777778,0.875,0.8674527551636945,0.928397161541806,0,7
yolo11l-seg.pt,MOTS20-11,532,10,1,70,7,0,3,1.0,0.7,0.8235294117647058,0.8726494129448799,0.9315822869671943,0,7
yolo11l-seg.pt,MOTS20-11,533,10,1,79,7,1,3,0.875,0.7,0.7777777777777778,0.8754940855190602,0.9331436195088519,0,8
yolo11l-seg.pt,MOTS20-11,534,10,1,56,7,2,3,0.7777777777777778,0.7,0.7368421052631579,0.8622489992690704,0.9251173335513103,0,9
yolo11l-seg.pt,MOTS20-11,535,10,1,105,7,1,3,0.875,0.7,0.7777777777777778,0.8594162140528915,0.9233733177115241,1,9
yolo11l-seg.pt,MOTS20-11,536,10,1,92,8,0,2,1.0,0.8,0.8888888888888888,0.7994851761704953,0.8828752626687157,1,9
yolo11l-seg.pt,MOTS20-11,537,10,1,86,8,0,2,1.0,0.8,0.8888888888888888,0.7996097099762021,0.8823497551074395,0,8
yolo11l-seg.pt,MOTS20-11,538,10,1,105,7,1,3,0.875,0.7,0.7777777777777778,0.8379790482795917,0.9095864045664754,0,8
yolo11l-seg.pt,MOTS20-11,539,10,1,92,7,0,3,1.0,0.7,0.8235294117647058,0.8239202136099298,0.9000454160764949,0,7
yolo11l-seg.pt,MOTS20-11,540,10,1,86,8,0,2,1.0,0.8,0.8888888888888888,0.788790189894158,0.8739288454344176,0,8
yolo11l-seg.pt,MOTS20-11,541,9,1,81,9,0,0,1.0,1.0,1.0,0.7878616771213522,0.8751784577181642,0,9
yolo11l-seg.pt,MOTS20-11,542,9,1,76,9,1,0,0.9,1.0,0.9473684210526315,0.7959535083535739,0.8792420788348999,0,10
yolo11l-seg.pt,MOTS20-11,543,9,1,66,9,0,0,1.0,1.0,1.0,0.7766014375477873,0.8666488515900971,0,9
yolo11l-seg.pt,MOTS20-11,544,9,1,76,9,0,0,1.0,1.0,1.0,0.774703778757866,0.8659698418340097,0,9
yolo11l-seg.pt,MOTS20-11,545,9,1,74,9,0,0,1.0,1.0,1.0,0.7784585380605303,0.8692876479124241,0,9
yolo11l-seg.pt,MOTS20-11,546,10,1,91,9,0,1,1.0,0.9,0.9473684210526315,0.7761066147807647,0.8666428372762283,0,9
yolo11l-seg.pt,MOTS20-11,547,10,1,68,8,1,2,0.8888888888888888,0.8,0.8421052631578947,0.820512182114944,0.8955652650554472,0,9
yolo11l-seg.pt,MOTS20-11,548,10,1,62,8,1,2,0.8888888888888888,0.8,0.8421052631578947,0.8283741509778688,0.902529460259975,1,10
yolo11l-seg.pt,MOTS20-11,549,10,1,69,9,2,1,0.8181818181818182,0.9,0.8571428571428571,0.786516216945628,0.872212803695678,0,11
yolo11l-seg.pt,MOTS20-11,550,10,1,69,9,0,1,1.0,0.9,0.9473684210526315,0.8128045263400183,0.8932344797735033,0,9
yolo11l-seg.pt,MOTS20-11,551,10,1,53,9,0,1,1.0,0.9,0.9473684210526315,0.7980509947833978,0.8821157589124238,0,9
yolo11l-seg.pt,MOTS20-11,552,9,1,40,9,0,0,1.0,1.0,1.0,0.8117402787315974,0.8927652276761648,0,9
yolo11l-seg.pt,MOTS20-11,553,8,1,55,8,0,0,1.0,1.0,1.0,0.8041777530009719,0.8859566739006834,2,10
yolo11l-seg.pt,MOTS20-11,554,8,1,54,8,0,0,1.0,1.0,1.0,0.8139515746363776,0.8928856877654179,2,10
yolo11l-seg.pt,MOTS20-11,555,8,1,50,8,0,0,1.0,1.0,1.0,0.8141295639364903,0.8934051036508526,1,9
yolo11l-seg.pt,MOTS20-11,556,9,1,63,9,0,0,1.0,1.0,1.0,0.8259480268092843,0.9004984898465713,0,9
yolo11l-seg.pt,MOTS20-11,557,8,1,65,7,0,1,1.0,0.875,0.9333333333333333,0.7955026465902693,0.87811382516332,0,7
yolo11l-seg.pt,MOTS20-11,558,8,1,53,7,0,1,1.0,0.875,0.9333333333333333,0.8136862394297472,0.8918809453997347,0,7
yolo11l-seg.pt,MOTS20-11,559,8,1,39,7,0,1,1.0,0.875,0.9333333333333333,0.8295669699613741,0.9035390463055569,0,7
yolo11l-seg.pt,MOTS20-11,560,8,1,35,7,0,1,1.0,0.875,0.9333333333333333,0.8394763073378052,0.9107288063485637,0,7
yolo11l-seg.pt,MOTS20-11,561,8,1,40,7,1,1,0.875,0.875,0.875,0.814402333778668,0.8940840628883918,0,8
yolo11l-seg.pt,MOTS20-11,562,8,1,46,8,0,0,1.0,1.0,1.0,0.8200403501717379,0.8976116293095753,0,8
yolo11l-seg.pt,MOTS20-11,563,8,1,36,8,0,0,1.0,1.0,1.0,0.8209537603376608,0.8979572994572333,0,8
yolo11l-seg.pt,MOTS20-11,564,8,1,39,8,0,0,1.0,1.0,1.0,0.8369232154904795,0.9091188512105852,0,8
yolo11l-seg.pt,MOTS20-11,565,8,1,34,8,0,0,1.0,1.0,1.0,0.8442744424218317,0.9139963195456835,0,8
yolo11l-seg.pt,MOTS20-11,566,8,1,30,8,1,0,0.8888888888888888,1.0,0.9411764705882353,0.835791655919802,0.9087410105810181,0,9
yolo11l-seg.pt,MOTS20-11,567,8,1,38,8,0,0,1.0,1.0,1.0,0.8329078857540646,0.9064630250744932,0,8
yolo11l-seg.pt,MOTS20-11,568,8,1,35,8,0,0,1.0,1.0,1.0,0.8254657082715151,0.9024104781282412,0,8
yolo11l-seg.pt,MOTS20-11,569,9,1,30,7,0,2,1.0,0.7777777777777778,0.875,0.8098074499006104,0.8917234215890029,0,7
yolo11l-seg.pt,MOTS20-11,570,8,1,28,7,0,1,1.0,0.875,0.9333333333333333,0.8061691418273584,0.8882893781574711,0,7
yolo11l-seg.pt,MOTS20-11,571,9,1,41,7,0,2,1.0,0.7777777777777778,0.875,0.7921723800670432,0.8801538629232082,0,7
yolo11l-seg.pt,MOTS20-11,572,8,1,52,7,0,1,1.0,0.875,0.9333333333333333,0.8185776583524808,0.8983515863200136,0,7
yolo11l-seg.pt,MOTS20-11,573,8,1,61,7,0,1,1.0,0.875,0.9333333333333333,0.8247158683464192,0.9022003500233841,0,7
yolo11l-seg.pt,MOTS20-11,574,8,1,53,7,0,1,1.0,0.875,0.9333333333333333,0.825958554449897,0.9038384352734538,0,7
yolo11l-seg.pt,MOTS20-11,575,8,1,52,7,0,1,1.0,0.875,0.9333333333333333,0.8220479823529322,0.9007032186281448,0,7
yolo11l-seg.pt,MOTS20-11,576,8,1,60,7,1,1,0.875,0.875,0.875,0.8269754131792492,0.9037900118153522,0,8
yolo11l-seg.pt,MOTS20-11,577,8,1,77,7,1,1,0.875,0.875,0.875,0.8167434960904185,0.8975220468193085,0,8
yolo11l-seg.pt,MOTS20-11,578,8,1,63,7,1,1,0.875,0.875,0.875,0.8174667338651384,0.8981996671912567,0,8
yolo11l-seg.pt,MOTS20-11,579,8,1,64,7,1,1,0.875,0.875,0.875,0.8282336630447451,0.9047420579458807,1,9
yolo11l-seg.pt,MOTS20-11,580,8,1,75,8,0,0,1.0,1.0,1.0,0.7910767642125175,0.8797322146495323,1,9
yolo11l-seg.pt,MOTS20-11,581,8,1,57,8,0,0,1.0,1.0,1.0,0.8217801389733321,0.9009872774179073,0,8
yolo11l-seg.pt,MOTS20-11,582,8,1,60,8,0,0,1.0,1.0,1.0,0.8009829984226119,0.8865136175016612,0,8
yolo11l-seg.pt,MOTS20-11,583,8,1,50,8,1,0,0.8888888888888888,1.0,0.9411764705882353,0.7972804303440484,0.884155594985115,0,9
yolo11l-seg.pt,MOTS20-11,584,8,1,67,8,1,0,0.8888888888888888,1.0,0.9411764705882353,0.7874902867041067,0.8781808933241477,0,9
yolo11l-seg.pt,MOTS20-11,585,8,1,60,8,1,0,0.8888888888888888,1.0,0.9411764705882353,0.8052759767994871,0.8889405180053874,0,9
yolo11l-seg.pt,MOTS20-11,586,8,1,65,8,0,0,1.0,1.0,1.0,0.8152228117904029,0.8945542930148908,1,9
yolo11l-seg.pt,MOTS20-11,587,8,1,57,8,0,0,1.0,1.0,1.0,0.7942430658107681,0.8807567157325983,0,8
yolo11l-seg.pt,MOTS20-11,588,8,1,47,8,0,0,1.0,1.0,1.0,0.8104372451192778,0.8896644018719673,1,9
yolo11l-seg.pt,MOTS20-11,589,9,1,57,7,1,2,0.875,0.7777777777777778,0.8235294117647058,0.8301662549021629,0.906204394380838,0,8
yolo11l-seg.pt,MOTS20-11,590,9,1,71,8,1,1,0.8888888888888888,0.8888888888888888,0.8888888888888888,0.7878793262724518,0.8776713864308302,0,9
yolo11l-seg.pt,MOTS20-11,591,9,1,84,8,0,1,1.0,0.8888888888888888,0.9411764705882353,0.8048465153907935,0.8887286979553072,0,8
yolo11l-seg.pt,MOTS20-11,592,9,1,63,8,0,1,1.0,0.8888888888888888,0.9411764705882353,0.807138148430691,0.8910020955422496,0,8
yolo11l-seg.pt,MOTS20-11,593,10,1,80,8,0,2,1.0,0.8,0.8888888888888888,0.798932830390517,0.8853236863866224,0,8
yolo11l-seg.pt,MOTS20-11,594,10,1,86,7,0,3,1.0,0.7,0.8235294117647058,0.7832606210904187,0.8734062967249498,1,8
yolo11l-seg.pt,MOTS20-11,595,10,1,84,6,0,4,1.0,0.6,0.75,0.8251700361062498,0.9024675977236271,1,7
yolo11l-seg.pt,MOTS20-11,596,10,1,71,8,0,2,1.0,0.8,0.8888888888888888,0.7641762739490628,0.8623428194599867,0,8
yolo11l-seg.pt,MOTS20-11,597,9,1,66,7,0,2,1.0,0.7777777777777778,0.875,0.7868903927615412,0.8766085614054094,1,8
yolo11l-seg.pt,MOTS20-11,598,10,1,77,7,0,3,1.0,0.7,0.8235294117647058,0.7863812575745521,0.8765798244772657,0,7
yolo11l-seg.pt,MOTS20-11,599,11,1,65,8,1,3,0.8888888888888888,0.7272727272727273,0.8,0.7707779334290008,0.8655260387308441,0,9
yolo11l-seg.pt,MOTS20-11,600,11,1,65,8,1,3,0.8888888888888888,0.7272727272727273,0.8,0.7918753931106121,0.8804780769210777,0,9
yolo11l-seg.pt,MOTS20-11,601,11,1,68,8,0,3,1.0,0.7272727272727273,0.8421052631578947,0.7932748330826213,0.879421079651748,0,8
yolo11l-seg.pt,MOTS20-11,602,11,1,62,8,1,3,0.8888888888888888,0.7272727272727273,0.8,0.7908673517902176,0.8777374479611895,0,9
yolo11l-seg.pt,MOTS20-11,603,11,1,48,8,0,3,1.0,0.7272727272727273,0.8421052631578947,0.783319983039352,0.8723166414350374,0,8
yolo11l-seg.pt,MOTS20-11,604,10,1,65,8,0,2,1.0,0.8,0.8888888888888888,0.801304195815829,0.886092249331238,0,8
yolo11l-seg.pt,MOTS20-11,605,10,1,74,8,0,2,1.0,0.8,0.8888888888888888,0.8116087018292623,0.8926220956622211,0,8
yolo11l-seg.pt,MOTS20-11,606,10,1,65,8,0,2,1.0,0.8,0.8888888888888888,0.7960186399708973,0.8805539555303998,0,8
yolo11l-seg.pt,MOTS20-11,607,10,1,73,8,0,2,1.0,0.8,0.8888888888888888,0.8145049363976964,0.8939385317772099,0,8
yolo11l-seg.pt,MOTS20-11,608,10,1,77,8,1,2,0.8888888888888888,0.8,0.8421052631578947,0.8129921665493758,0.8941563862179366,0,9
yolo11l-seg.pt,MOTS20-11,609,10,1,68,9,0,1,1.0,0.9,0.9473684210526315,0.7766961544866399,0.8683866946796541,0,9
yolo11l-seg.pt,MOTS20-11,610,9,1,69,9,0,0,1.0,1.0,1.0,0.7949242107598089,0.8830134860932506,0,9
yolo11l-seg.pt,MOTS20-11,611,11,1,64,9,0,2,1.0,0.8181818181818182,0.9,0.7985538580074024,0.884464053723677,0,9
yolo11l-seg.pt,MOTS20-11,612,10,1,58,9,0,1,1.0,0.9,0.9473684210526315,0.8092916486813841,0.8913443314870935,0,9
yolo11l-seg.pt,MOTS20-11,613,10,1,51,9,0,1,1.0,0.9,0.9473684210526315,0.802125928755915,0.8872798191216167,0,9
yolo11l-seg.pt,MOTS20-11,614,10,1,55,9,0,1,1.0,0.9,0.9473684210526315,0.8074804845038471,0.891259905066026,0,9
yolo11l-seg.pt,MOTS20-11,615,10,1,53,9,0,1,1.0,0.9,0.9473684210526315,0.7890903565613053,0.878904939286381,0,9
yolo11l-seg.pt,MOTS20-11,616,10,1,62,9,0,1,1.0,0.9,0.9473684210526315,0.7765703657301198,0.8706192132551702,0,9
yolo11l-seg.pt,MOTS20-11,617,10,1,59,9,0,1,1.0,0.9,0.9473684210526315,0.8022231787006125,0.8878956039418101,0,9
yolo11l-seg.pt,MOTS20-11,618,10,1,60,9,0,1,1.0,0.9,0.9473684210526315,0.7971561050228688,0.8843168213005508,0,9
yolo11l-seg.pt,MOTS20-11,619,10,1,78,10,0,0,1.0,1.0,1.0,0.8011492933965583,0.8873151117045512,0,10
yolo11l-seg.pt,MOTS20-11,620,10,1,59,10,0,0,1.0,1.0,1.0,0.811053113912655,0.8938730410374418,0,10
yolo11l-seg.pt,MOTS20-11,621,10,1,64,10,0,0,1.0,1.0,1.0,0.8010601467921822,0.8867396595738217,0,10
yolo11l-seg.pt,MOTS20-11,622,10,1,56,10,0,0,1.0,1.0,1.0,0.8082223059727733,0.8914538916792122,1,11
yolo11l-seg.pt,MOTS20-11,623,10,1,73,10,0,0,1.0,1.0,1.0,0.8026710189164001,0.8864280669518827,1,11
yolo11l-seg.pt,MOTS20-11,624,10,1,67,10,1,0,0.9090909090909091,1.0,0.9523809523809523,0.7795311479469607,0.8706724839626425,1,12
yolo11l-seg.pt,MOTS20-11,625,10,1,65,10,1,0,0.9090909090909091,1.0,0.9523809523809523,0.7880890094465614,0.8771617394411699,2,13
yolo11l-seg.pt,MOTS20-11,626,10,1,67,10,1,0,0.9090909090909091,1.0,0.9523809523809523,0.7835406432835043,0.8730218567411867,1,12
yolo11l-seg.pt,MOTS20-11,627,11,1,57,9,1,2,0.9,0.8181818181818182,0.8571428571428571,0.792094142755123,0.8777650209903874,1,11
yolo11l-seg.pt,MOTS20-11,628,11,1,63,9,0,2,1.0,0.8181818181818182,0.9,0.7940429467698278,0.8793052057989679,1,10
yolo11l-seg.pt,MOTS20-11,629,11,1,58,9,0,2,1.0,0.8181818181818182,0.9,0.7914414344950395,0.8770367349105498,0,9
yolo11l-seg.pt,MOTS20-11,630,11,1,57,8,1,3,0.8888888888888888,0.7272727272727273,0.8,0.8299204045412724,0.9040752200853786,0,9
yolo11l-seg.pt,MOTS20-11,631,11,1,51,8,1,3,0.8888888888888888,0.7272727272727273,0.8,0.8249649427903847,0.8983590467033307,0,9
yolo11l-seg.pt,MOTS20-11,632,10,1,69,8,0,2,1.0,0.8,0.8888888888888888,0.8332866376419549,0.9049118309934125,0,8
yolo11l-seg.pt,MOTS20-11,633,10,1,66,8,0,2,1.0,0.8,0.8888888888888888,0.8346517560566707,0.9057793842120581,0,8
yolo11l-seg.pt,MOTS20-11,634,10,1,60,8,0,2,1.0,0.8,0.8888888888888888,0.8318035419401311,0.9036540892148224,0,8
yolo11l-seg.pt,MOTS20-11,635,10,1,45,8,0,2,1.0,0.8,0.8888888888888888,0.8338556939573549,0.905722226444595,0,8
yolo11l-seg.pt,MOTS20-11,636,10,1,46,8,1,2,0.8888888888888888,0.8,0.8421052631578947,0.8218070122914736,0.8961787339683243,0,9
yolo11l-seg.pt,MOTS20-11,637,10,1,52,8,1,2,0.8888888888888888,0.8,0.8421052631578947,0.8394311127624128,0.9091278434761836,0,9
yolo11l-seg.pt,MOTS20-11,638,10,1,47,9,0,1,1.0,0.9,0.9473684210526315,0.8140488995481016,0.8914791342455681,0,9
yolo11l-seg.pt,MOTS20-11,639,10,1,57,9,0,1,1.0,0.9,0.9473684210526315,0.8230499015392678,0.8986645413315036,0,9
yolo11l-seg.pt,MOTS20-11,640,10,1,56,9,0,1,1.0,0.9,0.9473684210526315,0.8335151374821297,0.9068672568816365,0,9
yolo11l-seg.pt,MOTS20-11,641,10,1,60,9,0,1,1.0,0.9,0.9473684210526315,0.8385881046298799,0.9101808504876705,0,9
yolo11l-seg.pt,MOTS20-11,642,10,1,56,9,0,1,1.0,0.9,0.9473684210526315,0.8458190663140414,0.9143616984249745,0,9
yolo11l-seg.pt,MOTS20-11,643,10,1,60,9,1,1,0.9,0.9,0.9,0.8535180663807449,0.9199839690301075,0,10
yolo11l-seg.pt,MOTS20-11,644,10,1,59,9,1,1,0.9,0.9,0.9,0.8596621741142513,0.9235393283771756,0,10
yolo11l-seg.pt,MOTS20-11,645,10,1,56,9,1,1,0.9,0.9,0.9,0.8571121028284147,0.9224911984828892,0,10
yolo11l-seg.pt,MOTS20-11,646,10,1,52,9,0,1,1.0,0.9,0.9473684210526315,0.851667738963688,0.9191715822745695,0,9
yolo11l-seg.pt,MOTS20-11,647,10,1,55,9,0,1,1.0,0.9,0.9473684210526315,0.8567138113482875,0.9220922352861157,0,9
yolo11l-seg.pt,MOTS20-11,648,10,1,54,9,0,1,1.0,0.9,0.9473684210526315,0.8571324982426349,0.9222844869436564,0,9
yolo11l-seg.pt,MOTS20-11,649,10,1,57,9,0,1,1.0,0.9,0.9473684210526315,0.8489297320937051,0.9172321308542776,0,9
yolo11l-seg.pt,MOTS20-11,650,10,1,60,9,0,1,1.0,0.9,0.9473684210526315,0.8472354233059645,0.9158985853340911,0,9
yolo11l-seg.pt,MOTS20-11,651,10,1,64,9,0,1,1.0,0.9,0.9473684210526315,0.8420069347805538,0.9128976281459966,0,9
yolo11l-seg.pt,MOTS20-11,652,10,1,75,9,0,1,1.0,0.9,0.9473684210526315,0.8361118559619674,0.9090877248019059,0,9
yolo11l-seg.pt,MOTS20-11,653,10,1,72,9,0,1,1.0,0.9,0.9473684210526315,0.8374782961588749,0.9101943164446283,0,9
yolo11l-seg.pt,MOTS20-11,654,10,1,74,9,0,1,1.0,0.9,0.9473684210526315,0.8374110934204069,0.9103996541675957,0,9
yolo11l-seg.pt,MOTS20-11,655,10,1,52,9,0,1,1.0,0.9,0.9473684210526315,0.8357202216171994,0.9091692169222948,0,9
yolo11l-seg.pt,MOTS20-11,656,10,1,58,9,0,1,1.0,0.9,0.9473684210526315,0.841098234553015,0.912719628949846,0,9
yolo11l-seg.pt,MOTS20-11,657,10,1,56,9,0,1,1.0,0.9,0.9473684210526315,0.8423064799228942,0.913328488884595,0,9
yolo11l-seg.pt,MOTS20-11,658,10,1,47,9,0,1,1.0,0.9,0.9473684210526315,0.8340583943136761,0.9080715020976924,0,9
yolo11l-seg.pt,MOTS20-11,659,10,1,49,9,0,1,1.0,0.9,0.9473684210526315,0.8320782631091723,0.9067854612882554,0,9
yolo11l-seg.pt,MOTS20-11,660,10,1,51,9,0,1,1.0,0.9,0.9473684210526315,0.8226691151324356,0.900294332443541,1,10
yolo11l-seg.pt,MOTS20-11,661,10,1,55,9,0,1,1.0,0.9,0.9473684210526315,0.826727175544121,0.9022135398358672,0,9
yolo11l-seg.pt,MOTS20-11,662,10,1,58,9,0,1,1.0,0.9,0.9473684210526315,0.8350074748627776,0.9071760878216202,1,10
yolo11l-seg.pt,MOTS20-11,663,10,1,52,9,1,1,0.9,0.9,0.9,0.8369045441524713,0.9090742802968165,1,11
yolo11l-seg.pt,MOTS20-11,664,10,1,64,9,1,1,0.9,0.9,0.9,0.8280025262854446,0.9017671907055068,0,10
yolo11l-seg.pt,MOTS20-11,665,10,1,76,9,0,1,1.0,0.9,0.9473684210526315,0.8294505993374918,0.9026982031590385,0,9
yolo11l-seg.pt,MOTS20-11,666,10,1,67,9,0,1,1.0,0.9,0.9473684210526315,0.8251931089664867,0.8985904933259601,1,10
yolo11l-seg.pt,MOTS20-11,667,10,1,64,8,1,2,0.8888888888888888,0.8,0.8421052631578947,0.8677331416216818,0.9285939015365318,1,10
yolo11l-seg.pt,MOTS20-11,668,9,1,49,8,2,1,0.8,0.8888888888888888,0.8421052631578947,0.8685863612826991,0.9290155968387925,0,10
yolo11l-seg.pt,MOTS20-11,669,9,1,50,8,1,1,0.8888888888888888,0.8888888888888888,0.8888888888888888,0.8742661002569889,0.9323014915318022,0,9
yolo11l-seg.pt,MOTS20-11,670,9,1,44,8,1,1,0.8888888888888888,0.8888888888888888,0.8888888888888888,0.866299218339768,0.9275432055283819,0,9
yolo11l-seg.pt,MOTS20-11,671,9,1,51,8,1,1,0.8888888888888888,0.8888888888888888,0.8888888888888888,0.8655932171754812,0.9272973115599306,0,9
yolo11l-seg.pt,MOTS20-11,672,9,1,53,8,1,1,0.8888888888888888,0.8888888888888888,0.8888888888888888,0.8667651435358923,0.9277780494645075,0,9
yolo11l-seg.pt,MOTS20-11,673,9,1,55,8,0,1,1.0,0.8888888888888888,0.9411764705882353,0.8692846595054335,0.9290729772287788,1,9
yolo11l-seg.pt,MOTS20-11,674,9,1,51,8,0,1,1.0,0.8888888888888888,0.9411764705882353,0.865499185635745,0.927092137104254,0,8
yolo11l-seg.pt,MOTS20-11,675,9,1,38,8,0,1,1.0,0.8888888888888888,0.9411764705882353,0.8682756354431356,0.9287741876895188,0,8
yolo11l-seg.pt,MOTS20-11,676,9,1,34,8,0,1,1.0,0.8888888888888888,0.9411764705882353,0.8605280937758093,0.9243467810175368,0,8
yolo11l-seg.pt,MOTS20-11,677,9,1,38,8,0,1,1.0,0.8888888888888888,0.9411764705882353,0.8535223571656085,0.9204016917345931,0,8
yolo11l-seg.pt,MOTS20-11,678,10,1,42,8,0,2,1.0,0.8,0.8888888888888888,0.8465730395178754,0.9162009499601516,0,8
yolo11l-seg.pt,MOTS20-11,679,9,1,41,8,0,1,1.0,0.8888888888888888,0.9411764705882353,0.8584750937997536,0.9232356502423156,0,8
yolo11l-seg.pt,MOTS20-11,680,10,1,49,8,0,2,1.0,0.8,0.8888888888888888,0.8461684792620652,0.915802752694435,0,8
yolo11l-seg.pt,MOTS20-11,681,10,1,55,8,1,2,0.8888888888888888,0.8,0.8421052631578947,0.8402915345842981,0.9121438631861576,0,9
yolo11l-seg.pt,MOTS20-11,682,9,1,55,7,2,2,0.7777777777777778,0.7777777777777778,0.7777777777777778,0.8613127152660048,0.9243364191401824,1,10
yolo11l-seg.pt,MOTS20-11,683,9,1,66,7,2,2,0.7777777777777778,0.7777777777777778,0.7777777777777778,0.8604368327934042,0.9238908568224404,1,10
yolo11l-seg.pt,MOTS20-11,684,9,1,55,7,1,2,0.875,0.7777777777777778,0.8235294117647058,0.8594258261248925,0.9236632168688488,1,9
yolo11l-seg.pt,MOTS20-11,685,10,1,61,8,1,2,0.8888888888888888,0.8,0.8421052631578947,0.8642355669815142,0.9265063834044096,0,9
yolo11l-seg.pt,MOTS20-11,686,10,1,77,8,1,2,0.8888888888888888,0.8,0.8421052631578947,0.8564632262091116,0.9219550374806262,0,9
yolo11l-seg.pt,MOTS20-11,687,9,1,85,7,2,2,0.7777777777777778,0.7777777777777778,0.7777777777777778,0.8462164619039945,0.9151876236153965,1,10
yolo11l-seg.pt,MOTS20-11,688,9,1,85,6,5,3,0.5454545454545454,0.6666666666666666,0.6,0.8744087570444673,0.9321993472747675,1,12
yolo11l-seg.pt,MOTS20-11,689,9,1,76,7,2,2,0.7777777777777778,0.7777777777777778,0.7777777777777778,0.8097429029147969,0.8892720679323773,1,10
yolo11l-seg.pt,MOTS20-11,690,10,1,83,9,1,1,0.9,0.9,0.9,0.7980217148952329,0.8835829770585651,1,11
yolo11l-seg.pt,MOTS20-11,691,10,1,79,9,1,1,0.9,0.9,0.9,0.7833457149970545,0.873083019936931,0,10
yolo11l-seg.pt,MOTS20-11,692,9,1,95,8,1,1,0.8888888888888888,0.8888888888888888,0.8888888888888888,0.8296159410307486,0.9049565064866554,2,11
yolo11l-seg.pt,MOTS20-11,693,9,1,101,8,2,1,0.8,0.8888888888888888,0.8421052631578947,0.8410319439494298,0.9123006457984661,2,12
yolo11l-seg.pt,MOTS20-11,694,9,1,79,7,2,2,0.7777777777777778,0.7777777777777778,0.7777777777777778,0.846003512704887,0.9147555370421045,1,10
yolo11l-seg.pt,MOTS20-11,695,9,1,71,7,1,2,0.875,0.7777777777777778,0.8235294117647058,0.8580518951299521,0.9223794022296785,1,9
yolo11l-seg.pt,MOTS20-11,696,9,1,81,7,2,2,0.7777777777777778,0.7777777777777778,0.7777777777777778,0.847797876059169,0.9164877760954823,0,9
yolo11l-seg.pt,MOTS20-11,697,9,1,93,7,2,2,0.7777777777777778,0.7777777777777778,0.7777777777777778,0.8548604502838153,0.920581989055706,0,9
yolo11l-seg.pt,MOTS20-11,698,9,1,82,6,2,3,0.75,0.6666666666666666,0.7058823529411765,0.8571903494220888,0.921901908076533,0,8
yolo11l-seg.pt,MOTS20-11,699,9,1,78,7,1,2,0.875,0.7777777777777778,0.8235294117647058,0.8142092398955897,0.8927889231376174,0,8
yolo11l-seg.pt,MOTS20-11,700,9,1,74,7,1,2,0.875,0.7777777777777778,0.8235294117647058,0.8346961268693336,0.9074134884990529,0,8
yolo11l-seg.pt,MOTS20-11,701,9,1,49,7,1,2,0.875,0.7777777777777778,0.8235294117647058,0.8544077375277406,0.9204065306762822,0,8
yolo11l-seg.pt,MOTS20-11,702,8,1,50,8,1,0,0.8888888888888888,1.0,0.9411764705882353,0.8467334356921021,0.9151610108597926,0,9
yolo11l-seg.pt,MOTS20-11,703,8,1,43,8,1,0,0.8888888888888888,1.0,0.9411764705882353,0.8524398045681294,0.9187315624049793,0,9
yolo11l-seg.pt,MOTS20-11,704,8,1,33,7,1,1,0.875,0.875,0.875,0.8704562635341644,0.9292620877686153,0,8
yolo11l-seg.pt,MOTS20-11,705,8,1,38,7,0,1,1.0,0.875,0.9333333333333333,0.8733327973845305,0.931092008158546,0,7
yolo11l-seg.pt,MOTS20-11,706,9,1,45,7,0,2,1.0,0.7777777777777778,0.875,0.8755625883260629,0.9327254316338289,0,7
yolo11l-seg.pt,MOTS20-11,707,8,1,39,7,0,1,1.0,0.875,0.9333333333333333,0.8691676545988398,0.9285649995413576,0,7
yolo11l-seg.pt,MOTS20-11,708,8,1,35,7,0,1,1.0,0.875,0.9333333333333333,0.8611801623696439,0.9237869389946252,0,7
yolo11l-seg.pt,MOTS20-11,709,8,1,32,7,0,1,1.0,0.875,0.9333333333333333,0.8589428466597909,0.9224329049948855,0,7
yolo11l-seg.pt,MOTS20-11,710,9,1,48,7,0,2,1.0,0.7777777777777778,0.875,0.8450424525334846,0.9132695520759037,0,7
yolo11l-seg.pt,MOTS20-11,711,9,1,55,6,0,3,1.0,0.6666666666666666,0.8,0.8683906514338999,0.9281496723598935,0,6
yolo11l-seg.pt,MOTS20-11,712,9,1,49,7,0,2,1.0,0.7777777777777778,0.875,0.851315140002446,0.9185383183488741,1,8
yolo11l-seg.pt,MOTS20-11,713,8,1,54,7,0,1,1.0,0.875,0.9333333333333333,0.8308692091386286,0.9040353296686175,1,8
yolo11l-seg.pt,MOTS20-11,714,7,1,68,7,0,0,1.0,1.0,1.0,0.8453848526904192,0.9137935049287067,3,10
yolo11l-seg.pt,MOTS20-11,715,7,1,58,7,0,0,1.0,1.0,1.0,0.8485081141957979,0.9160296484637884,2,9
yolo11l-seg.pt,MOTS20-11,716,8,1,57,7,0,1,1.0,0.875,0.9333333333333333,0.8373992627419443,0.9088462893794729,2,9
yolo11l-seg.pt,MOTS20-11,717,8,1,73,7,0,1,1.0,0.875,0.9333333333333333,0.8316121526762117,0.9048978606176473,1,8
yolo11l-seg.pt,MOTS20-11,718,8,1,58,7,1,1,0.875,0.875,0.875,0.8097343551635221,0.8904600080551582,2,10
yolo11l-seg.pt,MOTS20-11,719,7,1,56,7,0,0,1.0,1.0,1.0,0.8494627583016322,0.9165961164094032,1,8
yolo11l-seg.pt,MOTS20-11,720,7,1,42,7,0,0,1.0,1.0,1.0,0.8615271787032096,0.9245867433249481,1,8
yolo11l-seg.pt,MOTS20-11,721,7,1,39,7,1,0,0.875,1.0,0.9333333333333333,0.848283544806644,0.9162313498868058,1,9
yolo11l-seg.pt,MOTS20-11,722,7,1,33,7,0,0,1.0,1.0,1.0,0.8360656464423811,0.9050653821750264,1,8
yolo11l-seg.pt,MOTS20-11,723,7,1,23,6,0,1,1.0,0.8571428571428571,0.9230769230769231,0.8796966035740361,0.93502868149502,1,7
yolo11l-seg.pt,MOTS20-11,724,6,1,22,6,0,0,1.0,1.0,1.0,0.8631618084011886,0.9245132022720691,1,7
yolo11l-seg.pt,MOTS20-11,725,7,1,40,6,0,1,1.0,0.8571428571428571,0.9230769230769231,0.872208126901957,0.9305093516282171,1,7
yolo11l-seg.pt,MOTS20-11,726,7,1,59,6,1,1,0.8571428571428571,0.8571428571428571,0.8571428571428571,0.827212792328094,0.8977358992322623,1,8
yolo11l-seg.pt,MOTS20-11,727,7,1,62,6,0,1,1.0,0.8571428571428571,0.9230769230769231,0.8560904343767549,0.9206301480059734,1,7
yolo11l-seg.pt,MOTS20-11,728,7,1,67,6,0,1,1.0,0.8571428571428571,0.9230769230769231,0.8638821495792467,0.9261665961024729,1,7
yolo11l-seg.pt,MOTS20-11,729,7,1,59,6,0,1,1.0,0.8571428571428571,0.9230769230769231,0.8721135177756874,0.9307767018371141,2,8
yolo11l-seg.pt,MOTS20-11,730,5,1,95,5,0,0,1.0,1.0,1.0,0.8742820930733893,0.9322322049962188,1,6
yolo11l-seg.pt,MOTS20-11,731,5,1,100,5,0,0,1.0,1.0,1.0,0.8646179918065734,0.9265049041249916,1,6
yolo11l-seg.pt,MOTS20-11,732,8,1,91,5,0,3,1.0,0.625,0.7692307692307693,0.8614022819575021,0.9247214450187974,0,5
yolo11l-seg.pt,MOTS20-11,733,8,1,97,5,2,3,0.7142857142857143,0.625,0.6666666666666666,0.844153716975075,0.9136871616994927,0,7
yolo11l-seg.pt,MOTS20-11,734,7,1,104,6,1,1,0.8571428571428571,0.8571428571428571,0.8571428571428571,0.7855747665221214,0.8713188532445552,2,9
yolo11l-seg.pt,MOTS20-11,735,7,1,90,7,0,0,1.0,1.0,1.0,0.7961463539756523,0.8818249442097608,1,8
yolo11l-seg.pt,MOTS20-11,736,8,1,123,6,1,2,0.8571428571428571,0.75,0.8,0.7948399116354808,0.8814539821307025,1,8
yolo11l-seg.pt,MOTS20-11,737,8,1,119,7,1,1,0.875,0.875,0.875,0.7964768849578591,0.8840201061497643,1,9
yolo11l-seg.pt,MOTS20-11,738,8,1,102,6,0,2,1.0,0.75,0.8571428571428571,0.8116865923508731,0.8941007839754986,0,6
yolo11l-seg.pt,MOTS20-11,739,8,1,107,6,1,2,0.8571428571428571,0.75,0.8,0.806711964749343,0.8899562769841456,1,8
yolo11l-seg.pt,MOTS20-11,740,8,1,123,5,2,3,0.7142857142857143,0.625,0.6666666666666666,0.8637475227049765,0.9261276227629957,4,11
yolo11l-seg.pt,MOTS20-11,741,9,1,117,6,1,3,0.8571428571428571,0.6666666666666666,0.75,0.8184179018884912,0.8981377277366316,1,8
yolo11l-seg.pt,MOTS20-11,742,9,1,123,6,0,3,1.0,0.6666666666666666,0.8,0.8371198251292503,0.9110160739642704,2,8
yolo11l-seg.pt,MOTS20-11,743,10,1,128,7,2,3,0.7777777777777778,0.7,0.7368421052631579,0.7606185961040521,0.8610465216685158,2,11
yolo11l-seg.pt,MOTS20-11,744,8,1,134,7,0,1,1.0,0.875,0.9333333333333333,0.7564432068263119,0.8563239042176302,5,12
yolo11l-seg.pt,MOTS20-11,745,9,1,124,7,0,2,1.0,0.7777777777777778,0.875,0.8084422310837552,0.8894324177583945,4,11
yolo11l-seg.pt,MOTS20-11,746,10,1,125,8,1,2,0.8888888888888888,0.8,0.8421052631578947,0.7889810834752053,0.8786683194622308,2,11
yolo11l-seg.pt,MOTS20-11,747,10,1,130,9,0,1,1.0,0.9,0.9473684210526315,0.7565194074615209,0.8556934358269552,1,10
yolo11l-seg.pt,MOTS20-11,748,10,1,122,9,0,1,1.0,0.9,0.9473684210526315,0.7546521884052924,0.856024282825977,1,10
yolo11l-seg.pt,MOTS20-11,749,10,1,144,9,1,1,0.9,0.9,0.9,0.748188561134103,0.8511310156319674,1,11
yolo11l-seg.pt,MOTS20-11,750,10,1,124,7,1,3,0.875,0.7,0.7777777777777778,0.7889035633075793,0.8792213380031603,2,10
yolo11l-seg.pt,MOTS20-11,751,9,1,158,6,2,3,0.75,0.6666666666666666,0.7058823529411765,0.8041642711882767,0.8872625761107128,5,13
yolo11l-seg.pt,MOTS20-11,752,9,1,123,6,0,3,1.0,0.6666666666666666,0.8,0.8124935720682677,0.8943407460817103,4,10
yolo11l-seg.pt,MOTS20-11,753,8,1,133,6,0,2,1.0,0.75,0.8571428571428571,0.8090702428478628,0.8922808398111984,3,9
yolo11l-seg.pt,MOTS20-11,754,9,1,115,5,0,4,1.0,0.5555555555555556,0.7142857142857143,0.8266689282662124,0.9044958982736665,2,7
yolo11l-seg.pt,MOTS20-11,755,7,1,113,5,0,2,1.0,0.7142857142857143,0.8333333333333334,0.8433088443770395,0.9145999437358313,2,7
yolo11l-seg.pt,MOTS20-11,756,7,1,124,5,0,2,1.0,0.7142857142857143,0.8333333333333334,0.8421193143502272,0.9136635816053102,2,7
yolo11l-seg.pt,MOTS20-11,757,7,1,133,6,0,1,1.0,0.8571428571428571,0.9230769230769231,0.8158125324300768,0.8968522328898931,3,9
yolo11l-seg.pt,MOTS20-11,758,7,1,132,6,0,1,1.0,0.8571428571428571,0.9230769230769231,0.8313072250088974,0.9066313934489006,2,8
yolo11l-seg.pt,MOTS20-11,759,8,1,112,6,0,2,1.0,0.75,0.8571428571428571,0.8463356150008007,0.9155748595304193,3,9
yolo11l-seg.pt,MOTS20-11,760,8,1,123,6,0,2,1.0,0.75,0.8571428571428571,0.8504137473526532,0.9186515616080305,3,9
yolo11l-seg.pt,MOTS20-11,761,6,1,110,6,0,0,1.0,1.0,1.0,0.8546625191607662,0.9211434449327873,2,8
yolo11l-seg.pt,MOTS20-11,762,7,1,111,6,0,1,1.0,0.8571428571428571,0.9230769230769231,0.8493410853521358,0.9182140248013009,3,9
yolo11l-seg.pt,MOTS20-11,763,7,1,100,6,0,1,1.0,0.8571428571428571,0.9230769230769231,0.8392413512494133,0.9120411813025581,5,11
yolo11l-seg.pt,MOTS20-11,764,7,1,118,7,0,0,1.0,1.0,1.0,0.8246709427545108,0.9027434062270193,4,11
yolo11l-seg.pt,MOTS20-11,765,7,1,119,7,0,0,1.0,1.0,1.0,0.8325197868677415,0.9078074842184792,3,10
yolo11l-seg.pt,MOTS20-11,766,7,1,104,6,0,1,1.0,0.8571428571428571,0.9230769230769231,0.8427300692242016,0.9139696802655669,1,7
yolo11l-seg.pt,MOTS20-11,767,7,1,119,6,0,1,1.0,0.8571428571428571,0.9230769230769231,0.8412265795880572,0.9133363152445241,0,6
yolo11l-seg.pt,MOTS20-11,768,7,1,98,6,0,1,1.0,0.8571428571428571,0.9230769230769231,0.8446186620250402,0.9155890832259237,0,6
yolo11l-seg.pt,MOTS20-11,769,7,1,105,6,0,1,1.0,0.8571428571428571,0.9230769230769231,0.8537536808131652,0.9209352483541023,1,7
yolo11l-seg.pt,MOTS20-11,770,7,1,103,6,0,1,1.0,0.8571428571428571,0.9230769230769231,0.8077095345401353,0.8922555108614888,1,7
yolo11l-seg.pt,MOTS20-11,771,7,1,110,6,1,1,0.8571428571428571,0.8571428571428571,0.8571428571428571,0.7914044154864411,0.8815307072970557,0,7
yolo11l-seg.pt,MOTS20-11,772,8,1,107,7,1,1,0.875,0.875,0.875,0.7825420555944415,0.8728457827683168,1,9
yolo11l-seg.pt,MOTS20-11,773,9,1,100,7,0,2,1.0,0.7777777777777778,0.875,0.8014206581426045,0.8864345246919744,0,7
yolo11l-seg.pt,MOTS20-11,774,9,1,101,7,0,2,1.0,0.7777777777777778,0.875,0.7959014932387125,0.8830478409490656,1,8
yolo11l-seg.pt,MOTS20-11,775,9,1,94,7,0,2,1.0,0.7777777777777778,0.875,0.7945703769335362,0.8817078571716384,0,7
yolo11l-seg.pt,MOTS20-11,776,8,1,109,7,0,1,1.0,0.875,0.9333333333333333,0.818031326023216,0.8974650503664291,0,7
yolo11l-seg.pt,MOTS20-11,777,8,1,96,7,0,1,1.0,0.875,0.9333333333333333,0.8059332401073834,0.8900535049520268,1,8
yolo11l-seg.pt,MOTS20-11,778,8,1,103,8,0,0,1.0,1.0,1.0,0.7986961612639996,0.8847838455850323,1,9
yolo11l-seg.pt,MOTS20-11,779,8,1,108,8,0,0,1.0,1.0,1.0,0.8023649631970142,0.8869973575277634,1,9
yolo11l-seg.pt,MOTS20-11,780,8,1,106,8,0,0,1.0,1.0,1.0,0.8128712809538713,0.8941405636499871,0,8
yolo11l-seg.pt,MOTS20-11,781,8,1,106,8,1,0,0.8888888888888888,1.0,0.9411764705882353,0.8264662339453943,0.9025655493825595,0,9
yolo11l-seg.pt,MOTS20-11,782,8,1,102,8,0,0,1.0,1.0,1.0,0.8356983001064604,0.9084190982880227,2,10
yolo11l-seg.pt,MOTS20-11,783,9,1,108,8,0,1,1.0,0.8888888888888888,0.9411764705882353,0.8367597000283507,0.9094017203677207,1,9
yolo11l-seg.pt,MOTS20-11,784,9,1,116,8,0,1,1.0,0.8888888888888888,0.9411764705882353,0.8373131381350494,0.9100049093146391,2,10
yolo11l-seg.pt,MOTS20-11,785,9,1,112,8,0,1,1.0,0.8888888888888888,0.9411764705882353,0.853693843536335,0.9203913740730003,3,11
yolo11l-seg.pt,MOTS20-11,786,9,1,103,8,0,1,1.0,0.8888888888888888,0.9411764705882353,0.8570252517930084,0.9223746989160877,4,12
yolo11l-seg.pt,MOTS20-11,787,9,1,106,8,0,1,1.0,0.8888888888888888,0.9411764705882353,0.8677099217069587,0.9287657648876857,2,10
yolo11l-seg.pt,MOTS20-11,788,9,1,110,8,0,1,1.0,0.8888888888888888,0.9411764705882353,0.8678764783571826,0.928844558791099,1,9
yolo11l-seg.pt,MOTS20-11,789,9,1,117,9,0,0,1.0,1.0,1.0,0.8461278732901493,0.9141841899628148,1,10
yolo11l-seg.pt,MOTS20-11,790,9,1,125,9,0,0,1.0,1.0,1.0,0.8279999222559292,0.9016407549329367,1,10
yolo11l-seg.pt,MOTS20-11,791,8,1,107,8,0,0,1.0,1.0,1.0,0.8000405940205324,0.884337207941663,2,10
yolo11l-seg.pt,MOTS20-11,792,8,1,96,7,1,1,0.875,0.875,0.875,0.8372087271075196,0.9106340241201514,2,10
yolo11l-seg.pt,MOTS20-11,793,8,1,89,7,1,1,0.875,0.875,0.875,0.8295198398791472,0.9059086121490472,2,10
yolo11l-seg.pt,MOTS20-11,794,9,1,113,8,0,1,1.0,0.8888888888888888,0.9411764705882353,0.8176977080047959,0.8967290089324526,3,11
yolo11l-seg.pt,MOTS20-11,795,10,1,99,8,0,2,1.0,0.8,0.8888888888888888,0.8357016982281299,0.908764687063687,2,10
yolo11l-seg.pt,MOTS20-11,796,10,1,125,8,0,2,1.0,0.8,0.8888888888888888,0.8235046738322774,0.9008140475041491,1,9
yolo11l-seg.pt,MOTS20-11,797,10,1,102,7,0,3,1.0,0.7,0.8235294117647058,0.8598616112413902,0.9241180564865149,1,8
yolo11l-seg.pt,MOTS20-11,798,10,1,86,9,0,1,1.0,0.9,0.9473684210526315,0.8194237562858976,0.8971327637324704,0,9
yolo11l-seg.pt,MOTS20-11,799,10,1,95,9,0,1,1.0,0.9,0.9473684210526315,0.8216715967212536,0.8992308716835845,1,10
yolo11l-seg.pt,MOTS20-11,800,10,1,79,9,0,1,1.0,0.9,0.9473684210526315,0.8190633836518422,0.8963431502171137,2,11
yolo11l-seg.pt,MOTS20-11,801,10,1,87,9,0,1,1.0,0.9,0.9473684210526315,0.8289865440680165,0.9013200982726998,2,11
yolo11l-seg.pt,MOTS20-11,802,10,1,73,9,0,1,1.0,0.9,0.9473684210526315,0.8290363131651735,0.9046578255050082,2,11
yolo11l-seg.pt,MOTS20-11,803,10,1,53,9,2,1,0.8181818181818182,0.9,0.8571428571428571,0.8213303753134445,0.8985995278053319,1,12
yolo11l-seg.pt,MOTS20-11,804,10,1,86,9,3,1,0.75,0.9,0.8181818181818182,0.8122276960697381,0.892177432719541,0,12
yolo11l-seg.pt,MOTS20-11,805,10,1,100,8,1,2,0.8888888888888888,0.8,0.8421052631578947,0.8645458576079392,0.9269149247824575,1,10
yolo11l-seg.pt,MOTS20-11,806,10,1,76,8,1,2,0.8888888888888888,0.8,0.8421052631578947,0.871504988109326,0.9307633278985717,2,11
yolo11l-seg.pt,MOTS20-11,807,10,1,102,8,2,2,0.8,0.8,0.8,0.8670415945390899,0.9282759852866658,1,11
yolo11l-seg.pt,MOTS20-11,808,10,1,88,8,2,2,0.8,0.8,0.8,0.8658736478464655,0.9274981764498609,2,12
yolo11l-seg.pt,MOTS20-11,809,10,1,82,8,0,2,1.0,0.8,0.8888888888888888,0.8613447370354602,0.9248697414334708,0,8
yolo11l-seg.pt,MOTS20-11,810,10,1,71,9,0,1,1.0,0.9,0.9473684210526315,0.8463229671295309,0.9132858737584103,0,9
yolo11l-seg.pt,MOTS20-11,811,10,1,74,9,0,1,1.0,0.9,0.9473684210526315,0.8554969775938859,0.9212487216867085,2,11
yolo11l-seg.pt,MOTS20-11,812,10,1,65,9,1,1,0.9,0.9,0.9,0.8637465603197519,0.926214225453974,0,10
yolo11l-seg.pt,MOTS20-11,813,10,1,63,10,1,0,0.9090909090909091,1.0,0.9523809523809523,0.8420247545890847,0.9119785090863102,0,11
yolo11l-seg.pt,MOTS20-11,814,10,1,51,10,0,0,1.0,1.0,1.0,0.844416693302797,0.9133952451313073,0,10
yolo11l-seg.pt,MOTS20-11,815,10,1,58,10,2,0,0.8333333333333334,1.0,0.9090909090909091,0.8490400485505782,0.9171742667614058,0,12
yolo11l-seg.pt,MOTS20-11,816,10,1,54,10,0,0,1.0,1.0,1.0,0.8447587794444706,0.914524108906889,0,10
yolo11l-seg.pt,MOTS20-11,817,9,1,49,9,0,0,1.0,1.0,1.0,0.8412451751176501,0.9125776725444512,0,9
yolo11l-seg.pt,MOTS20-11,818,9,1,64,9,0,0,1.0,1.0,1.0,0.8484142676508456,0.9163787691836158,0,9
yolo11l-seg.pt,MOTS20-11,819,9,1,69,9,0,0,1.0,1.0,1.0,0.8578704546977742,0.9222185924517472,0,9
yolo11l-seg.pt,MOTS20-11,820,9,1,64,9,0,0,1.0,1.0,1.0,0.8437401167382199,0.9116445126498246,0,9
yolo11l-seg.pt,MOTS20-11,821,9,1,74,9,1,0,0.9,1.0,0.9473684210526315,0.8467669553575431,0.9139677534436321,0,10
yolo11l-seg.pt,MOTS20-11,822,9,1,77,9,0,0,1.0,1.0,1.0,0.8443049003710075,0.9123277506457715,0,9
yolo11l-seg.pt,MOTS20-11,823,9,1,58,9,0,0,1.0,1.0,1.0,0.8449086373842548,0.9131921700476726,0,9
yolo11l-seg.pt,MOTS20-11,824,9,1,57,9,0,0,1.0,1.0,1.0,0.845351836282087,0.9138831767071913,0,9
yolo11l-seg.pt,MOTS20-11,825,9,1,54,9,0,0,1.0,1.0,1.0,0.8391338910682574,0.9096793583166218,0,9
yolo11l-seg.pt,MOTS20-11,826,9,1,57,9,0,0,1.0,1.0,1.0,0.8362654969209661,0.9073614590055359,0,9
yolo11l-seg.pt,MOTS20-11,827,9,1,69,9,0,0,1.0,1.0,1.0,0.8321868948789746,0.9040267906581061,0,9
yolo11l-seg.pt,MOTS20-11,828,9,1,57,9,0,0,1.0,1.0,1.0,0.8410643368225146,0.9100860027866882,0,9
yolo11l-seg.pt,MOTS20-11,829,9,1,62,9,0,0,1.0,1.0,1.0,0.8485118760128674,0.915211200007838,0,9
yolo11l-seg.pt,MOTS20-11,830,10,1,58,9,1,1,0.9,0.9,0.9,0.8443394885339611,0.9128854336511498,0,10
yolo11l-seg.pt,MOTS20-11,831,10,1,50,9,0,1,1.0,0.9,0.9473684210526315,0.8381414342395821,0.9096042011225616,0,9
yolo11l-seg.pt,MOTS20-11,832,10,1,49,9,0,1,1.0,0.9,0.9473684210526315,0.8427173816752209,0.911984788537586,0,9
yolo11l-seg.pt,MOTS20-11,833,10,1,58,9,1,1,0.9,0.9,0.9,0.8448530915170575,0.9132228497016186,0,10
yolo11l-seg.pt,MOTS20-11,834,10,1,65,10,1,0,0.9090909090909091,1.0,0.9523809523809523,0.8421091303573357,0.9119810170072482,0,11
yolo11l-seg.pt,MOTS20-11,835,10,1,76,10,1,0,0.9090909090909091,1.0,0.9523809523809523,0.8486017001480587,0.9162276624930353,0,11
yolo11l-seg.pt,MOTS20-11,836,10,1,80,10,0,0,1.0,1.0,1.0,0.8507593018476184,0.9175610832719123,0,10
yolo11l-seg.pt,MOTS20-11,837,11,1,83,10,1,1,0.9090909090909091,0.9090909090909091,0.9090909090909091,0.8388909165459589,0.9104460456422148,0,11
yolo11l-seg.pt,MOTS20-11,838,11,1,58,9,1,2,0.9,0.8181818181818182,0.8571428571428571,0.8518704603763396,0.9183587891929397,0,10
yolo11l-seg.pt,MOTS20-11,839,11,1,62,9,1,2,0.9,0.8181818181818182,0.8571428571428571,0.8599980742852265,0.9234563414717329,0,10
yolo11l-seg.pt,MOTS20-11,840,10,1,82,9,0,1,1.0,0.9,0.9473684210526315,0.8683591935821731,0.9286531180252022,0,9
yolo11l-seg.pt,MOTS20-11,841,10,1,63,9,0,1,1.0,0.9,0.9473684210526315,0.8737179932960013,0.9317686814426325,0,9
yolo11l-seg.pt,MOTS20-11,842,10,1,72,9,0,1,1.0,0.9,0.9473684210526315,0.881644943487093,0.9360909667735212,0,9
yolo11l-seg.pt,MOTS20-11,843,10,1,69,9,0,1,1.0,0.9,0.9473684210526315,0.8873423092638588,0.9395654588571156,1,10
yolo11l-seg.pt,MOTS20-11,844,10,1,70,9,0,1,1.0,0.9,0.9473684210526315,0.8821749181580697,0.9369281036204785,1,10
yolo11l-seg.pt,MOTS20-11,845,11,1,74,8,0,3,1.0,0.7272727272727273,0.8421052631578947,0.843415825047087,0.9132236924853844,2,10
yolo11l-seg.pt,MOTS20-11,846,11,1,91,8,0,3,1.0,0.7272727272727273,0.8421052631578947,0.8420925924508529,0.9130307750743615,3,11
yolo11l-seg.pt,MOTS20-11,847,11,1,99,8,0,3,1.0,0.7272727272727273,0.8421052631578947,0.837484684552579,0.9095444120910865,0,8
yolo11l-seg.pt,MOTS20-11,848,11,1,85,8,0,3,1.0,0.7272727272727273,0.8421052631578947,0.8407721033930071,0.9115564289035332,1,9
yolo11l-seg.pt,MOTS20-11,849,11,1,111,8,0,3,1.0,0.7272727272727273,0.8421052631578947,0.8537293786372379,0.9206361854789447,0,8
yolo11l-seg.pt,MOTS20-11,850,11,1,116,8,0,3,1.0,0.7272727272727273,0.8421052631578947,0.8702676946343593,0.929994811571329,0,8
yolo11l-seg.pt,MOTS20-11,851,11,1,110,8,0,3,1.0,0.7272727272727273,0.8421052631578947,0.8564630150877798,0.9219054824286719,0,8
yolo11l-seg.pt,MOTS20-11,852,10,1,108,7,0,3,1.0,0.7,0.8235294117647058,0.8534210935883181,0.9201869390634887,0,7
yolo11l-seg.pt,MOTS20-11,853,10,1,80,7,0,3,1.0,0.7,0.8235294117647058,0.8493340478665993,0.9175074382938948,0,7
yolo11l-seg.pt,MOTS20-11,854,9,1,87,7,0,2,1.0,0.7777777777777778,0.875,0.8373004261600484,0.9103843389629062,0,7
yolo11l-seg.pt,MOTS20-11,855,9,1,98,7,0,2,1.0,0.7777777777777778,0.875,0.8426609585565963,0.9129464952353917,0,7
yolo11l-seg.pt,MOTS20-11,856,9,1,98,7,0,2,1.0,0.7777777777777778,0.875,0.8313695915864222,0.90388688197221,0,7
yolo11l-seg.pt,MOTS20-11,857,9,1,104,6,0,3,1.0,0.6666666666666666,0.8,0.8723994340414699,0.9315322697395617,0,6
yolo11l-seg.pt,MOTS20-11,858,9,1,100,7,0,2,1.0,0.7777777777777778,0.875,0.834751521949267,0.9066730536666069,0,7
yolo11l-seg.pt,MOTS20-11,859,9,1,114,7,0,2,1.0,0.7777777777777778,0.875,0.8343135926990011,0.9073031842448207,0,7
yolo11l-seg.pt,MOTS20-11,860,9,1,120,7,0,2,1.0,0.7777777777777778,0.875,0.8278220704708804,0.903244402866649,0,7
yolo11l-seg.pt,MOTS20-11,861,10,1,111,7,1,3,0.875,0.7,0.7777777777777778,0.8273608707171343,0.9019432866405147,0,8
yolo11l-seg.pt,MOTS20-11,862,10,1,105,7,0,3,1.0,0.7,0.8235294117647058,0.819171460961992,0.8958988365099569,0,7
yolo11l-seg.pt,MOTS20-11,863,10,1,116,7,1,3,0.875,0.7,0.7777777777777778,0.8173077778886203,0.8961968771203216,0,8
yolo11l-seg.pt,MOTS20-11,864,11,1,119,6,2,5,0.75,0.5454545454545454,0.631578947368421,0.8774508086188112,0.9343205134165519,0,8
yolo11l-seg.pt,MOTS20-11,865,11,1,120,7,2,4,0.7777777777777778,0.6363636363636364,0.7,0.8396753152733785,0.91043611078918,0,9
yolo11l-seg.pt,MOTS20-11,866,11,1,111,8,0,3,1.0,0.7272727272727273,0.8421052631578947,0.8333428337714559,0.9067674624574711,0,8
yolo11l-seg.pt,MOTS20-11,867,12,1,130,8,1,4,0.8888888888888888,0.6666666666666666,0.7619047619047619,0.833123071574146,0.9075302323196146,0,9
yolo11l-seg.pt,MOTS20-11,868,12,1,109,8,1,4,0.8888888888888888,0.6666666666666666,0.7619047619047619,0.8375609095168616,0.9102872177721146,0,9
yolo11l-seg.pt,MOTS20-11,869,12,1,137,8,1,4,0.8888888888888888,0.6666666666666666,0.7619047619047619,0.8302860808509254,0.905497650344069,0,9
yolo11l-seg.pt,MOTS20-11,870,11,1,111,7,1,4,0.875,0.6363636363636364,0.7368421052631579,0.8247851014450366,0.9011587730694373,1,9
yolo11l-seg.pt,MOTS20-11,871,11,1,138,8,0,3,1.0,0.7272727272727273,0.8421052631578947,0.8033160826311334,0.884802876624996,1,9
yolo11l-seg.pt,MOTS20-11,872,11,1,147,8,0,3,1.0,0.7272727272727273,0.8421052631578947,0.839916658244501,0.9115276305656421,0,8
yolo11l-seg.pt,MOTS20-11,873,11,1,147,8,1,3,0.8888888888888888,0.7272727272727273,0.8,0.8348876815750643,0.9081402573220861,0,9
yolo11l-seg.pt,MOTS20-11,874,11,1,149,8,0,3,1.0,0.7272727272727273,0.8421052631578947,0.8202467253490956,0.8981428574579193,0,8
yolo11l-seg.pt,MOTS20-11,875,10,1,169,7,1,3,0.875,0.7,0.7777777777777778,0.8005855060437744,0.8868156753668133,1,9
yolo11l-seg.pt,MOTS20-11,876,9,1,184,6,1,3,0.8571428571428571,0.6666666666666666,0.75,0.8137140148815921,0.8955528359756019,2,9
yolo11l-seg.pt,MOTS20-11,877,10,1,166,8,0,2,1.0,0.8,0.8888888888888888,0.7739805231534147,0.8655868577713869,0,8
yolo11l-seg.pt,MOTS20-11,878,10,1,164,6,1,4,0.8571428571428571,0.6,0.7058823529411765,0.8128647209488818,0.8933926911132221,0,7
yolo11l-seg.pt,MOTS20-11,879,10,1,175,6,1,4,0.8571428571428571,0.6,0.7058823529411765,0.818272713518669,0.8972159082184751,0,7
yolo11l-seg.pt,MOTS20-11,880,10,1,171,6,2,4,0.75,0.6,0.6666666666666666,0.8359551780499842,0.9095772469512785,0,8
yolo11l-seg.pt,MOTS20-11,881,10,1,158,7,1,3,0.875,0.7,0.7777777777777778,0.804000410439137,0.8847470378874984,0,8
yolo11l-seg.pt,MOTS20-11,882,10,1,144,7,1,3,0.875,0.7,0.7777777777777778,0.8097136391137308,0.8891821412560691,0,8
yolo11l-seg.pt,MOTS20-11,883,10,1,140,6,1,4,0.8571428571428571,0.6,0.7058823529411765,0.8560836577188685,0.9221099634615512,0,7
yolo11l-seg.pt,MOTS20-11,884,10,1,134,6,0,4,1.0,0.6,0.75,0.8211940188697552,0.9003975562318375,1,7
yolo11l-seg.pt,MOTS20-11,885,10,1,132,6,1,4,0.8571428571428571,0.6,0.7058823529411765,0.7806207298760394,0.8741585339056304,0,7
yolo11l-seg.pt,MOTS20-11,886,10,1,140,6,0,4,1.0,0.6,0.75,0.8107368977193138,0.8944070781490239,0,6
yolo11l-seg.pt,MOTS20-11,887,10,1,137,6,0,4,1.0,0.6,0.75,0.8198625651605655,0.8978193796359535,1,7
yolo11l-seg.pt,MOTS20-11,888,9,1,154,5,1,4,0.8333333333333334,0.5555555555555556,0.6666666666666666,0.7970314425195556,0.8860830395035622,1,7
yolo11l-seg.pt,MOTS20-11,889,9,1,172,5,0,4,1.0,0.5555555555555556,0.7142857142857143,0.7903895347145391,0.8822739503944275,2,7
yolo11l-seg.pt,MOTS20-11,890,9,1,108,5,0,4,1.0,0.5555555555555556,0.7142857142857143,0.7839476976205546,0.8778421056045886,2,7
yolo11l-seg.pt,MOTS20-11,891,11,1,152,6,0,5,1.0,0.5454545454545454,0.7058823529411765,0.7741492392137972,0.8699997936976684,2,8
yolo11l-seg.pt,MOTS20-11,892,11,1,158,5,0,6,1.0,0.45454545454545453,0.625,0.8331227398239973,0.908411166309144,2,7
yolo11l-seg.pt,MOTS20-11,893,11,1,157,6,0,5,1.0,0.5454545454545454,0.7058823529411765,0.790625904734043,0.8790965931773909,2,8
yolo11l-seg.pt,MOTS20-11,894,11,1,154,6,1,5,0.8571428571428571,0.5454545454545454,0.6666666666666666,0.7857874358865873,0.8754644530150038,1,8
yolo11l-seg.pt,MOTS20-11,895,11,1,122,6,1,5,0.8571428571428571,0.5454545454545454,0.6666666666666666,0.801460879398772,0.8885058601694004,2,9
yolo11l-seg.pt,MOTS20-11,896,11,1,153,5,1,6,0.8333333333333334,0.45454545454545453,0.5882352941176471,0.8304129943676888,0.9071285553376152,2,8
yolo11l-seg.pt,MOTS20-11,897,11,1,140,6,0,5,1.0,0.5454545454545454,0.7058823529411765,0.8120496177653682,0.8953495059124464,3,9
yolo11l-seg.pt,MOTS20-11,898,11,1,124,7,1,4,0.875,0.6363636363636364,0.7368421052631579,0.7947330146306353,0.8830230593785842,3,11
yolo11l-seg.pt,MOTS20-11,899,11,1,135,7,0,4,1.0,0.6363636363636364,0.7777777777777778,0.8061923090136263,0.8901236495122304,2,9
yolo11l-seg.pt,MOTS20-11,900,11,1,105,7,1,4,0.875,0.6363636363636364,0.7368421052631579,0.8100123949558882,0.8932664909729373,2,10
