model,sequence,frame,gt_persons,ignore_regions,predictions_ap_floor,tp,fp,fn,precision,recall,f1,matched_mask_iou,matched_dice,ignored_predictions,predictions_at_confidence
yolov8l-seg.pt,MOTS20-02,1,12,1,133,10,2,2,0.8333333333333334,0.8333333333333334,0.8333333333333334,0.7403281255055995,0.84873335822217,6,18
yolov8l-seg.pt,MOTS20-02,2,13,1,140,10,1,3,0.9090909090909091,0.7692307692307693,0.8333333333333334,0.7134276549709201,0.8283345269308698,4,15
yolov8l-seg.pt,MOTS20-02,3,13,1,137,9,2,4,0.8181818181818182,0.6923076923076923,0.75,0.7390932219640974,0.8473729196659135,3,14
yolov8l-seg.pt,MOTS20-02,4,13,1,128,10,1,3,0.9090909090909091,0.7692307692307693,0.8333333333333334,0.7313647294644239,0.8412157673552703,4,15
yolov8l-seg.pt,MOTS20-02,5,15,1,123,10,1,5,0.9090909090909091,0.6666666666666666,0.7692307692307693,0.7282338881863437,0.839453633674222,3,14
yolov8l-seg.pt,MOTS20-02,6,15,1,124,11,1,4,0.9166666666666666,0.7333333333333333,0.8148148148148148,0.7292780561746944,0.8398503465942373,3,15
yolov8l-seg.pt,MOTS20-02,7,15,1,129,10,2,5,0.8333333333333334,0.6666666666666666,0.7407407407407407,0.7583390226528647,0.8605907430713904,4,16
yolov8l-seg.pt,MOTS20-02,8,15,1,127,11,2,4,0.8461538461538461,0.7333333333333333,0.7857142857142857,0.7474867824862507,0.8534995630953756,4,17
yolov8l-seg.pt,MOTS20-02,9,15,1,138,9,2,6,0.8181818181818182,0.6,0.6923076923076923,0.7657427041019452,0.8653033948840801,3,14
yolov8l-seg.pt,MOTS20-02,10,15,1,137,10,1,5,0.9090909090909091,0.6666666666666666,0.7692307692307693,0.755008476410117,0.8577239364409109,3,14
yolov8l-seg.pt,MOTS20-02,11,14,1,124,10,1,4,0.9090909090909091,0.7142857142857143,0.8,0.7603664974063074,0.8612369741312216,4,15
yolov8l-seg.pt,MOTS20-02,12,14,1,133,8,1,6,0.8888888888888888,0.5714285714285714,0.6956521739130435,0.7673556857515076,0.8658082351656939,3,12
yolov8l-seg.pt,MOTS20-02,13,14,1,140,9,1,5,0.9,0.6428571428571429,0.75,0.742749152857665,0.8487350398587851,5,15
yolov8l-seg.pt,MOTS20-02,14,14,1,143,9,1,5,0.9,0.6428571428571429,0.75,0.745990597866208,0.8524182914624161,5,15
yolov8l-seg.pt,MOTS20-02,15,14,1,134,9,2,5,0.8181818181818182,0.6428571428571429,0.72,0.7247120370919811,0.8371607062713269,3,14
yolov8l-seg.pt,MOTS20-02,16,13,1,140,10,1,3,0.9090909090909091,0.7692307692307693,0.8333333333333334,0.7442064367890681,0.8506938323159808,4,15
yolov8l-seg.pt,MOTS20-02,17,13,1,136,9,1,4,0.9,0.6923076923076923,0.782608695652174,0.7326889570768259,0.8419852593893464,6,16
yolov8l-seg.pt,MOTS20-02,18,13,1,149,8,1,5,0.8888888888888888,0.6153846153846154,0.7272727272727273,0.7505306948687136,0.8538671746904946,5,14
yolov8l-seg.pt,MOTS20-02,19,13,1,156,9,1,4,0.9,0.6923076923076923,0.782608695652174,0.7507760077799321,0.8544445355649041,4,14
yolov8l-seg.pt,MOTS20-02,20,13,1,156,7,1,6,0.875,0.5384615384615384,0.6666666666666666,0.7747080530701344,0.8717258360120452,4,12
yolov8l-seg.pt,MOTS20-02,21,13,1,153,8,1,5,0.8888888888888888,0.6153846153846154,0.7272727272727273,0.7461200182048338,0.8498702251316033,3,12
yolov8l-seg.pt,MOTS20-02,22,13,1,144,8,2,5,0.8,0.6153846153846154,0.6956521739130435,0.7781070010875174,0.8742219669069518,3,13
yolov8l-seg.pt,MOTS20-02,23,13,1,159,9,1,4,0.9,0.6923076923076923,0.782608695652174,0.7782190528447301,0.87373301597873,4,14
yolov8l-seg.pt,MOTS20-02,24,14,1,151,9,0,5,1.0,0.6428571428571429,0.782608695652174,0.7477120735685032,0.8514106588476111,5,14
yolov8l-seg.pt,MOTS20-02,25,14,1,149,8,0,6,1.0,0.5714285714285714,0.7272727272727273,0.7877265627436827,0.8797171107917652,3,11
yolov8l-seg.pt,MOTS20-02,26,14,1,146,7,0,7,1.0,0.5,0.6666666666666666,0.7776585249004881,0.8734527189926465,4,11
yolov8l-seg.pt,MOTS20-02,27,14,1,135,7,0,7,1.0,0.5,0.6666666666666666,0.7739266186615242,0.8709393570364369,3,10
yolov8l-seg.pt,MOTS20-02,28,14,1,139,7,0,7,1.0,0.5,0.6666666666666666,0.7712328750849907,0.8690692936501125,3,10
yolov8l-seg.pt,MOTS20-02,29,14,1,163,10,1,4,0.9090909090909091,0.7142857142857143,0.8,0.7165262291272432,0.8314236479376873,2,13
yolov8l-seg.pt,MOTS20-02,30,14,1,143,8,1,6,0.8888888888888888,0.5714285714285714,0.6956521739130435,0.7457786848645177,0.8518417235733805,3,12
yolov8l-seg.pt,MOTS20-02,31,14,1,146,9,1,5,0.9,0.6428571428571429,0.75,0.7328017355163223,0.8428535860799052,6,16
yolov8l-seg.pt,MOTS20-02,32,14,1,141,8,1,6,0.8888888888888888,0.5714285714285714,0.6956521739130435,0.7255587641972594,0.8365742867287591,6,15
yolov8l-seg.pt,MOTS20-02,33,14,1,140,8,1,6,0.8888888888888888,0.5714285714285714,0.6956521739130435,0.7246341581582888,0.8366752098022787,6,15
yolov8l-seg.pt,MOTS20-02,34,14,1,151,8,2,6,0.8,0.5714285714285714,0.6666666666666666,0.7362745262906111,0.8441248560443319,2,12
yolov8l-seg.pt,MOTS20-02,35,14,1,151,8,1,6,0.8888888888888888,0.5714285714285714,0.6956521739130435,0.7508786341601605,0.8532263377465712,4,13
yolov8l-seg.pt,MOTS20-02,36,14,1,154,8,1,6,0.8888888888888888,0.5714285714285714,0.6956521739130435,0.7486349931273405,0.8534292969180243,4,13
yolov8l-seg.pt,MOTS20-02,37,14,1,150,8,0,6,1.0,0.5714285714285714,0.7272727272727273,0.7382634527014496,0.8468492473634673,3,11
yolov8l-seg.pt,MOTS20-02,38,14,1,161,8,0,6,1.0,0.5714285714285714,0.7272727272727273,0.7641767746322821,0.8636349687540683,2,10
yolov8l-seg.pt,MOTS20-02,39,14,1,143,8,0,6,1.0,0.5714285714285714,0.7272727272727273,0.7460596857192231,0.8513425383539095,5,13
yolov8l-seg.pt,MOTS20-02,40,13,1,159,8,1,5,0.8888888888888888,0.6153846153846154,0.7272727272727273,0.7377111651817755,0.8463847237119462,4,13
yolov8l-seg.pt,MOTS20-02,41,13,1,146,9,0,4,1.0,0.6923076923076923,0.8181818181818182,0.7467281845300014,0.8528493992188994,6,15
yolov8l-seg.pt,MOTS20-02,42,13,1,149,9,1,4,0.9,0.6923076923076923,0.782608695652174,0.7470137090441668,0.8519085619145987,3,13
yolov8l-seg.pt,MOTS20-02,43,13,1,139,9,0,4,1.0,0.6923076923076923,0.8181818181818182,0.7612090109042184,0.861849813648494,2,11
yolov8l-seg.pt,MOTS20-02,44,12,1,153,7,1,5,0.875,0.5833333333333334,0.7,0.7486958763365287,0.852560300538437,4,12
yolov8l-seg.pt,MOTS20-02,45,12,1,132,7,0,5,1.0,0.5833333333333334,0.7368421052631579,0.7319189025605917,0.8402741694745979,2,9
yolov8l-seg.pt,MOTS20-02,46,12,1,151,7,1,5,0.875,0.5833333333333334,0.7,0.7374047637965608,0.8441609344811394,3,11
yolov8l-seg.pt,MOTS20-02,47,12,1,158,8,1,4,0.8888888888888888,0.6666666666666666,0.7619047619047619,0.7400615172214415,0.8474131970439177,2,11
yolov8l-seg.pt,MOTS20-02,48,13,1,162,8,1,5,0.8888888888888888,0.6153846153846154,0.7272727272727273,0.7382614832785508,0.8466437554358788,2,11
yolov8l-seg.pt,MOTS20-02,49,13,1,153,7,2,6,0.7777777777777778,0.5384615384615384,0.6363636363636364,0.7338752429543239,0.843194136856359,3,12
yolov8l-seg.pt,MOTS20-02,50,13,1,153,7,1,6,0.875,0.5384615384615384,0.6666666666666666,0.7703833432783187,0.8678390384721039,4,12
yolov8l-seg.pt,MOTS20-02,51,13,1,133,8,1,5,0.8888888888888888,0.6153846153846154,0.7272727272727273,0.7443959900709387,0.8507676609923855,4,13
yolov8l-seg.pt,MOTS20-02,52,12,1,137,8,2,4,0.8,0.6666666666666666,0.7272727272727273,0.7635778902505084,0.8633344050580092,3,13
yolov8l-seg.pt,MOTS20-02,53,12,1,135,8,1,4,0.8888888888888888,0.6666666666666666,0.7619047619047619,0.7618542970804154,0.862649728819415,4,13
yolov8l-seg.pt,MOTS20-02,54,13,1,134,8,3,5,0.7272727272727273,0.6153846153846154,0.6666666666666666,0.7359229300181218,0.8449802467411904,3,14
yolov8l-seg.pt,MOTS20-02,55,13,1,126,7,4,6,0.6363636363636364,0.5384615384615384,0.5833333333333334,0.764574611544049,0.8656775422949848,4,15
yolov8l-seg.pt,MOTS20-02,56,13,1,124,7,4,6,0.6363636363636364,0.5384615384615384,0.5833333333333334,0.7629707590798921,0.8639622225658528,2,13
yolov8l-seg.pt,MOTS20-02,57,12,1,123,7,4,5,0.6363636363636364,0.5833333333333334,0.6086956521739131,0.7438006552428076,0.8507293507903136,6,17
yolov8l-seg.pt,MOTS20-02,58,12,1,134,5,4,7,0.5555555555555556,0.4166666666666667,0.47619047619047616,0.7339880746399188,0.8444245840149381,4,13
yolov8l-seg.pt,MOTS20-02,59,12,1,129,7,3,5,0.7,0.5833333333333334,0.6363636363636364,0.7310799306099856,0.8437479403986688,4,14
yolov8l-seg.pt,MOTS20-02,60,12,1,135,7,3,5,0.7,0.5833333333333334,0.6363636363636364,0.7567779503641603,0.8605500063790988,3,13
yolov8l-seg.pt,MOTS20-02,61,12,1,138,8,2,4,0.8,0.6666666666666666,0.7272727272727273,0.7240583379133954,0.836312265099882,5,15
yolov8l-seg.pt,MOTS20-02,62,12,1,144,8,3,4,0.7272727272727273,0.6666666666666666,0.6956521739130435,0.7556511190022228,0.858745161448319,4,15
yolov8l-seg.pt,MOTS20-02,63,12,1,130,8,2,4,0.8,0.6666666666666666,0.7272727272727273,0.7703343957777706,0.869299607626057,4,14
yolov8l-seg.pt,MOTS20-02,64,12,1,141,7,2,5,0.7777777777777778,0.5833333333333334,0.6666666666666666,0.7658324470255533,0.8659374698232025,4,13
yolov8l-seg.pt,MOTS20-02,65,11,1,136,7,2,4,0.7777777777777778,0.6363636363636364,0.7,0.7824817171830395,0.8767744876537326,6,15
yolov8l-seg.pt,MOTS20-02,66,12,1,134,7,2,5,0.7777777777777778,0.5833333333333334,0.6666666666666666,0.7651519783611881,0.8644065167451332,6,15
yolov8l-seg.pt,MOTS20-02,67,12,1,138,7,2,5,0.7777777777777778,0.5833333333333334,0.6666666666666666,0.7692941840234323,0.8676648512746795,3,12
yolov8l-seg.pt,MOTS20-02,68,12,1,135,7,2,5,0.7777777777777778,0.5833333333333334,0.6666666666666666,0.7702153300657214,0.868493043716023,2,11
yolov8l-seg.pt,MOTS20-02,69,12,1,126,7,2,5,0.7777777777777778,0.5833333333333334,0.6666666666666666,0.7622893658739904,0.8621314363661432,4,13
yolov8l-seg.pt,MOTS20-02,70,12,1,135,7,2,5,0.7777777777777778,0.5833333333333334,0.6666666666666666,0.7670338037154772,0.8652201640299515,3,12
yolov8l-seg.pt,MOTS20-02,71,12,1,138,7,2,5,0.7777777777777778,0.5833333333333334,0.6666666666666666,0.7674906449978431,0.8653866419113314,5,14
yolov8l-seg.pt,MOTS20-02,72,12,1,132,7,2,5,0.7777777777777778,0.5833333333333334,0.6666666666666666,0.774518552675214,0.8697113642628622,6,15
yolov8l-seg.pt,MOTS20-02,73,12,1,140,7,3,5,0.7,0.5833333333333334,0.6363636363636364,0.7730184708691888,0.868320987908314,5,15
yolov8l-seg.pt,MOTS20-02,74,12,1,136,8,2,4,0.8,0.6666666666666666,0.7272727272727273,0.7702338256429924,0.8663901873764432,5,15
yolov8l-seg.pt,MOTS20-02,75,12,1,129,7,2,5,0.7777777777777778,0.5833333333333334,0.6666666666666666,0.7872991841498129,0.8785209013873587,4,13
yolov8l-seg.pt,MOTS20-02,76,12,1,135,6,2,6,0.75,0.5,0.6,0.7991085953590972,0.8864951892705905,5,13
yolov8l-seg.pt,MOTS20-02,77,12,1,135,6,2,6,0.75,0.5,0.6,0.7911042181295147,0.8810404432387112,5,13
yolov8l-seg.pt,MOTS20-02,78,12,1,125,5,2,7,0.7142857142857143,0.4166666666666667,0.5263157894736842,0.7657162845359252,0.8647450207001887,5,12
yolov8l-seg.pt,MOTS20-02,79,12,1,129,6,3,6,0.6666666666666666,0.5,0.5714285714285714,0.7629750073074163,0.8627899877886325,3,12
yolov8l-seg.pt,MOTS20-02,80,12,1,127,7,2,5,0.7777777777777778,0.5833333333333334,0.6666666666666666,0.753975147589073,0.8560277613726289,4,13
yolov8l-seg.pt,MOTS20-02,81,11,1,128,7,3,4,0.7,0.6363636363636364,0.6666666666666666,0.7506208022546091,0.8546481510248524,5,15
yolov8l-seg.pt,MOTS20-02,82,11,1,125,8,2,3,0.8,0.7272727272727273,0.7619047619047619,0.7310494676910064,0.8418745694810608,2,12
yolov8l-seg.pt,MOTS20-02,83,11,1,121,8,2,3,0.8,0.7272727272727273,0.7619047619047619,0.7175939774918247,0.8329334682657974,2,12
yolov8l-seg.pt,MOTS20-02,84,11,1,129,7,2,4,0.7777777777777778,0.6363636363636364,0.7,0.7464762182134107,0.8535367845843063,3,12
yolov8l-seg.pt,MOTS20-02,85,11,1,136,7,3,4,0.7,0.6363636363636364,0.6666666666666666,0.7633117324119902,0.8649648551122029,3,13
yolov8l-seg.pt,MOTS20-02,86,11,1,130,7,3,4,0.7,0.6363636363636364,0.6666666666666666,0.7672163984996513,0.8666157543871226,3,13
yolov8l-seg.pt,MOTS20-02,87,11,1,147,7,1,4,0.875,0.6363636363636364,0.7368421052631579,0.7738950939250768,0.8710371399705951,4,12
yolov8l-seg.pt,MOTS20-02,88,11,1,133,7,2,4,0.7777777777777778,0.6363636363636364,0.7,0.767804724375164,0.8676966226819592,4,13
yolov8l-seg.pt,MOTS20-02,89,11,1,130,7,1,4,0.875,0.6363636363636364,0.7368421052631579,0.7632018977305702,0.8640675278743932,3,11
yolov8l-seg.pt,MOTS20-02,90,11,1,127,7,1,4,0.875,0.6363636363636364,0.7368421052631579,0.7597143215088217,0.8623329888425374,3,11
yolov8l-seg.pt,MOTS20-02,91,11,1,124,7,1,4,0.875,0.6363636363636364,0.7368421052631579,0.7763856651188226,0.8729908718318763,2,10
yolov8l-seg.pt,MOTS20-02,92,11,1,131,7,1,4,0.875,0.6363636363636364,0.7368421052631579,0.77091065296015,0.8693086173179868,2,10
yolov8l-seg.pt,MOTS20-02,93,11,1,139,7,3,4,0.7,0.6363636363636364,0.6666666666666666,0.7605819840998975,0.8625938013224798,4,14
yolov8l-seg.pt,MOTS20-02,94,11,1,133,7,4,4,0.6363636363636364,0.6363636363636364,0.6363636363636364,0.7617634271196688,0.8636634368816895,5,16
yolov8l-seg.pt,MOTS20-02,95,11,1,132,7,3,4,0.7,0.6363636363636364,0.6666666666666666,0.7659034134018822,0.8664635704092613,6,16
yolov8l-seg.pt,MOTS20-02,96,11,1,133,8,4,3,0.6666666666666666,0.7272727272727273,0.6956521739130435,0.7476392504842106,0.8525339353943366,3,15
yolov8l-seg.pt,MOTS20-02,97,11,1,139,8,3,3,0.7272727272727273,0.7272727272727273,0.7272727272727273,0.7610801361525633,0.8615385493066812,3,14
yolov8l-seg.pt,MOTS20-02,98,11,1,132,8,2,3,0.8,0.7272727272727273,0.7619047619047619,0.7587827811586676,0.8611989726352276,3,13
yolov8l-seg.pt,MOTS20-02,99,11,1,129,9,1,2,0.9,0.8181818181818182,0.8571428571428571,0.7235990426120019,0.8349719116049406,4,14
yolov8l-seg.pt,MOTS20-02,100,11,1,135,7,2,4,0.7777777777777778,0.6363636363636364,0.7,0.747499131758776,0.8524610946784656,4,13
yolov8l-seg.pt,MOTS20-02,101,12,1,123,9,1,3,0.9,0.75,0.8181818181818182,0.7143064603913607,0.8275464681614418,4,14
yolov8l-seg.pt,MOTS20-02,102,12,1,129,8,2,4,0.8,0.6666666666666666,0.7272727272727273,0.7514528004640793,0.8553706319387534,5,15
yolov8l-seg.pt,MOTS20-02,103,11,1,121,8,3,3,0.7272727272727273,0.7272727272727273,0.7272727272727273,0.7496446070211986,0.8538371651416266,4,15
yolov8l-seg.pt,MOTS20-02,104,11,1,130,7,3,4,0.7,0.6363636363636364,0.6666666666666666,0.7733484058905841,0.8698769057952801,3,13
yolov8l-seg.pt,MOTS20-02,105,11,1,124,8,2,3,0.8,0.7272727272727273,0.7619047619047619,0.7200988194230996,0.8314388076336329,3,13
yolov8l-seg.pt,MOTS20-02,106,11,1,122,7,3,4,0.7,0.6363636363636364,0.6666666666666666,0.743024893537062,0.8480266568849438,2,12
yolov8l-seg.pt,MOTS20-02,107,11,1,129,7,2,4,0.7777777777777778,0.6363636363636364,0.7,0.7553145855929594,0.857763497664954,3,12
yolov8l-seg.pt,MOTS20-02,108,11,1,124,7,4,4,0.6363636363636364,0.6363636363636364,0.6363636363636364,0.7489372156428011,0.8540700449909339,2,13
yolov8l-seg.pt,MOTS20-02,109,11,1,122,7,2,4,0.7777777777777778,0.6363636363636364,0.7,0.7429702508972685,0.8500091613996528,3,12
yolov8l-seg.pt,MOTS20-02,110,11,1,132,9,1,2,0.9,0.8181818181818182,0.8571428571428571,0.6973750904994255,0.8160408185049721,2,12
yolov8l-seg.pt,MOTS20-02,111,11,1,125,6,3,5,0.6666666666666666,0.5454545454545454,0.6,0.7645391567440819,0.8636184529089048,3,12
yolov8l-seg.pt,MOTS20-02,112,11,1,130,6,3,5,0.6666666666666666,0.5454545454545454,0.6,0.7653830852409643,0.8640390078122068,3,12
yolov8l-seg.pt,MOTS20-02,113,11,1,131,7,1,4,0.875,0.6363636363636364,0.7368421052631579,0.7381682825726122,0.8448144407307463,3,11
yolov8l-seg.pt,MOTS20-02,114,11,1,135,8,1,3,0.8888888888888888,0.7272727272727273,0.8,0.7360739924145128,0.84461937623875,2,11
yolov8l-seg.pt,MOTS20-02,115,11,1,140,8,1,3,0.8888888888888888,0.7272727272727273,0.8,0.7328276632067834,0.8430755300603826,2,11
yolov8l-seg.pt,MOTS20-02,116,11,1,132,8,1,3,0.8888888888888888,0.7272727272727273,0.8,0.7327594669479188,0.8424923313996258,2,11
yolov8l-seg.pt,MOTS20-02,117,11,1,128,8,1,3,0.8888888888888888,0.7272727272727273,0.8,0.7414471350675715,0.8481036757198503,1,10
yolov8l-seg.pt,MOTS20-02,118,11,1,123,7,2,4,0.7777777777777778,0.6363636363636364,0.7,0.7736250762684127,0.8707656053947715,3,12
yolov8l-seg.pt,MOTS20-02,119,11,1,130,9,1,2,0.9,0.8181818181818182,0.8571428571428571,0.7533436491312522,0.8573435634050921,2,12
yolov8l-seg.pt,MOTS20-02,120,11,1,128,9,1,2,0.9,0.8181818181818182,0.8571428571428571,0.7430682808279598,0.8499051737638137,2,12
yolov8l-seg.pt,MOTS20-02,121,11,1,127,9,1,2,0.9,0.8181818181818182,0.8571428571428571,0.7298698726789754,0.8408188022613687,4,14
yolov8l-seg.pt,MOTS20-02,122,11,1,123,9,1,2,0.9,0.8181818181818182,0.8571428571428571,0.724655594666172,0.8358984733131115,3,13
yolov8l-seg.pt,MOTS20-02,123,11,1,121,9,1,2,0.9,0.8181818181818182,0.8571428571428571,0.7265109692629775,0.8384586795541491,3,13
yolov8l-seg.pt,MOTS20-02,124,11,1,127,9,1,2,0.9,0.8181818181818182,0.8571428571428571,0.7087693872813586,0.8246913461820076,4,14
yolov8l-seg.pt,MOTS20-02,125,11,1,127,9,2,2,0.8181818181818182,0.8181818181818182,0.8181818181818182,0.7056579077149866,0.8230000066502039,4,15
yolov8l-seg.pt,MOTS20-02,126,11,1,117,9,1,2,0.9,0.8181818181818182,0.8571428571428571,0.6997261306135374,0.817427083299666,4,14
yolov8l-seg.pt,MOTS20-02,127,11,1,119,9,1,2,0.9,0.8181818181818182,0.8571428571428571,0.7160128606161122,0.8305220808611024,3,13
yolov8l-seg.pt,MOTS20-02,128,12,1,118,9,2,3,0.8181818181818182,0.75,0.782608695652174,0.7091188638741251,0.8249208364668006,4,15
yolov8l-seg.pt,MOTS20-02,129,12,1,123,7,3,5,0.7,0.5833333333333334,0.6363636363636364,0.7290657403550281,0.8360944501702801,5,15
yolov8l-seg.pt,MOTS20-02,130,11,1,127,9,1,2,0.9,0.8181818181818182,0.8571428571428571,0.714479656648072,0.8286274803759611,4,14
yolov8l-seg.pt,MOTS20-02,131,12,1,120,9,1,3,0.9,0.75,0.8181818181818182,0.7176088582798279,0.8310621560613591,4,14
yolov8l-seg.pt,MOTS20-02,132,12,1,138,9,2,3,0.8181818181818182,0.75,0.782608695652174,0.711084265774085,0.8261127621590303,2,13
yolov8l-seg.pt,MOTS20-02,133,13,1,135,10,2,3,0.8333333333333334,0.7692307692307693,0.8,0.7054378101310534,0.8220522244539012,2,14
yolov8l-seg.pt,MOTS20-02,134,14,1,128,9,3,5,0.75,0.6428571428571429,0.6923076923076923,0.7176074494058977,0.8304732483152643,2,14
yolov8l-seg.pt,MOTS20-02,135,14,1,121,9,2,5,0.8181818181818182,0.6428571428571429,0.72,0.7315044507552435,0.8409732747508474,2,13
yolov8l-seg.pt,MOTS20-02,136,14,1,116,9,1,5,0.9,0.6428571428571429,0.75,0.7284162024826683,0.8386520951900498,3,13
yolov8l-seg.pt,MOTS20-02,137,14,1,122,9,2,5,0.8181818181818182,0.6428571428571429,0.72,0.7020469702564636,0.8188227084255312,3,14
yolov8l-seg.pt,MOTS20-02,138,14,1,133,9,1,5,0.9,0.6428571428571429,0.75,0.6992372815334682,0.8175382477186353,3,13
yolov8l-seg.pt,MOTS20-02,139,13,1,140,9,2,4,0.8181818181818182,0.6923076923076923,0.75,0.706523967760641,0.8233923273082586,2,13
yolov8l-seg.pt,MOTS20-02,140,13,1,137,9,2,4,0.8181818181818182,0.6923076923076923,0.75,0.7161671242256489,0.8303979537518108,1,12
yolov8l-seg.pt,MOTS20-02,141,13,1,131,9,1,4,0.9,0.6923076923076923,0.782608695652174,0.7092161082960757,0.8260175192841,0,10
yolov8l-seg.pt,MOTS20-02,142,13,1,136,7,3,6,0.7,0.5384615384615384,0.6086956521739131,0.7373260976039724,0.8442824070640594,1,11
yolov8l-seg.pt,MOTS20-02,143,13,1,128,8,2,5,0.8,0.6153846153846154,0.6956521739130435,0.7390692970638931,0.8466432198445462,1,11
yolov8l-seg.pt,MOTS20-02,144,13,1,129,9,1,4,0.9,0.6923076923076923,0.782608695652174,0.7212580073967714,0.8335328554733556,3,13
yolov8l-seg.pt,MOTS20-02,145,13,1,133,9,2,4,0.8181818181818182,0.6923076923076923,0.75,0.728627301945544,0.838691432194975,3,14
yolov8l-seg.pt,MOTS20-02,146,13,1,124,8,1,5,0.8888888888888888,0.6153846153846154,0.7272727272727273,0.7383044234634426,0.8449694809630942,3,12
yolov8l-seg.pt,MOTS20-02,147,13,1,130,9,1,4,0.9,0.6923076923076923,0.782608695652174,0.742803806572799,0.8488078561379262,1,11
yolov8l-seg.pt,MOTS20-02,148,13,1,116,10,1,3,0.9090909090909091,0.7692307692307693,0.8333333333333334,0.7240652601432497,0.8363656312961991,2,13
yolov8l-seg.pt,MOTS20-02,149,13,1,131,10,1,3,0.9090909090909091,0.7692307692307693,0.8333333333333334,0.7500828161623156,0.8541015490647561,2,13
yolov8l-seg.pt,MOTS20-02,150,13,1,133,8,3,5,0.7272727272727273,0.6153846153846154,0.6666666666666666,0.7470704663298018,0.8521644499921357,2,13
yolov8l-seg.pt,MOTS20-02,151,13,1,137,9,2,4,0.8181818181818182,0.6923076923076923,0.75,0.7334335447060416,0.8426325379379735,1,12
yolov8l-seg.pt,MOTS20-02,152,13,1,127,8,1,5,0.8888888888888888,0.6153846153846154,0.7272727272727273,0.7563913740854384,0.858685155233254,2,11
yolov8l-seg.pt,MOTS20-02,153,14,1,134,9,2,5,0.8181818181818182,0.6428571428571429,0.72,0.7350579374892887,0.8434188501557998,2,13
yolov8l-seg.pt,MOTS20-02,154,14,1,130,9,1,5,0.9,0.6428571428571429,0.75,0.7363327825524169,0.8443921391127369,2,12
yolov8l-seg.pt,MOTS20-02,155,14,1,131,9,2,5,0.8181818181818182,0.6428571428571429,0.72,0.7341950257131555,0.8437061399216954,1,12
yolov8l-seg.pt,MOTS20-02,156,14,1,128,9,1,5,0.9,0.6428571428571429,0.75,0.7337648876824332,0.8433728287277668,1,11
yolov8l-seg.pt,MOTS20-02,157,14,1,122,9,2,5,0.8181818181818182,0.6428571428571429,0.72,0.7328037464382336,0.842556876604846,1,12
yolov8l-seg.pt,MOTS20-02,158,13,1,120,9,1,4,0.9,0.6923076923076923,0.782608695652174,0.7542654983320038,0.8567000802177476,2,12
yolov8l-seg.pt,MOTS20-02,159,13,1,113,10,1,3,0.9090909090909091,0.7692307692307693,0.8333333333333334,0.7311607717432567,0.8401487682567659,2,13
yolov8l-seg.pt,MOTS20-02,160,13,1,116,10,1,3,0.9090909090909091,0.7692307692307693,0.8333333333333334,0.7339235907504913,0.8413525078090365,1,12
yolov8l-seg.pt,MOTS20-02,161,12,1,113,9,2,3,0.8181818181818182,0.75,0.782608695652174,0.7543964145037496,0.8561969478944088,1,12
yolov8l-seg.pt,MOTS20-02,162,12,1,111,9,2,3,0.8181818181818182,0.75,0.782608695652174,0.7536772360132686,0.8554562492748885,1,12
yolov8l-seg.pt,MOTS20-02,163,12,1,117,8,2,4,0.8,0.6666666666666666,0.7272727272727273,0.750794276960534,0.8523746009145772,0,10
yolov8l-seg.pt,MOTS20-02,164,12,1,119,9,2,3,0.8181818181818182,0.75,0.782608695652174,0.7495844891134246,0.8522068401313483,0,11
yolov8l-seg.pt,MOTS20-02,165,12,1,120,8,2,4,0.8,0.6666666666666666,0.7272727272727273,0.7761819279669064,0.8718261149234602,0,10
yolov8l-seg.pt,MOTS20-02,166,12,1,124,8,2,4,0.8,0.6666666666666666,0.7272727272727273,0.7944550118380556,0.8839888165441767,0,10
yolov8l-seg.pt,MOTS20-02,167,12,1,130,8,2,4,0.8,0.6666666666666666,0.7272727272727273,0.7705667426827957,0.8676762331166923,0,10
yolov8l-seg.pt,MOTS20-02,168,12,1,124,9,4,3,0.6923076923076923,0.75,0.72,0.7530550876008651,0.8551875964776162,1,14
yolov8l-seg.pt,MOTS20-02,169,12,1,119,10,1,2,0.9090909090909091,0.8333333333333334,0.8695652173913043,0.7141847211727244,0.8260280918919382,1,12
yolov8l-seg.pt,MOTS20-02,170,12,1,110,8,3,4,0.7272727272727273,0.6666666666666666,0.6956521739130435,0.7512794437111942,0.8520703000103229,1,12
yolov8l-seg.pt,MOTS20-02,171,12,1,119,8,3,4,0.7272727272727273,0.6666666666666666,0.6956521739130435,0.7750749864941938,0.8687242773387056,1,12
yolov8l-seg.pt,MOTS20-02,172,13,1,124,6,3,7,0.6666666666666666,0.46153846153846156,0.5454545454545454,0.8196183634660517,0.8990484651499977,3,12
yolov8l-seg.pt,MOTS20-02,173,12,1,123,7,3,5,0.7,0.5833333333333334,0.6363636363636364,0.7851822762637665,0.8758605645515983,2,12
yolov8l-seg.pt,MOTS20-02,174,12,1,116,8,4,4,0.6666666666666666,0.6666666666666666,0.6666666666666666,0.7549627592575503,0.8559741113521698,3,15
yolov8l-seg.pt,MOTS20-02,175,12,1,113,8,2,4,0.8,0.6666666666666666,0.7272727272727273,0.7569220680892113,0.8571126590047409,3,13
yolov8l-seg.pt,MOTS20-02,176,11,1,130,8,3,3,0.7272727272727273,0.7272727272727273,0.7272727272727273,0.7547716298794613,0.856889880474463,2,13
yolov8l-seg.pt,MOTS20-02,177,11,1,130,7,2,4,0.7777777777777778,0.6363636363636364,0.7,0.7349411349900363,0.8410620763254203,2,11
yolov8l-seg.pt,MOTS20-02,178,11,1,124,6,4,5,0.6,0.5454545454545454,0.5714285714285714,0.7838168075855689,0.8769424873101128,2,12
yolov8l-seg.pt,MOTS20-02,179,12,1,127,8,2,4,0.8,0.6666666666666666,0.7272727272727273,0.7373590736299698,0.8447058883656049,1,11
yolov8l-seg.pt,MOTS20-02,180,12,1,123,8,2,4,0.8,0.6666666666666666,0.7272727272727273,0.7441161758798474,0.8502485881372833,1,11
yolov8l-seg.pt,MOTS20-02,181,12,1,123,7,1,5,0.875,0.5833333333333334,0.7,0.7681282419032043,0.8661316848855939,1,9
yolov8l-seg.pt,MOTS20-02,182,11,1,117,8,2,3,0.8,0.7272727272727273,0.7619047619047619,0.7502885417492486,0.8547863251139167,1,11
yolov8l-seg.pt,MOTS20-02,183,11,1,112,9,1,2,0.9,0.8181818181818182,0.8571428571428571,0.752192541095459,0.8560658479665991,1,11
yolov8l-seg.pt,MOTS20-02,184,11,1,116,9,2,2,0.8181818181818182,0.8181818181818182,0.8181818181818182,0.7625878756121313,0.8624246104340028,1,12
yolov8l-seg.pt,MOTS20-02,185,12,1,118,9,2,3,0.8181818181818182,0.75,0.782608695652174,0.7299241122404738,0.8383661759050909,1,12
yolov8l-seg.pt,MOTS20-02,186,12,1,123,9,3,3,0.75,0.75,0.75,0.7629585342540751,0.8629488526919,2,14
yolov8l-seg.pt,MOTS20-02,187,12,1,122,9,3,3,0.75,0.75,0.75,0.7499579672315915,0.8534280875936967,1,13
yolov8l-seg.pt,MOTS20-02,188,13,1,118,7,4,6,0.6363636363636364,0.5384615384615384,0.5833333333333334,0.750665503856338,0.850542747086209,1,12
yolov8l-seg.pt,MOTS20-02,189,13,1,108,8,3,5,0.7272727272727273,0.6153846153846154,0.6666666666666666,0.7416232391641052,0.8454904127094001,1,12
yolov8l-seg.pt,MOTS20-02,190,13,1,103,6,4,7,0.6,0.46153846153846156,0.5217391304347826,0.8115523235549063,0.8940725753180856,1,11
yolov8l-seg.pt,MOTS20-02,191,13,1,116,8,3,5,0.7272727272727273,0.6153846153846154,0.6666666666666666,0.7648396485086526,0.8613113110609179,0,11
yolov8l-seg.pt,MOTS20-02,192,13,1,120,7,4,6,0.6363636363636364,0.5384615384615384,0.5833333333333334,0.7740462596636587,0.8661367556814704,0,11
yolov8l-seg.pt,MOTS20-02,193,13,1,120,9,4,4,0.6923076923076923,0.6923076923076923,0.6923076923076923,0.72850420577852,0.8358092469811814,0,13
yolov8l-seg.pt,MOTS20-02,194,13,1,120,10,3,3,0.7692307692307693,0.7692307692307693,0.7692307692307693,0.7303482099744385,0.8384852795919391,0,13
yolov8l-seg.pt,MOTS20-02,195,13,1,118,11,2,2,0.8461538461538461,0.8461538461538461,0.8461538461538461,0.7395544989467479,0.8452191615025485,0,13
yolov8l-seg.pt,MOTS20-02,196,13,1,115,9,3,4,0.75,0.6923076923076923,0.72,0.7491310372689427,0.8517064153183485,0,12
yolov8l-seg.pt,MOTS20-02,197,13,1,119,11,1,2,0.9166666666666666,0.8461538461538461,0.88,0.7184245544770722,0.8297303305920468,0,12
yolov8l-seg.pt,MOTS20-02,198,12,1,124,9,2,3,0.8181818181818182,0.75,0.782608695652174,0.7687717588257221,0.8666351126977694,1,12
yolov8l-seg.pt,MOTS20-02,199,12,1,117,9,2,3,0.8181818181818182,0.75,0.782608695652174,0.7588360345396246,0.8598417197880643,1,12
yolov8l-seg.pt,MOTS20-02,200,12,1,126,9,1,3,0.9,0.75,0.8181818181818182,0.7538603317982384,0.854755059820079,1,11
yolov8l-seg.pt,MOTS20-02,201,12,1,132,8,3,4,0.7272727272727273,0.6666666666666666,0.6956521739130435,0.7674547419284474,0.8664994232725232,2,13
yolov8l-seg.pt,MOTS20-02,202,12,1,128,10,2,2,0.8333333333333334,0.8333333333333334,0.8333333333333334,0.7472108576376019,0.8513335456803481,1,13
yolov8l-seg.pt,MOTS20-02,203,12,1,128,9,1,3,0.9,0.75,0.8181818181818182,0.7431412446011934,0.8480808541715936,0,10
yolov8l-seg.pt,MOTS20-02,204,12,1,134,10,1,2,0.9090909090909091,0.8333333333333334,0.8695652173913043,0.738939804987125,0.8452115823165635,0,11
yolov8l-seg.pt,MOTS20-02,205,12,1,134,9,2,3,0.8181818181818182,0.75,0.782608695652174,0.7413273854657366,0.8469970575674988,0,11
yolov8l-seg.pt,MOTS20-02,206,12,1,130,9,1,3,0.9,0.75,0.8181818181818182,0.7195647112941648,0.8301161442687144,0,10
yolov8l-seg.pt,MOTS20-02,207,12,1,139,7,2,5,0.7777777777777778,0.5833333333333334,0.6666666666666666,0.7662631277164144,0.8650595543936106,0,9
yolov8l-seg.pt,MOTS20-02,208,12,1,125,10,1,2,0.9090909090909091,0.8333333333333334,0.8695652173913043,0.7141902224835187,0.8276848329000608,0,11
yolov8l-seg.pt,MOTS20-02,209,11,1,126,8,1,3,0.8888888888888888,0.7272727272727273,0.8,0.7423740583240379,0.8478462887164178,1,10
yolov8l-seg.pt,MOTS20-02,210,12,1,121,9,1,3,0.9,0.75,0.8181818181818182,0.7489489248423759,0.8521323697255552,2,12
yolov8l-seg.pt,MOTS20-02,211,12,1,116,10,1,2,0.9090909090909091,0.8333333333333334,0.8695652173913043,0.7372486122576623,0.8438964507326505,1,12
yolov8l-seg.pt,MOTS20-02,212,12,1,123,9,1,3,0.9,0.75,0.8181818181818182,0.7428494342345954,0.8480254736344294,0,10
yolov8l-seg.pt,MOTS20-02,213,12,1,120,10,1,2,0.9090909090909091,0.8333333333333334,0.8695652173913043,0.7330945055262458,0.8406419337361214,1,12
yolov8l-seg.pt,MOTS20-02,214,11,1,125,10,1,1,0.9090909090909091,0.9090909090909091,0.9090909090909091,0.7448729599177755,0.8484358395275441,1,12
yolov8l-seg.pt,MOTS20-02,215,11,1,128,10,1,1,0.9090909090909091,0.9090909090909091,0.9090909090909091,0.7328684861933022,0.8409157286967075,2,13
yolov8l-seg.pt,MOTS20-02,216,11,1,133,10,1,1,0.9090909090909091,0.9090909090909091,0.9090909090909091,0.7329355780744022,0.8407624209937123,1,12
yolov8l-seg.pt,MOTS20-02,217,11,1,125,10,1,1,0.9090909090909091,0.9090909090909091,0.9090909090909091,0.7229644962228617,0.8341746855211097,1,12
yolov8l-seg.pt,MOTS20-02,218,11,1,121,10,1,1,0.9090909090909091,0.9090909090909091,0.9090909090909091,0.7178948925059113,0.8294973100525491,1,12
yolov8l-seg.pt,MOTS20-02,219,11,1,132,10,1,1,0.9090909090909091,0.9090909090909091,0.9090909090909091,0.7155997070385361,0.8291652180676101,1,12
yolov8l-seg.pt,MOTS20-02,220,11,1,132,10,2,1,0.8333333333333334,0.9090909090909091,0.8695652173913043,0.7200144713392054,0.8319098008125796,1,13
yolov8l-seg.pt,MOTS20-02,221,11,1,118,10,2,1,0.8333333333333334,0.9090909090909091,0.8695652173913043,0.7053702516386519,0.8219776326100504,1,13
yolov8l-seg.pt,MOTS20-02,222,11,1,118,9,2,2,0.8181818181818182,0.8181818181818182,0.8181818181818182,0.7202765113799469,0.8324653775727325,1,12
yolov8l-seg.pt,MOTS20-02,223,10,1,114,9,1,1,0.9,0.9,0.9,0.7118139426876405,0.8259291503756416,3,13
yolov8l-seg.pt,MOTS20-02,224,11,1,107,9,2,2,0.8181818181818182,0.8181818181818182,0.8181818181818182,0.7225353019986007,0.8332464980933552,3,14
yolov8l-seg.pt,MOTS20-02,225,11,1,121,9,2,2,0.8181818181818182,0.8181818181818182,0.8181818181818182,0.7148000169240788,0.8277750692513837,3,14
yolov8l-seg.pt,MOTS20-02,226,11,1,104,9,2,2,0.8181818181818182,0.8181818181818182,0.8181818181818182,0.7327192385026167,0.8412509696584566,4,15
yolov8l-seg.pt,MOTS20-02,227,11,1,110,9,1,2,0.9,0.8181818181818182,0.8571428571428571,0.736572333532828,0.8424820194886535,1,11
yolov8l-seg.pt,MOTS20-02,228,11,1,115,9,1,2,0.9,0.8181818181818182,0.8571428571428571,0.7397903069260492,0.8452726403846119,3,13
yolov8l-seg.pt,MOTS20-02,229,11,1,125,9,1,2,0.9,0.8181818181818182,0.8571428571428571,0.7212830280472371,0.8295296496495174,2,12
yolov8l-seg.pt,MOTS20-02,230,11,1,131,9,1,2,0.9,0.8181818181818182,0.8571428571428571,0.72976446636084,0.8376541904552289,3,13
yolov8l-seg.pt,MOTS20-02,231,10,1,123,9,1,1,0.9,0.9,0.9,0.7473190770689766,0.849896006797001,2,12
yolov8l-seg.pt,MOTS20-02,232,10,1,111,9,2,1,0.8181818181818182,0.9,0.8571428571428571,0.7476205810888559,0.8499482462480754,3,14
yolov8l-seg.pt,MOTS20-02,233,10,1,121,9,3,1,0.75,0.9,0.8181818181818182,0.7506289609678403,0.851765854109718,3,15
yolov8l-seg.pt,MOTS20-02,234,10,1,111,9,2,1,0.8181818181818182,0.9,0.8571428571428571,0.7474843485318228,0.8489926433560968,3,14
yolov8l-seg.pt,MOTS20-02,235,10,1,106,9,2,1,0.8181818181818182,0.9,0.8571428571428571,0.7634353358749042,0.8615439784121852,3,14
yolov8l-seg.pt,MOTS20-02,236,11,1,113,9,2,2,0.8181818181818182,0.8181818181818182,0.8181818181818182,0.7427528080316992,0.8480383995335343,3,14
yolov8l-seg.pt,MOTS20-02,237,11,1,117,9,1,2,0.9,0.8181818181818182,0.8571428571428571,0.7246260780163559,0.8327943010716345,2,12
yolov8l-seg.pt,MOTS20-02,238,10,1,114,9,1,1,0.9,0.9,0.9,0.72620136887692,0.8355606931846855,1,11
yolov8l-seg.pt,MOTS20-02,239,10,1,124,9,2,1,0.8181818181818182,0.9,0.8571428571428571,0.7387893510463374,0.8438319965953942,2,13
yolov8l-seg.pt,MOTS20-02,240,10,1,119,7,3,3,0.7,0.7,0.7,0.7873603955157853,0.8792635099348425,2,12
yolov8l-seg.pt,MOTS20-02,241,10,1,124,8,2,2,0.8,0.8,0.8,0.7491936665325222,0.8527620560683368,4,14
yolov8l-seg.pt,MOTS20-02,242,10,1,136,8,2,2,0.8,0.8,0.8,0.733023178772396,0.8416344482427888,4,14
yolov8l-seg.pt,MOTS20-02,243,10,1,120,9,3,1,0.75,0.9,0.8181818181818182,0.7146753824148733,0.8269098067747206,4,16
yolov8l-seg.pt,MOTS20-02,244,10,1,132,9,1,1,0.9,0.9,0.9,0.7083229442206933,0.8238329100693295,4,14
yolov8l-seg.pt,MOTS20-02,245,10,1,130,8,1,2,0.8888888888888888,0.8,0.8421052631578947,0.7151445373942416,0.8294268539662866,3,12
yolov8l-seg.pt,MOTS20-02,246,10,1,126,9,1,1,0.9,0.9,0.9,0.7170793867188988,0.830671515251502,3,13
yolov8l-seg.pt,MOTS20-02,247,10,1,132,9,1,1,0.9,0.9,0.9,0.7002046212805962,0.8179403394125384,3,13
yolov8l-seg.pt,MOTS20-02,248,10,1,131,8,3,2,0.7272727272727273,0.8,0.7619047619047619,0.7073375296449514,0.821745709557492,5,16
yolov8l-seg.pt,MOTS20-02,249,10,1,129,8,3,2,0.7272727272727273,0.8,0.7619047619047619,0.7498548649661557,0.8523717721317232,5,16
yolov8l-seg.pt,MOTS20-02,250,10,1,124,9,2,1,0.8181818181818182,0.9,0.8571428571428571,0.734312567827555,0.8412643799569002,6,17
yolov8l-seg.pt,MOTS20-02,251,10,1,127,8,2,2,0.8,0.8,0.8,0.7267149045913698,0.8354930710732574,5,15
yolov8l-seg.pt,MOTS20-02,252,10,1,139,7,2,3,0.7777777777777778,0.7,0.7368421052631579,0.7445736202053708,0.8470968998980323,7,16
yolov8l-seg.pt,MOTS20-02,253,9,1,153,8,1,1,0.8888888888888888,0.8888888888888888,0.8888888888888888,0.7177647328742347,0.8276260053711211,6,15
yolov8l-seg.pt,MOTS20-02,254,10,1,152,9,1,1,0.9,0.9,0.9,0.7079850419454867,0.8223990438912137,6,16
yolov8l-seg.pt,MOTS20-02,255,10,1,142,8,0,2,1.0,0.8,0.8888888888888888,0.7294630632000052,0.8358212589767477,4,12
yolov8l-seg.pt,MOTS20-02,256,10,1,147,8,2,2,0.8,0.8,0.8,0.7435708415806122,0.8465951914657822,7,17
yolov8l-seg.pt,MOTS20-02,257,10,1,140,8,1,2,0.8888888888888888,0.8,0.8421052631578947,0.7515349773704709,0.852579797698745,4,13
yolov8l-seg.pt,MOTS20-02,258,10,1,135,8,2,2,0.8,0.8,0.8,0.7283005953979069,0.834413514593953,5,15
yolov8l-seg.pt,MOTS20-02,259,11,1,132,10,1,1,0.9090909090909091,0.9090909090909091,0.9090909090909091,0.702996319470152,0.8178549958297194,5,16
yolov8l-seg.pt,MOTS20-02,260,11,1,145,9,2,2,0.8181818181818182,0.8181818181818182,0.8181818181818182,0.7109143571877552,0.8232516449491012,4,15
yolov8l-seg.pt,MOTS20-02,261,11,1,126,10,0,1,1.0,0.9090909090909091,0.9523809523809523,0.6981474067529115,0.8151877858428186,4,14
yolov8l-seg.pt,MOTS20-02,262,11,1,120,10,0,1,1.0,0.9090909090909091,0.9523809523809523,0.7083305068367047,0.8214802973913711,7,17
yolov8l-seg.pt,MOTS20-02,263,11,1,133,10,0,1,1.0,0.9090909090909091,0.9523809523809523,0.7293027835717855,0.8380772302157201,5,15
yolov8l-seg.pt,MOTS20-02,264,12,1,135,9,0,3,1.0,0.75,0.8571428571428571,0.7478204121298305,0.8510389176641482,5,14
yolov8l-seg.pt,MOTS20-02,265,12,1,138,10,1,2,0.9090909090909091,0.8333333333333334,0.8695652173913043,0.7341756802935725,0.8416844972831014,5,16
yolov8l-seg.pt,MOTS20-02,266,12,1,131,9,0,3,1.0,0.75,0.8571428571428571,0.7524270414971294,0.8543926661971027,4,13
yolov8l-seg.pt,MOTS20-02,267,12,1,124,10,0,2,1.0,0.8333333333333334,0.9090909090909091,0.7374139512525977,0.8426690889475802,4,14
yolov8l-seg.pt,MOTS20-02,268,12,1,114,10,0,2,1.0,0.8333333333333334,0.9090909090909091,0.733028446691496,0.8411024475823934,4,14
yolov8l-seg.pt,MOTS20-02,269,12,1,122,10,0,2,1.0,0.8333333333333334,0.9090909090909091,0.7327524114538536,0.8412480147856588,4,14
yolov8l-seg.pt,MOTS20-02,270,12,1,119,10,0,2,1.0,0.8333333333333334,0.9090909090909091,0.731529051430561,0.8397436726050822,3,13
yolov8l-seg.pt,MOTS20-02,271,12,1,121,10,0,2,1.0,0.8333333333333334,0.9090909090909091,0.7256447189531072,0.8344316657663274,3,13
yolov8l-seg.pt,MOTS20-02,272,12,1,145,10,0,2,1.0,0.8333333333333334,0.9090909090909091,0.7406134634819339,0.845394959478185,2,12
yolov8l-seg.pt,MOTS20-02,273,13,1,153,10,2,3,0.8333333333333334,0.7692307692307693,0.8,0.7341128923766321,0.8411139903118621,3,15
yolov8l-seg.pt,MOTS20-02,274,13,1,148,10,2,3,0.8333333333333334,0.7692307692307693,0.8,0.742976236694532,0.8473843400208537,2,14
yolov8l-seg.pt,MOTS20-02,275,13,1,152,10,2,3,0.8333333333333334,0.7692307692307693,0.8,0.7450896580611729,0.8486410742787491,3,15
yolov8l-seg.pt,MOTS20-02,276,13,1,141,10,1,3,0.9090909090909091,0.7692307692307693,0.8333333333333334,0.7336914250944422,0.8410000885832882,4,15
yolov8l-seg.pt,MOTS20-02,277,13,1,139,10,3,3,0.7692307692307693,0.7692307692307693,0.7692307692307693,0.7385550421850605,0.8441161140953835,3,16
yolov8l-seg.pt,MOTS20-02,278,13,1,127,10,1,3,0.9090909090909091,0.7692307692307693,0.8333333333333334,0.7383941325909049,0.8449441554101519,4,15
yolov8l-seg.pt,MOTS20-02,279,13,1,126,10,1,3,0.9090909090909091,0.7692307692307693,0.8333333333333334,0.7496441884230606,0.8529567322785155,5,16
yolov8l-seg.pt,MOTS20-02,280,13,1,149,9,1,4,0.9,0.6923076923076923,0.782608695652174,0.7680582584019893,0.8663016892164959,5,15
yolov8l-seg.pt,MOTS20-02,281,13,1,131,10,1,3,0.9090909090909091,0.7692307692307693,0.8333333333333334,0.7509303512845482,0.8541123303821505,5,16
yolov8l-seg.pt,MOTS20-02,282,13,1,125,12,1,1,0.9230769230769231,0.9230769230769231,0.9230769230769231,0.7417469751389797,0.8463414024778936,4,17
yolov8l-seg.pt,MOTS20-02,283,13,1,131,11,1,2,0.9166666666666666,0.8461538461538461,0.88,0.748478856062917,0.8518144367797796,3,15
yolov8l-seg.pt,MOTS20-02,284,13,1,130,11,1,2,0.9166666666666666,0.8461538461538461,0.88,0.7657061970828692,0.8643471623139977,3,15
yolov8l-seg.pt,MOTS20-02,285,12,1,120,10,1,2,0.9090909090909091,0.8333333333333334,0.8695652173913043,0.7617659635314366,0.862032835563616,3,14
yolov8l-seg.pt,MOTS20-02,286,12,1,113,10,1,2,0.9090909090909091,0.8333333333333334,0.8695652173913043,0.749352996046346,0.8527061017902724,2,13
yolov8l-seg.pt,MOTS20-02,287,12,1,127,10,1,2,0.9090909090909091,0.8333333333333334,0.8695652173913043,0.7578631264845813,0.8603053753708035,2,13
yolov8l-seg.pt,MOTS20-02,288,13,1,132,10,1,3,0.9090909090909091,0.7692307692307693,0.8333333333333334,0.7433273109094249,0.8497260610692722,2,13
yolov8l-seg.pt,MOTS20-02,289,13,1,133,8,3,5,0.7272727272727273,0.6153846153846154,0.6666666666666666,0.7568617532564882,0.8591578710574961,2,13
yolov8l-seg.pt,MOTS20-02,290,13,1,147,10,1,3,0.9090909090909091,0.7692307692307693,0.8333333333333334,0.7404930665621,0.8475831069606443,3,14
yolov8l-seg.pt,MOTS20-02,291,13,1,149,10,1,3,0.9090909090909091,0.7692307692307693,0.8333333333333334,0.7272518983911511,0.8379778016974141,2,13
yolov8l-seg.pt,MOTS20-02,292,13,1,151,10,2,3,0.8333333333333334,0.7692307692307693,0.8,0.7424072074699299,0.8476707173577527,2,14
yolov8l-seg.pt,MOTS20-02,293,13,1,142,11,1,2,0.9166666666666666,0.8461538461538461,0.88,0.7456562185782297,0.850697939622993,2,14
yolov8l-seg.pt,MOTS20-02,294,13,1,142,10,1,3,0.9090909090909091,0.7692307692307693,0.8333333333333334,0.768679435130905,0.8669841069241062,2,13
yolov8l-seg.pt,MOTS20-02,295,13,1,151,10,1,3,0.9090909090909091,0.7692307692307693,0.8333333333333334,0.7421053922671531,0.8464245874232491,2,13
yolov8l-seg.pt,MOTS20-02,296,13,1,144,10,1,3,0.9090909090909091,0.7692307692307693,0.8333333333333334,0.7481935673177175,0.8513184923123502,1,12
yolov8l-seg.pt,MOTS20-02,297,13,1,148,10,2,3,0.8333333333333334,0.7692307692307693,0.8,0.7450280706301339,0.8483809546444403,1,13
yolov8l-seg.pt,MOTS20-02,298,12,1,136,9,1,3,0.9,0.75,0.8181818181818182,0.7545550814312768,0.8546111086942714,1,11
yolov8l-seg.pt,MOTS20-02,299,12,1,136,8,1,4,0.8888888888888888,0.6666666666666666,0.7619047619047619,0.7999011158062369,0.8866798928331006,2,11
yolov8l-seg.pt,MOTS20-02,300,12,1,144,10,0,2,1.0,0.8333333333333334,0.9090909090909091,0.7522564992720142,0.8539574146586757,2,12
yolov8l-seg.pt,MOTS20-02,301,12,1,142,9,1,3,0.9,0.75,0.8181818181818182,0.7503643901115249,0.8515472903956449,4,14
yolov8l-seg.pt,MOTS20-02,302,12,1,134,9,1,3,0.9,0.75,0.8181818181818182,0.7633398084419487,0.8623468506180242,3,13
yolov8l-seg.pt,MOTS20-02,303,12,1,131,9,1,3,0.9,0.75,0.8181818181818182,0.7824073043506226,0.8758943863235604,3,13
yolov8l-seg.pt,MOTS20-02,304,13,1,128,10,1,3,0.9090909090909091,0.7692307692307693,0.8333333333333334,0.7767082946203396,0.8722312835916917,4,15
yolov8l-seg.pt,MOTS20-02,305,13,1,134,11,0,2,1.0,0.8461538461538461,0.9166666666666666,0.7681615907200533,0.8663861040297095,2,13
yolov8l-seg.pt,MOTS20-02,306,13,1,114,11,0,2,1.0,0.8461538461538461,0.9166666666666666,0.7680762115606105,0.8657066323005462,2,13
yolov8l-seg.pt,MOTS20-02,307,14,1,117,11,0,3,1.0,0.7857142857142857,0.88,0.7728452274472347,0.8688640423005655,3,14
yolov8l-seg.pt,MOTS20-02,308,14,1,124,11,0,3,1.0,0.7857142857142857,0.88,0.7618360548194687,0.8611316699120213,4,15
yolov8l-seg.pt,MOTS20-02,309,13,1,129,10,0,3,1.0,0.7692307692307693,0.8695652173913043,0.7763589888226335,0.8701704264572584,4,14
yolov8l-seg.pt,MOTS20-02,310,13,1,130,10,0,3,1.0,0.7692307692307693,0.8695652173913043,0.7853816818247361,0.8758722663797899,5,15
yolov8l-seg.pt,MOTS20-02,311,13,1,137,10,0,3,1.0,0.7692307692307693,0.8695652173913043,0.7852191666326757,0.8751699235122541,6,16
yolov8l-seg.pt,MOTS20-02,312,13,1,123,10,0,3,1.0,0.7692307692307693,0.8695652173913043,0.783856716190748,0.8738986339603854,5,15
yolov8l-seg.pt,MOTS20-02,313,13,1,132,10,0,3,1.0,0.7692307692307693,0.8695652173913043,0.7786950753054567,0.870942948129389,6,16
yolov8l-seg.pt,MOTS20-02,314,13,1,145,10,0,3,1.0,0.7692307692307693,0.8695652173913043,0.7802909335364063,0.8714788458290436,6,16
yolov8l-seg.pt,MOTS20-02,315,13,1,138,11,1,2,0.9166666666666666,0.8461538461538461,0.88,0.7775716808241825,0.8698967756513402,5,17
yolov8l-seg.pt,MOTS20-02,316,13,1,140,11,3,2,0.7857142857142857,0.8461538461538461,0.8148148148148148,0.765477929659971,0.8624489095565295,4,18
yolov8l-seg.pt,MOTS20-02,317,13,1,129,11,1,2,0.9166666666666666,0.8461538461538461,0.88,0.7754070049497283,0.8678645334852874,6,18
yolov8l-seg.pt,MOTS20-02,318,13,1,129,11,1,2,0.9166666666666666,0.8461538461538461,0.88,0.7743295211471325,0.8685395635182754,6,18
yolov8l-seg.pt,MOTS20-02,319,13,1,131,11,1,2,0.9166666666666666,0.8461538461538461,0.88,0.7687046368342145,0.8654482371391512,5,17
yolov8l-seg.pt,MOTS20-02,320,13,1,117,11,0,2,1.0,0.8461538461538461,0.9166666666666666,0.7832957637228869,0.8746907051691687,5,16
yolov8l-seg.pt,MOTS20-02,321,13,1,129,11,0,2,1.0,0.8461538461538461,0.9166666666666666,0.7637641298386408,0.8611410861926064,5,16
yolov8l-seg.pt,MOTS20-02,322,13,1,130,11,0,2,1.0,0.8461538461538461,0.9166666666666666,0.7597526071525146,0.8587019600740764,5,16
yolov8l-seg.pt,MOTS20-02,323,12,1,134,10,0,2,1.0,0.8333333333333334,0.9090909090909091,0.7584442896023147,0.8580343847443475,6,16
yolov8l-seg.pt,MOTS20-02,324,12,1,143,10,2,2,0.8333333333333334,0.8333333333333334,0.8333333333333334,0.7581174033770857,0.8579940292179954,5,17
yolov8l-seg.pt,MOTS20-02,325,12,1,132,10,1,2,0.9090909090909091,0.8333333333333334,0.8695652173913043,0.7546764735191581,0.8564315418378936,4,15
yolov8l-seg.pt,MOTS20-02,326,12,1,154,10,0,2,1.0,0.8333333333333334,0.9090909090909091,0.7492598660341284,0.8520545870565652,4,14
yolov8l-seg.pt,MOTS20-02,327,12,1,151,9,3,3,0.75,0.75,0.75,0.7730119512378116,0.8692700415082777,6,18
yolov8l-seg.pt,MOTS20-02,328,12,1,138,10,1,2,0.9090909090909091,0.8333333333333334,0.8695652173913043,0.7223025709644171,0.8338382542506956,4,15
yolov8l-seg.pt,MOTS20-02,329,12,1,147,9,2,3,0.8181818181818182,0.75,0.782608695652174,0.7381097576605766,0.8449294257751355,5,16
yolov8l-seg.pt,MOTS20-02,330,12,1,131,10,1,2,0.9090909090909091,0.8333333333333334,0.8695652173913043,0.7284348187436998,0.8367591858324814,6,17
yolov8l-seg.pt,MOTS20-02,331,12,1,135,10,2,2,0.8333333333333334,0.8333333333333334,0.8333333333333334,0.7415726622175989,0.8454534191542484,4,16
yolov8l-seg.pt,MOTS20-02,332,12,1,129,9,2,3,0.8181818181818182,0.75,0.782608695652174,0.7787421565209813,0.8715459137231567,6,17
yolov8l-seg.pt,MOTS20-02,333,12,1,147,8,3,4,0.7272727272727273,0.6666666666666666,0.6956521739130435,0.7991197257710942,0.8864535831242897,6,17
yolov8l-seg.pt,MOTS20-02,334,11,1,134,9,2,2,0.8181818181818182,0.8181818181818182,0.8181818181818182,0.7762316265203274,0.8705751909204961,7,18
yolov8l-seg.pt,MOTS20-02,335,12,1,139,10,2,2,0.8333333333333334,0.8333333333333334,0.8333333333333334,0.7529605750228237,0.8560439618754467,7,19
yolov8l-seg.pt,MOTS20-02,336,12,1,142,9,3,3,0.75,0.75,0.75,0.737354585215316,0.8455269475300378,5,17
yolov8l-seg.pt,MOTS20-02,337,11,1,129,8,3,3,0.7272727272727273,0.7272727272727273,0.7272727272727273,0.739304871397706,0.8466367607744523,7,18
yolov8l-seg.pt,MOTS20-02,338,10,1,141,7,3,3,0.7,0.7,0.7,0.7452848674967122,0.8501391495522356,8,18
yolov8l-seg.pt,MOTS20-02,339,9,1,147,7,2,2,0.7777777777777778,0.7777777777777778,0.7777777777777778,0.7698419540446736,0.8665223059315672,7,16
yolov8l-seg.pt,MOTS20-02,340,8,1,148,6,2,2,0.75,0.75,0.75,0.7820292987707145,0.873475313922102,6,14
yolov8l-seg.pt,MOTS20-02,341,8,1,152,6,2,2,0.75,0.75,0.75,0.7539215037334781,0.8545359788401625,6,14
yolov8l-seg.pt,MOTS20-02,342,8,1,161,6,2,2,0.75,0.75,0.75,0.7622032237463218,0.8600788960548714,4,12
yolov8l-seg.pt,MOTS20-02,343,8,1,148,6,2,2,0.75,0.75,0.75,0.7741532233680193,0.8683829788864942,7,15
yolov8l-seg.pt,MOTS20-02,344,8,1,134,7,3,1,0.7,0.875,0.7777777777777778,0.7859883545267018,0.8780830111113164,9,19
yolov8l-seg.pt,MOTS20-02,345,8,1,150,6,2,2,0.75,0.75,0.75,0.7854323587272704,0.8770267124266016,8,16
yolov8l-seg.pt,MOTS20-02,346,8,1,152,7,2,1,0.7777777777777778,0.875,0.8235294117647058,0.7607330340675402,0.8605272812431425,7,16
yolov8l-seg.pt,MOTS20-02,347,8,1,147,6,2,2,0.75,0.75,0.75,0.7679121828971874,0.8663285741723389,7,15
yolov8l-seg.pt,MOTS20-02,348,8,1,135,6,3,2,0.6666666666666666,0.75,0.7058823529411765,0.7337758313815326,0.8405888891848027,7,16
yolov8l-seg.pt,MOTS20-02,349,9,1,136,6,2,3,0.75,0.6666666666666666,0.7058823529411765,0.7631837672712346,0.8629235831124573,8,16
yolov8l-seg.pt,MOTS20-02,350,9,1,150,6,2,3,0.75,0.6666666666666666,0.7058823529411765,0.7718084812000731,0.8697348705235687,7,15
yolov8l-seg.pt,MOTS20-02,351,9,1,161,5,1,4,0.8333333333333334,0.5555555555555556,0.6666666666666666,0.8002480507332349,0.8883716188287771,7,13
yolov8l-seg.pt,MOTS20-02,352,9,1,165,6,1,3,0.8571428571428571,0.6666666666666666,0.75,0.7384574025181573,0.8455651987051908,5,12
yolov8l-seg.pt,MOTS20-02,353,10,1,157,8,1,2,0.8888888888888888,0.8,0.8421052631578947,0.7654625016631924,0.8638695904222733,4,13
yolov8l-seg.pt,MOTS20-02,354,11,1,156,8,1,3,0.8888888888888888,0.7272727272727273,0.8,0.743674534176529,0.8483653896515497,4,13
yolov8l-seg.pt,MOTS20-02,355,9,1,154,7,1,2,0.875,0.7777777777777778,0.8235294117647058,0.7656652647483719,0.8643009237838921,4,12
yolov8l-seg.pt,MOTS20-02,356,9,1,155,7,1,2,0.875,0.7777777777777778,0.8235294117647058,0.7633245219128275,0.8624177277263412,5,13
yolov8l-seg.pt,MOTS20-02,357,9,1,152,7,1,2,0.875,0.7777777777777778,0.8235294117647058,0.7987838737367853,0.8863231366354907,4,12
yolov8l-seg.pt,MOTS20-02,358,10,1,149,7,1,3,0.875,0.7,0.7777777777777778,0.7964897937794831,0.8857344373439474,5,13
yolov8l-seg.pt,MOTS20-02,359,10,1,146,7,2,3,0.7777777777777778,0.7,0.7368421052631579,0.77693727679051,0.8721127094376463,6,15
yolov8l-seg.pt,MOTS20-02,360,10,1,148,7,1,3,0.875,0.7,0.7777777777777778,0.789853141895139,0.879862476397192,5,13
yolov8l-seg.pt,MOTS20-02,361,10,1,153,7,2,3,0.7777777777777778,0.7,0.7368421052631579,0.7776455377777773,0.8718553535740498,4,13
yolov8l-seg.pt,MOTS20-02,362,9,1,148,7,1,2,0.875,0.7777777777777778,0.8235294117647058,0.7982274012754919,0.8864360517352703,4,12
yolov8l-seg.pt,MOTS20-02,363,9,1,137,7,1,2,0.875,0.7777777777777778,0.8235294117647058,0.7949390682367905,0.88481643049089,6,14
yolov8l-seg.pt,MOTS20-02,364,9,1,130,7,1,2,0.875,0.7777777777777778,0.8235294117647058,0.7977000321263427,0.8865497306738914,4,12
yolov8l-seg.pt,MOTS20-02,365,9,1,144,5,1,4,0.8333333333333334,0.5555555555555556,0.6666666666666666,0.8211171487198735,0.9013925161123737,3,9
yolov8l-seg.pt,MOTS20-02,366,9,1,146,6,1,3,0.8571428571428571,0.6666666666666666,0.75,0.8080284865549608,0.8933389335828773,4,11
yolov8l-seg.pt,MOTS20-02,367,8,1,147,6,1,2,0.8571428571428571,0.75,0.8,0.7910412630967438,0.8823371628614017,3,10
yolov8l-seg.pt,MOTS20-02,368,8,1,151,7,1,1,0.875,0.875,0.875,0.7724051876337545,0.8703782796874006,4,12
yolov8l-seg.pt,MOTS20-02,369,8,1,148,6,1,2,0.8571428571428571,0.75,0.8,0.7680832663107898,0.8663847146153124,5,12
yolov8l-seg.pt,MOTS20-02,370,8,1,139,6,2,2,0.75,0.75,0.75,0.7976591922651975,0.8868462682337834,5,13
yolov8l-seg.pt,MOTS20-02,371,7,1,140,6,1,1,0.8571428571428571,0.8571428571428571,0.8571428571428571,0.7857947132752331,0.8789486013626867,6,13
yolov8l-seg.pt,MOTS20-02,372,8,1,147,6,2,2,0.75,0.75,0.75,0.7757193229189455,0.8696167924885186,5,13
yolov8l-seg.pt,MOTS20-02,373,9,1,133,8,1,1,0.8888888888888888,0.8888888888888888,0.8888888888888888,0.7457039339313574,0.8506864032137971,5,14
yolov8l-seg.pt,MOTS20-02,374,9,1,127,8,2,1,0.8,0.8888888888888888,0.8421052631578947,0.7358437710767555,0.844046626118935,7,17
yolov8l-seg.pt,MOTS20-02,375,9,1,126,8,2,1,0.8,0.8888888888888888,0.8421052631578947,0.773495861696349,0.8707408079074366,5,15
yolov8l-seg.pt,MOTS20-02,376,9,1,128,8,1,1,0.8888888888888888,0.8888888888888888,0.8888888888888888,0.7784929500072171,0.8738823297998188,6,15
yolov8l-seg.pt,MOTS20-02,377,9,1,142,8,1,1,0.8888888888888888,0.8888888888888888,0.8888888888888888,0.7609255255993576,0.8604819049839338,5,14
yolov8l-seg.pt,MOTS20-02,378,9,1,143,8,1,1,0.8888888888888888,0.8888888888888888,0.8888888888888888,0.7634465142503193,0.862749377247171,6,15
yolov8l-seg.pt,MOTS20-02,379,9,1,115,8,1,1,0.8888888888888888,0.8888888888888888,0.8888888888888888,0.7597620261962431,0.8597530462666936,6,15
yolov8l-seg.pt,MOTS20-02,380,10,1,147,8,1,2,0.8888888888888888,0.8,0.8421052631578947,0.7439442249021352,0.8482240767450446,4,13
yolov8l-seg.pt,MOTS20-02,381,10,1,140,8,1,2,0.8888888888888888,0.8,0.8421052631578947,0.7316390651321079,0.8408898243737128,4,13
yolov8l-seg.pt,MOTS20-02,382,10,1,140,8,1,2,0.8888888888888888,0.8,0.8421052631578947,0.7485958631626922,0.8519999244472538,5,14
yolov8l-seg.pt,MOTS20-02,383,11,1,130,8,2,3,0.8,0.7272727272727273,0.7619047619047619,0.7640312630086221,0.8617744499490707,4,14
yolov8l-seg.pt,MOTS20-02,384,9,1,128,7,2,2,0.7777777777777778,0.7777777777777778,0.7777777777777778,0.7805918309076113,0.8721440765841626,3,12
yolov8l-seg.pt,MOTS20-02,385,10,1,134,8,1,2,0.8888888888888888,0.8,0.8421052631578947,0.7731263202055665,0.8678486473311525,3,12
yolov8l-seg.pt,MOTS20-02,386,9,1,140,8,1,1,0.8888888888888888,0.8888888888888888,0.8888888888888888,0.7682848404255541,0.8656508906873992,3,12
yolov8l-seg.pt,MOTS20-02,387,8,1,139,7,1,1,0.875,0.875,0.875,0.8107239814685653,0.8949440313342816,4,12
yolov8l-seg.pt,MOTS20-02,388,8,1,145,7,1,1,0.875,0.875,0.875,0.8186726591362535,0.8998968478119106,5,13
yolov8l-seg.pt,MOTS20-02,389,8,1,134,8,1,0,0.8888888888888888,1.0,0.9411764705882353,0.7924136388966089,0.882597321995273,4,13
yolov8l-seg.pt,MOTS20-02,390,8,1,132,8,1,0,0.8888888888888888,1.0,0.9411764705882353,0.7813939134932266,0.8751082947194782,2,11
yolov8l-seg.pt,MOTS20-02,391,8,1,142,8,1,0,0.8888888888888888,1.0,0.9411764705882353,0.7939915115982645,0.8832096736489048,4,13
yolov8l-seg.pt,MOTS20-02,392,8,1,135,8,1,0,0.8888888888888888,1.0,0.9411764705882353,0.7947132468668718,0.8839975695139988,3,12
yolov8l-seg.pt,MOTS20-02,393,8,1,127,8,1,0,0.8888888888888888,1.0,0.9411764705882353,0.7917361794281672,0.8809513306949106,4,13
yolov8l-seg.pt,MOTS20-02,394,8,1,127,8,2,0,0.8,1.0,0.8888888888888888,0.7933548969476029,0.8819323758513832,1,11
yolov8l-seg.pt,MOTS20-02,395,8,1,133,8,2,0,0.8,1.0,0.8888888888888888,0.7925118826141704,0.8808761968722453,2,12
yolov8l-seg.pt,MOTS20-02,396,8,1,127,8,1,0,0.8888888888888888,1.0,0.9411764705882353,0.7738156594422665,0.8697251549455101,2,11
yolov8l-seg.pt,MOTS20-02,397,8,1,115,8,1,0,0.8888888888888888,1.0,0.9411764705882353,0.7893874178662414,0.8803624847872178,3,12
yolov8l-seg.pt,MOTS20-02,398,7,1,118,7,1,0,0.875,1.0,0.9333333333333333,0.7932858301121293,0.882945364700813,3,11
yolov8l-seg.pt,MOTS20-02,399,7,1,119,7,1,0,0.875,1.0,0.9333333333333333,0.7976681240438639,0.8857838994619284,4,12
yolov8l-seg.pt,MOTS20-02,400,7,1,119,7,1,0,0.875,1.0,0.9333333333333333,0.7863527691231413,0.8792436459551632,2,10
yolov8l-seg.pt,MOTS20-02,401,7,1,117,7,1,0,0.875,1.0,0.9333333333333333,0.8089671574959504,0.8937969154259477,2,10
yolov8l-seg.pt,MOTS20-02,402,7,1,119,7,1,0,0.875,1.0,0.9333333333333333,0.7993557314736657,0.8873542722040563,2,10
yolov8l-seg.pt,MOTS20-02,403,8,1,118,7,1,1,0.875,0.875,0.875,0.7867729729717323,0.8790490637158646,2,10
yolov8l-seg.pt,MOTS20-02,404,8,1,114,7,1,1,0.875,0.875,0.875,0.8058162103937594,0.8913798530361589,3,11
yolov8l-seg.pt,MOTS20-02,405,9,1,124,8,1,1,0.8888888888888888,0.8888888888888888,0.8888888888888888,0.789211395939502,0.8805459440424758,2,11
yolov8l-seg.pt,MOTS20-02,406,9,1,130,8,1,1,0.8888888888888888,0.8888888888888888,0.8888888888888888,0.7756426688504907,0.871244270314006,3,12
yolov8l-seg.pt,MOTS20-02,407,9,1,131,8,1,1,0.8888888888888888,0.8888888888888888,0.8888888888888888,0.7852807857444736,0.8782026831399324,2,11
yolov8l-seg.pt,MOTS20-02,408,9,1,127,8,1,1,0.8888888888888888,0.8888888888888888,0.8888888888888888,0.7667208340434901,0.8650923930919154,3,12
yolov8l-seg.pt,MOTS20-02,409,9,1,127,8,1,1,0.8888888888888888,0.8888888888888888,0.8888888888888888,0.7640724601892213,0.8639088032814857,2,11
yolov8l-seg.pt,MOTS20-02,410,9,1,123,9,1,0,0.9,1.0,0.9473684210526315,0.7389299941242011,0.8454685767391772,2,12
yolov8l-seg.pt,MOTS20-02,411,9,1,124,9,1,0,0.9,1.0,0.9473684210526315,0.7413223865180925,0.8444586497041926,2,12
yolov8l-seg.pt,MOTS20-02,412,9,1,124,9,1,0,0.9,1.0,0.9473684210526315,0.7391543872757157,0.8445497430597064,1,11
yolov8l-seg.pt,MOTS20-02,413,9,1,116,8,2,1,0.8,0.8888888888888888,0.8421052631578947,0.7622493073849068,0.8618987917747036,1,11
yolov8l-seg.pt,MOTS20-02,414,9,1,131,8,2,1,0.8,0.8888888888888888,0.8421052631578947,0.7621296437115501,0.8618701303741517,2,12
yolov8l-seg.pt,MOTS20-02,415,10,1,141,8,2,2,0.8,0.8,0.8,0.759708598774639,0.8603473787284864,1,11
yolov8l-seg.pt,MOTS20-02,416,10,1,120,9,3,1,0.75,0.9,0.8181818181818182,0.7425314480822256,0.8488848173915606,3,15
yolov8l-seg.pt,MOTS20-02,417,9,1,115,8,1,1,0.8888888888888888,0.8888888888888888,0.8888888888888888,0.7784542164799779,0.8740436258177322,3,12
yolov8l-seg.pt,MOTS20-02,418,9,1,114,8,1,1,0.8888888888888888,0.8888888888888888,0.8888888888888888,0.7898266146181232,0.8813506391983977,3,12
yolov8l-seg.pt,MOTS20-02,419,9,1,116,8,2,1,0.8,0.8888888888888888,0.8421052631578947,0.7903220366242043,0.8816611536287002,3,13
yolov8l-seg.pt,MOTS20-02,420,9,1,125,8,1,1,0.8888888888888888,0.8888888888888888,0.8888888888888888,0.7488959806951883,0.8548985908740176,2,11
yolov8l-seg.pt,MOTS20-02,421,9,1,124,8,1,1,0.8888888888888888,0.8888888888888888,0.8888888888888888,0.7536302095797653,0.8583720192859985,2,11
yolov8l-seg.pt,MOTS20-02,422,9,1,115,8,2,1,0.8,0.8888888888888888,0.8421052631578947,0.7512849818831876,0.8569462869064575,2,12
yolov8l-seg.pt,MOTS20-02,423,9,1,127,9,1,0,0.9,1.0,0.9473684210526315,0.712705121140672,0.8287699915253042,2,12
yolov8l-seg.pt,MOTS20-02,424,9,1,131,9,2,0,0.8181818181818182,1.0,0.9,0.7130632912480857,0.8296072079341029,1,12
yolov8l-seg.pt,MOTS20-02,425,9,1,137,9,1,0,0.9,1.0,0.9473684210526315,0.7257237751996214,0.8387163303472193,2,12
yolov8l-seg.pt,MOTS20-02,426,10,1,152,9,1,1,0.9,0.9,0.9,0.73601865868156,0.8463178117795449,0,10
yolov8l-seg.pt,MOTS20-02,427,10,1,128,10,1,0,0.9090909090909091,1.0,0.9523809523809523,0.7183305799857201,0.8318255689837702,0,11
yolov8l-seg.pt,MOTS20-02,428,10,1,121,9,1,1,0.9,0.9,0.9,0.7352810314149082,0.8444734137716983,1,11
yolov8l-seg.pt,MOTS20-02,429,10,1,119,10,1,0,0.9090909090909091,1.0,0.9523809523809523,0.771299015076715,0.8696200348537853,2,13
yolov8l-seg.pt,MOTS20-02,430,11,1,107,10,2,1,0.8333333333333334,0.9090909090909091,0.8695652173913043,0.7672391455355025,0.8672849082092707,1,13
yolov8l-seg.pt,MOTS20-02,431,11,1,108,9,1,2,0.9,0.8181818181818182,0.8571428571428571,0.7725390162327835,0.869054325761125,1,11
yolov8l-seg.pt,MOTS20-02,432,11,1,118,9,3,2,0.75,0.8181818181818182,0.782608695652174,0.7865082363878245,0.8788902772651596,0,12
yolov8l-seg.pt,MOTS20-02,433,11,1,120,10,1,1,0.9090909090909091,0.9090909090909091,0.9090909090909091,0.782354155331722,0.8748702589152207,1,12
yolov8l-seg.pt,MOTS20-02,434,11,1,144,10,3,1,0.7692307692307693,0.9090909090909091,0.8333333333333334,0.7886718335490471,0.8790944083395071,1,14
yolov8l-seg.pt,MOTS20-02,435,11,1,143,10,2,1,0.8333333333333334,0.9090909090909091,0.8695652173913043,0.783722446790873,0.873839235979251,2,14
yolov8l-seg.pt,MOTS20-02,436,11,1,144,10,4,1,0.7142857142857143,0.9090909090909091,0.8,0.7762675610497619,0.8691364976132169,3,17
yolov8l-seg.pt,MOTS20-02,437,10,1,134,9,2,1,0.8181818181818182,0.9,0.8571428571428571,0.8011240552711913,0.8869081654301235,3,14
yolov8l-seg.pt,MOTS20-02,438,9,1,122,9,2,0,0.8181818181818182,1.0,0.9,0.7712300930122271,0.8662035705224526,2,13
yolov8l-seg.pt,MOTS20-02,439,9,1,121,7,2,2,0.7777777777777778,0.7777777777777778,0.7777777777777778,0.7950803223111448,0.8844544635797904,3,12
yolov8l-seg.pt,MOTS20-02,440,9,1,123,8,2,1,0.8,0.8888888888888888,0.8421052631578947,0.7776148676639654,0.8721228745501048,2,12
yolov8l-seg.pt,MOTS20-02,441,10,1,137,8,2,2,0.8,0.8,0.8,0.7697252216175096,0.8670392808194218,2,12
yolov8l-seg.pt,MOTS20-02,442,10,1,140,7,2,3,0.7777777777777778,0.7,0.7368421052631579,0.7568963571768023,0.8580593019855509,3,12
yolov8l-seg.pt,MOTS20-02,443,9,1,144,9,2,0,0.8181818181818182,1.0,0.9,0.7707491035234812,0.8685804200100883,3,14
yolov8l-seg.pt,MOTS20-02,444,10,1,122,10,3,0,0.7692307692307693,1.0,0.8695652173913043,0.7488312094032957,0.8527340429722627,2,15
yolov8l-seg.pt,MOTS20-02,445,11,1,120,10,2,1,0.8333333333333334,0.9090909090909091,0.8695652173913043,0.7268080063904232,0.8369757921915847,1,13
yolov8l-seg.pt,MOTS20-02,446,12,1,127,11,2,1,0.8461538461538461,0.9166666666666666,0.88,0.746180806834905,0.8514971092485588,3,16
yolov8l-seg.pt,MOTS20-02,447,12,1,107,11,4,1,0.7333333333333333,0.9166666666666666,0.8148148148148148,0.7296806001670885,0.8402939007092624,1,16
yolov8l-seg.pt,MOTS20-02,448,12,1,125,10,2,2,0.8333333333333334,0.8333333333333334,0.8333333333333334,0.7242588934875784,0.8355185117916077,2,14
yolov8l-seg.pt,MOTS20-02,449,11,1,134,9,1,2,0.9,0.8181818181818182,0.8571428571428571,0.7524686777874716,0.8556040041101294,2,12
yolov8l-seg.pt,MOTS20-02,450,10,1,123,9,2,1,0.8181818181818182,0.9,0.8571428571428571,0.7434337018261127,0.8473885360485569,3,14
yolov8l-seg.pt,MOTS20-02,451,12,1,121,9,1,3,0.9,0.75,0.8181818181818182,0.7552836841425511,0.8561816863529604,4,14
yolov8l-seg.pt,MOTS20-02,452,11,1,119,8,2,3,0.8,0.7272727272727273,0.7619047619047619,0.7682377712852086,0.8646108704000379,4,14
yolov8l-seg.pt,MOTS20-02,453,12,1,131,8,2,4,0.8,0.6666666666666666,0.7272727272727273,0.7340929440869989,0.841218833847578,4,14
yolov8l-seg.pt,MOTS20-02,454,12,1,134,8,2,4,0.8,0.6666666666666666,0.7272727272727273,0.7650845946189375,0.8633347083569815,2,12
yolov8l-seg.pt,MOTS20-02,455,12,1,134,9,2,3,0.8181818181818182,0.75,0.782608695652174,0.7154065256194853,0.8285580014009543,2,13
yolov8l-seg.pt,MOTS20-02,456,13,1,127,8,5,5,0.6153846153846154,0.6153846153846154,0.6153846153846154,0.7854943269366285,0.8764729991934392,5,18
yolov8l-seg.pt,MOTS20-02,457,12,1,143,8,4,4,0.6666666666666666,0.6666666666666666,0.6666666666666666,0.7834291120168553,0.8767317988343303,3,15
yolov8l-seg.pt,MOTS20-02,458,12,1,132,8,5,4,0.6153846153846154,0.6666666666666666,0.64,0.7693870550084029,0.8641202080968249,4,17
yolov8l-seg.pt,MOTS20-02,459,14,1,127,7,4,7,0.6363636363636364,0.5,0.56,0.7818498952130665,0.8744107915634933,4,15
yolov8l-seg.pt,MOTS20-02,460,13,1,127,8,3,5,0.7272727272727273,0.6153846153846154,0.6666666666666666,0.7643379374620193,0.8625078042065281,4,15
yolov8l-seg.pt,MOTS20-02,461,12,1,134,7,1,5,0.875,0.5833333333333334,0.7,0.7354722512515492,0.842319433902203,2,10
yolov8l-seg.pt,MOTS20-02,462,12,1,136,10,1,2,0.9090909090909091,0.8333333333333334,0.8695652173913043,0.7503772939962436,0.851953721309006,2,13
yolov8l-seg.pt,MOTS20-02,463,12,1,133,10,2,2,0.8333333333333334,0.8333333333333334,0.8333333333333334,0.7623796738868995,0.8605690351222588,3,15
yolov8l-seg.pt,MOTS20-02,464,12,1,130,9,1,3,0.9,0.75,0.8181818181818182,0.7848178896019771,0.8771966856193292,2,12
yolov8l-seg.pt,MOTS20-02,465,12,1,138,9,1,3,0.9,0.75,0.8181818181818182,0.7982613215687882,0.8860264106699689,2,12
yolov8l-seg.pt,MOTS20-02,466,12,1,155,9,2,3,0.8181818181818182,0.75,0.782608695652174,0.7952124954297453,0.883900980523984,2,13
yolov8l-seg.pt,MOTS20-02,467,12,1,135,10,1,2,0.9090909090909091,0.8333333333333334,0.8695652173913043,0.7544425963270266,0.8541616773495267,3,14
yolov8l-seg.pt,MOTS20-02,468,12,1,128,8,2,4,0.8,0.6666666666666666,0.7272727272727273,0.7940753351032689,0.8833815291094499,3,13
yolov8l-seg.pt,MOTS20-02,469,12,1,132,9,3,3,0.75,0.75,0.75,0.7755904502747818,0.8700898942497153,3,15
yolov8l-seg.pt,MOTS20-02,470,11,1,128,9,1,2,0.9,0.8181818181818182,0.8571428571428571,0.8064181200843465,0.8908048334992736,3,13
yolov8l-seg.pt,MOTS20-02,471,13,1,128,10,2,3,0.8333333333333334,0.7692307692307693,0.8,0.7886978108708519,0.8792565639273808,2,14
yolov8l-seg.pt,MOTS20-02,472,12,1,141,10,2,2,0.8333333333333334,0.8333333333333334,0.8333333333333334,0.7976899112481499,0.8845786118206342,3,15
yolov8l-seg.pt,MOTS20-02,473,13,1,149,9,2,4,0.8181818181818182,0.6923076923076923,0.75,0.8118965541137753,0.8936379586803633,3,14
yolov8l-seg.pt,MOTS20-02,474,14,1,154,8,1,6,0.8888888888888888,0.5714285714285714,0.6956521739130435,0.8240619172817873,0.9013041008064394,3,12
yolov8l-seg.pt,MOTS20-02,475,14,1,151,9,3,5,0.75,0.6428571428571429,0.6923076923076923,0.8162311796950728,0.8964108848940128,3,15
yolov8l-seg.pt,MOTS20-02,476,14,1,132,9,3,5,0.75,0.6428571428571429,0.6923076923076923,0.809593775584649,0.8926200982779763,3,15
yolov8l-seg.pt,MOTS20-02,477,13,1,142,11,1,2,0.9166666666666666,0.8461538461538461,0.88,0.7754827127485957,0.8692388059514975,4,16
yolov8l-seg.pt,MOTS20-02,478,14,1,135,10,1,4,0.9090909090909091,0.7142857142857143,0.8,0.7639005955249616,0.8620803317769402,3,14
yolov8l-seg.pt,MOTS20-02,479,15,1,125,9,2,6,0.8181818181818182,0.6,0.6923076923076923,0.8052380106443455,0.89126925073364,3,14
yolov8l-seg.pt,MOTS20-02,480,15,1,119,11,1,4,0.9166666666666666,0.7333333333333333,0.8148148148148148,0.7691201757748498,0.866980476555943,5,17
yolov8l-seg.pt,MOTS20-02,481,15,1,121,11,1,4,0.9166666666666666,0.7333333333333333,0.8148148148148148,0.7696284397488296,0.8666706336668941,4,16
yolov8l-seg.pt,MOTS20-02,482,15,1,114,9,1,6,0.9,0.6,0.72,0.7926057598868383,0.881879697552521,4,14
yolov8l-seg.pt,MOTS20-02,483,15,1,143,12,1,3,0.9230769230769231,0.8,0.8571428571428571,0.7749502110434943,0.8705690667758086,7,20
yolov8l-seg.pt,MOTS20-02,484,15,1,135,11,1,4,0.9166666666666666,0.7333333333333333,0.8148148148148148,0.7884701337333099,0.8790968513885147,4,16
yolov8l-seg.pt,MOTS20-02,485,15,1,143,11,0,4,1.0,0.7333333333333333,0.8461538461538461,0.7587393512335006,0.8593164324623146,5,16
yolov8l-seg.pt,MOTS20-02,486,16,1,148,11,0,5,1.0,0.6875,0.8148148148148148,0.7670880498664051,0.864358255306421,5,16
yolov8l-seg.pt,MOTS20-02,487,16,1,130,11,0,5,1.0,0.6875,0.8148148148148148,0.7530542502894566,0.8569469749448438,5,16
yolov8l-seg.pt,MOTS20-02,488,14,1,145,10,1,4,0.9090909090909091,0.7142857142857143,0.8,0.7561899050750982,0.8573207226953128,6,17
yolov8l-seg.pt,MOTS20-02,489,14,1,164,11,2,3,0.8461538461538461,0.7857142857142857,0.8148148148148148,0.7528596250625612,0.8548903056181161,5,18
yolov8l-seg.pt,MOTS20-02,490,15,1,143,11,1,4,0.9166666666666666,0.7333333333333333,0.8148148148148148,0.7617049312937144,0.861882885836868,4,16
yolov8l-seg.pt,MOTS20-02,491,15,1,158,10,0,5,1.0,0.6666666666666666,0.8,0.7709613233126864,0.8671840894996562,6,16
yolov8l-seg.pt,MOTS20-02,492,14,1,141,10,3,4,0.7692307692307693,0.7142857142857143,0.7407407407407407,0.74915282476186,0.8510940979031721,5,18
yolov8l-seg.pt,MOTS20-02,493,16,1,143,10,1,6,0.9090909090909091,0.625,0.7407407407407407,0.7596104225788473,0.8606579385214026,4,15
yolov8l-seg.pt,MOTS20-02,494,15,1,142,8,2,7,0.8,0.5333333333333333,0.64,0.766849718391596,0.8641156026945847,4,14
yolov8l-seg.pt,MOTS20-02,495,14,1,133,8,1,6,0.8888888888888888,0.5714285714285714,0.6956521739130435,0.77883927872445,0.872214036829501,5,14
yolov8l-seg.pt,MOTS20-02,496,14,1,134,8,2,6,0.8,0.5714285714285714,0.6666666666666666,0.7855831791422543,0.8766401423919754,3,13
yolov8l-seg.pt,MOTS20-02,497,13,1,132,8,2,5,0.8,0.6153846153846154,0.6956521739130435,0.7641808402339327,0.8628996124322272,3,13
yolov8l-seg.pt,MOTS20-02,498,13,1,116,9,0,4,1.0,0.6923076923076923,0.8181818181818182,0.7296347551591476,0.8382025428980009,5,14
yolov8l-seg.pt,MOTS20-02,499,13,1,121,9,1,4,0.9,0.6923076923076923,0.782608695652174,0.7457601208004077,0.8513534411543184,4,14
yolov8l-seg.pt,MOTS20-02,500,13,1,126,9,2,4,0.8181818181818182,0.6923076923076923,0.75,0.7364541443521312,0.8425176852940657,4,15
yolov8l-seg.pt,MOTS20-02,501,13,1,130,8,3,5,0.7272727272727273,0.6153846153846154,0.6666666666666666,0.7881998633918634,0.8784374366374881,4,15
yolov8l-seg.pt,MOTS20-02,502,13,1,145,10,2,3,0.8333333333333334,0.7692307692307693,0.8,0.7500709537406636,0.8516546910768312,3,15
yolov8l-seg.pt,MOTS20-02,503,13,1,159,10,2,3,0.8333333333333334,0.7692307692307693,0.8,0.7511286597274437,0.8515170184798212,4,16
yolov8l-seg.pt,MOTS20-02,504,14,1,146,9,2,5,0.8181818181818182,0.6428571428571429,0.72,0.775578313598022,0.8700235293124029,5,16
yolov8l-seg.pt,MOTS20-02,505,14,1,136,10,0,4,1.0,0.7142857142857143,0.8333333333333334,0.7526929848203247,0.8535448864140868,6,16
yolov8l-seg.pt,MOTS20-02,506,14,1,119,10,0,4,1.0,0.7142857142857143,0.8333333333333334,0.7533255398128984,0.855133391142715,6,16
yolov8l-seg.pt,MOTS20-02,507,15,1,120,11,1,4,0.9166666666666666,0.7333333333333333,0.8148148148148148,0.7499640021829841,0.8522160704681352,6,18
yolov8l-seg.pt,MOTS20-02,508,14,1,108,10,2,4,0.8333333333333334,0.7142857142857143,0.7692307692307693,0.7675375641383394,0.8655899110531522,3,15
yolov8l-seg.pt,MOTS20-02,509,14,1,94,10,1,4,0.9090909090909091,0.7142857142857143,0.8,0.7680608889264742,0.8626763813573662,4,15
yolov8l-seg.pt,MOTS20-02,510,14,1,111,9,2,5,0.8181818181818182,0.6428571428571429,0.72,0.7842090962009657,0.8764382552480579,3,14
yolov8l-seg.pt,MOTS20-02,511,14,1,121,9,3,5,0.75,0.6428571428571429,0.6923076923076923,0.7884449629476459,0.8788029207107276,3,15
yolov8l-seg.pt,MOTS20-02,512,14,1,132,9,2,5,0.8181818181818182,0.6428571428571429,0.72,0.7714427334886923,0.8665560666134,3,14
yolov8l-seg.pt,MOTS20-02,513,14,1,132,11,1,3,0.9166666666666666,0.7857142857142857,0.8461538461538461,0.7372514398646547,0.8429304474516595,3,15
yolov8l-seg.pt,MOTS20-02,514,14,1,121,11,2,3,0.8461538461538461,0.7857142857142857,0.8148148148148148,0.7484729006866394,0.8506000515041227,3,16
yolov8l-seg.pt,MOTS20-02,515,14,1,117,11,1,3,0.9166666666666666,0.7857142857142857,0.8461538461538461,0.7465734819242748,0.8501691037108308,3,15
yolov8l-seg.pt,MOTS20-02,516,14,1,112,11,2,3,0.8461538461538461,0.7857142857142857,0.8148148148148148,0.7725814984879954,0.8690142283533682,3,16
yolov8l-seg.pt,MOTS20-02,517,13,1,115,9,1,4,0.9,0.6923076923076923,0.782608695652174,0.7790098523279867,0.8735235017850739,5,15
yolov8l-seg.pt,MOTS20-02,518,13,1,126,9,1,4,0.9,0.6923076923076923,0.782608695652174,0.7829610667930595,0.8759784358680802,5,15
yolov8l-seg.pt,MOTS20-02,519,13,1,130,9,1,4,0.9,0.6923076923076923,0.782608695652174,0.7688372800284048,0.8660753128060101,5,15
yolov8l-seg.pt,MOTS20-02,520,12,1,123,10,0,2,1.0,0.8333333333333334,0.9090909090909091,0.7455051080277969,0.8497227196165091,5,15
yolov8l-seg.pt,MOTS20-02,521,12,1,119,10,0,2,1.0,0.8333333333333334,0.9090909090909091,0.7590913177454429,0.8597182384721446,5,15
yolov8l-seg.pt,MOTS20-02,522,12,1,119,10,0,2,1.0,0.8333333333333334,0.9090909090909091,0.7353123467321357,0.8426001961182583,5,15
yolov8l-seg.pt,MOTS20-02,523,12,1,111,10,0,2,1.0,0.8333333333333334,0.9090909090909091,0.7378978083513459,0.8445009524897754,5,15
yolov8l-seg.pt,MOTS20-02,524,12,1,108,10,0,2,1.0,0.8333333333333334,0.9090909090909091,0.731137648682228,0.8388370876288767,6,16
yolov8l-seg.pt,MOTS20-02,525,12,1,108,10,1,2,0.9090909090909091,0.8333333333333334,0.8695652173913043,0.7434673518286801,0.8468881237364922,5,16
yolov8l-seg.pt,MOTS20-02,526,13,1,119,10,1,3,0.9090909090909091,0.7692307692307693,0.8333333333333334,0.7534710643814154,0.8556514434758717,4,15
yolov8l-seg.pt,MOTS20-02,527,13,1,112,11,1,2,0.9166666666666666,0.8461538461538461,0.88,0.7327424814471054,0.839986456352672,4,16
yolov8l-seg.pt,MOTS20-02,528,13,1,119,12,0,1,1.0,0.9230769230769231,0.96,0.7337908254582537,0.8416045226771875,3,15
yolov8l-seg.pt,MOTS20-02,529,13,1,108,12,0,1,1.0,0.9230769230769231,0.96,0.7297896786464775,0.8392913194434733,4,16
yolov8l-seg.pt,MOTS20-02,530,13,1,112,12,0,1,1.0,0.9230769230769231,0.96,0.7255677428760422,0.8353027014061846,4,16
yolov8l-seg.pt,MOTS20-02,531,13,1,110,11,1,2,0.9166666666666666,0.8461538461538461,0.88,0.7353889981003767,0.8419609400643453,3,15
yolov8l-seg.pt,MOTS20-02,532,14,1,105,13,1,1,0.9285714285714286,0.9285714285714286,0.9285714285714286,0.7233616732175859,0.8346626517532401,2,16
yolov8l-seg.pt,MOTS20-02,533,14,1,105,13,0,1,1.0,0.9285714285714286,0.9629629629629629,0.7185889738477881,0.8306945977806834,2,15
yolov8l-seg.pt,MOTS20-02,534,15,1,110,12,1,3,0.9230769230769231,0.8,0.8571428571428571,0.7373943698055068,0.8442656378958372,1,14
yolov8l-seg.pt,MOTS20-02,535,15,1,99,12,1,3,0.9230769230769231,0.8,0.8571428571428571,0.7350841109290019,0.8426014061620641,2,15
yolov8l-seg.pt,MOTS20-02,536,15,1,85,12,1,3,0.9230769230769231,0.8,0.8571428571428571,0.725537879468955,0.8351896616829678,2,15
yolov8l-seg.pt,MOTS20-02,537,15,1,101,12,0,3,1.0,0.8,0.8888888888888888,0.7389160212634959,0.8444108002823759,2,14
yolov8l-seg.pt,MOTS20-02,538,14,1,97,12,0,2,1.0,0.8571428571428571,0.9230769230769231,0.7344716435193824,0.8419615391946881,2,14
yolov8l-seg.pt,MOTS20-02,539,14,1,106,12,0,2,1.0,0.8571428571428571,0.9230769230769231,0.7194147202523107,0.830937768638297,2,14
yolov8l-seg.pt,MOTS20-02,540,13,1,111,13,0,0,1.0,1.0,1.0,0.7199532033817129,0.8326451520200397,3,16
yolov8l-seg.pt,MOTS20-02,541,13,1,102,13,0,0,1.0,1.0,1.0,0.7050686780777027,0.8224753694847249,1,14
yolov8l-seg.pt,MOTS20-02,542,13,1,95,13,0,0,1.0,1.0,1.0,0.7057033991890813,0.8225621532123685,2,15
yolov8l-seg.pt,MOTS20-02,543,13,1,94,12,0,1,1.0,0.9230769230769231,0.96,0.7242065633810991,0.8365227176462251,1,13
yolov8l-seg.pt,MOTS20-02,544,13,1,96,12,1,1,0.9230769230769231,0.9230769230769231,0.9230769230769231,0.7143745001921867,0.8301438374259615,2,15
yolov8l-seg.pt,MOTS20-02,545,13,1,103,12,0,1,1.0,0.9230769230769231,0.96,0.7241659517749648,0.8371945231641219,1,13
yolov8l-seg.pt,MOTS20-02,546,14,1,105,12,1,2,0.9230769230769231,0.8571428571428571,0.8888888888888888,0.726893063760854,0.8390414327596981,3,16
yolov8l-seg.pt,MOTS20-02,547,14,1,102,13,1,1,0.9285714285714286,0.9285714285714286,0.9285714285714286,0.7169908002599238,0.8326294873299799,1,15
yolov8l-seg.pt,MOTS20-02,548,13,1,100,12,0,1,1.0,0.9230769230769231,0.96,0.722139754353906,0.8350130822361262,2,14
yolov8l-seg.pt,MOTS20-02,549,13,1,99,12,0,1,1.0,0.9230769230769231,0.96,0.7130529143957168,0.8281642513174802,2,14
yolov8l-seg.pt,MOTS20-02,550,13,1,115,12,0,1,1.0,0.9230769230769231,0.96,0.7099186436957016,0.8259770671248249,1,13
yolov8l-seg.pt,MOTS20-02,551,13,1,117,13,0,0,1.0,1.0,1.0,0.7019588653919331,0.8210720531300081,2,15
yolov8l-seg.pt,MOTS20-02,552,14,1,111,11,2,3,0.8461538461538461,0.7857142857142857,0.8148148148148148,0.7076705346660465,0.8250200966590917,2,15
yolov8l-seg.pt,MOTS20-02,553,14,1,116,11,2,3,0.8461538461538461,0.7857142857142857,0.8148148148148148,0.6985297780192989,0.8178466980072848,1,14
yolov8l-seg.pt,MOTS20-02,554,14,1,117,12,2,2,0.8571428571428571,0.8571428571428571,0.8571428571428571,0.703525556957131,0.8218840023416917,1,15
yolov8l-seg.pt,MOTS20-02,555,14,1,109,11,2,3,0.8461538461538461,0.7857142857142857,0.8148148148148148,0.6922251337468662,0.8129207939123798,1,14
yolov8l-seg.pt,MOTS20-02,556,14,1,111,10,4,4,0.7142857142857143,0.7142857142857143,0.7142857142857143,0.7087330968259604,0.8255026597324031,1,15
yolov8l-seg.pt,MOTS20-02,557,13,1,121,9,2,4,0.8181818181818182,0.6923076923076923,0.75,0.7280866226512299,0.8397060984441826,2,13
yolov8l-seg.pt,MOTS20-02,558,13,1,111,10,2,3,0.8333333333333334,0.7692307692307693,0.8,0.7131893901791034,0.8301100431459674,2,14
yolov8l-seg.pt,MOTS20-02,559,13,1,113,12,1,1,0.9230769230769231,0.9230769230769231,0.9230769230769231,0.7117029775353579,0.8287685139072032,2,15
yolov8l-seg.pt,MOTS20-02,560,13,1,115,12,0,1,1.0,0.9230769230769231,0.96,0.699792051853778,0.8199072140604531,2,14
yolov8l-seg.pt,MOTS20-02,561,12,1,111,11,1,1,0.9166666666666666,0.9166666666666666,0.9166666666666666,0.7025820345053322,0.8210794222781181,2,14
yolov8l-seg.pt,MOTS20-02,562,12,1,119,11,1,1,0.9166666666666666,0.9166666666666666,0.9166666666666666,0.716080482461039,0.8315484332282551,2,14
yolov8l-seg.pt,MOTS20-02,563,12,1,109,11,1,1,0.9166666666666666,0.9166666666666666,0.9166666666666666,0.7245478611320428,0.8372835804438242,1,13
yolov8l-seg.pt,MOTS20-02,564,12,1,123,10,2,2,0.8333333333333334,0.8333333333333334,0.8333333333333334,0.7440794113316744,0.851151735494683,2,14
yolov8l-seg.pt,MOTS20-02,565,12,1,121,11,1,1,0.9166666666666666,0.9166666666666666,0.9166666666666666,0.7265484815420424,0.8368955608529126,2,14
yolov8l-seg.pt,MOTS20-02,566,12,1,125,10,2,2,0.8333333333333334,0.8333333333333334,0.8333333333333334,0.7300212931047435,0.841479204203773,1,13
yolov8l-seg.pt,MOTS20-02,567,12,1,128,10,2,2,0.8333333333333334,0.8333333333333334,0.8333333333333334,0.7286588421122489,0.8397414657632043,2,14
yolov8l-seg.pt,MOTS20-02,568,14,1,138,11,1,3,0.9166666666666666,0.7857142857142857,0.8461538461538461,0.7221935065437619,0.8358720459541896,2,14
yolov8l-seg.pt,MOTS20-02,569,14,1,115,11,2,3,0.8461538461538461,0.7857142857142857,0.8148148148148148,0.7121840572702669,0.8295101099246672,2,15
yolov8l-seg.pt,MOTS20-02,570,14,1,110,13,0,1,1.0,0.9285714285714286,0.9629629629629629,0.6991230391025687,0.8186898399830707,2,15
yolov8l-seg.pt,MOTS20-02,571,13,1,112,11,1,2,0.9166666666666666,0.8461538461538461,0.88,0.7251842574695538,0.8383331053003761,4,16
yolov8l-seg.pt,MOTS20-02,572,13,1,125,11,1,2,0.9166666666666666,0.8461538461538461,0.88,0.7266507988242646,0.8387236757556772,2,14
yolov8l-seg.pt,MOTS20-02,573,13,1,117,12,0,1,1.0,0.9230769230769231,0.96,0.7068340115958326,0.8245197905772885,1,13
yolov8l-seg.pt,MOTS20-02,574,12,1,119,11,0,1,1.0,0.9166666666666666,0.9565217391304348,0.691679195483755,0.8140937825064536,3,14
yolov8l-seg.pt,MOTS20-02,575,11,1,118,10,0,1,1.0,0.9090909090909091,0.9523809523809523,0.7178265633854998,0.8323709922269622,5,15
yolov8l-seg.pt,MOTS20-02,576,11,1,124,11,0,0,1.0,1.0,1.0,0.7149805544667583,0.8307622398674799,6,17
yolov8l-seg.pt,MOTS20-02,577,11,1,121,11,0,0,1.0,1.0,1.0,0.7032815682093685,0.8229961971531888,5,16
yolov8l-seg.pt,MOTS20-02,578,11,1,124,11,1,0,0.9166666666666666,1.0,0.9565217391304348,0.7131362810180624,0.8297282235917861,3,15
yolov8l-seg.pt,MOTS20-02,579,11,1,128,11,1,0,0.9166666666666666,1.0,0.9565217391304348,0.7017374743491935,0.8211115543524976,4,16
yolov8l-seg.pt,MOTS20-02,580,11,1,132,11,1,0,0.9166666666666666,1.0,0.9565217391304348,0.7013900861450342,0.8211792005079214,5,17
yolov8l-seg.pt,MOTS20-02,581,11,1,132,11,1,0,0.9166666666666666,1.0,0.9565217391304348,0.6997250762134967,0.8193174221800258,3,15
yolov8l-seg.pt,MOTS20-02,582,11,1,113,11,1,0,0.9166666666666666,1.0,0.9565217391304348,0.7111493205681276,0.8273901146504379,2,14
yolov8l-seg.pt,MOTS20-02,583,11,1,122,11,1,0,0.9166666666666666,1.0,0.9565217391304348,0.7004382888285351,0.8194439481182023,3,15
yolov8l-seg.pt,MOTS20-02,584,11,1,110,11,1,0,0.9166666666666666,1.0,0.9565217391304348,0.6984274445480609,0.8188238995608489,4,16
yolov8l-seg.pt,MOTS20-02,585,11,1,106,11,1,0,0.9166666666666666,1.0,0.9565217391304348,0.68349291117583,0.8087382594837191,2,14
yolov8l-seg.pt,MOTS20-02,586,11,1,111,11,1,0,0.9166666666666666,1.0,0.9565217391304348,0.6878717604143572,0.8115256387312099,4,16
yolov8l-seg.pt,MOTS20-02,587,10,1,107,10,0,0,1.0,1.0,1.0,0.6853391682672771,0.8115714821026279,5,15
yolov8l-seg.pt,MOTS20-02,588,10,1,109,10,1,0,0.9090909090909091,1.0,0.9523809523809523,0.6974139943889837,0.819602811395739,5,16
yolov8l-seg.pt,MOTS20-02,589,10,1,118,10,0,0,1.0,1.0,1.0,0.6901210511097784,0.8149709913678438,5,15
yolov8l-seg.pt,MOTS20-02,590,10,1,117,10,0,0,1.0,1.0,1.0,0.6862049706702417,0.8123847061372459,6,16
yolov8l-seg.pt,MOTS20-02,591,10,1,126,10,0,0,1.0,1.0,1.0,0.688683236099324,0.8137239146939625,5,15
yolov8l-seg.pt,MOTS20-02,592,10,1,120,10,1,0,0.9090909090909091,1.0,0.9523809523809523,0.6768547957329076,0.8052554998184769,4,15
yolov8l-seg.pt,MOTS20-02,593,10,1,124,10,1,0,0.9090909090909091,1.0,0.9523809523809523,0.6559978228930349,0.7903430747204023,5,16
yolov8l-seg.pt,MOTS20-02,594,10,1,129,10,1,0,0.9090909090909091,1.0,0.9523809523809523,0.6593803744195648,0.7925744672297604,4,15
yolov8l-seg.pt,MOTS20-02,595,10,1,133,10,1,0,0.9090909090909091,1.0,0.9523809523809523,0.6729721255713332,0.8023472583988751,4,15
yolov8l-seg.pt,MOTS20-02,596,10,1,132,10,1,0,0.9090909090909091,1.0,0.9523809523809523,0.6733813482996378,0.8026537757694736,4,15
yolov8l-seg.pt,MOTS20-02,597,10,1,128,10,1,0,0.9090909090909091,1.0,0.9523809523809523,0.6526638338579482,0.7876521482651375,6,17
yolov8l-seg.pt,MOTS20-02,598,10,1,124,10,2,0,0.8333333333333334,1.0,0.9090909090909091,0.6622613465931113,0.7947635679462083,4,16
yolov8l-seg.pt,MOTS20-02,599,10,1,121,10,1,0,0.9090909090909091,1.0,0.9523809523809523,0.6584668704441229,0.7915716798227378,3,14
yolov8l-seg.pt,MOTS20-02,600,10,1,124,10,1,0,0.9090909090909091,1.0,0.9523809523809523,0.6698392583612526,0.80030852686209,5,16
yolov8l-seg.pt,MOTS20-05,1,5,1,22,2,0,3,1.0,0.4,0.5714285714285714,0.8824495124872124,0.9371015031940398,0,2
yolov8l-seg.pt,MOTS20-05,2,6,1,47,4,1,2,0.8,0.6666666666666666,0.7272727272727273,0.7585987049323732,0.8560446924232095,0,5
yolov8l-seg.pt,MOTS20-05,3,7,1,39,4,3,3,0.5714285714285714,0.5714285714285714,0.5714285714285714,0.7445059711171341,0.8447369160532702,2,9
yolov8l-seg.pt,MOTS20-05,4,8,1,60,6,1,2,0.8571428571428571,0.75,0.8,0.756500998908244,0.855047885118624,0,7
yolov8l-seg.pt,MOTS20-05,5,8,1,80,6,0,2,1.0,0.75,0.8571428571428571,0.7773635938841522,0.869185729570399,1,7
yolov8l-seg.pt,MOTS20-05,6,9,1,86,6,0,3,1.0,0.6666666666666666,0.8,0.7413212256089429,0.8453925476548676,1,7
yolov8l-seg.pt,MOTS20-05,7,8,1,81,6,0,2,1.0,0.75,0.8571428571428571,0.7916591446512347,0.8807090756863921,1,7
yolov8l-seg.pt,MOTS20-05,8,9,1,73,6,0,3,1.0,0.6666666666666666,0.8,0.7953174295573295,0.8828109685996909,1,7
yolov8l-seg.pt,MOTS20-05,9,9,1,89,6,1,3,0.8571428571428571,0.6666666666666666,0.75,0.8068579324482581,0.8919463812919518,1,8
yolov8l-seg.pt,MOTS20-05,10,11,1,116,7,0,4,1.0,0.6363636363636364,0.7777777777777778,0.7572941991849528,0.8569897390210716,1,8
yolov8l-seg.pt,MOTS20-05,11,11,1,108,8,2,3,0.8,0.7272727272727273,0.7619047619047619,0.7445874816084452,0.850505288099951,1,11
yolov8l-seg.pt,MOTS20-05,12,11,1,100,7,2,4,0.7777777777777778,0.6363636363636364,0.7,0.7697310965871177,0.8671387912047016,1,10
yolov8l-seg.pt,MOTS20-05,13,11,1,84,8,2,3,0.8,0.7272727272727273,0.7619047619047619,0.7527756892057655,0.8536476101437243,1,11
yolov8l-seg.pt,MOTS20-05,14,11,1,102,7,1,4,0.875,0.6363636363636364,0.7368421052631579,0.7463033536373237,0.8501068374357258,1,9
yolov8l-seg.pt,MOTS20-05,15,10,1,101,7,0,3,1.0,0.7,0.8235294117647058,0.7163017519805744,0.8271717653770368,1,8
yolov8l-seg.pt,MOTS20-05,16,9,1,113,6,2,3,0.75,0.6666666666666666,0.7058823529411765,0.7751102530562152,0.8664282827405039,1,9
yolov8l-seg.pt,MOTS20-05,17,10,1,94,6,1,4,0.8571428571428571,0.6,0.7058823529411765,0.728665320297531,0.8347352043892777,1,8
yolov8l-seg.pt,MOTS20-05,18,10,1,123,6,1,4,0.8571428571428571,0.6,0.7058823529411765,0.7800368735675502,0.8718497126867293,1,8
yolov8l-seg.pt,MOTS20-05,19,10,1,100,7,1,3,0.875,0.7,0.7777777777777778,0.7858101331549214,0.8780117985005443,1,9
yolov8l-seg.pt,MOTS20-05,20,9,1,102,6,1,3,0.8571428571428571,0.6666666666666666,0.75,0.7798413021324082,0.8707163669883605,1,8
yolov8l-seg.pt,MOTS20-05,21,9,1,85,3,1,6,0.75,0.3333333333333333,0.46153846153846156,0.8320729032842221,0.9045197145193343,1,5
yolov8l-seg.pt,MOTS20-05,22,7,1,63,4,2,3,0.6666666666666666,0.5714285714285714,0.6153846153846154,0.790803650939365,0.8763740598063658,1,7
yolov8l-seg.pt,MOTS20-05,23,6,1,58,3,1,3,0.75,0.5,0.6,0.8686057424776729,0.9283325684034032,1,5
yolov8l-seg.pt,MOTS20-05,24,6,1,53,5,1,1,0.8333333333333334,0.8333333333333334,0.8333333333333334,0.7412485514519409,0.8429709879777179,1,7
yolov8l-seg.pt,MOTS20-05,25,5,1,42,4,1,1,0.8,0.8,0.8,0.7563807143957862,0.8512780010660785,1,6
yolov8l-seg.pt,MOTS20-05,26,5,1,49,3,1,2,0.75,0.6,0.6666666666666666,0.8540622245399105,0.9177877525208955,1,5
yolov8l-seg.pt,MOTS20-05,27,5,1,36,3,1,2,0.75,0.6,0.6666666666666666,0.8490021086375273,0.9140620739699821,1,5
yolov8l-seg.pt,MOTS20-05,28,3,1,34,3,1,0,0.75,1.0,0.8571428571428571,0.8445352672254373,0.9115037815984874,1,5
yolov8l-seg.pt,MOTS20-05,29,5,1,24,3,1,2,0.75,0.6,0.6666666666666666,0.8643488937123119,0.9240392541966641,1,5
yolov8l-seg.pt,MOTS20-05,30,7,1,50,4,1,3,0.8,0.5714285714285714,0.6666666666666666,0.8479406030802629,0.915219212755697,1,6
yolov8l-seg.pt,MOTS20-05,31,8,1,56,6,1,2,0.8571428571428571,0.75,0.8,0.8296087511947735,0.9050083282918209,1,8
yolov8l-seg.pt,MOTS20-05,32,8,1,57,6,1,2,0.8571428571428571,0.75,0.8,0.7885054600406298,0.8753297150938663,2,9
yolov8l-seg.pt,MOTS20-05,33,8,1,75,7,1,1,0.875,0.875,0.875,0.7984256885576251,0.8831957960248891,1,9
yolov8l-seg.pt,MOTS20-05,34,8,1,59,7,1,1,0.875,0.875,0.875,0.779979387948685,0.8708544235452479,1,9
yolov8l-seg.pt,MOTS20-05,35,9,1,57,7,2,2,0.7777777777777778,0.7777777777777778,0.7777777777777778,0.8042059282950988,0.8856940101093558,1,10
yolov8l-seg.pt,MOTS20-05,36,10,1,68,7,2,3,0.7777777777777778,0.7,0.7368421052631579,0.7844224224768243,0.8747987721051419,1,10
yolov8l-seg.pt,MOTS20-05,37,10,1,73,7,2,3,0.7777777777777778,0.7,0.7368421052631579,0.7941835103467262,0.8803635347930416,1,10
yolov8l-seg.pt,MOTS20-05,38,10,1,67,8,1,2,0.8888888888888888,0.8,0.8421052631578947,0.778469474705072,0.8712167825436629,1,10
yolov8l-seg.pt,MOTS20-05,39,10,1,69,7,1,3,0.875,0.7,0.7777777777777778,0.7702795063759772,0.8637464357288319,1,9
yolov8l-seg.pt,MOTS20-05,40,10,1,68,7,2,3,0.7777777777777778,0.7,0.7368421052631579,0.7674368745867993,0.8629134010467775,2,11
yolov8l-seg.pt,MOTS20-05,41,10,1,69,7,1,3,0.875,0.7,0.7777777777777778,0.7337490709013855,0.8372497446306584,1,9
yolov8l-seg.pt,MOTS20-05,42,10,1,72,5,2,5,0.7142857142857143,0.5,0.5882352941176471,0.8703698025648154,0.9296233564966144,2,9
yolov8l-seg.pt,MOTS20-05,43,9,1,82,4,2,5,0.6666666666666666,0.4444444444444444,0.5333333333333333,0.8144043131343637,0.8922070004304309,2,8
yolov8l-seg.pt,MOTS20-05,44,9,1,64,3,2,6,0.6,0.3333333333333333,0.42857142857142855,0.878619473191064,0.9331959474084915,2,7
yolov8l-seg.pt,MOTS20-05,45,7,1,52,3,2,4,0.6,0.42857142857142855,0.5,0.8719320929050021,0.9293287063936587,2,7
yolov8l-seg.pt,MOTS20-05,46,5,1,51,3,2,2,0.6,0.6,0.6,0.9116402061316015,0.9536151806292811,2,7
yolov8l-seg.pt,MOTS20-05,47,5,1,45,3,2,2,0.6,0.6,0.6,0.9185254237368753,0.9573176954345293,2,7
yolov8l-seg.pt,MOTS20-05,48,6,1,44,3,1,3,0.75,0.5,0.6,0.9182246857499085,0.9570761986485126,3,7
yolov8l-seg.pt,MOTS20-05,49,7,1,47,4,0,3,1.0,0.5714285714285714,0.7272727272727273,0.8654665703061972,0.9244154331662133,2,6
yolov8l-seg.pt,MOTS20-05,50,7,1,61,4,1,3,0.8,0.5714285714285714,0.6666666666666666,0.882185707133744,0.9362921576314003,3,8
yolov8l-seg.pt,MOTS20-05,51,8,1,41,3,0,5,1.0,0.375,0.5454545454545454,0.9227157441986974,0.9596554114470424,1,4
yolov8l-seg.pt,MOTS20-05,52,6,1,44,4,0,2,1.0,0.6666666666666666,0.8,0.8892336489827954,0.9401013573438333,1,5
yolov8l-seg.pt,MOTS20-05,53,4,1,38,3,0,1,1.0,0.75,0.8571428571428571,0.9150815961776863,0.9554349089397474,1,4
yolov8l-seg.pt,MOTS20-05,54,4,1,40,3,0,1,1.0,0.75,0.8571428571428571,0.9138107634244639,0.9546383975511681,1,4
yolov8l-seg.pt,MOTS20-05,55,4,1,50,3,0,1,1.0,0.75,0.8571428571428571,0.92742731606204,0.9622456387556774,1,4
yolov8l-seg.pt,MOTS20-05,56,5,1,28,3,0,2,1.0,0.6,0.75,0.9257196415199379,0.9612502693347732,1,4
yolov8l-seg.pt,MOTS20-05,57,3,1,22,3,0,0,1.0,1.0,1.0,0.9259424412927134,0.9614102835020565,1,4
yolov8l-seg.pt,MOTS20-05,58,3,1,24,3,0,0,1.0,1.0,1.0,0.9293040700743825,0.9632739285837251,1,4
yolov8l-seg.pt,MOTS20-05,59,3,1,30,3,0,0,1.0,1.0,1.0,0.9205407452190145,0.9582391426290832,1,4
yolov8l-seg.pt,MOTS20-05,60,3,1,21,3,0,0,1.0,1.0,1.0,0.9299907942374227,0.9636400369614115,1,4
yolov8l-seg.pt,MOTS20-05,61,3,1,19,3,0,0,1.0,1.0,1.0,0.9331342475596313,0.9652588621542492,1,4
yolov8l-seg.pt,MOTS20-05,62,4,1,33,3,0,1,1.0,0.75,0.8571428571428571,0.9308275013815788,0.964096889891085,1,4
yolov8l-seg.pt,MOTS20-05,63,4,1,44,3,1,1,0.75,0.75,0.75,0.9317842741067438,0.9646199102137558,2,6
yolov8l-seg.pt,MOTS20-05,64,5,1,48,4,0,1,1.0,0.8,0.8888888888888888,0.8504368774402651,0.9125307983937005,2,6
yolov8l-seg.pt,MOTS20-05,65,5,1,44,4,0,1,1.0,0.8,0.8888888888888888,0.8656361551708912,0.9248255088759935,3,7
yolov8l-seg.pt,MOTS20-05,66,6,1,48,5,1,1,0.8333333333333334,0.8333333333333334,0.8333333333333334,0.8212312355863084,0.8925318479621177,1,7
yolov8l-seg.pt,MOTS20-05,67,6,1,51,4,2,2,0.6666666666666666,0.6666666666666666,0.6666666666666666,0.8674679578862606,0.9246639907347824,2,8
yolov8l-seg.pt,MOTS20-05,68,6,1,54,5,0,1,1.0,0.8333333333333334,0.9090909090909091,0.8250234653185234,0.8969193763882318,2,7
yolov8l-seg.pt,MOTS20-05,69,8,1,59,7,1,1,0.875,0.875,0.875,0.7957654370218693,0.8798755159008401,1,9
yolov8l-seg.pt,MOTS20-05,70,8,1,71,8,0,0,1.0,1.0,1.0,0.8092213345368597,0.8910104805050763,2,10
yolov8l-seg.pt,MOTS20-05,71,8,1,61,7,0,1,1.0,0.875,0.9333333333333333,0.8274321766283003,0.902476124049071,1,8
yolov8l-seg.pt,MOTS20-05,72,8,1,70,8,0,0,1.0,1.0,1.0,0.7958858167566738,0.8804561795911722,1,9
yolov8l-seg.pt,MOTS20-05,73,8,1,74,7,0,1,1.0,0.875,0.9333333333333333,0.7914815673932886,0.8760565219651907,1,8
yolov8l-seg.pt,MOTS20-05,74,8,1,65,7,0,1,1.0,0.875,0.9333333333333333,0.7879022125954683,0.8744055401394816,3,10
yolov8l-seg.pt,MOTS20-05,75,8,1,77,5,1,3,0.8333333333333334,0.625,0.7142857142857143,0.8339332136798969,0.9038831528965463,1,7
yolov8l-seg.pt,MOTS20-05,76,8,1,51,5,0,3,1.0,0.625,0.7692307692307693,0.8102109638007404,0.8860663897696259,1,6
yolov8l-seg.pt,MOTS20-05,77,6,1,50,3,1,3,0.75,0.5,0.6,0.9305262782210478,0.9639361738191855,2,6
yolov8l-seg.pt,MOTS20-05,78,5,1,63,3,1,2,0.75,0.6,0.6666666666666666,0.9291003569262198,0.9631291526052769,1,5
yolov8l-seg.pt,MOTS20-05,79,5,1,48,3,1,2,0.75,0.6,0.6666666666666666,0.9324430679956593,0.9649087424719395,1,5
yolov8l-seg.pt,MOTS20-05,80,5,1,40,4,0,1,1.0,0.8,0.8888888888888888,0.8696478945352565,0.9263146141524818,1,5
yolov8l-seg.pt,MOTS20-05,81,5,1,42,4,0,1,1.0,0.8,0.8888888888888888,0.8836231269653594,0.936007544084158,1,5
yolov8l-seg.pt,MOTS20-05,82,5,1,32,3,0,2,1.0,0.6,0.75,0.9255249035557567,0.9611235669700221,1,4
yolov8l-seg.pt,MOTS20-05,83,3,1,32,3,0,0,1.0,1.0,1.0,0.9302235368635422,0.9637527500711013,2,5
yolov8l-seg.pt,MOTS20-05,84,3,1,24,3,0,0,1.0,1.0,1.0,0.9258338024753853,0.9613734861362401,2,5
yolov8l-seg.pt,MOTS20-05,85,4,1,29,4,0,0,1.0,1.0,1.0,0.8945544774991054,0.943455702361921,0,4
yolov8l-seg.pt,MOTS20-05,86,7,1,48,6,1,1,0.8571428571428571,0.8571428571428571,0.8571428571428571,0.8230861405171791,0.8978156197079867,1,8
yolov8l-seg.pt,MOTS20-05,87,7,1,66,6,1,1,0.8571428571428571,0.8571428571428571,0.8571428571428571,0.828615289372299,0.9016446558000636,0,7
yolov8l-seg.pt,MOTS20-05,88,7,1,55,7,0,0,1.0,1.0,1.0,0.8263912903598242,0.9019114192183499,2,9
yolov8l-seg.pt,MOTS20-05,89,7,1,53,6,1,1,0.8571428571428571,0.8571428571428571,0.8571428571428571,0.8144687615596249,0.8929344587331455,2,9
yolov8l-seg.pt,MOTS20-05,90,6,1,57,6,2,0,0.75,1.0,0.8571428571428571,0.7918663077708773,0.8744712178374315,2,10
yolov8l-seg.pt,MOTS20-05,91,8,1,77,7,0,1,1.0,0.875,0.9333333333333333,0.7865108114875988,0.8725250427571992,3,10
yolov8l-seg.pt,MOTS20-05,92,8,1,55,7,0,1,1.0,0.875,0.9333333333333333,0.8017184981978162,0.8823980629330983,3,10
yolov8l-seg.pt,MOTS20-05,93,9,1,70,7,0,2,1.0,0.7777777777777778,0.875,0.8167846651828976,0.8956838879236243,3,10
yolov8l-seg.pt,MOTS20-05,94,7,1,95,6,1,1,0.8571428571428571,0.8571428571428571,0.8571428571428571,0.8254256995244861,0.8997637982997437,3,10
yolov8l-seg.pt,MOTS20-05,95,9,1,92,6,1,3,0.8571428571428571,0.6666666666666666,0.75,0.8397623761074428,0.9094530134903872,1,8
yolov8l-seg.pt,MOTS20-05,96,10,1,85,9,2,1,0.8181818181818182,0.9,0.8571428571428571,0.7953522494725515,0.8800592212043223,1,12
yolov8l-seg.pt,MOTS20-05,97,9,1,78,8,1,1,0.8888888888888888,0.8888888888888888,0.8888888888888888,0.8150312280906828,0.8941288730733733,1,10
yolov8l-seg.pt,MOTS20-05,98,9,1,84,8,0,1,1.0,0.8888888888888888,0.9411764705882353,0.8046262234941097,0.8872210091202011,1,9
yolov8l-seg.pt,MOTS20-05,99,9,1,82,8,1,1,0.8888888888888888,0.8888888888888888,0.8888888888888888,0.7958701833239672,0.8804351916747151,1,10
yolov8l-seg.pt,MOTS20-05,100,9,1,80,8,1,1,0.8888888888888888,0.8888888888888888,0.8888888888888888,0.768849100273421,0.8610244985729945,1,10
yolov8l-seg.pt,MOTS20-05,101,9,1,89,7,1,2,0.875,0.7777777777777778,0.8235294117647058,0.7732795793468906,0.8644647549621516,1,9
yolov8l-seg.pt,MOTS20-05,102,9,1,75,6,1,3,0.8571428571428571,0.6666666666666666,0.75,0.7939244349881879,0.8756897885875707,1,8
yolov8l-seg.pt,MOTS20-05,103,9,1,76,6,2,3,0.75,0.6666666666666666,0.7058823529411765,0.7936833796559425,0.8751760254295674,1,9
yolov8l-seg.pt,MOTS20-05,104,9,1,83,7,1,2,0.875,0.7777777777777778,0.8235294117647058,0.7976208869634177,0.8810524186377932,1,9
yolov8l-seg.pt,MOTS20-05,105,9,1,70,7,1,2,0.875,0.7777777777777778,0.8235294117647058,0.8026726843723505,0.8827064703569587,1,9
yolov8l-seg.pt,MOTS20-05,106,9,1,78,7,1,2,0.875,0.7777777777777778,0.8235294117647058,0.8053088062418043,0.8869897267926966,1,9
yolov8l-seg.pt,MOTS20-05,107,9,1,67,8,0,1,1.0,0.8888888888888888,0.9411764705882353,0.7877428950814791,0.8749000349348397,2,10
yolov8l-seg.pt,MOTS20-05,108,9,1,71,8,1,1,0.8888888888888888,0.8888888888888888,0.8888888888888888,0.7684207555435477,0.861926548966908,1,10
yolov8l-seg.pt,MOTS20-05,109,9,1,74,7,1,2,0.875,0.7777777777777778,0.8235294117647058,0.8163194251487929,0.8949301138154763,0,8
yolov8l-seg.pt,MOTS20-05,110,9,1,56,5,0,4,1.0,0.5555555555555556,0.7142857142857143,0.8679279895696241,0.9269343491453299,0,5
yolov8l-seg.pt,MOTS20-05,111,7,1,62,5,1,2,0.8333333333333334,0.7142857142857143,0.7692307692307693,0.8379115994508229,0.9066165414527451,1,7
yolov8l-seg.pt,MOTS20-05,112,6,1,57,5,1,1,0.8333333333333334,0.8333333333333334,0.8333333333333334,0.8273453178967787,0.8999899016380875,2,8
yolov8l-seg.pt,MOTS20-05,113,6,1,34,4,0,2,1.0,0.6666666666666666,0.8,0.9128186257048836,0.953776302442334,0,4
yolov8l-seg.pt,MOTS20-05,114,6,1,42,3,0,3,1.0,0.5,0.6666666666666666,0.934660080022998,0.9661530882132688,0,3
yolov8l-seg.pt,MOTS20-05,115,3,1,21,3,0,0,1.0,1.0,1.0,0.9349330095903307,0.9663065763780653,0,3
yolov8l-seg.pt,MOTS20-05,116,3,1,28,3,0,0,1.0,1.0,1.0,0.93937089734079,0.9686620219693403,0,3
yolov8l-seg.pt,MOTS20-05,117,3,1,21,3,1,0,0.75,1.0,0.8571428571428571,0.9370046728995914,0.967372234415569,1,5
yolov8l-seg.pt,MOTS20-05,118,4,1,45,4,3,0,0.5714285714285714,1.0,0.7272727272727273,0.9036596210946162,0.948519331214467,2,9
yolov8l-seg.pt,MOTS20-05,119,6,1,59,6,2,0,0.75,1.0,0.8571428571428571,0.8302649899519664,0.9029073053873562,2,10
yolov8l-seg.pt,MOTS20-05,120,6,1,62,6,1,0,0.8571428571428571,1.0,0.9230769230769231,0.819572297004358,0.8960121499322864,2,9
yolov8l-seg.pt,MOTS20-05,121,6,1,54,6,0,0,1.0,1.0,1.0,0.8289284653672891,0.9025591574178501,2,8
yolov8l-seg.pt,MOTS20-05,122,6,1,52,5,0,1,1.0,0.8333333333333334,0.9090909090909091,0.8652239201914188,0.9241936700791357,3,8
yolov8l-seg.pt,MOTS20-05,123,9,1,65,6,1,3,0.8571428571428571,0.6666666666666666,0.75,0.849831353128928,0.9156826871641996,3,10
yolov8l-seg.pt,MOTS20-05,124,9,1,71,6,1,3,0.8571428571428571,0.6666666666666666,0.75,0.7994935637564571,0.8801968717420646,2,9
yolov8l-seg.pt,MOTS20-05,125,9,1,80,7,2,2,0.7777777777777778,0.7777777777777778,0.7777777777777778,0.8216599684881626,0.8997665719012337,2,11
yolov8l-seg.pt,MOTS20-05,126,9,1,72,7,3,2,0.7,0.7777777777777778,0.7368421052631579,0.8136784319438881,0.8942360954340859,3,13
yolov8l-seg.pt,MOTS20-05,127,9,1,76,7,2,2,0.7777777777777778,0.7777777777777778,0.7777777777777778,0.8262182440371699,0.9024892526090051,3,12
yolov8l-seg.pt,MOTS20-05,128,9,1,67,6,2,3,0.75,0.6666666666666666,0.7058823529411765,0.8272900396532257,0.9022601121745133,3,11
yolov8l-seg.pt,MOTS20-05,129,10,1,66,7,1,3,0.875,0.7,0.7777777777777778,0.7510947784756362,0.8468799187578135,2,10
yolov8l-seg.pt,MOTS20-05,130,10,1,67,7,2,3,0.7777777777777778,0.7,0.7368421052631579,0.7769355524457916,0.8681121343331252,2,11
yolov8l-seg.pt,MOTS20-05,131,10,1,72,7,1,3,0.875,0.7,0.7777777777777778,0.7864226918060069,0.8738223003678176,3,11
yolov8l-seg.pt,MOTS20-05,132,10,1,75,5,3,5,0.625,0.5,0.5555555555555556,0.8445050153366213,0.9126852718408586,2,10
yolov8l-seg.pt,MOTS20-05,133,10,1,68,6,3,4,0.6666666666666666,0.6,0.631578947368421,0.7881862258587996,0.8729290247918878,2,11
yolov8l-seg.pt,MOTS20-05,134,10,1,70,6,2,4,0.75,0.6,0.6666666666666666,0.8101037538719912,0.8874252990449903,1,9
yolov8l-seg.pt,MOTS20-05,135,10,1,66,7,0,3,1.0,0.7,0.8235294117647058,0.7557972705693708,0.850859419949171,3,10
yolov8l-seg.pt,MOTS20-05,136,10,1,76,6,1,4,0.8571428571428571,0.6,0.7058823529411765,0.7497106049532766,0.8439954880194221,3,10
yolov8l-seg.pt,MOTS20-05,137,10,1,74,6,3,4,0.6666666666666666,0.6,0.631578947368421,0.8155317404805732,0.8936019672264303,1,10
yolov8l-seg.pt,MOTS20-05,138,9,1,70,7,0,2,1.0,0.7777777777777778,0.875,0.786250062020707,0.8729357382286541,2,9
yolov8l-seg.pt,MOTS20-05,139,9,1,69,6,3,3,0.6666666666666666,0.6666666666666666,0.6666666666666666,0.7828302715098481,0.8691794324790965,3,12
yolov8l-seg.pt,MOTS20-05,140,9,1,74,7,1,2,0.875,0.7777777777777778,0.8235294117647058,0.7704873897350879,0.8626067622463988,1,9
yolov8l-seg.pt,MOTS20-05,141,9,1,66,6,2,3,0.75,0.6666666666666666,0.7058823529411765,0.7666959680336861,0.8591894883735448,1,9
yolov8l-seg.pt,MOTS20-05,142,9,1,62,5,3,4,0.625,0.5555555555555556,0.5882352941176471,0.8002482642929818,0.8804475248439358,1,9
yolov8l-seg.pt,MOTS20-05,143,9,1,55,6,2,3,0.75,0.6666666666666666,0.7058823529411765,0.8042121243586107,0.8843722486144762,0,8
yolov8l-seg.pt,MOTS20-05,144,9,1,62,8,1,1,0.8888888888888888,0.8888888888888888,0.8888888888888888,0.7401153662231521,0.8388733631954299,0,9
yolov8l-seg.pt,MOTS20-05,145,8,1,55,6,3,2,0.6666666666666666,0.75,0.7058823529411765,0.7963254683482192,0.8791127480696099,0,9
yolov8l-seg.pt,MOTS20-05,146,7,1,43,3,2,4,0.6,0.42857142857142855,0.5,0.9265849984253078,0.9618554306246173,0,5
yolov8l-seg.pt,MOTS20-05,147,5,1,53,4,1,1,0.8,0.8,0.8,0.8665587140178292,0.9239441804287574,1,6
yolov8l-seg.pt,MOTS20-05,148,5,1,29,5,0,0,1.0,1.0,1.0,0.8164567246166736,0.8899315120361451,1,6
yolov8l-seg.pt,MOTS20-05,149,5,1,35,4,2,1,0.6666666666666666,0.8,0.7272727272727273,0.8920405241381736,0.9414386469941873,2,8
yolov8l-seg.pt,MOTS20-05,150,5,1,31,3,1,2,0.75,0.6,0.6666666666666666,0.9334217823010662,0.9655350823221543,1,5
yolov8l-seg.pt,MOTS20-05,151,3,1,21,3,0,0,1.0,1.0,1.0,0.9269158859579626,0.9619952149177058,2,5
yolov8l-seg.pt,MOTS20-05,152,3,1,25,3,0,0,1.0,1.0,1.0,0.9321524283069018,0.9648618075677442,2,5
yolov8l-seg.pt,MOTS20-05,153,6,1,50,5,1,1,0.8333333333333334,0.8333333333333334,0.8333333333333334,0.8069874046359592,0.8849218491231319,1,7
yolov8l-seg.pt,MOTS20-05,154,7,1,52,7,0,0,1.0,1.0,1.0,0.7854969112403335,0.8723440558933808,1,8
yolov8l-seg.pt,MOTS20-05,155,7,1,57,6,0,1,1.0,0.8571428571428571,0.9230769230769231,0.8211767129209474,0.8959809107517186,1,7
yolov8l-seg.pt,MOTS20-05,156,7,1,53,6,0,1,1.0,0.8571428571428571,0.9230769230769231,0.8208179497096991,0.8949915844997184,3,9
yolov8l-seg.pt,MOTS20-05,157,7,1,56,6,1,1,0.8571428571428571,0.8571428571428571,0.8571428571428571,0.7995583226419586,0.8803002590338344,3,10
yolov8l-seg.pt,MOTS20-05,158,7,1,58,5,2,2,0.7142857142857143,0.7142857142857143,0.7142857142857143,0.8631628934698392,0.9220538835105494,1,8
yolov8l-seg.pt,MOTS20-05,159,9,1,66,6,1,3,0.8571428571428571,0.6666666666666666,0.75,0.8255518861284173,0.8970426327113256,3,10
yolov8l-seg.pt,MOTS20-05,160,9,1,80,8,2,1,0.8,0.8888888888888888,0.8421052631578947,0.8204380301585369,0.8978102137937146,3,13
yolov8l-seg.pt,MOTS20-05,161,9,1,77,6,1,3,0.8571428571428571,0.6666666666666666,0.75,0.8420504422042305,0.9086544774479584,2,9
yolov8l-seg.pt,MOTS20-05,162,9,1,64,7,1,2,0.875,0.7777777777777778,0.8235294117647058,0.827265079840215,0.9018159482387981,2,10
yolov8l-seg.pt,MOTS20-05,163,9,1,68,6,1,3,0.8571428571428571,0.6666666666666666,0.75,0.8323904153036983,0.9019404424131691,2,9
yolov8l-seg.pt,MOTS20-05,164,9,1,79,7,2,2,0.7777777777777778,0.7777777777777778,0.7777777777777778,0.8230925954087386,0.8969554262996227,1,10
yolov8l-seg.pt,MOTS20-05,165,9,1,69,7,3,2,0.7,0.7777777777777778,0.7368421052631579,0.8328459040868637,0.9049618244311952,2,12
yolov8l-seg.pt,MOTS20-05,166,9,1,55,7,0,2,1.0,0.7777777777777778,0.875,0.8288426420282214,0.9022808334168131,1,8
yolov8l-seg.pt,MOTS20-05,167,9,1,59,7,3,2,0.7,0.7777777777777778,0.7368421052631579,0.8282356477438865,0.9017330703133302,1,11
yolov8l-seg.pt,MOTS20-05,168,9,1,67,7,1,2,0.875,0.7777777777777778,0.8235294117647058,0.8180530469860496,0.8945992659503156,0,8
yolov8l-seg.pt,MOTS20-05,169,9,1,63,6,1,3,0.8571428571428571,0.6666666666666666,0.75,0.8562702182346501,0.9191617905413939,3,10
yolov8l-seg.pt,MOTS20-05,170,8,1,77,6,0,2,1.0,0.75,0.8571428571428571,0.8504248203309972,0.9145992435381319,1,7
yolov8l-seg.pt,MOTS20-05,171,5,1,35,3,0,2,1.0,0.6,0.75,0.9448920077406778,0.9716225266142366,1,4
yolov8l-seg.pt,MOTS20-05,172,5,1,46,4,0,1,1.0,0.8,0.8888888888888888,0.8459501355404488,0.9065157606586856,0,4
yolov8l-seg.pt,MOTS20-05,173,5,1,45,3,0,2,1.0,0.6,0.75,0.9452139137425822,0.9717839156711346,1,4
yolov8l-seg.pt,MOTS20-05,174,4,1,41,3,0,1,1.0,0.75,0.8571428571428571,0.9452593098650247,0.9718217388651009,1,4
yolov8l-seg.pt,MOTS20-05,175,4,1,26,3,0,1,1.0,0.75,0.8571428571428571,0.9423812954364991,0.970284277912221,0,3
yolov8l-seg.pt,MOTS20-05,176,3,1,34,3,0,0,1.0,1.0,1.0,0.9438217075807342,0.9710546320324518,0,3
yolov8l-seg.pt,MOTS20-05,177,4,1,37,3,0,1,1.0,0.75,0.8571428571428571,0.9468909204771117,0.9726845276395445,1,4
yolov8l-seg.pt,MOTS20-05,178,7,1,46,6,2,1,0.75,0.8571428571428571,0.8,0.8726325226844871,0.9294992369149494,2,10
yolov8l-seg.pt,MOTS20-05,179,7,1,62,6,2,1,0.75,0.8571428571428571,0.8,0.8808799949092531,0.93554657710259,2,10
yolov8l-seg.pt,MOTS20-05,180,7,1,47,6,1,1,0.8571428571428571,0.8571428571428571,0.8571428571428571,0.8599616659452743,0.9221855545357882,1,8
yolov8l-seg.pt,MOTS20-05,181,7,1,49,6,1,1,0.8571428571428571,0.8571428571428571,0.8571428571428571,0.8485193457848416,0.9148544411401756,1,8
yolov8l-seg.pt,MOTS20-05,182,9,1,67,6,0,3,1.0,0.6666666666666666,0.8,0.8616778432964765,0.9232192494583301,1,7
yolov8l-seg.pt,MOTS20-05,183,9,1,43,6,1,3,0.8571428571428571,0.6666666666666666,0.75,0.865017180600904,0.9252954077120764,0,7
yolov8l-seg.pt,MOTS20-05,184,9,1,57,6,1,3,0.8571428571428571,0.6666666666666666,0.75,0.8237532114282641,0.8943126285837834,0,7
yolov8l-seg.pt,MOTS20-05,185,9,1,53,7,1,2,0.875,0.7777777777777778,0.8235294117647058,0.7852496228515786,0.8691915974926074,0,8
yolov8l-seg.pt,MOTS20-05,186,9,1,61,8,0,1,1.0,0.8888888888888888,0.9411764705882353,0.7778420293684074,0.8657190420702858,1,9
yolov8l-seg.pt,MOTS20-05,187,9,1,57,7,0,2,1.0,0.7777777777777778,0.875,0.8254281364328494,0.8990451764943096,0,7
yolov8l-seg.pt,MOTS20-05,188,9,1,68,8,0,1,1.0,0.8888888888888888,0.9411764705882353,0.7888746703382232,0.8738736637050051,0,8
yolov8l-seg.pt,MOTS20-05,189,9,1,68,8,0,1,1.0,0.8888888888888888,0.9411764705882353,0.8286907334032518,0.9023590809606827,0,8
yolov8l-seg.pt,MOTS20-05,190,9,1,58,8,0,1,1.0,0.8888888888888888,0.9411764705882353,0.8296103162846846,0.9033587555239165,0,8
yolov8l-seg.pt,MOTS20-05,191,9,1,57,8,0,1,1.0,0.8888888888888888,0.9411764705882353,0.8166257632012125,0.8936323629244863,0,8
yolov8l-seg.pt,MOTS20-05,192,9,1,54,8,0,1,1.0,0.8888888888888888,0.9411764705882353,0.8252223964662184,0.8991840561108071,0,8
yolov8l-seg.pt,MOTS20-05,193,9,1,57,8,0,1,1.0,0.8888888888888888,0.9411764705882353,0.802613683312579,0.8835372798262984,0,8
yolov8l-seg.pt,MOTS20-05,194,9,1,53,7,0,2,1.0,0.7777777777777778,0.875,0.8208662565240162,0.8954593367220932,0,7
yolov8l-seg.pt,MOTS20-05,195,9,1,50,8,0,1,1.0,0.8888888888888888,0.9411764705882353,0.7914946700188845,0.8723046951161217,0,8
yolov8l-seg.pt,MOTS20-05,196,9,1,57,7,0,2,1.0,0.7777777777777778,0.875,0.8206312859805365,0.8960064444211209,0,7
yolov8l-seg.pt,MOTS20-05,197,9,1,50,7,1,2,0.875,0.7777777777777778,0.8235294117647058,0.8319707869353302,0.9020323326593683,0,8
yolov8l-seg.pt,MOTS20-05,198,9,1,48,7,1,2,0.875,0.7777777777777778,0.8235294117647058,0.8252350663597637,0.8988390168205155,0,8
yolov8l-seg.pt,MOTS20-05,199,9,1,48,6,1,3,0.8571428571428571,0.6666666666666666,0.75,0.8578243265088132,0.9206012491579,0,7
yolov8l-seg.pt,MOTS20-05,200,9,1,54,5,1,4,0.8333333333333334,0.5555555555555556,0.6666666666666666,0.8885196248313744,0.9393319816479548,1,7
yolov8l-seg.pt,MOTS20-05,201,9,1,60,6,1,3,0.8571428571428571,0.6666666666666666,0.75,0.8569930457503446,0.9189390536943994,1,8
yolov8l-seg.pt,MOTS20-05,202,9,1,44,7,0,2,1.0,0.7777777777777778,0.875,0.7986525771135076,0.8806701819895068,1,8
yolov8l-seg.pt,MOTS20-05,203,9,1,48,5,1,4,0.8333333333333334,0.5555555555555556,0.6666666666666666,0.8933459372633715,0.9419201536946662,1,7
yolov8l-seg.pt,MOTS20-05,204,9,1,49,5,1,4,0.8333333333333334,0.5555555555555556,0.6666666666666666,0.8875969161806905,0.9389395293863755,1,7
yolov8l-seg.pt,MOTS20-05,205,9,1,40,6,1,3,0.8571428571428571,0.6666666666666666,0.75,0.8277996022353901,0.8974099884161202,1,8
yolov8l-seg.pt,MOTS20-05,206,9,1,46,5,3,4,0.625,0.5555555555555556,0.5882352941176471,0.8655810146433149,0.924320899597021,1,9
yolov8l-seg.pt,MOTS20-05,207,8,1,43,6,0,2,1.0,0.75,0.8571428571428571,0.8358045924368298,0.9038468145972797,2,8
yolov8l-seg.pt,MOTS20-05,208,7,1,37,5,1,2,0.8333333333333334,0.7142857142857143,0.7692307692307693,0.8917442598394476,0.9408317466941563,2,8
yolov8l-seg.pt,MOTS20-05,209,7,1,44,5,0,2,1.0,0.7142857142857143,0.8333333333333334,0.9002575411504624,0.9462122009755258,2,7
yolov8l-seg.pt,MOTS20-05,210,6,1,37,6,0,0,1.0,1.0,1.0,0.8384806982173584,0.9051410537093538,1,7
yolov8l-seg.pt,MOTS20-05,211,6,1,32,5,1,1,0.8333333333333334,0.8333333333333334,0.8333333333333334,0.88466713235802,0.9369097173496282,1,7
yolov8l-seg.pt,MOTS20-05,212,6,1,32,5,0,1,1.0,0.8333333333333334,0.9090909090909091,0.8880329984167442,0.9397709894610898,0,5
yolov8l-seg.pt,MOTS20-05,213,6,1,28,6,0,0,1.0,1.0,1.0,0.8503249652493047,0.9131474685132583,0,6
yolov8l-seg.pt,MOTS20-05,214,6,1,33,6,1,0,0.8571428571428571,1.0,0.9230769230769231,0.8531775842053356,0.9165280176768237,0,7
yolov8l-seg.pt,MOTS20-05,215,6,1,33,6,1,0,0.8571428571428571,1.0,0.9230769230769231,0.8519553383461322,0.9159554124201632,0,7
yolov8l-seg.pt,MOTS20-05,216,6,1,29,6,1,0,0.8571428571428571,1.0,0.9230769230769231,0.8478710942260541,0.9131027448961057,0,7
yolov8l-seg.pt,MOTS20-05,217,6,1,32,6,1,0,0.8571428571428571,1.0,0.9230769230769231,0.8451967695436688,0.9114505368403748,0,7
yolov8l-seg.pt,MOTS20-05,218,6,1,37,6,0,0,1.0,1.0,1.0,0.8577880207526337,0.9200071283759311,2,8
yolov8l-seg.pt,MOTS20-05,219,6,1,40,6,1,0,0.8571428571428571,1.0,0.9230769230769231,0.8427933175142442,0.9100456679945722,0,7
yolov8l-seg.pt,MOTS20-05,220,6,1,49,6,0,0,1.0,1.0,1.0,0.8533224854094487,0.9171299336876833,2,8
yolov8l-seg.pt,MOTS20-05,221,6,1,50,6,1,0,0.8571428571428571,1.0,0.9230769230769231,0.8640273511359235,0.9241786856669995,1,8
yolov8l-seg.pt,MOTS20-05,222,6,1,51,6,0,0,1.0,1.0,1.0,0.8641745647182351,0.9245947423910487,0,6
yolov8l-seg.pt,MOTS20-05,223,6,1,55,6,0,0,1.0,1.0,1.0,0.8570904927334914,0.9207550456309748,2,8
yolov8l-seg.pt,MOTS20-05,224,7,1,68,6,0,1,1.0,0.8571428571428571,0.9230769230769231,0.8504332366070594,0.9155932998215365,0,6
yolov8l-seg.pt,MOTS20-05,225,7,1,67,6,0,1,1.0,0.8571428571428571,0.9230769230769231,0.8499048728507073,0.9146017789575973,1,7
yolov8l-seg.pt,MOTS20-05,226,7,1,73,6,0,1,1.0,0.8571428571428571,0.9230769230769231,0.8632089900990505,0.9240071153140295,1,7
yolov8l-seg.pt,MOTS20-05,227,7,1,47,6,0,1,1.0,0.8571428571428571,0.9230769230769231,0.8638898591327312,0.9242990066036804,2,8
yolov8l-seg.pt,MOTS20-05,228,8,1,57,6,0,2,1.0,0.75,0.8571428571428571,0.8505052027715876,0.9164400116503796,2,8
yolov8l-seg.pt,MOTS20-05,229,8,1,77,7,0,1,1.0,0.875,0.9333333333333333,0.8442584608009354,0.9127742074417812,2,9
yolov8l-seg.pt,MOTS20-05,230,8,1,85,7,0,1,1.0,0.875,0.9333333333333333,0.8500812089569375,0.9173550005989879,2,9
yolov8l-seg.pt,MOTS20-05,231,8,1,78,7,0,1,1.0,0.875,0.9333333333333333,0.8606316093718197,0.9238811987408458,3,10
yolov8l-seg.pt,MOTS20-05,232,8,1,70,7,0,1,1.0,0.875,0.9333333333333333,0.8523597779001278,0.9179902175613244,1,8
yolov8l-seg.pt,MOTS20-05,233,7,1,77,7,1,0,0.875,1.0,0.9333333333333333,0.8228091271552266,0.8989938976318663,1,9
yolov8l-seg.pt,MOTS20-05,234,8,1,76,8,0,0,1.0,1.0,1.0,0.8243903599525995,0.8987220375246627,1,9
yolov8l-seg.pt,MOTS20-05,235,8,1,71,7,3,1,0.7,0.875,0.7777777777777778,0.8277736764296957,0.9020360914068032,2,12
yolov8l-seg.pt,MOTS20-05,236,10,1,97,7,5,3,0.5833333333333334,0.7,0.6363636363636364,0.8380314574810817,0.9092106960301731,1,13
yolov8l-seg.pt,MOTS20-05,237,10,1,79,9,1,1,0.9,0.9,0.9,0.7563880231592166,0.8526432307494578,2,12
yolov8l-seg.pt,MOTS20-05,238,10,1,109,7,1,3,0.875,0.7,0.7777777777777778,0.806261995802218,0.8872378660120962,2,10
yolov8l-seg.pt,MOTS20-05,239,10,1,93,7,0,3,1.0,0.7,0.8235294117647058,0.8116087045365525,0.8927456656768709,2,9
yolov8l-seg.pt,MOTS20-05,240,8,1,94,7,0,1,1.0,0.875,0.9333333333333333,0.8048476317861936,0.8864766409264381,3,10
yolov8l-seg.pt,MOTS20-05,241,8,1,109,7,0,1,1.0,0.875,0.9333333333333333,0.7673220227621955,0.859256898429566,3,10
yolov8l-seg.pt,MOTS20-05,242,10,1,96,6,2,4,0.75,0.6,0.6666666666666666,0.8392550247703365,0.9066622770582126,1,9
yolov8l-seg.pt,MOTS20-05,243,10,1,57,10,1,0,0.9090909090909091,1.0,0.9523809523809523,0.7754383889711179,0.8640430956904366,0,11
yolov8l-seg.pt,MOTS20-05,244,10,1,62,8,0,2,1.0,0.8,0.8888888888888888,0.848888761065656,0.9156729644597149,0,8
yolov8l-seg.pt,MOTS20-05,245,9,1,65,8,0,1,1.0,0.8888888888888888,0.9411764705882353,0.8743721551848226,0.9318190864347684,0,8
yolov8l-seg.pt,MOTS20-05,246,9,1,68,8,0,1,1.0,0.8888888888888888,0.9411764705882353,0.837300133162719,0.9076002472177165,1,9
yolov8l-seg.pt,MOTS20-05,247,8,1,46,7,0,1,1.0,0.875,0.9333333333333333,0.8333021116563675,0.9049965612753603,2,9
yolov8l-seg.pt,MOTS20-05,248,8,1,58,7,0,1,1.0,0.875,0.9333333333333333,0.822783733484969,0.896956471911826,2,9
yolov8l-seg.pt,MOTS20-05,249,8,1,58,8,0,0,1.0,1.0,1.0,0.8026892466155167,0.8843173241289891,1,9
yolov8l-seg.pt,MOTS20-05,250,10,1,66,9,0,1,1.0,0.9,0.9473684210526315,0.8190845263467694,0.8963613900450978,1,10
yolov8l-seg.pt,MOTS20-05,251,10,1,69,10,0,0,1.0,1.0,1.0,0.8191612658531657,0.8981323286092536,2,12
yolov8l-seg.pt,MOTS20-05,252,10,1,73,10,0,0,1.0,1.0,1.0,0.7972238470036752,0.8830229670045293,0,10
yolov8l-seg.pt,MOTS20-05,253,13,1,98,10,0,3,1.0,0.7692307692307693,0.8695652173913043,0.7912381067985181,0.8794762554821087,1,11
yolov8l-seg.pt,MOTS20-05,254,14,1,96,9,1,5,0.9,0.6428571428571429,0.75,0.78116717960819,0.8723432441306715,1,11
yolov8l-seg.pt,MOTS20-05,255,13,1,75,9,0,4,1.0,0.6923076923076923,0.8181818181818182,0.8219112234243648,0.9000479859824294,2,11
yolov8l-seg.pt,MOTS20-05,256,13,1,76,9,0,4,1.0,0.6923076923076923,0.8181818181818182,0.8279306091595767,0.9031862446954835,0,9
yolov8l-seg.pt,MOTS20-05,257,13,1,90,10,0,3,1.0,0.7692307692307693,0.8695652173913043,0.8152506219154025,0.89455507664372,0,10
yolov8l-seg.pt,MOTS20-05,258,12,1,74,10,0,2,1.0,0.8333333333333334,0.9090909090909091,0.7983755865209935,0.8847330539337698,0,10
yolov8l-seg.pt,MOTS20-05,259,12,1,64,8,0,4,1.0,0.6666666666666666,0.8,0.8379812617158128,0.909958691040023,0,8
yolov8l-seg.pt,MOTS20-05,260,10,1,58,6,0,4,1.0,0.6,0.75,0.8533838683311084,0.9199846163601171,0,6
yolov8l-seg.pt,MOTS20-05,261,9,1,61,6,0,3,1.0,0.6666666666666666,0.8,0.8492562303789644,0.9164956343887681,0,6
yolov8l-seg.pt,MOTS20-05,262,9,1,99,5,0,4,1.0,0.5555555555555556,0.7142857142857143,0.8498325308482635,0.9166617350419537,1,6
yolov8l-seg.pt,MOTS20-05,263,7,1,70,4,2,3,0.6666666666666666,0.5714285714285714,0.6153846153846154,0.886218146779835,0.9381960948245812,2,8
yolov8l-seg.pt,MOTS20-05,264,7,1,58,4,1,3,0.8,0.5714285714285714,0.6666666666666666,0.845132139986913,0.9115361222022451,2,7
yolov8l-seg.pt,MOTS20-05,265,8,1,55,5,0,3,1.0,0.625,0.7692307692307693,0.8272696338026646,0.89523748397598,0,5
yolov8l-seg.pt,MOTS20-05,266,8,1,67,5,0,3,1.0,0.625,0.7692307692307693,0.8619308431320366,0.9230992120246443,0,5
yolov8l-seg.pt,MOTS20-05,267,8,1,54,5,0,3,1.0,0.625,0.7692307692307693,0.9046058719031688,0.9494066137577523,0,5
yolov8l-seg.pt,MOTS20-05,268,8,1,58,6,1,2,0.8571428571428571,0.75,0.8,0.8685929429547413,0.9262172227209612,1,8
yolov8l-seg.pt,MOTS20-05,269,10,1,66,6,1,4,0.8571428571428571,0.6,0.7058823529411765,0.8750067267202061,0.9313594290423662,1,8
yolov8l-seg.pt,MOTS20-05,270,11,1,65,6,1,5,0.8571428571428571,0.5454545454545454,0.6666666666666666,0.8742029100001975,0.9316326247216477,0,7
yolov8l-seg.pt,MOTS20-05,271,11,1,69,6,1,5,0.8571428571428571,0.5454545454545454,0.6666666666666666,0.8694924681087955,0.927928583721347,1,8
yolov8l-seg.pt,MOTS20-05,272,9,1,88,6,0,3,1.0,0.6666666666666666,0.8,0.8865789629225058,0.9387098294750863,0,6
yolov8l-seg.pt,MOTS20-05,273,9,1,104,6,2,3,0.75,0.6666666666666666,0.7058823529411765,0.8018092209220243,0.8830751854591027,0,8
yolov8l-seg.pt,MOTS20-05,274,10,1,78,6,0,4,1.0,0.6,0.75,0.8441231072875569,0.912417994959712,1,7
yolov8l-seg.pt,MOTS20-05,275,11,1,76,7,1,4,0.875,0.6363636363636364,0.7368421052631579,0.7830484163149695,0.8706271343280961,0,8
yolov8l-seg.pt,MOTS20-05,276,11,1,92,7,0,4,1.0,0.6363636363636364,0.7777777777777778,0.8167023008680551,0.8908232532265478,1,8
yolov8l-seg.pt,MOTS20-05,277,10,1,102,8,3,2,0.7272727272727273,0.8,0.7619047619047619,0.7701580654505715,0.8641035263601816,0,11
yolov8l-seg.pt,MOTS20-05,278,10,1,86,7,1,3,0.875,0.7,0.7777777777777778,0.8704071974740274,0.9296587068327563,1,9
yolov8l-seg.pt,MOTS20-05,279,10,1,82,7,1,3,0.875,0.7,0.7777777777777778,0.835719034532468,0.9053167954045716,0,8
yolov8l-seg.pt,MOTS20-05,280,10,1,67,6,0,4,1.0,0.6,0.75,0.8979565512272564,0.9458229120806125,1,7
yolov8l-seg.pt,MOTS20-05,281,9,1,53,6,1,3,0.8571428571428571,0.6666666666666666,0.75,0.905768314677522,0.9500826839379339,0,7
yolov8l-seg.pt,MOTS20-05,282,10,1,64,8,1,2,0.8888888888888888,0.8,0.8421052631578947,0.7850627442948488,0.872451395194946,0,9
yolov8l-seg.pt,MOTS20-05,283,10,1,71,10,0,0,1.0,1.0,1.0,0.8317263999890739,0.9054361215936211,0,10
yolov8l-seg.pt,MOTS20-05,284,10,1,58,9,0,1,1.0,0.9,0.9473684210526315,0.8414366588157941,0.911931164338886,0,9
yolov8l-seg.pt,MOTS20-05,285,9,1,51,8,0,1,1.0,0.8888888888888888,0.9411764705882353,0.8682535971838283,0.9280661935941872,0,8
yolov8l-seg.pt,MOTS20-05,286,9,1,50,8,0,1,1.0,0.8888888888888888,0.9411764705882353,0.8690216764982212,0.9286267296019454,0,8
yolov8l-seg.pt,MOTS20-05,287,9,1,54,9,0,0,1.0,1.0,1.0,0.872558951933694,0.9306424865574768,0,9
yolov8l-seg.pt,MOTS20-05,288,9,1,45,9,0,0,1.0,1.0,1.0,0.88141590496131,0.93536585555888,1,10
yolov8l-seg.pt,MOTS20-05,289,8,1,42,8,0,0,1.0,1.0,1.0,0.8569836209476448,0.9219802038604867,2,10
yolov8l-seg.pt,MOTS20-05,290,8,1,82,8,0,0,1.0,1.0,1.0,0.8365275135354768,0.9083206158885876,3,11
yolov8l-seg.pt,MOTS20-05,291,8,1,65,7,1,1,0.875,0.875,0.875,0.8654384010892404,0.9267088343142132,4,12
yolov8l-seg.pt,MOTS20-05,292,8,1,63,7,0,1,1.0,0.875,0.9333333333333333,0.8611408993367967,0.9230509856739253,1,8
yolov8l-seg.pt,MOTS20-05,293,9,1,51,7,0,2,1.0,0.7777777777777778,0.875,0.8854392875389981,0.9377212828152501,1,8
yolov8l-seg.pt,MOTS20-05,294,9,1,59,8,0,1,1.0,0.8888888888888888,0.9411764705882353,0.8906844635661882,0.9410702348914028,1,9
yolov8l-seg.pt,MOTS20-05,295,10,1,54,7,1,3,0.875,0.7,0.7777777777777778,0.8962634608314471,0.9441767083866169,1,9
yolov8l-seg.pt,MOTS20-05,296,10,1,44,8,0,2,1.0,0.8,0.8888888888888888,0.8919833354610495,0.9422531881643759,0,8
yolov8l-seg.pt,MOTS20-05,297,10,1,57,8,2,2,0.8,0.8,0.8,0.888785883516341,0.9402229705641292,0,10
yolov8l-seg.pt,MOTS20-05,298,10,1,69,8,0,2,1.0,0.8,0.8888888888888888,0.816429594069308,0.8915336725164698,0,8
yolov8l-seg.pt,MOTS20-05,299,10,1,49,8,0,2,1.0,0.8,0.8888888888888888,0.8441623536266567,0.9130462321146904,0,8
yolov8l-seg.pt,MOTS20-05,300,9,1,57,8,0,1,1.0,0.8888888888888888,0.9411764705882353,0.8480090346332526,0.9155973222532178,0,8
yolov8l-seg.pt,MOTS20-05,301,9,1,65,8,0,1,1.0,0.8888888888888888,0.9411764705882353,0.8576086023255269,0.9218200586453109,1,9
yolov8l-seg.pt,MOTS20-05,302,10,0,69,10,0,0,1.0,1.0,1.0,0.8215841455877871,0.8981684124019409,0,10
yolov8l-seg.pt,MOTS20-05,303,12,1,97,11,0,1,1.0,0.9166666666666666,0.9565217391304348,0.7679571368759429,0.8633528620433342,0,11
yolov8l-seg.pt,MOTS20-05,304,14,1,85,11,0,3,1.0,0.7857142857142857,0.88,0.7735697171858136,0.8670393729569223,0,11
yolov8l-seg.pt,MOTS20-05,305,13,1,76,11,0,2,1.0,0.8461538461538461,0.9166666666666666,0.7914501399376364,0.8775495117017486,0,11
yolov8l-seg.pt,MOTS20-05,306,13,1,93,10,1,3,0.9090909090909091,0.7692307692307693,0.8333333333333334,0.7730208307314556,0.8653476949422426,1,12
yolov8l-seg.pt,MOTS20-05,307,12,1,97,9,1,3,0.9,0.75,0.8181818181818182,0.7540437716059438,0.8542860896687233,1,11
yolov8l-seg.pt,MOTS20-05,308,12,1,79,8,1,4,0.8888888888888888,0.6666666666666666,0.7619047619047619,0.7978554926744669,0.8834388869803431,0,9
yolov8l-seg.pt,MOTS20-05,309,12,1,100,10,1,2,0.9090909090909091,0.8333333333333334,0.8695652173913043,0.7329162840322515,0.8388745036623894,0,11
yolov8l-seg.pt,MOTS20-05,310,11,1,71,10,0,1,1.0,0.9090909090909091,0.9523809523809523,0.720326439856301,0.8301358351058405,0,10
yolov8l-seg.pt,MOTS20-05,311,11,1,68,9,1,2,0.9,0.8181818181818182,0.8571428571428571,0.7412136585968585,0.8442543274815857,1,11
yolov8l-seg.pt,MOTS20-05,312,10,1,64,8,0,2,1.0,0.8,0.8888888888888888,0.7821123777262249,0.8718371501689743,1,9
yolov8l-seg.pt,MOTS20-05,313,11,1,72,8,0,3,1.0,0.7272727272727273,0.8421052631578947,0.7891915433593604,0.8773164248322407,0,8
yolov8l-seg.pt,MOTS20-05,314,11,1,77,9,0,2,1.0,0.8181818181818182,0.9,0.7923292214137204,0.8790203864198244,1,10
yolov8l-seg.pt,MOTS20-05,315,11,1,79,9,1,2,0.9,0.8181818181818182,0.8571428571428571,0.8253406785013634,0.901192969917786,4,14
yolov8l-seg.pt,MOTS20-05,316,9,1,61,9,0,0,1.0,1.0,1.0,0.7771784781946192,0.8709497618470782,1,10
yolov8l-seg.pt,MOTS20-05,317,8,1,41,7,0,1,1.0,0.875,0.9333333333333333,0.7764324618690319,0.8696871798989764,2,9
yolov8l-seg.pt,MOTS20-05,318,8,1,52,7,1,1,0.875,0.875,0.875,0.7830824512859808,0.8740031554624641,2,10
yolov8l-seg.pt,MOTS20-05,319,7,1,51,7,0,0,1.0,1.0,1.0,0.8105730547482447,0.891357364005664,1,8
yolov8l-seg.pt,MOTS20-05,320,8,1,65,8,0,0,1.0,1.0,1.0,0.782804200541129,0.8716798070941909,0,8
yolov8l-seg.pt,MOTS20-05,321,10,1,79,9,1,1,0.9,0.9,0.9,0.8193648489732229,0.8978107558187216,0,10
yolov8l-seg.pt,MOTS20-05,322,10,1,75,10,1,0,0.9090909090909091,1.0,0.9523809523809523,0.8051276293165082,0.8891395103726832,0,11
yolov8l-seg.pt,MOTS20-05,323,9,1,64,8,2,1,0.8,0.8888888888888888,0.8421052631578947,0.7785815578540605,0.871342434987856,2,12
yolov8l-seg.pt,MOTS20-05,324,10,1,78,7,2,3,0.7777777777777778,0.7,0.7368421052631579,0.8140598764571708,0.8947931509863817,2,11
yolov8l-seg.pt,MOTS20-05,325,10,1,83,10,0,0,1.0,1.0,1.0,0.7626723897383244,0.8605105517613266,1,11
yolov8l-seg.pt,MOTS20-05,326,11,1,78,9,1,2,0.9,0.8181818181818182,0.8571428571428571,0.8160143951580934,0.896289952604318,0,10
yolov8l-seg.pt,MOTS20-05,327,9,1,68,8,1,1,0.8888888888888888,0.8888888888888888,0.8888888888888888,0.8458113601596806,0.9144790018884604,0,9
yolov8l-seg.pt,MOTS20-05,328,9,1,78,9,2,0,0.8181818181818182,1.0,0.9,0.8367951609852705,0.9097236368245133,1,12
yolov8l-seg.pt,MOTS20-05,329,10,1,72,9,0,1,1.0,0.9,0.9473684210526315,0.815597139907262,0.8953123665319104,1,10
yolov8l-seg.pt,MOTS20-05,330,11,1,65,8,1,3,0.8888888888888888,0.7272727272727273,0.8,0.8272821761748681,0.9018776683204217,1,10
yolov8l-seg.pt,MOTS20-05,331,10,1,56,9,0,1,1.0,0.9,0.9473684210526315,0.8034675083015803,0.8858609244688775,0,9
yolov8l-seg.pt,MOTS20-05,332,11,1,81,6,0,5,1.0,0.5454545454545454,0.7058823529411765,0.8625843124671273,0.9252522039825202,0,6
yolov8l-seg.pt,MOTS20-05,333,8,1,90,7,1,1,0.875,0.875,0.875,0.8472081948548391,0.9145390702965649,2,10
yolov8l-seg.pt,MOTS20-05,334,8,1,78,7,0,1,1.0,0.875,0.9333333333333333,0.8394121673400127,0.9099070756019453,2,9
yolov8l-seg.pt,MOTS20-05,335,9,1,75,8,1,1,0.8888888888888888,0.8888888888888888,0.8888888888888888,0.8342244840220377,0.9071386665788934,1,10
yolov8l-seg.pt,MOTS20-05,336,9,1,113,8,2,1,0.8,0.8888888888888888,0.8421052631578947,0.7918760926837551,0.8770403279448133,1,11
yolov8l-seg.pt,MOTS20-05,337,8,1,89,7,1,1,0.875,0.875,0.875,0.7929822636844408,0.8784296626939029,2,10
yolov8l-seg.pt,MOTS20-05,338,9,1,79,8,1,1,0.8888888888888888,0.8888888888888888,0.8888888888888888,0.8138217721245856,0.8952576383809059,1,10
yolov8l-seg.pt,MOTS20-05,339,9,1,103,8,0,1,1.0,0.8888888888888888,0.9411764705882353,0.8185958001394933,0.8986840585656795,0,8
yolov8l-seg.pt,MOTS20-05,340,9,1,81,9,0,0,1.0,1.0,1.0,0.8068494488816856,0.8898932570100884,0,9
yolov8l-seg.pt,MOTS20-05,341,9,1,77,9,0,0,1.0,1.0,1.0,0.8370557490507101,0.9093752604627853,0,9
yolov8l-seg.pt,MOTS20-05,342,8,1,91,8,0,0,1.0,1.0,1.0,0.8425554235819357,0.9118515444881261,1,9
yolov8l-seg.pt,MOTS20-05,343,8,1,68,8,0,0,1.0,1.0,1.0,0.8459165805486505,0.9140118170418905,0,8
yolov8l-seg.pt,MOTS20-05,344,8,1,63,8,0,0,1.0,1.0,1.0,0.8367864554204125,0.9086572031900377,0,8
yolov8l-seg.pt,MOTS20-05,345,8,1,63,8,0,0,1.0,1.0,1.0,0.8244268062386617,0.9019359717545482,0,8
yolov8l-seg.pt,MOTS20-05,346,8,1,61,8,0,0,1.0,1.0,1.0,0.8505110939646056,0.9180761173414068,1,9
yolov8l-seg.pt,MOTS20-05,347,7,1,89,7,1,0,0.875,1.0,0.9333333333333333,0.8042860893200497,0.8876129327811799,3,11
yolov8l-seg.pt,MOTS20-05,348,7,1,84,7,0,0,1.0,1.0,1.0,0.8275498024432276,0.902564296295308,1,8
yolov8l-seg.pt,MOTS20-05,349,7,1,54,6,0,1,1.0,0.8571428571428571,0.9230769230769231,0.8823477404214479,0.9361531986922386,1,7
yolov8l-seg.pt,MOTS20-05,350,7,1,43,6,0,1,1.0,0.8571428571428571,0.9230769230769231,0.8627292188476532,0.9248405311892895,1,7
yolov8l-seg.pt,MOTS20-05,351,5,1,57,5,0,0,1.0,1.0,1.0,0.8632203693964232,0.924489628885573,1,6
yolov8l-seg.pt,MOTS20-05,352,5,1,62,5,0,0,1.0,1.0,1.0,0.8630296446423683,0.9247677544014163,2,7
yolov8l-seg.pt,MOTS20-05,353,7,1,55,7,0,0,1.0,1.0,1.0,0.7934837686848494,0.8770654479183336,1,8
yolov8l-seg.pt,MOTS20-05,354,7,1,57,6,1,1,0.8571428571428571,0.8571428571428571,0.8571428571428571,0.8721033448672321,0.9296693101171805,0,7
yolov8l-seg.pt,MOTS20-05,355,7,1,64,7,1,0,0.875,1.0,0.9333333333333333,0.8410092340324768,0.9105038380267375,0,8
yolov8l-seg.pt,MOTS20-05,356,7,1,56,6,0,1,1.0,0.8571428571428571,0.9230769230769231,0.8841925276144967,0.9375063967682845,0,6
yolov8l-seg.pt,MOTS20-05,357,7,1,54,6,0,1,1.0,0.8571428571428571,0.9230769230769231,0.8831224648278747,0.9368825647442164,0,6
yolov8l-seg.pt,MOTS20-05,358,7,1,58,6,0,1,1.0,0.8571428571428571,0.9230769230769231,0.8942208401954729,0.9434607683923607,0,6
yolov8l-seg.pt,MOTS20-05,359,7,1,52,6,0,1,1.0,0.8571428571428571,0.9230769230769231,0.886485076272912,0.9386346534649431,0,6
yolov8l-seg.pt,MOTS20-05,360,7,1,74,6,1,1,0.8571428571428571,0.8571428571428571,0.8571428571428571,0.8716473937570649,0.9303379758643553,0,7
yolov8l-seg.pt,MOTS20-05,361,7,1,68,6,0,1,1.0,0.8571428571428571,0.9230769230769231,0.8396010641159896,0.9088704378942823,0,6
yolov8l-seg.pt,MOTS20-05,362,7,1,60,6,0,1,1.0,0.8571428571428571,0.9230769230769231,0.8542021767747104,0.9194414839324759,0,6
yolov8l-seg.pt,MOTS20-05,363,7,1,51,6,0,1,1.0,0.8571428571428571,0.9230769230769231,0.8584456708859584,0.9226218281526478,0,6
yolov8l-seg.pt,MOTS20-05,364,6,1,34,6,0,0,1.0,1.0,1.0,0.8821189578074274,0.9360673611603397,0,6
yolov8l-seg.pt,MOTS20-05,365,6,1,30,6,0,0,1.0,1.0,1.0,0.8566388615228138,0.9213658215045072,0,6
yolov8l-seg.pt,MOTS20-05,366,7,1,68,6,0,1,1.0,0.8571428571428571,0.9230769230769231,0.8119213759860644,0.891728567599118,0,6
yolov8l-seg.pt,MOTS20-05,367,7,1,88,5,2,2,0.7142857142857143,0.7142857142857143,0.7142857142857143,0.8795969830141936,0.9347975233718776,0,7
yolov8l-seg.pt,MOTS20-05,368,6,1,42,4,1,2,0.8,0.6666666666666666,0.7272727272727273,0.8654721751198878,0.9267117681554888,0,5
yolov8l-seg.pt,MOTS20-05,369,6,1,53,4,1,2,0.8,0.6666666666666666,0.7272727272727273,0.8573507407653608,0.9221436125640836,0,5
yolov8l-seg.pt,MOTS20-05,370,7,1,64,6,0,1,1.0,0.8571428571428571,0.9230769230769231,0.7792652802508182,0.8694463847000945,0,6
yolov8l-seg.pt,MOTS20-05,371,7,1,49,6,0,1,1.0,0.8571428571428571,0.9230769230769231,0.8237792357286179,0.9003195443823687,0,6
yolov8l-seg.pt,MOTS20-05,372,6,1,51,5,0,1,1.0,0.8333333333333334,0.9090909090909091,0.8406676441540233,0.9117545364945416,1,6
yolov8l-seg.pt,MOTS20-05,373,8,1,64,6,0,2,1.0,0.75,0.8571428571428571,0.8217575664010731,0.9002297460834902,0,6
yolov8l-seg.pt,MOTS20-05,374,8,1,58,6,0,2,1.0,0.75,0.8571428571428571,0.8299560505279078,0.9050173564560656,0,6
yolov8l-seg.pt,MOTS20-05,375,8,1,57,6,0,2,1.0,0.75,0.8571428571428571,0.8303212323636259,0.9051593826161058,0,6
yolov8l-seg.pt,MOTS20-05,376,10,1,58,10,0,0,1.0,1.0,1.0,0.7287503504877351,0.8366230454353116,0,10
yolov8l-seg.pt,MOTS20-05,377,10,1,52,10,0,0,1.0,1.0,1.0,0.7593626523188538,0.8598648684385906,0,10
yolov8l-seg.pt,MOTS20-05,378,11,1,85,9,1,2,0.9,0.8181818181818182,0.8571428571428571,0.7644765299822557,0.8636903171164927,0,10
yolov8l-seg.pt,MOTS20-05,379,11,1,76,10,0,1,1.0,0.9090909090909091,0.9523809523809523,0.7624285984624186,0.8617723467619074,0,10
yolov8l-seg.pt,MOTS20-05,380,11,1,80,10,0,1,1.0,0.9090909090909091,0.9523809523809523,0.7824897721293158,0.8727674131941091,0,10
yolov8l-seg.pt,MOTS20-05,381,11,1,90,10,3,1,0.7692307692307693,0.9090909090909091,0.8333333333333334,0.7582457064157236,0.8580836978362129,0,13
yolov8l-seg.pt,MOTS20-05,382,10,1,81,9,1,1,0.9,0.9,0.9,0.770483405596273,0.8661727518740882,1,11
yolov8l-seg.pt,MOTS20-05,383,10,1,92,10,2,0,0.8333333333333334,1.0,0.9090909090909091,0.748561355115977,0.8510498458549753,0,12
yolov8l-seg.pt,MOTS20-05,384,9,1,73,7,1,2,0.875,0.7777777777777778,0.8235294117647058,0.7921640398263444,0.8803246850226728,1,9
yolov8l-seg.pt,MOTS20-05,385,9,1,79,7,1,2,0.875,0.7777777777777778,0.8235294117647058,0.8062460733682654,0.8906021317879395,2,10
yolov8l-seg.pt,MOTS20-05,386,9,1,76,8,0,1,1.0,0.8888888888888888,0.9411764705882353,0.7893383468147748,0.8798328724663589,1,9
yolov8l-seg.pt,MOTS20-05,387,9,1,64,9,0,0,1.0,1.0,1.0,0.782698064587348,0.872965912028246,0,9
yolov8l-seg.pt,MOTS20-05,388,9,1,81,9,1,0,0.9,1.0,0.9473684210526315,0.7879995581949977,0.8770717283659057,1,11
yolov8l-seg.pt,MOTS20-05,389,9,1,69,9,0,0,1.0,1.0,1.0,0.7802208134850085,0.8719188247984648,1,10
yolov8l-seg.pt,MOTS20-05,390,9,1,72,9,0,0,1.0,1.0,1.0,0.7819748202252537,0.8726243867362953,1,10
yolov8l-seg.pt,MOTS20-05,391,9,1,76,9,0,0,1.0,1.0,1.0,0.7696123103388555,0.8642817210630658,1,10
yolov8l-seg.pt,MOTS20-05,392,9,1,68,9,0,0,1.0,1.0,1.0,0.7867713777117137,0.8767980651304147,1,10
yolov8l-seg.pt,MOTS20-05,393,9,1,73,9,1,0,0.9,1.0,0.9473684210526315,0.7511835355537247,0.8530803848837603,1,11
yolov8l-seg.pt,MOTS20-05,394,9,1,86,9,1,0,0.9,1.0,0.9473684210526315,0.7539945129101885,0.8536881805320579,1,11
yolov8l-seg.pt,MOTS20-05,395,9,1,95,8,0,1,1.0,0.8888888888888888,0.9411764705882353,0.7599606939928656,0.8593487654415977,2,10
yolov8l-seg.pt,MOTS20-05,396,9,1,78,9,0,0,1.0,1.0,1.0,0.7383724712233848,0.8426110147313225,1,10
yolov8l-seg.pt,MOTS20-05,397,8,1,88,8,0,0,1.0,1.0,1.0,0.7330001618701736,0.8405656448666443,2,10
yolov8l-seg.pt,MOTS20-05,398,8,1,52,7,1,1,0.875,0.875,0.875,0.7060812772264197,0.8203843881988556,1,9
yolov8l-seg.pt,MOTS20-05,399,8,1,48,7,0,1,1.0,0.875,0.9333333333333333,0.7271181653201985,0.8363679278502844,2,9
yolov8l-seg.pt,MOTS20-05,400,7,1,68,5,1,2,0.8333333333333334,0.7142857142857143,0.7692307692307693,0.7959666230842368,0.8818982357232776,4,10
yolov8l-seg.pt,MOTS20-05,401,7,1,60,6,0,1,1.0,0.8571428571428571,0.9230769230769231,0.774291413787067,0.8674220888331335,2,8
yolov8l-seg.pt,MOTS20-05,402,7,1,84,7,2,0,0.7777777777777778,1.0,0.875,0.7390341004157808,0.8421817692698331,3,12
yolov8l-seg.pt,MOTS20-05,403,6,1,54,6,1,0,0.8571428571428571,1.0,0.9230769230769231,0.7359287310255014,0.8426526983272327,3,10
yolov8l-seg.pt,MOTS20-05,404,6,1,78,5,0,1,1.0,0.8333333333333334,0.9090909090909091,0.7246306773528419,0.8342208774659448,1,6
yolov8l-seg.pt,MOTS20-05,405,5,1,66,4,0,1,1.0,0.8,0.8888888888888888,0.7037675787029437,0.8178131074955863,2,6
yolov8l-seg.pt,MOTS20-05,406,4,1,48,3,0,1,1.0,0.75,0.8571428571428571,0.735967873984351,0.8374748564833182,2,5
yolov8l-seg.pt,MOTS20-05,407,4,1,50,3,0,1,1.0,0.75,0.8571428571428571,0.7490314503268188,0.8452250694641409,3,6
yolov8l-seg.pt,MOTS20-05,408,4,1,61,2,1,2,0.6666666666666666,0.5,0.5714285714285714,0.8499264447216093,0.9171555873928183,1,4
yolov8l-seg.pt,MOTS20-05,409,4,1,53,2,1,2,0.6666666666666666,0.5,0.5714285714285714,0.838281174325747,0.9105540798510859,2,5
yolov8l-seg.pt,MOTS20-05,410,4,1,60,4,0,0,1.0,1.0,1.0,0.7090977668225589,0.8209984407278058,2,6
yolov8l-seg.pt,MOTS20-05,411,4,1,58,4,0,0,1.0,1.0,1.0,0.6977984183801427,0.8135567389063535,2,6
yolov8l-seg.pt,MOTS20-05,412,4,1,53,4,1,0,0.8,1.0,0.8888888888888888,0.7059939494067652,0.8211760339225219,2,7
yolov8l-seg.pt,MOTS20-05,413,4,1,58,4,0,0,1.0,1.0,1.0,0.6858193295322399,0.8046730185904427,2,6
yolov8l-seg.pt,MOTS20-05,414,5,1,99,5,0,0,1.0,1.0,1.0,0.7241712192040953,0.8358546293413038,2,7
yolov8l-seg.pt,MOTS20-05,415,6,1,50,5,0,1,1.0,0.8333333333333334,0.9090909090909091,0.7239109887756665,0.8352263247329901,0,5
yolov8l-seg.pt,MOTS20-05,416,6,1,80,5,0,1,1.0,0.8333333333333334,0.9090909090909091,0.7733699276681324,0.8675064182054035,0,5
yolov8l-seg.pt,MOTS20-05,417,6,1,71,5,0,1,1.0,0.8333333333333334,0.9090909090909091,0.7909714135881363,0.8782742251048218,1,6
yolov8l-seg.pt,MOTS20-05,418,6,1,69,4,1,2,0.8,0.6666666666666666,0.7272727272727273,0.7873713201464771,0.874141677802609,2,7
yolov8l-seg.pt,MOTS20-05,419,6,1,51,4,0,2,1.0,0.6666666666666666,0.8,0.788865907759468,0.87389761150158,0,4
yolov8l-seg.pt,MOTS20-05,420,6,1,56,4,1,2,0.8,0.6666666666666666,0.7272727272727273,0.7913354730363543,0.8757142041505732,2,7
yolov8l-seg.pt,MOTS20-05,421,6,1,68,4,0,2,1.0,0.6666666666666666,0.8,0.800174741867416,0.8835674348755969,0,4
yolov8l-seg.pt,MOTS20-05,422,5,1,43,5,0,0,1.0,1.0,1.0,0.7570564644175164,0.8526854712409886,1,6
yolov8l-seg.pt,MOTS20-05,423,6,1,62,5,0,1,1.0,0.8333333333333334,0.9090909090909091,0.7573635934120777,0.8537131334690834,0,5
yolov8l-seg.pt,MOTS20-05,424,5,1,43,4,1,1,0.8,0.8,0.8,0.8033102254547695,0.8847802369547382,0,5
yolov8l-seg.pt,MOTS20-05,425,6,1,53,5,0,1,1.0,0.8333333333333334,0.9090909090909091,0.786261960651428,0.8768130626307681,1,6
yolov8l-seg.pt,MOTS20-05,426,6,1,86,5,1,1,0.8333333333333334,0.8333333333333334,0.8333333333333334,0.7627117477376136,0.8589625506552775,2,8
yolov8l-seg.pt,MOTS20-05,427,6,1,65,5,1,1,0.8333333333333334,0.8333333333333334,0.8333333333333334,0.7451977097335611,0.845713088572366,1,7
yolov8l-seg.pt,MOTS20-05,428,7,1,77,5,1,2,0.8333333333333334,0.7142857142857143,0.7692307692307693,0.8404128132645361,0.9109954476446166,0,6
yolov8l-seg.pt,MOTS20-05,429,7,1,68,6,1,1,0.8571428571428571,0.8571428571428571,0.8571428571428571,0.776249578979512,0.8659408091892856,2,9
yolov8l-seg.pt,MOTS20-05,430,7,1,43,6,1,1,0.8571428571428571,0.8571428571428571,0.8571428571428571,0.8305099610038972,0.9046323235858015,0,7
yolov8l-seg.pt,MOTS20-05,431,8,1,40,6,1,2,0.8571428571428571,0.75,0.8,0.8410572198337177,0.9067815469624804,0,7
yolov8l-seg.pt,MOTS20-05,432,8,1,57,6,0,2,1.0,0.75,0.8571428571428571,0.8258173954429467,0.9007633212337228,0,6
yolov8l-seg.pt,MOTS20-05,433,7,1,65,6,0,1,1.0,0.8571428571428571,0.9230769230769231,0.8165081211654671,0.8937967585826665,1,7
yolov8l-seg.pt,MOTS20-05,434,7,1,54,6,0,1,1.0,0.8571428571428571,0.9230769230769231,0.8012098345553693,0.8854770124755645,3,9
yolov8l-seg.pt,MOTS20-05,435,7,1,58,7,0,0,1.0,1.0,1.0,0.7730216448575538,0.86421318732991,1,8
yolov8l-seg.pt,MOTS20-05,436,7,1,80,6,0,1,1.0,0.8571428571428571,0.9230769230769231,0.7679604691379143,0.8644539341772184,1,7
yolov8l-seg.pt,MOTS20-05,437,8,1,65,6,0,2,1.0,0.75,0.8571428571428571,0.7737239001299755,0.8675159651377292,0,6
yolov8l-seg.pt,MOTS20-05,438,9,1,63,7,1,2,0.875,0.7777777777777778,0.8235294117647058,0.7882560525617955,0.8768097026697479,0,8
yolov8l-seg.pt,MOTS20-05,439,7,1,66,7,0,0,1.0,1.0,1.0,0.8193616689138989,0.8973999399187165,0,7
yolov8l-seg.pt,MOTS20-05,440,6,1,48,6,0,0,1.0,1.0,1.0,0.856052318170621,0.9199417736282963,0,6
yolov8l-seg.pt,MOTS20-05,441,6,0,40,4,0,2,1.0,0.6666666666666666,0.8,0.8469791879710798,0.915672624025545,0,4
yolov8l-seg.pt,MOTS20-05,442,6,0,45,5,0,1,1.0,0.8333333333333334,0.9090909090909091,0.8556690684908294,0.9204273612683915,0,5
yolov8l-seg.pt,MOTS20-05,443,5,0,29,5,2,0,0.7142857142857143,1.0,0.8333333333333334,0.8924442107303581,0.9418874741158317,0,7
yolov8l-seg.pt,MOTS20-05,444,8,1,45,7,0,1,1.0,0.875,0.9333333333333333,0.8340865305456541,0.9032430436950635,0,7
yolov8l-seg.pt,MOTS20-05,445,9,1,58,8,0,1,1.0,0.8888888888888888,0.9411764705882353,0.82973264709394,0.901659175306328,0,8
yolov8l-seg.pt,MOTS20-05,446,9,1,67,8,0,1,1.0,0.8888888888888888,0.9411764705882353,0.8033924383552145,0.8833615299542927,0,8
yolov8l-seg.pt,MOTS20-05,447,9,1,57,8,0,1,1.0,0.8888888888888888,0.9411764705882353,0.8075254834307444,0.8889216327882816,0,8
yolov8l-seg.pt,MOTS20-05,448,9,1,57,9,0,0,1.0,1.0,1.0,0.8156256886651538,0.8924149318812233,0,9
yolov8l-seg.pt,MOTS20-05,449,9,1,46,9,0,0,1.0,1.0,1.0,0.8161556632988044,0.8943641308859807,0,9
yolov8l-seg.pt,MOTS20-05,450,9,1,56,9,0,0,1.0,1.0,1.0,0.8330156445412535,0.9055439124971532,0,9
yolov8l-seg.pt,MOTS20-05,451,9,1,55,8,0,1,1.0,0.8888888888888888,0.9411764705882353,0.8361796786286345,0.9051150316889357,0,8
yolov8l-seg.pt,MOTS20-05,452,9,1,48,7,0,2,1.0,0.7777777777777778,0.875,0.8771549208245107,0.9332873267055349,0,7
yolov8l-seg.pt,MOTS20-05,453,9,1,38,8,0,1,1.0,0.8888888888888888,0.9411764705882353,0.796440424126062,0.8775498212536095,0,8
yolov8l-seg.pt,MOTS20-05,454,9,1,47,8,0,1,1.0,0.8888888888888888,0.9411764705882353,0.8281765117657729,0.9017404551661593,0,8
yolov8l-seg.pt,MOTS20-05,455,9,1,30,7,1,2,0.875,0.7777777777777778,0.8235294117647058,0.8680055244711109,0.9276441268697678,0,8
yolov8l-seg.pt,MOTS20-05,456,9,1,51,8,0,1,1.0,0.8888888888888888,0.9411764705882353,0.8275038625437682,0.9017403192580259,0,8
yolov8l-seg.pt,MOTS20-05,457,9,1,41,7,1,2,0.875,0.7777777777777778,0.8235294117647058,0.8855317736447313,0.9385209738638921,0,8
yolov8l-seg.pt,MOTS20-05,458,9,1,32,8,0,1,1.0,0.8888888888888888,0.9411764705882353,0.8436909898434106,0.9116080669288167,0,8
yolov8l-seg.pt,MOTS20-05,459,9,1,37,7,0,2,1.0,0.7777777777777778,0.875,0.848198458656868,0.9152495961390329,0,7
yolov8l-seg.pt,MOTS20-05,460,9,1,30,7,0,2,1.0,0.7777777777777778,0.875,0.8527177604813306,0.9177375923914363,0,7
yolov8l-seg.pt,MOTS20-05,461,8,1,32,6,0,2,1.0,0.75,0.8571428571428571,0.8879700658677253,0.9396818436344211,1,7
yolov8l-seg.pt,MOTS20-05,462,8,1,42,6,0,2,1.0,0.75,0.8571428571428571,0.8743201675836128,0.9319490561238513,0,6
yolov8l-seg.pt,MOTS20-05,463,8,1,30,6,0,2,1.0,0.75,0.8571428571428571,0.8832861791327714,0.9369077738753323,0,6
yolov8l-seg.pt,MOTS20-05,464,8,1,28,6,0,2,1.0,0.75,0.8571428571428571,0.8829068163263128,0.936382769974392,0,6
yolov8l-seg.pt,MOTS20-05,465,7,1,19,6,0,1,1.0,0.8571428571428571,0.9230769230769231,0.8663248599435079,0.9263190570607992,0,6
yolov8l-seg.pt,MOTS20-05,466,7,1,25,6,0,1,1.0,0.8571428571428571,0.9230769230769231,0.8873105262005744,0.9379445789875932,0,6
yolov8l-seg.pt,MOTS20-05,467,7,1,34,6,0,1,1.0,0.8571428571428571,0.9230769230769231,0.8697708690100973,0.9268152497797734,0,6
yolov8l-seg.pt,MOTS20-05,468,7,1,48,6,0,1,1.0,0.8571428571428571,0.9230769230769231,0.8357585423283607,0.9049961086787821,1,7
yolov8l-seg.pt,MOTS20-05,469,6,1,45,6,0,0,1.0,1.0,1.0,0.8178198974373309,0.8905517857542243,0,6
yolov8l-seg.pt,MOTS20-05,470,6,1,35,6,0,0,1.0,1.0,1.0,0.8277877027235722,0.8985430811359095,0,6
yolov8l-seg.pt,MOTS20-05,471,6,1,40,5,1,1,0.8333333333333334,0.8333333333333334,0.8333333333333334,0.8859039953534911,0.9386697487708616,0,6
yolov8l-seg.pt,MOTS20-05,472,6,1,37,6,0,0,1.0,1.0,1.0,0.8329074329323127,0.9012300637438938,0,6
yolov8l-seg.pt,MOTS20-05,473,5,1,35,5,0,0,1.0,1.0,1.0,0.8768795994006597,0.9320145251662757,0,5
yolov8l-seg.pt,MOTS20-05,474,5,1,24,5,0,0,1.0,1.0,1.0,0.9027539541335228,0.9482827848420297,0,5
yolov8l-seg.pt,MOTS20-05,475,5,1,49,5,0,0,1.0,1.0,1.0,0.89905465597539,0.9465374175008477,0,5
yolov8l-seg.pt,MOTS20-05,476,5,1,46,5,0,0,1.0,1.0,1.0,0.8905634347530492,0.9406832086236658,1,6
yolov8l-seg.pt,MOTS20-05,477,5,1,60,5,0,0,1.0,1.0,1.0,0.8835649152825106,0.9368135256492696,0,5
yolov8l-seg.pt,MOTS20-05,478,5,1,55,5,0,0,1.0,1.0,1.0,0.8857046189343871,0.9384915464202219,0,5
yolov8l-seg.pt,MOTS20-05,479,5,1,32,5,1,0,0.8333333333333334,1.0,0.9090909090909091,0.8942764805418151,0.9434918960905858,0,6
yolov8l-seg.pt,MOTS20-05,480,5,1,21,5,1,0,0.8333333333333334,1.0,0.9090909090909091,0.869005849100662,0.9284139998985049,1,7
yolov8l-seg.pt,MOTS20-05,481,5,1,45,5,0,0,1.0,1.0,1.0,0.8470483646780964,0.9124817120071113,1,6
yolov8l-seg.pt,MOTS20-05,482,5,1,43,5,0,0,1.0,1.0,1.0,0.8641608098960356,0.9230754460854207,2,7
yolov8l-seg.pt,MOTS20-05,483,5,1,37,4,0,1,1.0,0.8,0.8888888888888888,0.9146167194358195,0.9553413190692741,1,5
yolov8l-seg.pt,MOTS20-05,484,5,1,61,4,0,1,1.0,0.8,0.8888888888888888,0.9198714145049336,0.9581937552922524,0,4
yolov8l-seg.pt,MOTS20-05,485,5,1,44,4,0,1,1.0,0.8,0.8888888888888888,0.9079737836094725,0.9517402196415501,2,6
yolov8l-seg.pt,MOTS20-05,486,5,1,45,4,0,1,1.0,0.8,0.8888888888888888,0.9054040463561022,0.9502873512937676,1,5
yolov8l-seg.pt,MOTS20-05,487,5,1,41,4,0,1,1.0,0.8,0.8888888888888888,0.9117602572204397,0.953747583364605,1,5
yolov8l-seg.pt,MOTS20-05,488,5,1,47,4,0,1,1.0,0.8,0.8888888888888888,0.8921114603333422,0.9429136500080547,2,6
yolov8l-seg.pt,MOTS20-05,489,5,1,43,4,0,1,1.0,0.8,0.8888888888888888,0.8923768198944769,0.943085460410647,1,5
yolov8l-seg.pt,MOTS20-05,490,5,1,72,4,0,1,1.0,0.8,0.8888888888888888,0.8885670245681285,0.9406513193819742,0,4
yolov8l-seg.pt,MOTS20-05,491,5,1,74,4,0,1,1.0,0.8,0.8888888888888888,0.8864999271278888,0.9397604416430421,0,4
yolov8l-seg.pt,MOTS20-05,492,5,1,59,4,1,1,0.8,0.8,0.8,0.8860506344448713,0.9394665807009297,0,5
yolov8l-seg.pt,MOTS20-05,493,5,1,77,4,1,1,0.8,0.8,0.8,0.8916527850150442,0.9422940038994913,0,5
yolov8l-seg.pt,MOTS20-05,494,5,1,53,4,0,1,1.0,0.8,0.8888888888888888,0.8923171458256615,0.9426215664821719,0,4
yolov8l-seg.pt,MOTS20-05,495,5,1,63,4,1,1,0.8,0.8,0.8,0.8917870547636639,0.9419883575817218,0,5
yolov8l-seg.pt,MOTS20-05,496,5,1,38,4,2,1,0.6666666666666666,0.8,0.7272727272727273,0.8968284951378654,0.944884799237784,0,6
yolov8l-seg.pt,MOTS20-05,497,5,1,61,5,0,0,1.0,1.0,1.0,0.833613705415949,0.9029423345376394,0,5
yolov8l-seg.pt,MOTS20-05,498,5,1,62,5,0,0,1.0,1.0,1.0,0.8655632073010263,0.9260412896623281,0,5
yolov8l-seg.pt,MOTS20-05,499,5,1,64,5,1,0,0.8333333333333334,1.0,0.9090909090909091,0.835415149317283,0.9042587887125058,0,6
yolov8l-seg.pt,MOTS20-05,500,5,1,43,5,0,0,1.0,1.0,1.0,0.8758937601897496,0.933027977118219,0,5
yolov8l-seg.pt,MOTS20-05,501,5,1,60,5,0,0,1.0,1.0,1.0,0.8146150808643347,0.8902947892068458,0,5
yolov8l-seg.pt,MOTS20-05,502,5,1,56,5,0,0,1.0,1.0,1.0,0.8100613719363814,0.8885820570974253,1,6
yolov8l-seg.pt,MOTS20-05,503,6,1,39,6,1,0,0.8571428571428571,1.0,0.9230769230769231,0.7723006756470876,0.8646185715144398,0,7
yolov8l-seg.pt,MOTS20-05,504,6,0,42,4,0,2,1.0,0.6666666666666666,0.8,0.8766875217825857,0.9340294720137154,0,4
yolov8l-seg.pt,MOTS20-05,505,6,0,36,4,0,2,1.0,0.6666666666666666,0.8,0.9121935324195082,0.953979179563532,0,4
yolov8l-seg.pt,MOTS20-05,506,6,0,26,5,0,1,1.0,0.8333333333333334,0.9090909090909091,0.8466835089019715,0.9117462272019846,0,5
yolov8l-seg.pt,MOTS20-05,507,6,0,21,5,0,1,1.0,0.8333333333333334,0.9090909090909091,0.8728069267955855,0.9305236739724718,0,5
yolov8l-seg.pt,MOTS20-05,508,6,0,26,5,0,1,1.0,0.8333333333333334,0.9090909090909091,0.8770433929937799,0.9335948730003629,0,5
yolov8l-seg.pt,MOTS20-05,509,5,1,31,5,0,0,1.0,1.0,1.0,0.8652307882322132,0.926397346012242,0,5
yolov8l-seg.pt,MOTS20-05,510,5,1,34,5,0,0,1.0,1.0,1.0,0.848873852274599,0.9153717396304053,0,5
yolov8l-seg.pt,MOTS20-05,511,7,0,29,6,0,1,1.0,0.8571428571428571,0.9230769230769231,0.8181604932669893,0.8965711599499929,0,6
yolov8l-seg.pt,MOTS20-05,512,7,0,36,5,0,2,1.0,0.7142857142857143,0.8333333333333334,0.8631818562557294,0.9257332076645474,0,5
yolov8l-seg.pt,MOTS20-05,513,7,0,16,5,0,2,1.0,0.7142857142857143,0.8333333333333334,0.895401018065811,0.9446593937221129,0,5
yolov8l-seg.pt,MOTS20-05,514,7,0,12,5,0,2,1.0,0.7142857142857143,0.8333333333333334,0.8960876381104294,0.9451693869539662,0,5
yolov8l-seg.pt,MOTS20-05,515,6,1,17,5,0,1,1.0,0.8333333333333334,0.9090909090909091,0.8899778041958648,0.9416436596950964,0,5
yolov8l-seg.pt,MOTS20-05,516,6,0,35,6,0,0,1.0,1.0,1.0,0.8222143196136423,0.8945165596709254,0,6
yolov8l-seg.pt,MOTS20-05,517,6,1,28,5,0,1,1.0,0.8333333333333334,0.9090909090909091,0.8990720039638797,0.9467185088956136,0,5
yolov8l-seg.pt,MOTS20-05,518,6,1,14,5,0,1,1.0,0.8333333333333334,0.9090909090909091,0.8556562997888761,0.9215957085004887,0,5
yolov8l-seg.pt,MOTS20-05,519,4,1,20,3,0,1,1.0,0.75,0.8571428571428571,0.8747619502816696,0.9307939167489381,0,3
yolov8l-seg.pt,MOTS20-05,520,4,1,19,3,0,1,1.0,0.75,0.8571428571428571,0.8692605599479507,0.9291311968197151,0,3
yolov8l-seg.pt,MOTS20-05,521,4,1,21,3,1,1,0.75,0.75,0.75,0.9078382711669707,0.9511629520261109,0,4
yolov8l-seg.pt,MOTS20-05,522,4,1,22,3,0,1,1.0,0.75,0.8571428571428571,0.862430709436062,0.9231111570368778,0,3
yolov8l-seg.pt,MOTS20-05,523,4,1,38,3,0,1,1.0,0.75,0.8571428571428571,0.8991117572296906,0.9459477627907518,0,3
yolov8l-seg.pt,MOTS20-05,524,4,1,40,3,0,1,1.0,0.75,0.8571428571428571,0.9001557629870739,0.9469496814104117,1,4
yolov8l-seg.pt,MOTS20-05,525,4,1,24,4,0,0,1.0,1.0,1.0,0.8482991409149264,0.9114207063107113,0,4
yolov8l-seg.pt,MOTS20-05,526,5,1,19,4,0,1,1.0,0.8,0.8888888888888888,0.8945570421337941,0.9427198898837154,0,4
yolov8l-seg.pt,MOTS20-05,527,5,1,32,5,0,0,1.0,1.0,1.0,0.8558267354029224,0.9187909429403763,0,5
yolov8l-seg.pt,MOTS20-05,528,5,1,16,5,0,0,1.0,1.0,1.0,0.9020357881864054,0.9473825715535688,0,5
yolov8l-seg.pt,MOTS20-05,529,6,1,21,5,0,1,1.0,0.8333333333333334,0.9090909090909091,0.9075415938948943,0.950752870049185,0,5
yolov8l-seg.pt,MOTS20-05,530,7,1,37,5,0,2,1.0,0.7142857142857143,0.8333333333333334,0.871574966907216,0.9295566097529168,0,5
yolov8l-seg.pt,MOTS20-05,531,8,1,60,5,0,3,1.0,0.625,0.7692307692307693,0.8718882874366155,0.9304528504770616,0,5
yolov8l-seg.pt,MOTS20-05,532,8,1,39,6,1,2,0.8571428571428571,0.75,0.8,0.8755697987678149,0.9329184069125686,0,7
yolov8l-seg.pt,MOTS20-05,533,8,1,44,7,0,1,1.0,0.875,0.9333333333333333,0.8402261460272236,0.9109995595779122,0,7
yolov8l-seg.pt,MOTS20-05,534,8,1,52,7,0,1,1.0,0.875,0.9333333333333333,0.8337823703949753,0.9032580198519169,0,7
yolov8l-seg.pt,MOTS20-05,535,8,1,47,6,2,2,0.75,0.75,0.75,0.8531659212887345,0.9163987549331543,0,8
yolov8l-seg.pt,MOTS20-05,536,8,1,54,7,0,1,1.0,0.875,0.9333333333333333,0.861757399619197,0.9234559530469751,0,7
yolov8l-seg.pt,MOTS20-05,537,9,1,50,8,0,1,1.0,0.8888888888888888,0.9411764705882353,0.8530432887143142,0.9186220036836833,0,8
yolov8l-seg.pt,MOTS20-05,538,9,0,41,8,2,1,0.8,0.8888888888888888,0.8421052631578947,0.8725637540565692,0.9311353070466548,0,10
yolov8l-seg.pt,MOTS20-05,539,9,0,30,8,0,1,1.0,0.8888888888888888,0.9411764705882353,0.8730873346357982,0.9310105355684329,0,8
yolov8l-seg.pt,MOTS20-05,540,9,1,29,8,0,1,1.0,0.8888888888888888,0.9411764705882353,0.8535130261087277,0.9191599897794513,0,8
yolov8l-seg.pt,MOTS20-05,541,9,1,39,8,0,1,1.0,0.8888888888888888,0.9411764705882353,0.8737413610392248,0.9319506676926161,0,8
yolov8l-seg.pt,MOTS20-05,542,9,1,38,9,0,0,1.0,1.0,1.0,0.8617173216902931,0.9250067386048172,0,9
yolov8l-seg.pt,MOTS20-05,543,9,1,58,9,0,0,1.0,1.0,1.0,0.8488544904908601,0.9153246735950924,0,9
yolov8l-seg.pt,MOTS20-05,544,8,1,80,8,0,0,1.0,1.0,1.0,0.8055436568781935,0.8882423422366821,0,8
yolov8l-seg.pt,MOTS20-05,545,8,1,70,7,1,1,0.875,0.875,0.875,0.8627917796625756,0.9258366236129897,0,8
yolov8l-seg.pt,MOTS20-05,546,8,1,70,7,1,1,0.875,0.875,0.875,0.83667152877262,0.9088980555646823,0,8
yolov8l-seg.pt,MOTS20-05,547,7,1,74,6,1,1,0.8571428571428571,0.8571428571428571,0.8571428571428571,0.8646143912796508,0.9268899411983994,1,8
yolov8l-seg.pt,MOTS20-05,548,7,1,61,6,1,1,0.8571428571428571,0.8571428571428571,0.8571428571428571,0.8643870816716054,0.9268702449053522,0,7
yolov8l-seg.pt,MOTS20-05,549,7,1,64,6,0,1,1.0,0.8571428571428571,0.9230769230769231,0.8703208797816293,0.9304586201609729,0,6
yolov8l-seg.pt,MOTS20-05,550,7,1,74,6,0,1,1.0,0.8571428571428571,0.9230769230769231,0.8719273081637003,0.9313400109039872,0,6
yolov8l-seg.pt,MOTS20-05,551,7,1,57,6,0,1,1.0,0.8571428571428571,0.9230769230769231,0.8816557744501315,0.9368159330795044,0,6
yolov8l-seg.pt,MOTS20-05,552,8,1,64,6,1,2,0.8571428571428571,0.75,0.8,0.8695095810309542,0.9293213413061195,0,7
yolov8l-seg.pt,MOTS20-05,553,8,1,78,6,2,2,0.75,0.75,0.75,0.8761478087675628,0.9327865619490431,0,8
yolov8l-seg.pt,MOTS20-05,554,9,1,77,7,0,2,1.0,0.7777777777777778,0.875,0.8021549791078353,0.8806044726198995,0,7
yolov8l-seg.pt,MOTS20-05,555,9,1,73,6,1,3,0.8571428571428571,0.6666666666666666,0.75,0.8379437169807465,0.9045310897343161,0,7
yolov8l-seg.pt,MOTS20-05,556,9,1,69,7,0,2,1.0,0.7777777777777778,0.875,0.8636918483681537,0.9249888099268816,0,7
yolov8l-seg.pt,MOTS20-05,557,9,1,53,6,0,3,1.0,0.6666666666666666,0.8,0.8868583494576573,0.9398091949328905,0,6
yolov8l-seg.pt,MOTS20-05,558,9,1,62,6,1,3,0.8571428571428571,0.6666666666666666,0.75,0.8586756984706243,0.9228235442076173,0,7
yolov8l-seg.pt,MOTS20-05,559,9,1,57,6,0,3,1.0,0.6666666666666666,0.8,0.8894460519610504,0.9411131045513939,0,6
yolov8l-seg.pt,MOTS20-05,560,9,1,44,7,1,2,0.875,0.7777777777777778,0.8235294117647058,0.8403805988421394,0.907189178697277,0,8
yolov8l-seg.pt,MOTS20-05,561,9,1,53,7,1,2,0.875,0.7777777777777778,0.8235294117647058,0.8577000183454927,0.9210180442604996,0,8
yolov8l-seg.pt,MOTS20-05,562,9,1,53,6,2,3,0.75,0.6666666666666666,0.7058823529411765,0.8806295975041832,0.9353811705985695,0,8
yolov8l-seg.pt,MOTS20-05,563,9,1,46,6,0,3,1.0,0.6666666666666666,0.8,0.8677564105109689,0.9278451839411058,0,6
yolov8l-seg.pt,MOTS20-05,564,7,1,56,5,0,2,1.0,0.7142857142857143,0.8333333333333334,0.8727319236471169,0.9317894418731407,1,6
yolov8l-seg.pt,MOTS20-05,565,7,1,59,4,0,3,1.0,0.5714285714285714,0.7272727272727273,0.88503391460717,0.9388833083234733,0,4
yolov8l-seg.pt,MOTS20-05,566,6,1,39,4,0,2,1.0,0.6666666666666666,0.8,0.9049985388455363,0.9499156615124076,0,4
yolov8l-seg.pt,MOTS20-05,567,5,1,59,3,0,2,1.0,0.6,0.75,0.910171119098023,0.9529521841133796,1,4
yolov8l-seg.pt,MOTS20-05,568,7,1,55,3,1,4,0.75,0.42857142857142855,0.5454545454545454,0.9066560489891459,0.950970094436062,1,5
yolov8l-seg.pt,MOTS20-05,569,7,1,47,4,1,3,0.8,0.5714285714285714,0.6666666666666666,0.8415817985097561,0.9046611593262637,0,5
yolov8l-seg.pt,MOTS20-05,570,6,1,52,4,0,2,1.0,0.6666666666666666,0.8,0.9286900643873,0.9629294064601536,0,4
yolov8l-seg.pt,MOTS20-05,571,6,1,30,4,0,2,1.0,0.6666666666666666,0.8,0.9371933154591968,0.9675428031618205,0,4
yolov8l-seg.pt,MOTS20-05,572,6,1,22,4,1,2,0.8,0.6666666666666666,0.7272727272727273,0.9205646937392042,0.9582341984012145,0,5
yolov8l-seg.pt,MOTS20-05,573,6,1,33,4,1,2,0.8,0.6666666666666666,0.7272727272727273,0.8946650156698556,0.942696688205924,0,5
yolov8l-seg.pt,MOTS20-05,574,5,1,72,2,0,3,1.0,0.4,0.5714285714285714,0.9212119478888234,0.9588472008705846,1,3
yolov8l-seg.pt,MOTS20-05,575,5,1,57,2,0,3,1.0,0.4,0.5714285714285714,0.9424339834082835,0.970361009114204,0,2
yolov8l-seg.pt,MOTS20-05,576,5,1,33,2,0,3,1.0,0.4,0.5714285714285714,0.9390393440771829,0.9685610668077165,0,2
yolov8l-seg.pt,MOTS20-05,577,4,1,28,2,0,2,1.0,0.5,0.6666666666666666,0.9275388423903479,0.9623965705439474,0,2
yolov8l-seg.pt,MOTS20-05,578,5,1,48,2,0,3,1.0,0.4,0.5714285714285714,0.9525670566600307,0.9757070008856255,0,2
yolov8l-seg.pt,MOTS20-05,579,5,1,50,4,1,1,0.8,0.8,0.8,0.8730763089247717,0.930113985935392,0,5
yolov8l-seg.pt,MOTS20-05,580,5,1,56,3,0,2,1.0,0.6,0.75,0.9044392624187156,0.9495419175309546,0,3
yolov8l-seg.pt,MOTS20-05,581,5,1,34,4,0,1,1.0,0.8,0.8888888888888888,0.8226086433872631,0.8995026341520149,0,4
yolov8l-seg.pt,MOTS20-05,582,6,1,42,4,1,2,0.8,0.6666666666666666,0.7272727272727273,0.8084116081201073,0.8883268046484845,0,5
yolov8l-seg.pt,MOTS20-05,583,5,1,33,4,2,1,0.6666666666666666,0.8,0.7272727272727273,0.8374156120822257,0.9082526274262609,0,6
yolov8l-seg.pt,MOTS20-05,584,5,1,29,4,2,1,0.6666666666666666,0.8,0.7272727272727273,0.8254804755546399,0.9028129007056351,0,6
yolov8l-seg.pt,MOTS20-05,585,6,1,46,5,2,1,0.7142857142857143,0.8333333333333334,0.7692307692307693,0.8024618560406955,0.8869962736195944,0,7
yolov8l-seg.pt,MOTS20-05,586,6,1,30,4,1,2,0.8,0.6666666666666666,0.7272727272727273,0.8338041343384287,0.9069875150156974,0,5
yolov8l-seg.pt,MOTS20-05,587,6,1,42,5,0,1,1.0,0.8333333333333334,0.9090909090909091,0.80776009952682,0.88860279769144,0,5
yolov8l-seg.pt,MOTS20-05,588,5,1,32,5,0,0,1.0,1.0,1.0,0.7747334459758101,0.8676126097891089,0,5
yolov8l-seg.pt,MOTS20-05,589,6,1,56,4,0,2,1.0,0.6666666666666666,0.8,0.8076545460872177,0.8892778024406379,0,4
yolov8l-seg.pt,MOTS20-05,590,6,1,61,4,1,2,0.8,0.6666666666666666,0.7272727272727273,0.8000900547180059,0.8851724798704668,0,5
yolov8l-seg.pt,MOTS20-05,591,6,1,69,5,0,1,1.0,0.8333333333333334,0.9090909090909091,0.752469220215983,0.8519972170396797,1,6
yolov8l-seg.pt,MOTS20-05,592,6,1,43,5,0,1,1.0,0.8333333333333334,0.9090909090909091,0.7674757931122472,0.8620004263864868,1,6
yolov8l-seg.pt,MOTS20-05,593,6,1,54,5,1,1,0.8333333333333334,0.8333333333333334,0.8333333333333334,0.8431140065729614,0.9129006664497081,1,7
yolov8l-seg.pt,MOTS20-05,594,6,1,51,4,1,2,0.8,0.6666666666666666,0.7272727272727273,0.8067255629111529,0.8852928531280987,0,5
yolov8l-seg.pt,MOTS20-05,595,6,1,51,5,1,1,0.8333333333333334,0.8333333333333334,0.8333333333333334,0.8032195908873214,0.8850928782070321,1,7
yolov8l-seg.pt,MOTS20-05,596,6,1,53,6,1,0,0.8571428571428571,1.0,0.9230769230769231,0.7882736359863628,0.878861212025129,2,9
yolov8l-seg.pt,MOTS20-05,597,6,1,55,5,1,1,0.8333333333333334,0.8333333333333334,0.8333333333333334,0.8010129710179432,0.8838470981971762,0,6
yolov8l-seg.pt,MOTS20-05,598,5,1,58,4,0,1,1.0,0.8,0.8888888888888888,0.8182340393319338,0.8948668450757025,3,7
yolov8l-seg.pt,MOTS20-05,599,5,1,66,5,0,0,1.0,1.0,1.0,0.7703461814570423,0.8630568797290314,1,6
yolov8l-seg.pt,MOTS20-05,600,5,1,58,3,0,2,1.0,0.6,0.75,0.8085018828049567,0.8894677701234133,1,4
yolov8l-seg.pt,MOTS20-05,601,5,1,46,4,0,1,1.0,0.8,0.8888888888888888,0.8049101388420027,0.8882293587036372,0,4
yolov8l-seg.pt,MOTS20-05,602,5,1,55,4,0,1,1.0,0.8,0.8888888888888888,0.8309139079653419,0.9054228860559015,0,4
yolov8l-seg.pt,MOTS20-05,603,5,1,65,4,1,1,0.8,0.8,0.8,0.7961184485081478,0.8757764696468211,0,5
yolov8l-seg.pt,MOTS20-05,604,6,1,49,3,2,3,0.6,0.5,0.5454545454545454,0.915080129509847,0.9556080650758402,0,5
yolov8l-seg.pt,MOTS20-05,605,6,1,47,5,2,1,0.7142857142857143,0.8333333333333334,0.7692307692307693,0.8162911937698792,0.8958641508654198,0,7
yolov8l-seg.pt,MOTS20-05,606,6,1,49,5,2,1,0.7142857142857143,0.8333333333333334,0.7692307692307693,0.8279389923630088,0.9041148335624039,0,7
yolov8l-seg.pt,MOTS20-05,607,6,1,30,5,1,1,0.8333333333333334,0.8333333333333334,0.8333333333333334,0.8320163923358967,0.9061125695159655,0,6
yolov8l-seg.pt,MOTS20-05,608,6,1,52,6,0,0,1.0,1.0,1.0,0.8225701315286535,0.9008383587182562,0,6
yolov8l-seg.pt,MOTS20-05,609,5,1,64,4,1,1,0.8,0.8,0.8,0.8274118579309466,0.9023156335100535,0,5
yolov8l-seg.pt,MOTS20-05,610,6,1,55,4,1,2,0.8,0.6666666666666666,0.7272727272727273,0.8489640715948406,0.9168401126716935,0,5
yolov8l-seg.pt,MOTS20-05,611,6,1,53,5,0,1,1.0,0.8333333333333334,0.9090909090909091,0.8400259378897962,0.9112977943967457,0,5
yolov8l-seg.pt,MOTS20-05,612,6,1,25,5,0,1,1.0,0.8333333333333334,0.9090909090909091,0.8513821757502956,0.9189904002922941,0,5
yolov8l-seg.pt,MOTS20-05,613,6,1,26,5,1,1,0.8333333333333334,0.8333333333333334,0.8333333333333334,0.8444510383940832,0.9143024871264636,0,6
yolov8l-seg.pt,MOTS20-05,614,5,1,44,5,0,0,1.0,1.0,1.0,0.8721429917812943,0.9313047070683169,0,5
yolov8l-seg.pt,MOTS20-05,615,5,1,28,5,0,0,1.0,1.0,1.0,0.8987242036840357,0.946509348313137,0,5
yolov8l-seg.pt,MOTS20-05,616,7,1,24,7,0,0,1.0,1.0,1.0,0.8343599176238554,0.9071266297462676,0,7
yolov8l-seg.pt,MOTS20-05,617,7,1,23,7,0,0,1.0,1.0,1.0,0.8788465657359984,0.9351148193756255,0,7
yolov8l-seg.pt,MOTS20-05,618,7,1,22,7,0,0,1.0,1.0,1.0,0.8613578355252499,0.9243412286984929,0,7
yolov8l-seg.pt,MOTS20-05,619,7,0,21,6,0,1,1.0,0.8571428571428571,0.9230769230769231,0.8863112495785197,0.93932859424357,0,6
yolov8l-seg.pt,MOTS20-05,620,6,0,13,6,0,0,1.0,1.0,1.0,0.8971269839067384,0.9455261608751565,0,6
yolov8l-seg.pt,MOTS20-05,621,6,0,14,6,0,0,1.0,1.0,1.0,0.8972125995384262,0.9452835893269519,0,6
yolov8l-seg.pt,MOTS20-05,622,6,0,13,6,0,0,1.0,1.0,1.0,0.8979867717777084,0.9460127470657094,0,6
yolov8l-seg.pt,MOTS20-05,623,6,1,13,6,0,0,1.0,1.0,1.0,0.8952958719071152,0.9444101459818756,0,6
yolov8l-seg.pt,MOTS20-05,624,6,1,24,6,0,0,1.0,1.0,1.0,0.8747667110466114,0.9326292019194939,0,6
yolov8l-seg.pt,MOTS20-05,625,7,1,30,4,1,3,0.8,0.5714285714285714,0.6666666666666666,0.8716689588122606,0.9301871467695533,0,5
yolov8l-seg.pt,MOTS20-05,626,7,1,43,4,0,3,1.0,0.5714285714285714,0.7272727272727273,0.9008255736930911,0.9474418238904805,0,4
yolov8l-seg.pt,MOTS20-05,627,6,1,30,4,0,2,1.0,0.6666666666666666,0.8,0.8945324338391367,0.9434743471210257,0,4
yolov8l-seg.pt,MOTS20-05,628,7,1,38,5,0,2,1.0,0.7142857142857143,0.8333333333333334,0.8523328810110687,0.9157822281609063,0,5
yolov8l-seg.pt,MOTS20-05,629,7,0,36,5,0,2,1.0,0.7142857142857143,0.8333333333333334,0.8715174202531312,0.9295138652178097,0,5
yolov8l-seg.pt,MOTS20-05,630,7,1,48,5,0,2,1.0,0.7142857142857143,0.8333333333333334,0.8705270235909364,0.9292911165836376,0,5
yolov8l-seg.pt,MOTS20-05,631,8,0,51,6,0,2,1.0,0.75,0.8571428571428571,0.8435535778380855,0.9133865684173448,0,6
yolov8l-seg.pt,MOTS20-05,632,8,0,32,6,1,2,0.8571428571428571,0.75,0.8,0.8671848378178728,0.9281840330875907,0,7
yolov8l-seg.pt,MOTS20-05,633,8,0,44,7,0,1,1.0,0.875,0.9333333333333333,0.8796381605496512,0.9351476810378659,0,7
yolov8l-seg.pt,MOTS20-05,634,8,0,69,7,0,1,1.0,0.875,0.9333333333333333,0.8679128938111474,0.9269427281764023,0,7
yolov8l-seg.pt,MOTS20-05,635,8,1,62,5,2,3,0.7142857142857143,0.625,0.6666666666666666,0.8764814026421645,0.9329414738785395,0,7
yolov8l-seg.pt,MOTS20-05,636,7,1,36,5,0,2,1.0,0.7142857142857143,0.8333333333333334,0.8845336457308728,0.9380801620945588,0,5
yolov8l-seg.pt,MOTS20-05,637,6,1,29,5,0,1,1.0,0.8333333333333334,0.9090909090909091,0.8791866066859896,0.9351725445888874,0,5
yolov8l-seg.pt,MOTS20-05,638,6,1,49,5,0,1,1.0,0.8333333333333334,0.9090909090909091,0.9049961671993119,0.9496675771249835,0,5
yolov8l-seg.pt,MOTS20-05,639,6,1,45,5,0,1,1.0,0.8333333333333334,0.9090909090909091,0.8879570798715235,0.9399680207518027,0,5
yolov8l-seg.pt,MOTS20-05,640,6,1,64,6,0,0,1.0,1.0,1.0,0.8614324589900656,0.9244463707860903,0,6
yolov8l-seg.pt,MOTS20-05,641,6,1,35,6,0,0,1.0,1.0,1.0,0.83622742352212,0.9088342191148054,0,6
yolov8l-seg.pt,MOTS20-05,642,6,1,58,6,0,0,1.0,1.0,1.0,0.8570654719502359,0.9221062509852457,0,6
yolov8l-seg.pt,MOTS20-05,643,6,1,48,6,0,0,1.0,1.0,1.0,0.8679220286230294,0.928697172845891,0,6
yolov8l-seg.pt,MOTS20-05,644,6,1,42,6,1,0,0.8571428571428571,1.0,0.9230769230769231,0.8727594107739405,0.9313433499059324,0,7
yolov8l-seg.pt,MOTS20-05,645,6,1,45,5,0,1,1.0,0.8333333333333334,0.9090909090909091,0.8469969965799706,0.9138417301600695,0,5
yolov8l-seg.pt,MOTS20-05,646,5,1,52,5,0,0,1.0,1.0,1.0,0.8597756502192206,0.9237784930818073,0,5
yolov8l-seg.pt,MOTS20-05,647,5,1,54,5,0,0,1.0,1.0,1.0,0.8473198789581987,0.9160632250206001,0,5
yolov8l-seg.pt,MOTS20-05,648,5,1,52,5,0,0,1.0,1.0,1.0,0.8228740038561886,0.899764791816567,0,5
yolov8l-seg.pt,MOTS20-05,649,5,1,41,5,1,0,0.8333333333333334,1.0,0.9090909090909091,0.833862791692092,0.9068855268396261,0,6
yolov8l-seg.pt,MOTS20-05,650,5,1,58,5,0,0,1.0,1.0,1.0,0.86376836998237,0.9256699410660559,0,5
yolov8l-seg.pt,MOTS20-05,651,5,1,64,5,0,0,1.0,1.0,1.0,0.8449810035742843,0.9136388180128623,0,5
yolov8l-seg.pt,MOTS20-05,652,5,1,65,4,0,1,1.0,0.8,0.8888888888888888,0.8768054921149158,0.9338774518665207,0,4
yolov8l-seg.pt,MOTS20-05,653,5,1,58,4,0,1,1.0,0.8,0.8888888888888888,0.8606498260641879,0.9245383532279652,0,4
yolov8l-seg.pt,MOTS20-05,654,5,1,47,4,0,1,1.0,0.8,0.8888888888888888,0.8663138158861828,0.9276556156986298,0,4
yolov8l-seg.pt,MOTS20-05,655,6,1,51,4,0,2,1.0,0.6666666666666666,0.8,0.8411927776824292,0.9119568734285352,0,4
yolov8l-seg.pt,MOTS20-05,656,6,1,54,4,0,2,1.0,0.6666666666666666,0.8,0.885916064585327,0.9390274408748959,0,4
yolov8l-seg.pt,MOTS20-05,657,6,1,45,5,0,1,1.0,0.8333333333333334,0.9090909090909091,0.8751807278748158,0.932966830040377,0,5
yolov8l-seg.pt,MOTS20-05,658,6,1,60,5,0,1,1.0,0.8333333333333334,0.9090909090909091,0.8736041736264086,0.9319497671934448,0,5
yolov8l-seg.pt,MOTS20-05,659,7,1,54,5,0,2,1.0,0.7142857142857143,0.8333333333333334,0.8145446099898626,0.8958479727416073,0,5
yolov8l-seg.pt,MOTS20-05,660,6,1,52,5,0,1,1.0,0.8333333333333334,0.9090909090909091,0.8493536751265335,0.9170655569368842,0,5
yolov8l-seg.pt,MOTS20-05,661,5,1,54,5,0,0,1.0,1.0,1.0,0.8560848866671303,0.9214380209913344,0,5
yolov8l-seg.pt,MOTS20-05,662,5,1,58,5,1,0,0.8333333333333334,1.0,0.9090909090909091,0.8685191940109901,0.9289705531164125,0,6
yolov8l-seg.pt,MOTS20-05,663,5,1,62,5,1,0,0.8333333333333334,1.0,0.9090909090909091,0.8625081162176078,0.925244269726593,0,6
yolov8l-seg.pt,MOTS20-05,664,5,1,52,5,1,0,0.8333333333333334,1.0,0.9090909090909091,0.8750758820095719,0.932855429753349,0,6
yolov8l-seg.pt,MOTS20-05,665,6,1,48,5,0,1,1.0,0.8333333333333334,0.9090909090909091,0.8595960303948915,0.92330317708465,1,6
yolov8l-seg.pt,MOTS20-05,666,6,1,39,5,0,1,1.0,0.8333333333333334,0.9090909090909091,0.8827637406618646,0.9371495307371218,1,6
yolov8l-seg.pt,MOTS20-05,667,7,1,43,6,2,1,0.75,0.8571428571428571,0.8,0.8446731359793219,0.9129160227974219,0,8
yolov8l-seg.pt,MOTS20-05,668,7,1,40,7,1,0,0.875,1.0,0.9333333333333333,0.8643559472638476,0.9258474594602492,0,8
yolov8l-seg.pt,MOTS20-05,669,8,1,27,7,0,1,1.0,0.875,0.9333333333333333,0.8740959641269226,0.9321816377640559,0,7
yolov8l-seg.pt,MOTS20-05,670,8,1,54,7,0,1,1.0,0.875,0.9333333333333333,0.8659029314182513,0.9270479049214059,0,7
yolov8l-seg.pt,MOTS20-05,671,7,1,51,7,0,0,1.0,1.0,1.0,0.8720292280660333,0.93116559204456,0,7
yolov8l-seg.pt,MOTS20-05,672,8,1,55,7,0,1,1.0,0.875,0.9333333333333333,0.8474818212853146,0.9165939612253753,0,7
yolov8l-seg.pt,MOTS20-05,673,7,1,64,6,0,1,1.0,0.8571428571428571,0.9230769230769231,0.8748317846172878,0.9328173393097176,0,6
yolov8l-seg.pt,MOTS20-05,674,7,1,41,7,0,0,1.0,1.0,1.0,0.8576918101586145,0.9212603322793408,0,7
yolov8l-seg.pt,MOTS20-05,675,7,1,66,7,0,0,1.0,1.0,1.0,0.8125184253582101,0.8917772987652456,0,7
yolov8l-seg.pt,MOTS20-05,676,7,1,42,6,1,1,0.8571428571428571,0.8571428571428571,0.8571428571428571,0.8232729770613586,0.8969767880184684,0,7
yolov8l-seg.pt,MOTS20-05,677,9,1,46,6,0,3,1.0,0.6666666666666666,0.8,0.8263290191019217,0.8977683716154382,0,6
yolov8l-seg.pt,MOTS20-05,678,8,1,64,6,0,2,1.0,0.75,0.8571428571428571,0.791900825029484,0.8769731280393539,1,7
yolov8l-seg.pt,MOTS20-05,679,8,1,64,7,1,1,0.875,0.875,0.875,0.8287337032684372,0.9023662380287382,0,8
yolov8l-seg.pt,MOTS20-05,680,8,1,56,7,1,1,0.875,0.875,0.875,0.8505350102804016,0.917600779797558,0,8
yolov8l-seg.pt,MOTS20-05,681,9,1,78,7,0,2,1.0,0.7777777777777778,0.875,0.8620113948238444,0.9240704946209456,0,7
yolov8l-seg.pt,MOTS20-05,682,9,1,61,7,0,2,1.0,0.7777777777777778,0.875,0.8829856413909309,0.9376072658974376,0,7
yolov8l-seg.pt,MOTS20-05,683,8,1,73,7,0,1,1.0,0.875,0.9333333333333333,0.887131177900046,0.9398123012001898,0,7
yolov8l-seg.pt,MOTS20-05,684,7,1,70,6,0,1,1.0,0.8571428571428571,0.9230769230769231,0.8769238660603819,0.9339247693134435,0,6
yolov8l-seg.pt,MOTS20-05,685,7,1,70,6,2,1,0.75,0.8571428571428571,0.8,0.8694582838943129,0.9297203600237228,0,8
yolov8l-seg.pt,MOTS20-05,686,8,1,82,6,0,2,1.0,0.75,0.8571428571428571,0.8788367205231599,0.9350854242089656,0,6
yolov8l-seg.pt,MOTS20-05,687,8,1,92,7,2,1,0.7777777777777778,0.875,0.8235294117647058,0.871620874373549,0.9309016878175683,0,9
yolov8l-seg.pt,MOTS20-05,688,9,1,93,7,2,2,0.7777777777777778,0.7777777777777778,0.7777777777777778,0.8629119169988295,0.9259583268506846,0,9
yolov8l-seg.pt,MOTS20-05,689,9,1,114,8,1,1,0.8888888888888888,0.8888888888888888,0.8888888888888888,0.824433330467455,0.9019237057594947,0,9
yolov8l-seg.pt,MOTS20-05,690,9,1,114,9,1,0,0.9,1.0,0.9473684210526315,0.8518967670479191,0.9191761331350458,0,10
yolov8l-seg.pt,MOTS20-05,691,9,1,61,8,3,1,0.7272727272727273,0.8888888888888888,0.8,0.863984014071407,0.9252719726828825,0,11
yolov8l-seg.pt,MOTS20-05,692,9,1,93,8,1,1,0.8888888888888888,0.8888888888888888,0.8888888888888888,0.8471663731776484,0.9148322665179436,0,9
yolov8l-seg.pt,MOTS20-05,693,11,0,88,9,1,2,0.9,0.8181818181818182,0.8571428571428571,0.8341099109362021,0.9067517031470662,0,10
yolov8l-seg.pt,MOTS20-05,694,10,1,86,8,2,2,0.8,0.8,0.8,0.8488522255785733,0.9160171452928114,0,10
yolov8l-seg.pt,MOTS20-05,695,10,1,65,7,1,3,0.875,0.7,0.7777777777777778,0.8912321644560869,0.9421976461823803,0,8
yolov8l-seg.pt,MOTS20-05,696,9,1,76,7,0,2,1.0,0.7777777777777778,0.875,0.8867366909477751,0.9396881464192347,0,7
yolov8l-seg.pt,MOTS20-05,697,8,1,68,7,0,1,1.0,0.875,0.9333333333333333,0.859583019286707,0.923297000664901,0,7
yolov8l-seg.pt,MOTS20-05,698,9,1,56,7,0,2,1.0,0.7777777777777778,0.875,0.8601986749393375,0.9241542901158384,0,7
yolov8l-seg.pt,MOTS20-05,699,8,1,53,7,0,1,1.0,0.875,0.9333333333333333,0.8626591713011893,0.9257782576845927,0,7
yolov8l-seg.pt,MOTS20-05,700,10,1,79,9,1,1,0.9,0.9,0.9,0.8026723387976819,0.8865240669528311,1,11
yolov8l-seg.pt,MOTS20-05,701,11,0,65,10,0,1,1.0,0.9090909090909091,0.9523809523809523,0.8081009711971227,0.8918445161834642,0,10
yolov8l-seg.pt,MOTS20-05,702,10,1,58,9,0,1,1.0,0.9,0.9473684210526315,0.8161044207146206,0.8967978878801203,2,11
yolov8l-seg.pt,MOTS20-05,703,10,1,58,10,1,0,0.9090909090909091,1.0,0.9523809523809523,0.823130001932,0.9007263723983276,0,11
yolov8l-seg.pt,MOTS20-05,704,10,0,54,9,1,1,0.9,0.9,0.9,0.836449352790179,0.905712523718292,0,10
yolov8l-seg.pt,MOTS20-05,705,8,1,81,7,0,1,1.0,0.875,0.9333333333333333,0.8843667206287927,0.9376349307978306,1,8
yolov8l-seg.pt,MOTS20-05,706,8,1,53,7,0,1,1.0,0.875,0.9333333333333333,0.842439857208551,0.9083995551440255,0,7
yolov8l-seg.pt,MOTS20-05,707,8,1,53,7,1,1,0.875,0.875,0.875,0.8582585925692044,0.9213186537495998,1,9
yolov8l-seg.pt,MOTS20-05,708,8,1,46,6,0,2,1.0,0.75,0.8571428571428571,0.8557599667863482,0.9213535261506064,0,6
yolov8l-seg.pt,MOTS20-05,709,7,1,51,5,0,2,1.0,0.7142857142857143,0.8333333333333334,0.878688519521776,0.934869450939203,1,6
yolov8l-seg.pt,MOTS20-05,710,7,1,54,5,0,2,1.0,0.7142857142857143,0.8333333333333334,0.8640827254611324,0.9261847664001246,1,6
yolov8l-seg.pt,MOTS20-05,711,8,1,70,6,0,2,1.0,0.75,0.8571428571428571,0.8434100320817839,0.9136579538262382,1,7
yolov8l-seg.pt,MOTS20-05,712,7,1,58,6,1,1,0.8571428571428571,0.8571428571428571,0.8571428571428571,0.8677466132729212,0.9283917725963878,0,7
yolov8l-seg.pt,MOTS20-05,713,7,1,57,6,0,1,1.0,0.8571428571428571,0.9230769230769231,0.848354076547412,0.9169378716216999,0,6
yolov8l-seg.pt,MOTS20-05,714,8,1,57,6,0,2,1.0,0.75,0.8571428571428571,0.8251672348271418,0.9014763475108939,0,6
yolov8l-seg.pt,MOTS20-05,715,8,0,73,6,1,2,0.8571428571428571,0.75,0.8,0.8133245604973262,0.893259724040666,0,7
yolov8l-seg.pt,MOTS20-05,716,8,1,47,6,0,2,1.0,0.75,0.8571428571428571,0.882932834052632,0.9375126080287702,0,6
yolov8l-seg.pt,MOTS20-05,717,7,1,41,6,1,1,0.8571428571428571,0.8571428571428571,0.8571428571428571,0.8533177397817306,0.9189986362942927,0,7
yolov8l-seg.pt,MOTS20-05,718,6,1,61,6,0,0,1.0,1.0,1.0,0.8460103505696118,0.9124907541727394,1,7
yolov8l-seg.pt,MOTS20-05,719,6,1,59,6,0,0,1.0,1.0,1.0,0.8377558421720508,0.9056574858627151,0,6
yolov8l-seg.pt,MOTS20-05,720,7,1,66,5,0,2,1.0,0.7142857142857143,0.8333333333333334,0.8745859049756245,0.9325490568939732,1,6
yolov8l-seg.pt,MOTS20-05,721,8,1,51,6,1,2,0.8571428571428571,0.75,0.8,0.8869992429255745,0.9394666589981177,0,7
yolov8l-seg.pt,MOTS20-05,722,8,1,43,7,1,1,0.875,0.875,0.875,0.8472204320715099,0.9147916679585638,0,8
yolov8l-seg.pt,MOTS20-05,723,9,1,48,8,0,1,1.0,0.8888888888888888,0.9411764705882353,0.8266424866599593,0.8996986074610053,0,8
yolov8l-seg.pt,MOTS20-05,724,9,1,58,9,0,0,1.0,1.0,1.0,0.8205116951756098,0.8982356725549965,0,9
yolov8l-seg.pt,MOTS20-05,725,9,1,54,9,0,0,1.0,1.0,1.0,0.8210406857787583,0.8979497031604685,0,9
yolov8l-seg.pt,MOTS20-05,726,9,1,47,9,0,0,1.0,1.0,1.0,0.8298368378839505,0.9043116886716267,0,9
yolov8l-seg.pt,MOTS20-05,727,9,1,39,9,0,0,1.0,1.0,1.0,0.7932403347452976,0.8775327306030122,0,9
yolov8l-seg.pt,MOTS20-05,728,9,1,54,9,0,0,1.0,1.0,1.0,0.812660001963281,0.8924851490347733,1,10
yolov8l-seg.pt,MOTS20-05,729,9,1,69,9,0,0,1.0,1.0,1.0,0.7994354903789804,0.8824259994591866,1,10
yolov8l-seg.pt,MOTS20-05,730,8,1,51,8,0,0,1.0,1.0,1.0,0.7794653440243129,0.8695484609803066,2,10
yolov8l-seg.pt,MOTS20-05,731,9,1,50,8,0,1,1.0,0.8888888888888888,0.9411764705882353,0.7651599051873512,0.8589477669047487,0,8
yolov8l-seg.pt,MOTS20-05,732,8,1,56,6,1,2,0.8571428571428571,0.75,0.8,0.8290177075300452,0.9036173806958825,0,7
yolov8l-seg.pt,MOTS20-05,733,9,1,55,8,1,1,0.8888888888888888,0.8888888888888888,0.8888888888888888,0.7804344642311426,0.8711696660828491,0,9
yolov8l-seg.pt,MOTS20-05,734,9,1,57,7,1,2,0.875,0.7777777777777778,0.8235294117647058,0.77256173686413,0.8663814270286884,0,8
yolov8l-seg.pt,MOTS20-05,735,9,1,49,9,2,0,0.8181818181818182,1.0,0.9,0.7954613675133227,0.8813944213340792,0,11
yolov8l-seg.pt,MOTS20-05,736,8,1,50,7,0,1,1.0,0.875,0.9333333333333333,0.8485697558697253,0.913293590370557,1,8
yolov8l-seg.pt,MOTS20-05,737,7,1,51,7,0,0,1.0,1.0,1.0,0.8444788798566377,0.9124428087425491,1,8
yolov8l-seg.pt,MOTS20-05,738,7,1,56,7,0,0,1.0,1.0,1.0,0.8393604741942441,0.9087030231879073,0,7
yolov8l-seg.pt,MOTS20-05,739,7,1,34,7,0,0,1.0,1.0,1.0,0.8360200461808793,0.9081760353647264,1,8
yolov8l-seg.pt,MOTS20-05,740,7,1,45,7,0,0,1.0,1.0,1.0,0.8311067436637091,0.9062284146060838,1,8
yolov8l-seg.pt,MOTS20-05,741,8,1,44,8,0,0,1.0,1.0,1.0,0.8151139771482263,0.8963109970716774,0,8
yolov8l-seg.pt,MOTS20-05,742,8,1,33,8,0,0,1.0,1.0,1.0,0.8226614743090103,0.9010523870921817,0,8
yolov8l-seg.pt,MOTS20-05,743,8,1,28,8,0,0,1.0,1.0,1.0,0.8543663862765385,0.9204073401607037,1,9
yolov8l-seg.pt,MOTS20-05,744,8,1,26,8,0,0,1.0,1.0,1.0,0.8277647485628061,0.9025224202468076,1,9
yolov8l-seg.pt,MOTS20-05,745,8,1,27,8,0,0,1.0,1.0,1.0,0.8546737843022105,0.9201975558473399,0,8
yolov8l-seg.pt,MOTS20-05,746,8,1,51,7,0,1,1.0,0.875,0.9333333333333333,0.84380093554947,0.9137821776277323,0,7
yolov8l-seg.pt,MOTS20-05,747,9,1,36,7,1,2,0.875,0.7777777777777778,0.8235294117647058,0.8550622957479161,0.9196021242702545,0,8
yolov8l-seg.pt,MOTS20-05,748,8,1,50,8,1,0,0.8888888888888888,1.0,0.9411764705882353,0.8335322853428815,0.9021502406470835,0,9
yolov8l-seg.pt,MOTS20-05,749,8,1,24,8,0,0,1.0,1.0,1.0,0.8399112740246935,0.9080616080879387,0,8
yolov8l-seg.pt,MOTS20-05,750,8,1,22,7,0,1,1.0,0.875,0.9333333333333333,0.8513989968804437,0.9171166823902882,0,7
yolov8l-seg.pt,MOTS20-05,751,8,1,36,7,0,1,1.0,0.875,0.9333333333333333,0.8722904139693658,0.9299056147124979,0,7
yolov8l-seg.pt,MOTS20-05,752,9,1,41,7,0,2,1.0,0.7777777777777778,0.875,0.8627073008116122,0.9255681864716984,0,7
yolov8l-seg.pt,MOTS20-05,753,8,1,68,7,0,1,1.0,0.875,0.9333333333333333,0.8225508499886881,0.8991360463513404,1,8
yolov8l-seg.pt,MOTS20-05,754,10,1,59,10,0,0,1.0,1.0,1.0,0.8079977127056381,0.8889640103112331,1,11
yolov8l-seg.pt,MOTS20-05,755,10,1,68,9,0,1,1.0,0.9,0.9473684210526315,0.80290265976878,0.8868315013177871,0,9
yolov8l-seg.pt,MOTS20-05,756,10,1,56,9,0,1,1.0,0.9,0.9473684210526315,0.8339084094723652,0.9073535956870084,0,9
yolov8l-seg.pt,MOTS20-05,757,9,1,64,7,1,2,0.875,0.7777777777777778,0.8235294117647058,0.8461427251346303,0.9124328391828741,1,9
yolov8l-seg.pt,MOTS20-05,758,8,1,47,7,0,1,1.0,0.875,0.9333333333333333,0.8817987436324872,0.936389804838384,1,8
yolov8l-seg.pt,MOTS20-05,759,8,1,51,8,0,0,1.0,1.0,1.0,0.8448154441135923,0.9137137225837877,0,8
yolov8l-seg.pt,MOTS20-05,760,9,1,61,8,0,1,1.0,0.8888888888888888,0.9411764705882353,0.8187608316657713,0.8968729628361498,0,8
yolov8l-seg.pt,MOTS20-05,761,10,1,59,9,0,1,1.0,0.9,0.9473684210526315,0.8239309436759863,0.9009898985779687,1,10
yolov8l-seg.pt,MOTS20-05,762,10,1,59,9,0,1,1.0,0.9,0.9473684210526315,0.7936457284481431,0.8801866404376947,0,9
yolov8l-seg.pt,MOTS20-05,763,11,1,64,9,0,2,1.0,0.8181818181818182,0.9,0.8169545988978996,0.8967801649506423,0,9
yolov8l-seg.pt,MOTS20-05,764,11,1,61,9,0,2,1.0,0.8181818181818182,0.9,0.8135576908704468,0.8945354440928528,1,10
yolov8l-seg.pt,MOTS20-05,765,11,1,67,9,0,2,1.0,0.8181818181818182,0.9,0.8121193938475609,0.8944664187168618,0,9
yolov8l-seg.pt,MOTS20-05,766,12,1,66,9,0,3,1.0,0.75,0.8571428571428571,0.8023470872281201,0.8877079490758746,0,9
yolov8l-seg.pt,MOTS20-05,767,12,1,61,9,0,3,1.0,0.75,0.8571428571428571,0.7881424826453376,0.876572475160702,0,9
yolov8l-seg.pt,MOTS20-05,768,11,1,77,7,1,4,0.875,0.6363636363636364,0.7368421052631579,0.8446848193761868,0.9155516312061202,0,8
yolov8l-seg.pt,MOTS20-05,769,12,1,65,8,0,4,1.0,0.6666666666666666,0.8,0.7775906185608477,0.8669786575074712,0,8
yolov8l-seg.pt,MOTS20-05,770,12,1,72,7,4,5,0.6363636363636364,0.5833333333333334,0.6086956521739131,0.8379119300511991,0.9114828174236065,0,11
yolov8l-seg.pt,MOTS20-05,771,11,1,92,7,1,4,0.875,0.6363636363636364,0.7368421052631579,0.8125850567145525,0.8944029847225531,0,8
yolov8l-seg.pt,MOTS20-05,772,10,1,109,6,0,4,1.0,0.6,0.75,0.8390969629399782,0.9098987127761465,2,8
yolov8l-seg.pt,MOTS20-05,773,12,1,102,6,1,6,0.8571428571428571,0.5,0.631578947368421,0.8279507639715186,0.9004955703792463,0,7
yolov8l-seg.pt,MOTS20-05,774,11,1,61,7,2,4,0.7777777777777778,0.6363636363636364,0.7,0.7240337509282598,0.8330969177868781,1,10
yolov8l-seg.pt,MOTS20-05,775,11,1,64,8,0,3,1.0,0.7272727272727273,0.8421052631578947,0.8272574382737998,0.9035404558702963,0,8
yolov8l-seg.pt,MOTS20-05,776,11,1,66,7,0,4,1.0,0.6363636363636364,0.7777777777777778,0.8183998417463153,0.8982238621874705,0,7
yolov8l-seg.pt,MOTS20-05,777,14,1,72,9,0,5,1.0,0.6428571428571429,0.782608695652174,0.819172161318738,0.8984253684426936,0,9
yolov8l-seg.pt,MOTS20-05,778,14,1,75,9,1,5,0.9,0.6428571428571429,0.75,0.8259406500092109,0.9013799846060319,0,10
yolov8l-seg.pt,MOTS20-05,779,14,1,68,9,0,5,1.0,0.6428571428571429,0.782608695652174,0.8581640208480166,0.9228877192563067,0,9
yolov8l-seg.pt,MOTS20-05,780,14,1,71,9,1,5,0.9,0.6428571428571429,0.75,0.8581606852534257,0.922653929303715,0,10
yolov8l-seg.pt,MOTS20-05,781,13,1,72,9,1,4,0.9,0.6923076923076923,0.782608695652174,0.8038026446363463,0.8890246977206453,0,10
yolov8l-seg.pt,MOTS20-05,782,13,1,69,9,1,4,0.9,0.6923076923076923,0.782608695652174,0.7915081000594324,0.879797896797315,0,10
yolov8l-seg.pt,MOTS20-05,783,13,1,57,8,1,5,0.8888888888888888,0.6153846153846154,0.7272727272727273,0.8486720446594593,0.9170313285946449,0,9
yolov8l-seg.pt,MOTS20-05,784,14,1,53,7,0,7,1.0,0.5,0.6666666666666666,0.8580455613561383,0.9229051660877153,0,7
yolov8l-seg.pt,MOTS20-05,785,12,1,45,9,0,3,1.0,0.75,0.8571428571428571,0.832061386235431,0.9062402306595675,1,10
yolov8l-seg.pt,MOTS20-05,786,10,1,64,9,0,1,1.0,0.9,0.9473684210526315,0.8600828813656392,0.9238805482487594,1,10
yolov8l-seg.pt,MOTS20-05,787,8,1,78,8,0,0,1.0,1.0,1.0,0.8409014292316486,0.9117046356008245,1,9
yolov8l-seg.pt,MOTS20-05,788,9,1,78,8,0,1,1.0,0.8888888888888888,0.9411764705882353,0.8028806313226879,0.8854925540198995,1,9
yolov8l-seg.pt,MOTS20-05,789,9,1,52,9,0,0,1.0,1.0,1.0,0.8462871154431144,0.9151714277291781,2,11
yolov8l-seg.pt,MOTS20-05,790,9,1,43,8,0,1,1.0,0.8888888888888888,0.9411764705882353,0.8493832408302311,0.9171857154038991,0,8
yolov8l-seg.pt,MOTS20-05,791,10,1,42,8,0,2,1.0,0.8,0.8888888888888888,0.846364783948756,0.9143250181545794,0,8
yolov8l-seg.pt,MOTS20-05,792,9,1,40,7,0,2,1.0,0.7777777777777778,0.875,0.878249513078222,0.9343939441997545,0,7
yolov8l-seg.pt,MOTS20-05,793,11,1,46,8,0,3,1.0,0.7272727272727273,0.8421052631578947,0.8457580027133915,0.9150553680255107,0,8
yolov8l-seg.pt,MOTS20-05,794,11,1,45,8,1,3,0.8888888888888888,0.7272727272727273,0.8,0.8577992166324517,0.9225991836347325,0,9
yolov8l-seg.pt,MOTS20-05,795,10,1,53,7,0,3,1.0,0.7,0.8235294117647058,0.8726348154110948,0.9314282525356454,0,7
yolov8l-seg.pt,MOTS20-05,796,9,0,52,7,1,2,0.875,0.7777777777777778,0.8235294117647058,0.8856262192387273,0.9386767310643648,0,8
yolov8l-seg.pt,MOTS20-05,797,11,0,53,9,0,2,1.0,0.8181818181818182,0.9,0.8444786838051543,0.912773737894169,0,9
yolov8l-seg.pt,MOTS20-05,798,12,1,43,10,1,2,0.9090909090909091,0.8333333333333334,0.8695652173913043,0.7891268093810259,0.8770033180395002,0,11
yolov8l-seg.pt,MOTS20-05,799,11,1,73,10,0,1,1.0,0.9090909090909091,0.9523809523809523,0.7986726237835695,0.8836197486531759,1,11
yolov8l-seg.pt,MOTS20-05,800,11,1,50,10,0,1,1.0,0.9090909090909091,0.9523809523809523,0.8122396378313448,0.8924375473312219,0,10
yolov8l-seg.pt,MOTS20-05,801,11,1,58,10,0,1,1.0,0.9090909090909091,0.9523809523809523,0.7994545659556269,0.883882682495015,0,10
yolov8l-seg.pt,MOTS20-05,802,11,1,62,9,0,2,1.0,0.8181818181818182,0.9,0.8444656762897959,0.9142362741401612,0,9
yolov8l-seg.pt,MOTS20-05,803,11,1,73,9,0,2,1.0,0.8181818181818182,0.9,0.8041325528460922,0.8899672756149576,0,9
yolov8l-seg.pt,MOTS20-05,804,11,1,79,9,0,2,1.0,0.8181818181818182,0.9,0.7998565092991737,0.8878408281901163,0,9
yolov8l-seg.pt,MOTS20-05,805,12,1,83,9,1,3,0.9,0.75,0.8181818181818182,0.8364695408476788,0.9103618757860126,1,11
yolov8l-seg.pt,MOTS20-05,806,11,1,92,8,1,3,0.8888888888888888,0.7272727272727273,0.8,0.7872232691884413,0.8788755188040045,0,9
yolov8l-seg.pt,MOTS20-05,807,11,1,84,8,0,3,1.0,0.7272727272727273,0.8421052631578947,0.8112016677171964,0.8943468599470841,1,9
yolov8l-seg.pt,MOTS20-05,808,11,1,50,9,0,2,1.0,0.8181818181818182,0.9,0.7796020862810693,0.8725259626021771,0,9
yolov8l-seg.pt,MOTS20-05,809,10,1,77,8,1,2,0.8888888888888888,0.8,0.8421052631578947,0.8203756484292026,0.9002755537455112,0,9
yolov8l-seg.pt,MOTS20-05,810,10,1,71,8,1,2,0.8888888888888888,0.8,0.8421052631578947,0.8272823344942923,0.9046745706036976,0,9
yolov8l-seg.pt,MOTS20-05,811,10,1,67,8,0,2,1.0,0.8,0.8888888888888888,0.8356615944928767,0.9103800930987134,0,8
yolov8l-seg.pt,MOTS20-05,812,10,1,83,8,0,2,1.0,0.8,0.8888888888888888,0.8120086522110739,0.8958007400053638,0,8
yolov8l-seg.pt,MOTS20-05,813,12,1,69,8,1,4,0.8888888888888888,0.6666666666666666,0.7619047619047619,0.77853896314193,0.8727845340824072,0,9
yolov8l-seg.pt,MOTS20-05,814,12,1,67,10,1,2,0.9090909090909091,0.8333333333333334,0.8695652173913043,0.7926834453310396,0.8812050140210147,0,11
yolov8l-seg.pt,MOTS20-05,815,12,0,52,10,0,2,1.0,0.8333333333333334,0.9090909090909091,0.8118670401747196,0.8926762254293245,0,10
yolov8l-seg.pt,MOTS20-05,816,12,0,74,11,0,1,1.0,0.9166666666666666,0.9565217391304348,0.8331651561649093,0.9077267492416681,0,11
yolov8l-seg.pt,MOTS20-05,817,12,0,83,11,0,1,1.0,0.9166666666666666,0.9565217391304348,0.8326318096395225,0.9074022043319091,0,11
yolov8l-seg.pt,MOTS20-05,818,13,0,76,11,0,2,1.0,0.8461538461538461,0.9166666666666666,0.8347823376674163,0.9093478222497043,0,11
yolov8l-seg.pt,MOTS20-05,819,13,1,78,12,0,1,1.0,0.9230769230769231,0.96,0.8277232204897477,0.9038541080677679,0,12
yolov8l-seg.pt,MOTS20-05,820,13,1,61,13,0,0,1.0,1.0,1.0,0.7810095181405259,0.8712304734924483,0,13
yolov8l-seg.pt,MOTS20-05,821,13,1,52,12,1,1,0.9230769230769231,0.9230769230769231,0.9230769230769231,0.8238615963197122,0.8995791233793221,0,13
yolov8l-seg.pt,MOTS20-05,822,12,1,59,10,1,2,0.9090909090909091,0.8333333333333334,0.8695652173913043,0.8389740516669992,0.9106586070661391,1,12
yolov8l-seg.pt,MOTS20-05,823,12,1,56,10,0,2,1.0,0.8333333333333334,0.9090909090909091,0.834638320311961,0.9084535126935546,0,10
yolov8l-seg.pt,MOTS20-05,824,12,1,54,11,1,1,0.9166666666666666,0.9166666666666666,0.9166666666666666,0.8144291929259869,0.8953786850072109,1,13
yolov8l-seg.pt,MOTS20-05,825,13,1,63,12,1,1,0.9230769230769231,0.9230769230769231,0.9230769230769231,0.8133713154282799,0.8947813293111085,0,13
yolov8l-seg.pt,MOTS20-05,826,13,1,57,12,1,1,0.9230769230769231,0.9230769230769231,0.9230769230769231,0.8011032588942623,0.8858119538951691,0,13
yolov8l-seg.pt,MOTS20-05,827,12,1,62,10,1,2,0.9090909090909091,0.8333333333333334,0.8695652173913043,0.8373045711785225,0.9100712119519571,1,12
yolov8l-seg.pt,MOTS20-05,828,11,1,57,10,0,1,1.0,0.9090909090909091,0.9523809523809523,0.8535080983775106,0.920473203272324,0,10
yolov8l-seg.pt,MOTS20-05,829,10,1,72,9,0,1,1.0,0.9,0.9473684210526315,0.8312448332393962,0.9064680239589173,2,11
yolov8l-seg.pt,MOTS20-05,830,11,1,64,9,0,2,1.0,0.8181818181818182,0.9,0.8446843212100483,0.9144925026440249,1,10
yolov8l-seg.pt,MOTS20-05,831,10,1,64,8,1,2,0.8888888888888888,0.8,0.8421052631578947,0.8609169427795638,0.9247917885933139,0,9
yolov8l-seg.pt,MOTS20-05,832,9,1,60,8,0,1,1.0,0.8888888888888888,0.9411764705882353,0.8470344232568972,0.9165760606065607,0,8
yolov8l-seg.pt,MOTS20-05,833,10,1,57,8,0,2,1.0,0.8,0.8888888888888888,0.837025701080779,0.90931000984561,0,8
yolov8l-seg.pt,MOTS20-05,834,10,1,64,8,1,2,0.8888888888888888,0.8,0.8421052631578947,0.8423203767964083,0.9135261923414416,1,10
yolov8l-seg.pt,MOTS20-05,835,10,1,110,8,1,2,0.8888888888888888,0.8,0.8421052631578947,0.8290813790980909,0.9050060614117856,0,9
yolov8l-seg.pt,MOTS20-05,836,9,1,86,8,0,1,1.0,0.8888888888888888,0.9411764705882353,0.7908045856295072,0.8790382003969232,0,8
yolov8l-seg.pt,MOTS20-05,837,9,1,54,8,0,1,1.0,0.8888888888888888,0.9411764705882353,0.8196901350297812,0.8990677222293925,0,8
yolov8l-seg.pt,MOTS20-09,1,6,1,75,6,0,0,1.0,1.0,1.0,0.7639043675099094,0.8644440434989424,3,9
yolov8l-seg.pt,MOTS20-09,2,6,1,75,6,0,0,1.0,1.0,1.0,0.7571117857987795,0.8595865411159559,2,8
yolov8l-seg.pt,MOTS20-09,3,6,1,74,6,0,0,1.0,1.0,1.0,0.7608979750905412,0.8620929361047557,2,8
yolov8l-seg.pt,MOTS20-09,4,6,1,86,6,0,0,1.0,1.0,1.0,0.774715761224424,0.8714289544889849,2,8
yolov8l-seg.pt,MOTS20-09,5,6,1,74,6,0,0,1.0,1.0,1.0,0.7850320537320042,0.8786853023227987,2,8
yolov8l-seg.pt,MOTS20-09,6,6,1,64,6,0,0,1.0,1.0,1.0,0.7983289662319554,0.887020678050336,2,8
yolov8l-seg.pt,MOTS20-09,7,6,1,59,6,0,0,1.0,1.0,1.0,0.8058798145434066,0.891276886561442,2,8
yolov8l-seg.pt,MOTS20-09,8,6,1,62,6,0,0,1.0,1.0,1.0,0.7964863835841746,0.8856078832783854,2,8
yolov8l-seg.pt,MOTS20-09,9,7,1,64,6,0,1,1.0,0.8571428571428571,0.9230769230769231,0.7941605308149934,0.8841677430362895,1,7
yolov8l-seg.pt,MOTS20-09,10,7,1,66,6,1,1,0.8571428571428571,0.8571428571428571,0.8571428571428571,0.7939755020071281,0.8837606824797389,2,9
yolov8l-seg.pt,MOTS20-09,11,7,1,71,6,0,1,1.0,0.8571428571428571,0.9230769230769231,0.787300957831623,0.8795478645039981,2,8
yolov8l-seg.pt,MOTS20-09,12,7,1,71,6,0,1,1.0,0.8571428571428571,0.9230769230769231,0.7925045665449829,0.883002366190181,1,7
yolov8l-seg.pt,MOTS20-09,13,7,1,59,7,0,0,1.0,1.0,1.0,0.7717546529357202,0.8688232831554416,2,9
yolov8l-seg.pt,MOTS20-09,14,7,1,66,7,1,0,0.875,1.0,0.9333333333333333,0.7714127819284201,0.8689375236702047,2,10
yolov8l-seg.pt,MOTS20-09,15,7,1,67,7,0,0,1.0,1.0,1.0,0.7641836809393546,0.8638261262646589,2,9
yolov8l-seg.pt,MOTS20-09,16,7,1,69,7,0,0,1.0,1.0,1.0,0.768916928054663,0.8665421519326066,2,9
yolov8l-seg.pt,MOTS20-09,17,7,1,79,7,0,0,1.0,1.0,1.0,0.7790391552536242,0.873686348309049,2,9
yolov8l-seg.pt,MOTS20-09,18,7,1,71,7,0,0,1.0,1.0,1.0,0.774250798798673,0.8712605567579248,3,10
yolov8l-seg.pt,MOTS20-09,19,7,1,74,7,0,0,1.0,1.0,1.0,0.776069653212715,0.8724706259759047,2,9
yolov8l-seg.pt,MOTS20-09,20,7,1,62,7,0,0,1.0,1.0,1.0,0.7886542702911541,0.8805948735719414,2,9
yolov8l-seg.pt,MOTS20-09,21,7,1,57,7,0,0,1.0,1.0,1.0,0.7789194398044833,0.873962140557002,2,9
yolov8l-seg.pt,MOTS20-09,22,7,1,53,7,0,0,1.0,1.0,1.0,0.7717897445849372,0.8696790196963615,2,9
yolov8l-seg.pt,MOTS20-09,23,7,1,54,7,0,0,1.0,1.0,1.0,0.7971662764453502,0.8862241281580138,1,8
yolov8l-seg.pt,MOTS20-09,24,7,1,57,7,0,0,1.0,1.0,1.0,0.8025771239073316,0.8893342467765376,1,8
yolov8l-seg.pt,MOTS20-09,25,7,1,72,7,0,0,1.0,1.0,1.0,0.7888359345421204,0.8799903429284566,1,8
yolov8l-seg.pt,MOTS20-09,26,7,1,70,7,0,0,1.0,1.0,1.0,0.7846676735569458,0.8764503528515001,1,8
yolov8l-seg.pt,MOTS20-09,27,7,1,77,6,0,1,1.0,0.8571428571428571,0.9230769230769231,0.8079078085565259,0.8922672376189942,1,7
yolov8l-seg.pt,MOTS20-09,28,7,1,73,6,0,1,1.0,0.8571428571428571,0.9230769230769231,0.7978366836623415,0.8842154294046297,1,7
yolov8l-seg.pt,MOTS20-09,29,6,1,73,6,0,0,1.0,1.0,1.0,0.7789289475972107,0.8696280981271088,1,7
yolov8l-seg.pt,MOTS20-09,30,6,1,74,6,0,0,1.0,1.0,1.0,0.7746243054744633,0.8672103987131159,1,7
yolov8l-seg.pt,MOTS20-09,31,6,1,78,6,0,0,1.0,1.0,1.0,0.7935933430245146,0.8820282864458986,0,6
yolov8l-seg.pt,MOTS20-09,32,6,1,80,6,0,0,1.0,1.0,1.0,0.7887276764145649,0.8784878413418004,0,6
yolov8l-seg.pt,MOTS20-09,33,6,1,75,5,0,1,1.0,0.8333333333333334,0.9090909090909091,0.815446686690638,0.8961585651724334,0,5
yolov8l-seg.pt,MOTS20-09,34,6,1,75,5,0,1,1.0,0.8333333333333334,0.9090909090909091,0.8128053361670871,0.8940391457601262,0,5
yolov8l-seg.pt,MOTS20-09,35,6,1,64,6,0,0,1.0,1.0,1.0,0.8047583195788303,0.8894972765771122,0,6
yolov8l-seg.pt,MOTS20-09,36,6,1,70,5,0,1,1.0,0.8333333333333334,0.9090909090909091,0.8067559697766944,0.890728716355988,0,5
yolov8l-seg.pt,MOTS20-09,37,6,1,57,5,0,1,1.0,0.8333333333333334,0.9090909090909091,0.8121555619741538,0.8941416613595049,0,5
yolov8l-seg.pt,MOTS20-09,38,6,1,56,5,0,1,1.0,0.8333333333333334,0.9090909090909091,0.8203443631256171,0.8990828532861392,2,7
yolov8l-seg.pt,MOTS20-09,39,6,1,68,5,0,1,1.0,0.8333333333333334,0.9090909090909091,0.8240482967209471,0.9015468455083573,2,7
yolov8l-seg.pt,MOTS20-09,40,6,1,60,5,0,1,1.0,0.8333333333333334,0.9090909090909091,0.8201655989586852,0.8992413168489002,2,7
yolov8l-seg.pt,MOTS20-09,41,7,1,61,5,0,2,1.0,0.7142857142857143,0.8333333333333334,0.8164992936619215,0.8964757659297552,2,7
yolov8l-seg.pt,MOTS20-09,42,7,1,70,5,0,2,1.0,0.7142857142857143,0.8333333333333334,0.8196398605230073,0.8986287502512514,0,5
yolov8l-seg.pt,MOTS20-09,43,6,1,92,5,0,1,1.0,0.8333333333333334,0.9090909090909091,0.826651907750987,0.9029280958375143,1,6
yolov8l-seg.pt,MOTS20-09,44,6,1,88,5,0,1,1.0,0.8333333333333334,0.9090909090909091,0.8249732058814766,0.9020744857302899,0,5
yolov8l-seg.pt,MOTS20-09,45,7,1,94,6,1,1,0.8571428571428571,0.8571428571428571,0.8571428571428571,0.7837644028352179,0.873520717081604,1,8
yolov8l-seg.pt,MOTS20-09,46,7,1,95,6,1,1,0.8571428571428571,0.8571428571428571,0.8571428571428571,0.8061601454362792,0.8891965142413351,2,9
yolov8l-seg.pt,MOTS20-09,47,7,1,82,6,0,1,1.0,0.8571428571428571,0.9230769230769231,0.7923489841729641,0.8784864131654272,2,8
yolov8l-seg.pt,MOTS20-09,48,7,1,77,6,0,1,1.0,0.8571428571428571,0.9230769230769231,0.7882523005567283,0.8765028524272975,2,8
yolov8l-seg.pt,MOTS20-09,49,7,1,78,6,1,1,0.8571428571428571,0.8571428571428571,0.8571428571428571,0.7892500018363764,0.8776602663004844,2,9
yolov8l-seg.pt,MOTS20-09,50,7,1,84,6,1,1,0.8571428571428571,0.8571428571428571,0.8571428571428571,0.7905313509913466,0.8783202674640597,2,9
yolov8l-seg.pt,MOTS20-09,51,7,1,75,6,1,1,0.8571428571428571,0.8571428571428571,0.8571428571428571,0.7851300797135249,0.8748520511005665,2,9
yolov8l-seg.pt,MOTS20-09,52,7,1,79,6,1,1,0.8571428571428571,0.8571428571428571,0.8571428571428571,0.7835092535551311,0.8738937360351332,2,9
yolov8l-seg.pt,MOTS20-09,53,7,1,78,6,2,1,0.75,0.8571428571428571,0.8,0.7725527000970812,0.8671439282536224,2,10
yolov8l-seg.pt,MOTS20-09,54,7,1,75,6,2,1,0.75,0.8571428571428571,0.8,0.7759892564249699,0.8693105654646284,2,10
yolov8l-seg.pt,MOTS20-09,55,7,1,69,7,1,0,0.875,1.0,0.9333333333333333,0.7712903448172763,0.8666290906221351,2,10
yolov8l-seg.pt,MOTS20-09,56,7,1,66,7,1,0,0.875,1.0,0.9333333333333333,0.7825694627305303,0.8752231747329837,3,11
yolov8l-seg.pt,MOTS20-09,57,7,1,71,7,1,0,0.875,1.0,0.9333333333333333,0.7840684490136056,0.875736655140149,3,11
yolov8l-seg.pt,MOTS20-09,58,7,1,63,7,0,0,1.0,1.0,1.0,0.7694438411314036,0.865325379728705,3,10
yolov8l-seg.pt,MOTS20-09,59,7,1,61,7,1,0,0.875,1.0,0.9333333333333333,0.7642534054920099,0.8620527466260645,3,11
yolov8l-seg.pt,MOTS20-09,60,7,1,66,6,1,1,0.8571428571428571,0.8571428571428571,0.8571428571428571,0.8087830192384683,0.8924028190021515,3,10
yolov8l-seg.pt,MOTS20-09,61,6,1,69,6,0,0,1.0,1.0,1.0,0.8063007118092912,0.8908151995362483,3,9
yolov8l-seg.pt,MOTS20-09,62,6,1,65,6,0,0,1.0,1.0,1.0,0.807342542436217,0.8915549062581278,3,9
yolov8l-seg.pt,MOTS20-09,63,6,1,80,6,0,0,1.0,1.0,1.0,0.8038222418292894,0.88945457256516,4,10
yolov8l-seg.pt,MOTS20-09,64,6,1,79,6,0,0,1.0,1.0,1.0,0.8081783677484052,0.8920718859837851,5,11
yolov8l-seg.pt,MOTS20-09,65,6,1,80,6,0,0,1.0,1.0,1.0,0.8126012186222612,0.89482205475464,4,10
yolov8l-seg.pt,MOTS20-09,66,6,1,76,6,0,0,1.0,1.0,1.0,0.8122239625850488,0.8945224134721065,4,10
yolov8l-seg.pt,MOTS20-09,67,7,1,76,7,0,0,1.0,1.0,1.0,0.7761732921557707,0.8676571490681843,3,10
yolov8l-seg.pt,MOTS20-09,68,7,1,78,7,0,0,1.0,1.0,1.0,0.792046058638838,0.8806835856130386,2,9
yolov8l-seg.pt,MOTS20-09,69,7,1,70,7,0,0,1.0,1.0,1.0,0.7925299451204744,0.8807101468923172,3,10
yolov8l-seg.pt,MOTS20-09,70,8,1,69,7,0,1,1.0,0.875,0.9333333333333333,0.7986068932848897,0.8846628428638212,3,10
yolov8l-seg.pt,MOTS20-09,71,8,1,60,7,0,1,1.0,0.875,0.9333333333333333,0.7908038362009718,0.8799332178872333,2,9
yolov8l-seg.pt,MOTS20-09,72,8,1,66,8,0,0,1.0,1.0,1.0,0.7634067483773566,0.8600305753796833,2,10
yolov8l-seg.pt,MOTS20-09,73,8,1,63,7,0,1,1.0,0.875,0.9333333333333333,0.7924341684558392,0.8799899560596874,2,9
yolov8l-seg.pt,MOTS20-09,74,8,1,55,7,0,1,1.0,0.875,0.9333333333333333,0.7896642017226282,0.8784912220719863,2,9
yolov8l-seg.pt,MOTS20-09,75,8,1,57,7,0,1,1.0,0.875,0.9333333333333333,0.8029294564356922,0.8882672965190394,2,9
yolov8l-seg.pt,MOTS20-09,76,8,1,63,7,0,1,1.0,0.875,0.9333333333333333,0.8028784481378677,0.8882272286703506,2,9
yolov8l-seg.pt,MOTS20-09,77,8,1,65,7,0,1,1.0,0.875,0.9333333333333333,0.8053117716496564,0.8897042763197973,2,9
yolov8l-seg.pt,MOTS20-09,78,8,1,58,7,0,1,1.0,0.875,0.9333333333333333,0.7976426961087807,0.8845422826252943,2,9
yolov8l-seg.pt,MOTS20-09,79,8,1,60,7,1,1,0.875,0.875,0.875,0.8033749167450656,0.8887189230715993,2,10
yolov8l-seg.pt,MOTS20-09,80,8,1,67,7,0,1,1.0,0.875,0.9333333333333333,0.80799168890722,0.8919051464180722,2,9
yolov8l-seg.pt,MOTS20-09,81,7,1,73,7,0,0,1.0,1.0,1.0,0.8040078279069219,0.8896013621783748,3,10
yolov8l-seg.pt,MOTS20-09,82,7,1,72,7,0,0,1.0,1.0,1.0,0.7992056072158044,0.8860158286917705,3,10
yolov8l-seg.pt,MOTS20-09,83,7,1,61,7,0,0,1.0,1.0,1.0,0.8055459737633883,0.8903971279183284,3,10
yolov8l-seg.pt,MOTS20-09,84,7,1,57,7,0,0,1.0,1.0,1.0,0.7994409871587547,0.8861411088330966,3,10
yolov8l-seg.pt,MOTS20-09,85,7,1,59,7,0,0,1.0,1.0,1.0,0.7994713347751248,0.8865391150607714,2,9
yolov8l-seg.pt,MOTS20-09,86,7,1,63,7,0,0,1.0,1.0,1.0,0.8005108278377787,0.8873991951412119,3,10
yolov8l-seg.pt,MOTS20-09,87,7,1,68,7,0,0,1.0,1.0,1.0,0.8027707859176594,0.8888471691310895,2,9
yolov8l-seg.pt,MOTS20-09,88,7,1,74,7,0,0,1.0,1.0,1.0,0.8027412881425672,0.8887727059323937,3,10
yolov8l-seg.pt,MOTS20-09,89,7,1,75,7,0,0,1.0,1.0,1.0,0.8095567317618881,0.8929100945563583,4,11
yolov8l-seg.pt,MOTS20-09,90,7,1,63,7,0,0,1.0,1.0,1.0,0.8009396101505272,0.887367137223882,3,10
yolov8l-seg.pt,MOTS20-09,91,7,1,76,7,1,0,0.875,1.0,0.9333333333333333,0.8097333311499081,0.89305202438581,3,11
yolov8l-seg.pt,MOTS20-09,92,7,1,72,7,1,0,0.875,1.0,0.9333333333333333,0.8068805135084348,0.8907130895345292,3,11
yolov8l-seg.pt,MOTS20-09,93,7,1,61,7,1,0,0.875,1.0,0.9333333333333333,0.810850706785731,0.8943264072970537,3,11
yolov8l-seg.pt,MOTS20-09,94,7,1,78,7,0,0,1.0,1.0,1.0,0.8135966511210212,0.8958161216522104,3,10
yolov8l-seg.pt,MOTS20-09,95,7,1,67,7,0,0,1.0,1.0,1.0,0.8138681558699148,0.8960881448644026,2,9
yolov8l-seg.pt,MOTS20-09,96,7,1,66,7,0,0,1.0,1.0,1.0,0.8208768818897819,0.9003625979233545,3,10
yolov8l-seg.pt,MOTS20-09,97,7,1,66,7,0,0,1.0,1.0,1.0,0.8243411328646028,0.9024746239547611,3,10
yolov8l-seg.pt,MOTS20-09,98,7,1,85,7,0,0,1.0,1.0,1.0,0.8310609082331616,0.9065379469691823,3,10
yolov8l-seg.pt,MOTS20-09,99,7,1,90,7,0,0,1.0,1.0,1.0,0.827708863456221,0.9045827933541328,3,10
yolov8l-seg.pt,MOTS20-09,100,7,1,91,7,0,0,1.0,1.0,1.0,0.8312201837615757,0.9069183369815313,4,11
yolov8l-seg.pt,MOTS20-09,101,7,1,89,7,0,0,1.0,1.0,1.0,0.827472778987178,0.9045332176206816,5,12
yolov8l-seg.pt,MOTS20-09,102,7,1,97,7,1,0,0.875,1.0,0.9333333333333333,0.8146779363815336,0.8960827558061213,4,12
yolov8l-seg.pt,MOTS20-09,103,7,1,86,7,0,0,1.0,1.0,1.0,0.8147485455647432,0.8959846181471676,4,11
yolov8l-seg.pt,MOTS20-09,104,7,1,95,7,0,0,1.0,1.0,1.0,0.8015145324696007,0.8864694456996283,4,11
yolov8l-seg.pt,MOTS20-09,105,7,1,85,7,0,0,1.0,1.0,1.0,0.7943014451445792,0.881638056392525,4,11
yolov8l-seg.pt,MOTS20-09,106,7,1,91,6,0,1,1.0,0.8571428571428571,0.9230769230769231,0.8334877905235318,0.9078686299546818,3,9
yolov8l-seg.pt,MOTS20-09,107,7,1,91,5,0,2,1.0,0.7142857142857143,0.8333333333333334,0.8457905376506385,0.9152867988118694,3,8
yolov8l-seg.pt,MOTS20-09,108,6,1,81,5,0,1,1.0,0.8333333333333334,0.9090909090909091,0.8465309627996497,0.9159493397952844,3,8
yolov8l-seg.pt,MOTS20-09,109,6,1,69,5,0,1,1.0,0.8333333333333334,0.9090909090909091,0.8458071329659571,0.915303847550413,3,8
yolov8l-seg.pt,MOTS20-09,110,6,1,80,5,0,1,1.0,0.8333333333333334,0.9090909090909091,0.8450979220182904,0.9147761473256738,3,8
yolov8l-seg.pt,MOTS20-09,111,6,1,69,5,0,1,1.0,0.8333333333333334,0.9090909090909091,0.8527433369290287,0.9194703662938458,3,8
yolov8l-seg.pt,MOTS20-09,112,5,1,60,5,0,0,1.0,1.0,1.0,0.8470226210800078,0.9161639378644082,3,8
yolov8l-seg.pt,MOTS20-09,113,5,1,58,5,0,0,1.0,1.0,1.0,0.8484267008276639,0.917203559678969,3,8
yolov8l-seg.pt,MOTS20-09,114,5,1,67,5,0,0,1.0,1.0,1.0,0.8338248789992712,0.9078925374258799,3,8
yolov8l-seg.pt,MOTS20-09,115,5,1,66,5,0,0,1.0,1.0,1.0,0.8297926364237339,0.9050533529828577,2,7
yolov8l-seg.pt,MOTS20-09,116,5,1,66,5,0,0,1.0,1.0,1.0,0.8226220014898955,0.8997531991293835,3,8
yolov8l-seg.pt,MOTS20-09,117,5,1,71,5,0,0,1.0,1.0,1.0,0.8100337625824686,0.8897901083558948,3,8
yolov8l-seg.pt,MOTS20-09,118,5,1,71,4,2,1,0.6666666666666666,0.8,0.7272727272727273,0.8666462511133468,0.9275020275034132,2,8
yolov8l-seg.pt,MOTS20-09,119,5,1,60,4,0,1,1.0,0.8,0.8888888888888888,0.8578846909263249,0.9225417341935986,2,6
yolov8l-seg.pt,MOTS20-09,120,5,1,45,4,0,1,1.0,0.8,0.8888888888888888,0.8664352244595505,0.9277041031793409,2,6
yolov8l-seg.pt,MOTS20-09,121,4,1,45,4,0,0,1.0,1.0,1.0,0.8691378682059069,0.9290427785517403,2,6
yolov8l-seg.pt,MOTS20-09,122,4,1,46,4,0,0,1.0,1.0,1.0,0.8657731581431901,0.9270174370146845,2,6
yolov8l-seg.pt,MOTS20-09,123,4,1,64,4,0,0,1.0,1.0,1.0,0.863436753561959,0.9256424119395801,2,6
yolov8l-seg.pt,MOTS20-09,124,4,1,59,4,0,0,1.0,1.0,1.0,0.8645868997869828,0.926476972290068,2,6
yolov8l-seg.pt,MOTS20-09,125,4,1,67,4,0,0,1.0,1.0,1.0,0.866048961929742,0.9275439923372523,2,6
yolov8l-seg.pt,MOTS20-09,126,5,1,94,4,0,1,1.0,0.8,0.8888888888888888,0.8642227004617749,0.9265683189320746,6,10
yolov8l-seg.pt,MOTS20-09,127,5,1,87,4,0,1,1.0,0.8,0.8888888888888888,0.8645870307914512,0.9268430302460537,3,7
yolov8l-seg.pt,MOTS20-09,128,5,1,79,5,0,0,1.0,1.0,1.0,0.8194772920204635,0.8971352982684018,3,8
yolov8l-seg.pt,MOTS20-09,129,5,1,82,5,0,0,1.0,1.0,1.0,0.8395896041688264,0.9107994272218869,4,9
yolov8l-seg.pt,MOTS20-09,130,5,1,79,5,0,0,1.0,1.0,1.0,0.840346542214397,0.9111948608421286,5,10
yolov8l-seg.pt,MOTS20-09,131,5,1,73,5,0,0,1.0,1.0,1.0,0.8592125325119708,0.9231561943695994,4,9
yolov8l-seg.pt,MOTS20-09,132,5,1,69,5,0,0,1.0,1.0,1.0,0.8570483909949935,0.9218814985350576,3,8
yolov8l-seg.pt,MOTS20-09,133,5,1,76,5,0,0,1.0,1.0,1.0,0.8257059596602009,0.8998580017205284,3,8
yolov8l-seg.pt,MOTS20-09,134,5,1,83,4,0,1,1.0,0.8,0.8888888888888888,0.8818484368651217,0.9368518558643317,3,7
yolov8l-seg.pt,MOTS20-09,135,6,1,92,5,0,1,1.0,0.8333333333333334,0.9090909090909091,0.828871199298329,0.9024892214755769,4,9
yolov8l-seg.pt,MOTS20-09,136,6,1,86,5,0,1,1.0,0.8333333333333334,0.9090909090909091,0.8739463685179307,0.9322413351016188,3,8
yolov8l-seg.pt,MOTS20-09,137,7,1,96,5,0,2,1.0,0.7142857142857143,0.8333333333333334,0.8685815094028781,0.9289578408999326,4,9
yolov8l-seg.pt,MOTS20-09,138,7,1,96,6,0,1,1.0,0.8571428571428571,0.9230769230769231,0.8181688456063231,0.895345713268279,4,10
yolov8l-seg.pt,MOTS20-09,139,6,1,78,6,0,0,1.0,1.0,1.0,0.8477825586519628,0.9161016652741664,3,9
yolov8l-seg.pt,MOTS20-09,140,6,1,70,6,0,0,1.0,1.0,1.0,0.8642639783925912,0.9264719362405757,2,8
yolov8l-seg.pt,MOTS20-09,141,6,1,70,6,0,0,1.0,1.0,1.0,0.875222549732031,0.9328141712534976,2,8
yolov8l-seg.pt,MOTS20-09,142,6,1,81,6,0,0,1.0,1.0,1.0,0.8751087921125359,0.9327509179166477,2,8
yolov8l-seg.pt,MOTS20-09,143,6,1,81,6,0,0,1.0,1.0,1.0,0.863624836091278,0.9260169805952224,3,9
yolov8l-seg.pt,MOTS20-09,144,7,1,65,6,0,1,1.0,0.8571428571428571,0.9230769230769231,0.8459429091860415,0.9151621377935184,2,8
yolov8l-seg.pt,MOTS20-09,145,7,1,72,6,0,1,1.0,0.8571428571428571,0.9230769230769231,0.8644457689698918,0.9265746442265614,2,8
yolov8l-seg.pt,MOTS20-09,146,8,1,71,6,0,2,1.0,0.75,0.8571428571428571,0.8716068530901451,0.9307076584440179,1,7
yolov8l-seg.pt,MOTS20-09,147,8,1,69,6,0,2,1.0,0.75,0.8571428571428571,0.8759426010708687,0.933165738550949,2,8
yolov8l-seg.pt,MOTS20-09,148,9,1,82,6,0,3,1.0,0.6666666666666666,0.8,0.8602408970364587,0.9239985385006321,1,7
yolov8l-seg.pt,MOTS20-09,149,8,1,83,6,0,2,1.0,0.75,0.8571428571428571,0.8672338085228223,0.9282066413863356,1,7
yolov8l-seg.pt,MOTS20-09,150,8,1,99,6,0,2,1.0,0.75,0.8571428571428571,0.8693413293354405,0.9296051346790941,1,7
yolov8l-seg.pt,MOTS20-09,151,8,1,77,7,0,1,1.0,0.875,0.9333333333333333,0.8342390695564111,0.9065625327242632,1,8
yolov8l-seg.pt,MOTS20-09,152,8,1,73,7,0,1,1.0,0.875,0.9333333333333333,0.826221817377262,0.9015856373023532,1,8
yolov8l-seg.pt,MOTS20-09,153,7,1,66,7,0,0,1.0,1.0,1.0,0.8344483381713623,0.9070356354928888,1,8
yolov8l-seg.pt,MOTS20-09,154,7,1,62,7,0,0,1.0,1.0,1.0,0.8370784222431294,0.9084384904073167,1,8
yolov8l-seg.pt,MOTS20-09,155,7,1,49,7,0,0,1.0,1.0,1.0,0.8286647489029894,0.9034529994598222,1,8
yolov8l-seg.pt,MOTS20-09,156,7,1,69,7,0,0,1.0,1.0,1.0,0.8127567341378903,0.8907818699841962,1,8
yolov8l-seg.pt,MOTS20-09,157,7,1,77,6,0,1,1.0,0.8571428571428571,0.9230769230769231,0.8711554262779466,0.9302848673904601,1,7
yolov8l-seg.pt,MOTS20-09,158,7,1,75,6,0,1,1.0,0.8571428571428571,0.9230769230769231,0.8711442711879567,0.9305451740956024,2,8
yolov8l-seg.pt,MOTS20-09,159,7,1,74,6,0,1,1.0,0.8571428571428571,0.9230769230769231,0.8676267179452819,0.9286855807810226,2,8
yolov8l-seg.pt,MOTS20-09,160,7,1,81,6,0,1,1.0,0.8571428571428571,0.9230769230769231,0.8568753989723863,0.922536268631081,2,8
yolov8l-seg.pt,MOTS20-09,161,7,1,81,6,1,1,0.8571428571428571,0.8571428571428571,0.8571428571428571,0.8693016124946537,0.9294127479234495,2,9
yolov8l-seg.pt,MOTS20-09,162,7,1,69,6,0,1,1.0,0.8571428571428571,0.9230769230769231,0.8586812703805716,0.9233291148565921,2,8
yolov8l-seg.pt,MOTS20-09,163,7,1,93,6,0,1,1.0,0.8571428571428571,0.9230769230769231,0.8525186202280556,0.9199207661446328,3,9
yolov8l-seg.pt,MOTS20-09,164,8,1,103,6,0,2,1.0,0.75,0.8571428571428571,0.8621198604230745,0.9255777271747038,3,9
yolov8l-seg.pt,MOTS20-09,165,8,1,106,6,0,2,1.0,0.75,0.8571428571428571,0.857094606851606,0.922177741340439,4,10
yolov8l-seg.pt,MOTS20-09,166,8,1,105,6,0,2,1.0,0.75,0.8571428571428571,0.7996745770395894,0.8808778138141008,4,10
yolov8l-seg.pt,MOTS20-09,167,8,1,106,6,0,2,1.0,0.75,0.8571428571428571,0.8148577839429004,0.8908394190981374,4,10
yolov8l-seg.pt,MOTS20-09,168,8,1,101,6,0,2,1.0,0.75,0.8571428571428571,0.8289166672517011,0.9042366510405939,4,10
yolov8l-seg.pt,MOTS20-09,169,10,1,94,6,0,4,1.0,0.6,0.75,0.8265772770830327,0.9026755371044777,4,10
yolov8l-seg.pt,MOTS20-09,170,10,1,104,6,1,4,0.8571428571428571,0.6,0.7058823529411765,0.8388323816316655,0.9108053655305426,4,11
yolov8l-seg.pt,MOTS20-09,171,10,1,105,7,1,3,0.875,0.7,0.7777777777777778,0.8055053866877147,0.8903723480377496,4,12
yolov8l-seg.pt,MOTS20-09,172,10,1,114,8,0,2,1.0,0.8,0.8888888888888888,0.7986688299002742,0.8858602128387529,4,12
yolov8l-seg.pt,MOTS20-09,173,10,1,121,8,2,2,0.8,0.8,0.8,0.8116502957437977,0.8940054543749226,4,14
yolov8l-seg.pt,MOTS20-09,174,10,1,118,9,2,1,0.8181818181818182,0.9,0.8571428571428571,0.7492567622293589,0.8503827257668326,4,15
yolov8l-seg.pt,MOTS20-09,175,10,1,120,7,1,3,0.875,0.7,0.7777777777777778,0.8156482129625318,0.8968556812124758,6,14
yolov8l-seg.pt,MOTS20-09,176,9,1,110,7,0,2,1.0,0.7777777777777778,0.875,0.805404644110635,0.8899988857063759,5,12
yolov8l-seg.pt,MOTS20-09,177,9,1,108,6,1,3,0.8571428571428571,0.6666666666666666,0.75,0.8206312207583113,0.8998099910062428,5,12
yolov8l-seg.pt,MOTS20-09,178,9,1,100,6,0,3,1.0,0.6666666666666666,0.8,0.8212505192990199,0.8999593399280362,6,12
yolov8l-seg.pt,MOTS20-09,179,7,1,99,6,0,1,1.0,0.8571428571428571,0.9230769230769231,0.8212826577857327,0.8991398140247595,5,11
yolov8l-seg.pt,MOTS20-09,180,8,1,109,6,0,2,1.0,0.75,0.8571428571428571,0.8224123592647596,0.9004823656606294,6,12
yolov8l-seg.pt,MOTS20-09,181,9,1,94,7,0,2,1.0,0.7777777777777778,0.875,0.8033853166242411,0.8891200049458657,2,9
yolov8l-seg.pt,MOTS20-09,182,9,1,82,7,1,2,0.875,0.7777777777777778,0.8235294117647058,0.8243296852700424,0.900799393324671,2,10
yolov8l-seg.pt,MOTS20-09,183,9,1,77,7,1,2,0.875,0.7777777777777778,0.8235294117647058,0.826811586445672,0.9029641457020107,3,11
yolov8l-seg.pt,MOTS20-09,184,9,1,85,7,1,2,0.875,0.7777777777777778,0.8235294117647058,0.8276846267453607,0.903323364657213,3,11
yolov8l-seg.pt,MOTS20-09,185,9,1,77,9,0,0,1.0,1.0,1.0,0.7744183218437175,0.8671715852534908,2,11
yolov8l-seg.pt,MOTS20-09,186,11,1,65,8,1,3,0.8888888888888888,0.7272727272727273,0.8,0.8327894384212071,0.9064283414866123,1,10
yolov8l-seg.pt,MOTS20-09,187,11,1,69,10,3,1,0.7692307692307693,0.9090909090909091,0.8333333333333334,0.8055713935775491,0.8897238104812137,1,14
yolov8l-seg.pt,MOTS20-09,188,12,1,69,10,2,2,0.8333333333333334,0.8333333333333334,0.8333333333333334,0.8110941427217135,0.8938830627212699,1,13
yolov8l-seg.pt,MOTS20-09,189,12,1,73,10,1,2,0.9090909090909091,0.8333333333333334,0.8695652173913043,0.7941658224646784,0.8807197653623066,0,11
yolov8l-seg.pt,MOTS20-09,190,12,1,67,10,1,2,0.9090909090909091,0.8333333333333334,0.8695652173913043,0.7921758158972475,0.8811056017050349,0,11
yolov8l-seg.pt,MOTS20-09,191,12,1,74,10,0,2,1.0,0.8333333333333334,0.9090909090909091,0.7797203406321764,0.872554180680645,0,10
yolov8l-seg.pt,MOTS20-09,192,12,1,74,10,0,2,1.0,0.8333333333333334,0.9090909090909091,0.759495198007315,0.8582640673992428,0,10
yolov8l-seg.pt,MOTS20-09,193,12,1,80,9,1,3,0.9,0.75,0.8181818181818182,0.7740133441892153,0.8676930065148464,0,10
yolov8l-seg.pt,MOTS20-09,194,11,1,76,8,0,3,1.0,0.7272727272727273,0.8421052631578947,0.7880452379574769,0.8768821694368936,0,8
yolov8l-seg.pt,MOTS20-09,195,11,1,65,8,0,3,1.0,0.7272727272727273,0.8421052631578947,0.768961936373239,0.8638760827157492,0,8
yolov8l-seg.pt,MOTS20-09,196,11,1,63,10,0,1,1.0,0.9090909090909091,0.9523809523809523,0.7557945586139354,0.8565884653565912,0,10
yolov8l-seg.pt,MOTS20-09,197,11,1,60,10,0,1,1.0,0.9090909090909091,0.9523809523809523,0.745833498803157,0.8474730636968152,0,10
yolov8l-seg.pt,MOTS20-09,198,11,1,64,8,1,3,0.8888888888888888,0.7272727272727273,0.8,0.8170808741274525,0.897617847269594,0,9
yolov8l-seg.pt,MOTS20-09,199,10,1,66,8,2,2,0.8,0.8,0.8,0.8019762646765756,0.8882684545902845,0,10
yolov8l-seg.pt,MOTS20-09,200,10,1,75,9,0,1,1.0,0.9,0.9473684210526315,0.8019187255977829,0.8864961787961965,0,9
yolov8l-seg.pt,MOTS20-09,201,10,1,53,9,0,1,1.0,0.9,0.9473684210526315,0.7744793025408603,0.8677992014610665,0,9
yolov8l-seg.pt,MOTS20-09,202,10,1,43,10,0,0,1.0,1.0,1.0,0.7912688166891301,0.8780187646238952,0,10
yolov8l-seg.pt,MOTS20-09,203,10,1,49,9,1,1,0.9,0.9,0.9,0.8144412664299355,0.8944686234343808,1,11
yolov8l-seg.pt,MOTS20-09,204,10,1,81,9,1,1,0.9,0.9,0.9,0.7830764042742993,0.8713348730993231,1,11
yolov8l-seg.pt,MOTS20-09,205,10,1,54,9,0,1,1.0,0.9,0.9473684210526315,0.7700325408839475,0.863357591621518,0,9
yolov8l-seg.pt,MOTS20-09,206,10,1,64,9,0,1,1.0,0.9,0.9473684210526315,0.7865798326375998,0.8751768456063284,0,9
yolov8l-seg.pt,MOTS20-09,207,12,1,81,8,0,4,1.0,0.6666666666666666,0.8,0.7815565194556517,0.8726486044710842,1,9
yolov8l-seg.pt,MOTS20-09,208,10,1,66,9,1,1,0.9,0.9,0.9,0.8133082725770415,0.8946560820266524,0,10
yolov8l-seg.pt,MOTS20-09,209,11,1,75,11,0,0,1.0,1.0,1.0,0.7679613151273227,0.8639298940212032,0,11
yolov8l-seg.pt,MOTS20-09,210,12,1,58,10,1,2,0.9090909090909091,0.8333333333333334,0.8695652173913043,0.758163850212728,0.855906027332793,0,11
yolov8l-seg.pt,MOTS20-09,211,12,1,60,9,1,3,0.9,0.75,0.8181818181818182,0.8067040382303571,0.8907515490105347,1,11
yolov8l-seg.pt,MOTS20-09,212,12,1,67,10,0,2,1.0,0.8333333333333334,0.9090909090909091,0.7802736573556354,0.8702262704209595,2,12
yolov8l-seg.pt,MOTS20-09,213,13,1,79,11,0,2,1.0,0.8461538461538461,0.9166666666666666,0.7850520687942099,0.8757042070167632,0,11
yolov8l-seg.pt,MOTS20-09,214,13,1,80,9,1,4,0.9,0.6923076923076923,0.782608695652174,0.8088741082154807,0.8926519216527696,1,11
yolov8l-seg.pt,MOTS20-09,215,12,1,57,10,0,2,1.0,0.8333333333333334,0.9090909090909091,0.7601338796820556,0.8603671573194351,0,10
yolov8l-seg.pt,MOTS20-09,216,12,1,68,10,1,2,0.9090909090909091,0.8333333333333334,0.8695652173913043,0.7524662276018353,0.8564153878213032,1,12
yolov8l-seg.pt,MOTS20-09,217,12,1,59,10,1,2,0.9090909090909091,0.8333333333333334,0.8695652173913043,0.7629139831404295,0.8627944590424406,1,12
yolov8l-seg.pt,MOTS20-09,218,13,1,54,10,1,3,0.9090909090909091,0.7692307692307693,0.8333333333333334,0.775923791422043,0.8718215983042509,1,12
yolov8l-seg.pt,MOTS20-09,219,13,1,81,10,1,3,0.9090909090909091,0.7692307692307693,0.8333333333333334,0.7592487623216638,0.8592822145034698,1,12
yolov8l-seg.pt,MOTS20-09,220,12,1,94,11,2,1,0.8461538461538461,0.9166666666666666,0.88,0.7764520255675493,0.8718813197586169,1,14
yolov8l-seg.pt,MOTS20-09,221,11,1,101,11,2,0,0.8461538461538461,1.0,0.9166666666666666,0.7606194524919002,0.8584672263181876,1,14
yolov8l-seg.pt,MOTS20-09,222,12,1,115,10,1,2,0.9090909090909091,0.8333333333333334,0.8695652173913043,0.7943184981492686,0.8816760044180206,1,12
yolov8l-seg.pt,MOTS20-09,223,13,1,81,10,1,3,0.9090909090909091,0.7692307692307693,0.8333333333333334,0.7938856102474106,0.8807552788883388,0,11
yolov8l-seg.pt,MOTS20-09,224,13,1,92,11,0,2,1.0,0.8461538461538461,0.9166666666666666,0.7716127459054007,0.8645684080307503,0,11
yolov8l-seg.pt,MOTS20-09,225,13,1,100,11,0,2,1.0,0.8461538461538461,0.9166666666666666,0.7858875467052919,0.8756518176194348,1,12
yolov8l-seg.pt,MOTS20-09,226,13,1,97,11,1,2,0.9166666666666666,0.8461538461538461,0.88,0.7817245269478718,0.8718119675957062,2,14
yolov8l-seg.pt,MOTS20-09,227,13,1,107,11,1,2,0.9166666666666666,0.8461538461538461,0.88,0.7815894645597278,0.8708638770643006,0,12
yolov8l-seg.pt,MOTS20-09,228,13,1,91,11,1,2,0.9166666666666666,0.8461538461538461,0.88,0.7757555164836447,0.8680823239250267,1,13
yolov8l-seg.pt,MOTS20-09,229,13,1,95,11,0,2,1.0,0.8461538461538461,0.9166666666666666,0.7839679644398859,0.8748366496188605,1,12
yolov8l-seg.pt,MOTS20-09,230,13,1,82,10,0,3,1.0,0.7692307692307693,0.8695652173913043,0.7894629579284643,0.8774330525711133,1,11
yolov8l-seg.pt,MOTS20-09,231,13,1,94,10,0,3,1.0,0.7692307692307693,0.8695652173913043,0.7848662501136598,0.8747926259217159,2,12
yolov8l-seg.pt,MOTS20-09,232,13,1,86,10,0,3,1.0,0.7692307692307693,0.8695652173913043,0.7819579095255496,0.8731586402181805,1,11
yolov8l-seg.pt,MOTS20-09,233,13,1,83,10,0,3,1.0,0.7692307692307693,0.8695652173913043,0.785536720238466,0.8751342881747963,1,11
yolov8l-seg.pt,MOTS20-09,234,13,1,85,10,0,3,1.0,0.7692307692307693,0.8695652173913043,0.7762975571661243,0.869232475695289,1,11
yolov8l-seg.pt,MOTS20-09,235,13,1,88,9,1,4,0.9,0.6923076923076923,0.782608695652174,0.7896041106838504,0.8797187530268744,3,13
yolov8l-seg.pt,MOTS20-09,236,13,1,82,9,1,4,0.9,0.6923076923076923,0.782608695652174,0.801578342254797,0.8865522659781433,2,12
yolov8l-seg.pt,MOTS20-09,237,13,1,88,10,0,3,1.0,0.7692307692307693,0.8695652173913043,0.7785190478555204,0.8694580011741264,2,12
yolov8l-seg.pt,MOTS20-09,238,13,1,93,11,1,2,0.9166666666666666,0.8461538461538461,0.88,0.7578099718985581,0.85607955555597,3,15
yolov8l-seg.pt,MOTS20-09,239,13,1,105,10,2,3,0.8333333333333334,0.7692307692307693,0.8,0.7771667087982184,0.868429111350749,2,14
yolov8l-seg.pt,MOTS20-09,240,13,1,104,10,2,3,0.8333333333333334,0.7692307692307693,0.8,0.7712319611084597,0.8644596357572757,3,15
yolov8l-seg.pt,MOTS20-09,241,12,1,100,10,2,2,0.8333333333333334,0.8333333333333334,0.8333333333333334,0.7821646429930473,0.87272232046593,3,15
yolov8l-seg.pt,MOTS20-09,242,13,1,94,10,3,3,0.7692307692307693,0.7692307692307693,0.7692307692307693,0.7853345950782302,0.8758580514127727,3,16
yolov8l-seg.pt,MOTS20-09,243,12,1,89,10,3,2,0.7692307692307693,0.8333333333333334,0.8,0.7894532787971225,0.878062741308591,3,16
yolov8l-seg.pt,MOTS20-09,244,12,1,77,9,4,3,0.6923076923076923,0.75,0.72,0.8180297665524195,0.8983530402632509,3,16
yolov8l-seg.pt,MOTS20-09,245,12,1,88,9,2,3,0.8181818181818182,0.75,0.782608695652174,0.8343680950392942,0.9088139363144909,3,14
yolov8l-seg.pt,MOTS20-09,246,13,1,100,9,2,4,0.8181818181818182,0.6923076923076923,0.75,0.8253972371596301,0.9036568475648505,3,14
yolov8l-seg.pt,MOTS20-09,247,13,1,105,9,2,4,0.8181818181818182,0.6923076923076923,0.75,0.8172162475712915,0.898239275771178,3,14
yolov8l-seg.pt,MOTS20-09,248,13,1,99,9,2,4,0.8181818181818182,0.6923076923076923,0.75,0.8083700799122004,0.8927743267941093,3,14
yolov8l-seg.pt,MOTS20-09,249,13,1,94,9,3,4,0.75,0.6923076923076923,0.72,0.8090560817602296,0.8931295115973469,3,15
yolov8l-seg.pt,MOTS20-09,250,13,1,92,9,2,4,0.8181818181818182,0.6923076923076923,0.75,0.8154326952734573,0.8972726789074869,3,14
yolov8l-seg.pt,MOTS20-09,251,13,1,102,9,1,4,0.9,0.6923076923076923,0.782608695652174,0.8140570674978606,0.8960260078575829,3,13
yolov8l-seg.pt,MOTS20-09,252,13,1,102,10,1,3,0.9090909090909091,0.7692307692307693,0.8333333333333334,0.7918466756954308,0.8816006022998757,3,14
yolov8l-seg.pt,MOTS20-09,253,13,1,102,10,1,3,0.9090909090909091,0.7692307692307693,0.8333333333333334,0.8091696838104097,0.8933839834721867,3,14
yolov8l-seg.pt,MOTS20-09,254,13,1,102,10,1,3,0.9090909090909091,0.7692307692307693,0.8333333333333334,0.7816422828641334,0.8744526562874795,3,14
yolov8l-seg.pt,MOTS20-09,255,12,1,96,10,1,2,0.9090909090909091,0.8333333333333334,0.8695652173913043,0.7919474207359872,0.8819184541798236,3,14
yolov8l-seg.pt,MOTS20-09,256,12,1,96,11,0,1,1.0,0.9166666666666666,0.9565217391304348,0.7705752988702468,0.8669191157018655,3,14
yolov8l-seg.pt,MOTS20-09,257,13,1,98,10,1,3,0.9090909090909091,0.7692307692307693,0.8333333333333334,0.7570437620487106,0.8567794780471972,3,14
yolov8l-seg.pt,MOTS20-09,258,13,1,95,10,1,3,0.9090909090909091,0.7692307692307693,0.8333333333333334,0.7857328120598123,0.8775741552736351,3,14
yolov8l-seg.pt,MOTS20-09,259,13,1,85,7,3,6,0.7,0.5384615384615384,0.6086956521739131,0.842706300147711,0.9142104051755745,3,13
yolov8l-seg.pt,MOTS20-09,260,13,1,95,9,2,4,0.8181818181818182,0.6923076923076923,0.75,0.7947871272902574,0.8793514678370964,2,13
yolov8l-seg.pt,MOTS20-09,261,13,1,89,8,2,5,0.8,0.6153846153846154,0.6956521739130435,0.8249323842488648,0.9026232230178892,1,11
yolov8l-seg.pt,MOTS20-09,262,13,1,89,9,1,4,0.9,0.6923076923076923,0.782608695652174,0.786957674858859,0.8770883995675678,2,12
yolov8l-seg.pt,MOTS20-09,263,13,1,79,8,2,5,0.8,0.6153846153846154,0.6956521739130435,0.8047168052888185,0.8867023208197028,2,12
yolov8l-seg.pt,MOTS20-09,264,13,1,91,7,2,6,0.7777777777777778,0.5384615384615384,0.6363636363636364,0.8476363198038802,0.9171242914611579,2,11
yolov8l-seg.pt,MOTS20-09,265,12,1,85,7,1,5,0.875,0.5833333333333334,0.7,0.851171213505242,0.9193134150266139,2,10
yolov8l-seg.pt,MOTS20-09,266,12,1,89,8,0,4,1.0,0.6666666666666666,0.8,0.81318560739036,0.8925369436739474,1,9
yolov8l-seg.pt,MOTS20-09,267,12,1,85,8,0,4,1.0,0.6666666666666666,0.8,0.8195334249165331,0.8977905185043954,2,10
yolov8l-seg.pt,MOTS20-09,268,12,1,89,8,0,4,1.0,0.6666666666666666,0.8,0.8223154987361987,0.9002796063020702,3,11
yolov8l-seg.pt,MOTS20-09,269,12,1,79,8,0,4,1.0,0.6666666666666666,0.8,0.8153488440362253,0.8956619785535618,3,11
yolov8l-seg.pt,MOTS20-09,270,12,1,79,8,0,4,1.0,0.6666666666666666,0.8,0.8052441022755097,0.8888335805256043,3,11
yolov8l-seg.pt,MOTS20-09,271,11,1,73,8,1,3,0.8888888888888888,0.7272727272727273,0.8,0.812563479298224,0.8947415586269201,3,12
yolov8l-seg.pt,MOTS20-09,272,10,1,83,8,1,2,0.8888888888888888,0.8,0.8421052631578947,0.799548326398839,0.8869205418422835,3,12
yolov8l-seg.pt,MOTS20-09,273,10,1,82,8,1,2,0.8888888888888888,0.8,0.8421052631578947,0.7871214783135169,0.8779506722831729,3,12
yolov8l-seg.pt,MOTS20-09,274,10,1,81,8,1,2,0.8888888888888888,0.8,0.8421052631578947,0.7830909195510514,0.8738757541509452,3,12
yolov8l-seg.pt,MOTS20-09,275,10,1,81,8,2,2,0.8,0.8,0.8,0.7897095230387325,0.8788349637231617,3,13
yolov8l-seg.pt,MOTS20-09,276,10,1,80,9,1,1,0.9,0.9,0.9,0.7641481610340362,0.8593684787723377,3,13
yolov8l-seg.pt,MOTS20-09,277,10,1,78,8,2,2,0.8,0.8,0.8,0.7747522863528449,0.8688932654181226,3,13
yolov8l-seg.pt,MOTS20-09,278,11,1,74,9,0,2,1.0,0.8181818181818182,0.9,0.757939743744733,0.8583493578773549,3,12
yolov8l-seg.pt,MOTS20-09,279,10,1,82,9,0,1,1.0,0.9,0.9473684210526315,0.7779082608495287,0.8718019555104405,3,12
yolov8l-seg.pt,MOTS20-09,280,10,1,75,9,0,1,1.0,0.9,0.9473684210526315,0.7905194225816383,0.8796124533878216,3,12
yolov8l-seg.pt,MOTS20-09,281,10,1,71,9,0,1,1.0,0.9,0.9473684210526315,0.7845518335234257,0.8750024991961705,3,12
yolov8l-seg.pt,MOTS20-09,282,10,1,77,9,0,1,1.0,0.9,0.9473684210526315,0.7851498307310925,0.876503225152505,3,12
yolov8l-seg.pt,MOTS20-09,283,10,1,78,9,0,1,1.0,0.9,0.9473684210526315,0.7911555456649852,0.8811151609222828,3,12
yolov8l-seg.pt,MOTS20-09,284,10,1,67,9,1,1,0.9,0.9,0.9,0.784816029979284,0.8767070880568197,3,13
yolov8l-seg.pt,MOTS20-09,285,10,1,66,9,1,1,0.9,0.9,0.9,0.7778491328474794,0.8722645841411718,3,13
yolov8l-seg.pt,MOTS20-09,286,10,1,76,9,0,1,1.0,0.9,0.9473684210526315,0.7827640096298759,0.8759922422740952,3,12
yolov8l-seg.pt,MOTS20-09,287,10,1,68,9,0,1,1.0,0.9,0.9473684210526315,0.7839843864558705,0.8764980699580567,3,12
yolov8l-seg.pt,MOTS20-09,288,10,1,78,9,0,1,1.0,0.9,0.9473684210526315,0.7923024857303851,0.8821699504654597,3,12
yolov8l-seg.pt,MOTS20-09,289,10,1,78,9,0,1,1.0,0.9,0.9473684210526315,0.7955784079566258,0.8840516035249136,2,11
yolov8l-seg.pt,MOTS20-09,290,9,1,83,9,0,0,1.0,1.0,1.0,0.8065890301514245,0.8914559281643307,2,11
yolov8l-seg.pt,MOTS20-09,291,9,1,88,9,1,0,0.9,1.0,0.9473684210526315,0.8197448578743136,0.8998512543391879,2,12
yolov8l-seg.pt,MOTS20-09,292,9,1,96,9,0,0,1.0,1.0,1.0,0.813691115527718,0.8959529833544848,2,11
yolov8l-seg.pt,MOTS20-09,293,9,1,105,9,0,0,1.0,1.0,1.0,0.8069792795070754,0.891803515388746,2,11
yolov8l-seg.pt,MOTS20-09,294,9,1,105,9,0,0,1.0,1.0,1.0,0.7748723867947194,0.8691276601431104,3,12
yolov8l-seg.pt,MOTS20-09,295,9,1,102,9,1,0,0.9,1.0,0.9473684210526315,0.7752082230579415,0.8680126181052602,3,13
yolov8l-seg.pt,MOTS20-09,296,9,1,93,9,1,0,0.9,1.0,0.9473684210526315,0.775005200154139,0.8675507901919938,3,13
yolov8l-seg.pt,MOTS20-09,297,10,1,113,9,0,1,1.0,0.9,0.9473684210526315,0.7691387581645419,0.8649870093729981,3,12
yolov8l-seg.pt,MOTS20-09,298,10,1,106,10,0,0,1.0,1.0,1.0,0.7421385508374663,0.8452043436075798,3,13
yolov8l-seg.pt,MOTS20-09,299,10,1,101,9,0,1,1.0,0.9,0.9473684210526315,0.7543579805051148,0.8528471727800685,2,11
yolov8l-seg.pt,MOTS20-09,300,12,1,94,8,1,4,0.8888888888888888,0.6666666666666666,0.7619047619047619,0.791869232572901,0.8800943951603719,2,11
yolov8l-seg.pt,MOTS20-09,301,12,1,103,9,0,3,1.0,0.75,0.8571428571428571,0.7816408778144456,0.8739218247279783,3,12
yolov8l-seg.pt,MOTS20-09,302,12,1,90,9,0,3,1.0,0.75,0.8571428571428571,0.799329418654149,0.885938706840185,3,12
yolov8l-seg.pt,MOTS20-09,303,12,1,92,9,0,3,1.0,0.75,0.8571428571428571,0.7754824834650873,0.8706174853371588,3,12
yolov8l-seg.pt,MOTS20-09,304,12,1,102,9,1,3,0.9,0.75,0.8181818181818182,0.784926933094878,0.8759919219331724,3,13
yolov8l-seg.pt,MOTS20-09,305,12,1,93,9,1,3,0.9,0.75,0.8181818181818182,0.7802052233609083,0.8737140393945434,3,13
yolov8l-seg.pt,MOTS20-09,306,12,1,99,8,0,4,1.0,0.6666666666666666,0.8,0.7806113936647812,0.8736660348286377,3,11
yolov8l-seg.pt,MOTS20-09,307,12,1,89,8,0,4,1.0,0.6666666666666666,0.8,0.7636988972400287,0.8615015036133514,2,10
yolov8l-seg.pt,MOTS20-09,308,11,1,82,9,0,2,1.0,0.8181818181818182,0.9,0.7840296365645665,0.8762109009789439,2,11
yolov8l-seg.pt,MOTS20-09,309,12,1,82,9,0,3,1.0,0.75,0.8571428571428571,0.7761577867439973,0.8708936460592985,2,11
yolov8l-seg.pt,MOTS20-09,310,12,1,86,9,0,3,1.0,0.75,0.8571428571428571,0.7807400181133699,0.8727979455440809,2,11
yolov8l-seg.pt,MOTS20-09,311,11,1,83,8,1,3,0.8888888888888888,0.7272727272727273,0.8,0.8313949342507396,0.9072146944720078,2,11
yolov8l-seg.pt,MOTS20-09,312,10,1,70,9,0,1,1.0,0.9,0.9473684210526315,0.7921480619057796,0.8807431850390217,2,11
yolov8l-seg.pt,MOTS20-09,313,10,1,81,9,0,1,1.0,0.9,0.9473684210526315,0.7923976779495499,0.8804592891797571,2,11
yolov8l-seg.pt,MOTS20-09,314,12,1,86,8,0,4,1.0,0.6666666666666666,0.8,0.8087760478167079,0.8926885390409283,3,11
yolov8l-seg.pt,MOTS20-09,315,11,1,90,8,0,3,1.0,0.7272727272727273,0.8421052631578947,0.7962012243525719,0.8847376732705503,2,10
yolov8l-seg.pt,MOTS20-09,316,10,1,95,8,0,2,1.0,0.8,0.8888888888888888,0.8074790248700144,0.8918836521635074,2,10
yolov8l-seg.pt,MOTS20-09,317,10,1,92,10,0,0,1.0,1.0,1.0,0.7686501333409318,0.8644537946676755,2,12
yolov8l-seg.pt,MOTS20-09,318,10,1,96,9,1,1,0.9,0.9,0.9,0.8023088516120818,0.8887262850943685,2,12
yolov8l-seg.pt,MOTS20-09,319,10,1,85,8,0,2,1.0,0.8,0.8888888888888888,0.8028139308931906,0.8887923452613944,3,11
yolov8l-seg.pt,MOTS20-09,320,10,1,93,8,1,2,0.8888888888888888,0.8,0.8421052631578947,0.8040048500592292,0.8889941441715657,4,13
yolov8l-seg.pt,MOTS20-09,321,11,1,83,9,2,2,0.8181818181818182,0.8181818181818182,0.8181818181818182,0.7709827406337967,0.8652244094613252,2,13
yolov8l-seg.pt,MOTS20-09,322,10,1,74,8,1,2,0.8888888888888888,0.8,0.8421052631578947,0.7945161649341395,0.8831027037517325,2,11
yolov8l-seg.pt,MOTS20-09,323,10,1,74,9,0,1,1.0,0.9,0.9473684210526315,0.7799306707005061,0.8727081272497917,2,11
yolov8l-seg.pt,MOTS20-09,324,10,1,81,10,0,0,1.0,1.0,1.0,0.7803330587467329,0.8731005526051685,2,12
yolov8l-seg.pt,MOTS20-09,325,10,1,78,10,0,0,1.0,1.0,1.0,0.7628855734232659,0.8592624089727696,2,12
yolov8l-seg.pt,MOTS20-09,326,10,1,86,9,1,1,0.9,0.9,0.9,0.7819860495389644,0.8733926437921737,2,12
yolov8l-seg.pt,MOTS20-09,327,9,1,89,8,0,1,1.0,0.8888888888888888,0.9411764705882353,0.8117953580486228,0.8947806321524472,3,11
yolov8l-seg.pt,MOTS20-09,328,9,1,84,8,0,1,1.0,0.8888888888888888,0.9411764705882353,0.7987604184651049,0.8864543919721484,2,10
yolov8l-seg.pt,MOTS20-09,329,9,1,98,8,0,1,1.0,0.8888888888888888,0.9411764705882353,0.7955430014607094,0.8842383022049558,1,9
yolov8l-seg.pt,MOTS20-09,330,10,1,91,8,0,2,1.0,0.8,0.8888888888888888,0.8067492919809597,0.8912025254635598,3,11
yolov8l-seg.pt,MOTS20-09,331,10,1,90,8,0,2,1.0,0.8,0.8888888888888888,0.7854155211226124,0.8771576867648079,3,11
yolov8l-seg.pt,MOTS20-09,332,10,1,97,8,0,2,1.0,0.8,0.8888888888888888,0.7832181547830348,0.8748206740287154,2,10
yolov8l-seg.pt,MOTS20-09,333,9,1,100,8,0,1,1.0,0.8888888888888888,0.9411764705882353,0.7844106834360447,0.8754030894065306,2,10
yolov8l-seg.pt,MOTS20-09,334,9,1,99,8,1,1,0.8888888888888888,0.8888888888888888,0.8888888888888888,0.8085254706294882,0.892518951136394,1,10
yolov8l-seg.pt,MOTS20-09,335,9,1,79,8,0,1,1.0,0.8888888888888888,0.9411764705882353,0.793445469473319,0.8826749419841206,2,10
yolov8l-seg.pt,MOTS20-09,336,9,1,74,8,0,1,1.0,0.8888888888888888,0.9411764705882353,0.7853344256320038,0.8777031138220774,1,9
yolov8l-seg.pt,MOTS20-09,337,9,1,67,8,0,1,1.0,0.8888888888888888,0.9411764705882353,0.803347224102128,0.8899669414635817,1,9
yolov8l-seg.pt,MOTS20-09,338,8,1,71,8,0,0,1.0,1.0,1.0,0.810198560499038,0.8945503377194519,1,9
yolov8l-seg.pt,MOTS20-09,339,8,1,90,8,0,0,1.0,1.0,1.0,0.8214659717094258,0.9011727636100265,1,9
yolov8l-seg.pt,MOTS20-09,340,8,1,95,8,0,0,1.0,1.0,1.0,0.8262902380135475,0.9042641645819192,1,9
yolov8l-seg.pt,MOTS20-09,341,9,1,90,8,1,1,0.8888888888888888,0.8888888888888888,0.8888888888888888,0.8258892524131762,0.9036452320634594,2,11
yolov8l-seg.pt,MOTS20-09,342,9,1,80,9,1,0,0.9,1.0,0.9473684210526315,0.7955986856023667,0.8829822720570449,1,11
yolov8l-seg.pt,MOTS20-09,343,9,1,78,9,1,0,0.9,1.0,0.9473684210526315,0.8010519234498445,0.8874274362789043,1,11
yolov8l-seg.pt,MOTS20-09,344,9,1,78,8,2,1,0.8,0.8888888888888888,0.8421052631578947,0.814654953792582,0.8962410538695103,1,11
yolov8l-seg.pt,MOTS20-09,345,10,1,82,7,3,3,0.7,0.7,0.7,0.7780617759259958,0.8691020894333435,1,11
yolov8l-seg.pt,MOTS20-09,346,9,1,77,7,2,2,0.7777777777777778,0.7777777777777778,0.7777777777777778,0.7753865150407303,0.8682903357925026,1,10
yolov8l-seg.pt,MOTS20-09,347,9,1,93,8,0,1,1.0,0.8888888888888888,0.9411764705882353,0.7727682558421334,0.8672146744050768,2,10
yolov8l-seg.pt,MOTS20-09,348,9,1,102,8,0,1,1.0,0.8888888888888888,0.9411764705882353,0.7829150787083605,0.8748975730099326,1,9
yolov8l-seg.pt,MOTS20-09,349,9,1,84,7,1,2,0.875,0.7777777777777778,0.8235294117647058,0.8230542651115867,0.9021950541462473,2,10
yolov8l-seg.pt,MOTS20-09,350,9,1,72,8,0,1,1.0,0.8888888888888888,0.9411764705882353,0.7952130545563922,0.8836782697954173,2,10
yolov8l-seg.pt,MOTS20-09,351,9,1,71,8,0,1,1.0,0.8888888888888888,0.9411764705882353,0.7981093801573684,0.8857907209430035,1,9
yolov8l-seg.pt,MOTS20-09,352,9,1,77,8,0,1,1.0,0.8888888888888888,0.9411764705882353,0.789114733488519,0.8801646451034003,1,9
yolov8l-seg.pt,MOTS20-09,353,9,1,83,8,0,1,1.0,0.8888888888888888,0.9411764705882353,0.7868006666708359,0.8785939332877047,1,9
yolov8l-seg.pt,MOTS20-09,354,9,1,76,8,0,1,1.0,0.8888888888888888,0.9411764705882353,0.769823230644324,0.8675549279197083,1,9
yolov8l-seg.pt,MOTS20-09,355,9,1,80,8,1,1,0.8888888888888888,0.8888888888888888,0.8888888888888888,0.7795716927115685,0.8738377784958653,2,11
yolov8l-seg.pt,MOTS20-09,356,9,1,78,9,0,0,1.0,1.0,1.0,0.7577923316780169,0.857671706898373,2,11
yolov8l-seg.pt,MOTS20-09,357,9,1,89,9,0,0,1.0,1.0,1.0,0.7442608764117983,0.8475268344672978,2,11
yolov8l-seg.pt,MOTS20-09,358,9,1,107,8,1,1,0.8888888888888888,0.8888888888888888,0.8888888888888888,0.7452812919729315,0.8489998119507074,2,11
yolov8l-seg.pt,MOTS20-09,359,9,1,105,9,0,0,1.0,1.0,1.0,0.7259532918034701,0.8354710321936536,2,11
yolov8l-seg.pt,MOTS20-09,360,9,1,101,8,1,1,0.8888888888888888,0.8888888888888888,0.8888888888888888,0.7505530713027294,0.8518250275838953,3,12
yolov8l-seg.pt,MOTS20-09,361,10,1,98,9,2,1,0.8181818181818182,0.9,0.8571428571428571,0.7524749769733523,0.8525873248423996,1,12
yolov8l-seg.pt,MOTS20-09,362,9,1,117,7,1,2,0.875,0.7777777777777778,0.8235294117647058,0.8049409662562634,0.8900587751543944,2,10
yolov8l-seg.pt,MOTS20-09,363,10,1,110,8,1,2,0.8888888888888888,0.8,0.8421052631578947,0.7901292516936418,0.880609226123555,1,10
yolov8l-seg.pt,MOTS20-09,364,10,1,89,8,3,2,0.7272727272727273,0.8,0.7619047619047619,0.7958969154495247,0.8845093476235222,1,12
yolov8l-seg.pt,MOTS20-09,365,10,1,82,8,2,2,0.8,0.8,0.8,0.8050857903466995,0.8902615219724119,1,11
yolov8l-seg.pt,MOTS20-09,366,10,1,95,8,2,2,0.8,0.8,0.8,0.7882356786959199,0.8793749652640557,1,11
yolov8l-seg.pt,MOTS20-09,367,10,1,87,9,1,1,0.9,0.9,0.9,0.765532023623603,0.8612447569208795,2,12
yolov8l-seg.pt,MOTS20-09,368,10,1,77,9,0,1,1.0,0.9,0.9473684210526315,0.7906138763681043,0.8797367926971363,0,9
yolov8l-seg.pt,MOTS20-09,369,10,1,66,9,0,1,1.0,0.9,0.9473684210526315,0.7842209395177046,0.8762852729847563,0,9
yolov8l-seg.pt,MOTS20-09,370,10,1,65,9,0,1,1.0,0.9,0.9473684210526315,0.7729975303620076,0.8699288797115869,1,10
yolov8l-seg.pt,MOTS20-09,371,11,1,75,9,1,2,0.9,0.8181818181818182,0.8571428571428571,0.7731739710381585,0.8694618901526106,1,11
yolov8l-seg.pt,MOTS20-09,372,10,1,92,9,4,1,0.6923076923076923,0.9,0.782608695652174,0.7731622146899338,0.8675649430643557,0,13
yolov8l-seg.pt,MOTS20-09,373,10,1,83,10,1,0,0.9090909090909091,1.0,0.9523809523809523,0.7777849387386297,0.8725929418295332,0,11
yolov8l-seg.pt,MOTS20-09,374,10,1,82,10,1,0,0.9090909090909091,1.0,0.9523809523809523,0.7831553478127642,0.8761195520457854,0,11
yolov8l-seg.pt,MOTS20-09,375,10,1,95,10,0,0,1.0,1.0,1.0,0.7831046807074181,0.8756511265284839,1,11
yolov8l-seg.pt,MOTS20-09,376,10,1,95,10,2,0,0.8333333333333334,1.0,0.9090909090909091,0.7510374708411046,0.8546314868684861,1,13
yolov8l-seg.pt,MOTS20-09,377,10,1,93,10,0,0,1.0,1.0,1.0,0.7575133111081896,0.8588751394543717,2,12
yolov8l-seg.pt,MOTS20-09,378,10,1,99,10,0,0,1.0,1.0,1.0,0.782494190983684,0.8756108743117105,2,12
yolov8l-seg.pt,MOTS20-09,379,10,1,105,10,0,0,1.0,1.0,1.0,0.7772762047306245,0.8722621174630568,2,12
yolov8l-seg.pt,MOTS20-09,380,10,1,111,10,0,0,1.0,1.0,1.0,0.7766688563977342,0.8712978375967513,2,12
yolov8l-seg.pt,MOTS20-09,381,10,1,101,10,0,0,1.0,1.0,1.0,0.755324023408363,0.856292224857947,4,14
yolov8l-seg.pt,MOTS20-09,382,10,1,99,9,1,1,0.9,0.9,0.9,0.7467848012120235,0.8500292677418604,3,13
yolov8l-seg.pt,MOTS20-09,383,10,1,93,9,1,1,0.9,0.9,0.9,0.7469641066215876,0.849560052139447,3,13
yolov8l-seg.pt,MOTS20-09,384,10,1,93,9,0,1,1.0,0.9,0.9473684210526315,0.7498571358075985,0.8523370133118985,2,11
yolov8l-seg.pt,MOTS20-09,385,10,1,97,9,0,1,1.0,0.9,0.9473684210526315,0.7534699029611842,0.8541466651232957,2,11
yolov8l-seg.pt,MOTS20-09,386,10,1,96,8,1,2,0.8888888888888888,0.8,0.8421052631578947,0.7780651692611082,0.8723186958378619,2,11
yolov8l-seg.pt,MOTS20-09,387,10,1,103,10,1,0,0.9090909090909091,1.0,0.9523809523809523,0.745005484076324,0.8478148844814172,2,13
yolov8l-seg.pt,MOTS20-09,388,10,1,92,10,1,0,0.9090909090909091,1.0,0.9523809523809523,0.7495379669977574,0.8512316407329225,2,13
yolov8l-seg.pt,MOTS20-09,389,10,1,91,10,1,0,0.9090909090909091,1.0,0.9523809523809523,0.7465798005200487,0.8503363813666667,2,13
yolov8l-seg.pt,MOTS20-09,390,10,1,83,10,0,0,1.0,1.0,1.0,0.7148209305418738,0.8273587314209255,2,12
yolov8l-seg.pt,MOTS20-09,391,10,1,81,10,0,0,1.0,1.0,1.0,0.7098785301829726,0.8220833716184863,2,12
yolov8l-seg.pt,MOTS20-09,392,10,1,94,9,0,1,1.0,0.9,0.9473684210526315,0.7394350194852539,0.8429251811543174,2,11
yolov8l-seg.pt,MOTS20-09,393,9,1,87,8,1,1,0.8888888888888888,0.8888888888888888,0.8888888888888888,0.7556542799894056,0.8526644904367826,3,12
yolov8l-seg.pt,MOTS20-09,394,10,1,94,8,0,2,1.0,0.8,0.8888888888888888,0.7418912942036635,0.8444842066950307,3,11
yolov8l-seg.pt,MOTS20-09,395,10,1,82,6,2,4,0.75,0.6,0.6666666666666666,0.808693034737408,0.8925259804514951,3,11
yolov8l-seg.pt,MOTS20-09,396,10,1,77,7,2,3,0.7777777777777778,0.7,0.7368421052631579,0.7619940487860387,0.8590172354941725,3,12
yolov8l-seg.pt,MOTS20-09,397,9,1,74,7,2,2,0.7777777777777778,0.7777777777777778,0.7777777777777778,0.7795794027248882,0.873685599569854,3,12
yolov8l-seg.pt,MOTS20-09,398,9,1,76,7,1,2,0.875,0.7777777777777778,0.8235294117647058,0.7910582730058577,0.8816693027299414,3,11
yolov8l-seg.pt,MOTS20-09,399,8,1,77,8,0,0,1.0,1.0,1.0,0.7574566884680758,0.8573534163244598,2,10
yolov8l-seg.pt,MOTS20-09,400,8,1,79,7,1,1,0.875,0.875,0.875,0.7790207570931923,0.8734352431890823,2,10
yolov8l-seg.pt,MOTS20-09,401,8,1,73,7,1,1,0.875,0.875,0.875,0.776497769475571,0.871369682732501,2,10
yolov8l-seg.pt,MOTS20-09,402,9,1,82,7,1,2,0.875,0.7777777777777778,0.8235294117647058,0.7754835156857756,0.8715506427635956,3,11
yolov8l-seg.pt,MOTS20-09,403,9,1,73,7,1,2,0.875,0.7777777777777778,0.8235294117647058,0.7804037071504558,0.875336936092992,3,11
yolov8l-seg.pt,MOTS20-09,404,9,1,75,7,1,2,0.875,0.7777777777777778,0.8235294117647058,0.7848503961089666,0.8778056840969836,3,11
yolov8l-seg.pt,MOTS20-09,405,9,1,70,7,1,2,0.875,0.7777777777777778,0.8235294117647058,0.77552550439706,0.8711471339719891,2,10
yolov8l-seg.pt,MOTS20-09,406,8,1,68,7,2,1,0.7777777777777778,0.875,0.8235294117647058,0.7721201960119951,0.8678790662522393,2,11
yolov8l-seg.pt,MOTS20-09,407,8,1,60,7,1,1,0.875,0.875,0.875,0.78622517234507,0.8780525010413144,3,11
yolov8l-seg.pt,MOTS20-09,408,8,1,72,7,1,1,0.875,0.875,0.875,0.7852394662129979,0.8773732896936638,3,11
yolov8l-seg.pt,MOTS20-09,409,9,1,81,8,0,1,1.0,0.8888888888888888,0.9411764705882353,0.7499816713617523,0.8517031610021486,3,11
yolov8l-seg.pt,MOTS20-09,410,9,1,91,7,1,2,0.875,0.7777777777777778,0.8235294117647058,0.7796230883817328,0.872983506097997,3,11
yolov8l-seg.pt,MOTS20-09,411,9,1,91,8,0,1,1.0,0.8888888888888888,0.9411764705882353,0.7362475113688947,0.8421118869623521,3,11
yolov8l-seg.pt,MOTS20-09,412,9,1,99,8,1,1,0.8888888888888888,0.8888888888888888,0.8888888888888888,0.7195241081180102,0.8311770384242859,2,11
yolov8l-seg.pt,MOTS20-09,413,9,1,104,7,2,2,0.7777777777777778,0.7777777777777778,0.7777777777777778,0.7779252781199373,0.8722816674497703,2,11
yolov8l-seg.pt,MOTS20-09,414,9,1,92,7,1,2,0.875,0.7777777777777778,0.8235294117647058,0.7480181336898262,0.8510084768234538,2,10
yolov8l-seg.pt,MOTS20-09,415,9,1,78,7,0,2,1.0,0.7777777777777778,0.875,0.7455629400466603,0.8495402493569755,2,9
yolov8l-seg.pt,MOTS20-09,416,9,1,67,7,0,2,1.0,0.7777777777777778,0.875,0.750848689286413,0.8538495956435163,2,9
yolov8l-seg.pt,MOTS20-09,417,9,1,85,7,0,2,1.0,0.7777777777777778,0.875,0.7452522820119419,0.8483420180626897,2,9
yolov8l-seg.pt,MOTS20-09,418,9,1,83,8,0,1,1.0,0.8888888888888888,0.9411764705882353,0.7064683532191365,0.8225633984333973,2,10
yolov8l-seg.pt,MOTS20-09,419,9,1,89,8,1,1,0.8888888888888888,0.8888888888888888,0.8888888888888888,0.7179862365708765,0.829220730098896,2,11
yolov8l-seg.pt,MOTS20-09,420,9,1,93,8,0,1,1.0,0.8888888888888888,0.9411764705882353,0.7505153047694134,0.8543962634346091,1,9
yolov8l-seg.pt,MOTS20-09,421,9,1,97,8,0,1,1.0,0.8888888888888888,0.9411764705882353,0.750862796395869,0.8536150278523971,2,10
yolov8l-seg.pt,MOTS20-09,422,9,1,93,8,0,1,1.0,0.8888888888888888,0.9411764705882353,0.7510897305326406,0.8533859096632853,2,10
yolov8l-seg.pt,MOTS20-09,423,9,1,99,8,0,1,1.0,0.8888888888888888,0.9411764705882353,0.7523840700850695,0.8550795738567987,1,9
yolov8l-seg.pt,MOTS20-09,424,9,1,95,9,0,0,1.0,1.0,1.0,0.7452673447744876,0.8494563605294031,1,10
yolov8l-seg.pt,MOTS20-09,425,10,1,93,8,0,2,1.0,0.8,0.8888888888888888,0.7616676424795765,0.8611366722691522,1,9
yolov8l-seg.pt,MOTS20-09,426,10,1,80,8,0,2,1.0,0.8,0.8888888888888888,0.7704244597872854,0.8677057947420486,1,9
yolov8l-seg.pt,MOTS20-09,427,10,1,85,8,0,2,1.0,0.8,0.8888888888888888,0.7500739691399287,0.8535556887531155,1,9
yolov8l-seg.pt,MOTS20-09,428,10,1,79,9,0,1,1.0,0.9,0.9473684210526315,0.7547725692871959,0.8567314713522607,1,10
yolov8l-seg.pt,MOTS20-09,429,9,1,83,9,0,0,1.0,1.0,1.0,0.76393671112297,0.8631629449553357,1,10
yolov8l-seg.pt,MOTS20-09,430,9,1,86,9,0,0,1.0,1.0,1.0,0.7603023847873907,0.8613339415410051,2,11
yolov8l-seg.pt,MOTS20-09,431,9,1,94,9,1,0,0.9,1.0,0.9473684210526315,0.7645907906553921,0.8641113066298801,3,13
yolov8l-seg.pt,MOTS20-09,432,9,1,86,9,0,0,1.0,1.0,1.0,0.7745494122580037,0.8704359883604448,4,13
yolov8l-seg.pt,MOTS20-09,433,9,1,76,9,1,0,0.9,1.0,0.9473684210526315,0.7731112553147563,0.869376838106509,4,14
yolov8l-seg.pt,MOTS20-09,434,9,1,75,9,0,0,1.0,1.0,1.0,0.7863648635812288,0.8781951887414057,3,12
yolov8l-seg.pt,MOTS20-09,435,9,1,98,9,0,0,1.0,1.0,1.0,0.7633905038376937,0.8632938709584341,3,12
yolov8l-seg.pt,MOTS20-09,436,9,1,92,9,1,0,0.9,1.0,0.9473684210526315,0.7548476598437157,0.857729087379228,3,13
yolov8l-seg.pt,MOTS20-09,437,9,1,90,9,1,0,0.9,1.0,0.9473684210526315,0.7458015057032942,0.851679546499467,2,12
yolov8l-seg.pt,MOTS20-09,438,10,1,109,10,1,0,0.9090909090909091,1.0,0.9523809523809523,0.755719320464297,0.8581769179970792,2,13
yolov8l-seg.pt,MOTS20-09,439,10,1,95,10,0,0,1.0,1.0,1.0,0.7521370180859241,0.8535310295518341,2,12
yolov8l-seg.pt,MOTS20-09,440,9,1,97,9,0,0,1.0,1.0,1.0,0.7692114064363257,0.8667745935888183,3,12
yolov8l-seg.pt,MOTS20-09,441,9,1,111,9,0,0,1.0,1.0,1.0,0.778769072992533,0.87196779026177,2,11
yolov8l-seg.pt,MOTS20-09,442,10,1,88,10,1,0,0.9090909090909091,1.0,0.9523809523809523,0.7456358362656889,0.8496250461320937,2,13
yolov8l-seg.pt,MOTS20-09,443,10,1,81,10,2,0,0.8333333333333334,1.0,0.9090909090909091,0.7181056775237417,0.8288879662908408,2,14
yolov8l-seg.pt,MOTS20-09,444,9,1,78,9,1,0,0.9,1.0,0.9473684210526315,0.758772025065547,0.8581038860151308,2,12
yolov8l-seg.pt,MOTS20-09,445,9,1,81,9,0,0,1.0,1.0,1.0,0.7583379869236908,0.8575704357213009,2,11
yolov8l-seg.pt,MOTS20-09,446,9,1,78,8,0,1,1.0,0.8888888888888888,0.9411764705882353,0.7812690047086843,0.8743930820308022,1,9
yolov8l-seg.pt,MOTS20-09,447,10,1,75,8,0,2,1.0,0.8,0.8888888888888888,0.7908067154061682,0.88125448554387,1,9
yolov8l-seg.pt,MOTS20-09,448,9,1,78,9,0,0,1.0,1.0,1.0,0.7714822006506528,0.8688599973924866,3,12
yolov8l-seg.pt,MOTS20-09,449,9,1,94,9,0,0,1.0,1.0,1.0,0.7851931836808811,0.8780046091628566,1,10
yolov8l-seg.pt,MOTS20-09,450,9,1,84,8,0,1,1.0,0.8888888888888888,0.9411764705882353,0.774991189201963,0.8713573231387142,1,9
yolov8l-seg.pt,MOTS20-09,451,9,1,104,8,0,1,1.0,0.8888888888888888,0.9411764705882353,0.7610618527788591,0.8610814841158987,1,9
yolov8l-seg.pt,MOTS20-09,452,8,1,89,8,0,0,1.0,1.0,1.0,0.7641372035478748,0.8637494079309571,1,9
yolov8l-seg.pt,MOTS20-09,453,10,1,96,8,0,2,1.0,0.8,0.8888888888888888,0.7588133262714272,0.8592180770020514,1,9
yolov8l-seg.pt,MOTS20-09,454,10,1,91,7,1,3,0.875,0.7,0.7777777777777778,0.7696370211650496,0.8670976523678046,1,9
yolov8l-seg.pt,MOTS20-09,455,10,1,84,7,0,3,1.0,0.7,0.8235294117647058,0.781851940562828,0.8735477925943751,1,8
yolov8l-seg.pt,MOTS20-09,456,10,1,80,6,0,4,1.0,0.6,0.75,0.782637354601019,0.8750091945388294,1,7
yolov8l-seg.pt,MOTS20-09,457,8,1,56,6,0,2,1.0,0.75,0.8571428571428571,0.7875179822564253,0.8792935821734305,1,7
yolov8l-seg.pt,MOTS20-09,458,8,1,56,6,1,2,0.8571428571428571,0.75,0.8,0.8078865973912075,0.892549702160928,1,8
yolov8l-seg.pt,MOTS20-09,459,7,1,75,6,1,1,0.8571428571428571,0.8571428571428571,0.8571428571428571,0.8189651069214906,0.8992734965164623,2,9
yolov8l-seg.pt,MOTS20-09,460,8,1,57,8,1,0,0.8888888888888888,1.0,0.9411764705882353,0.7809701322947415,0.8745605307694154,1,10
yolov8l-seg.pt,MOTS20-09,461,9,1,67,8,0,1,1.0,0.8888888888888888,0.9411764705882353,0.7820323160022515,0.8761048376074149,0,8
yolov8l-seg.pt,MOTS20-09,462,10,1,62,8,0,2,1.0,0.8,0.8888888888888888,0.7912735838061034,0.8825988573744018,0,8
yolov8l-seg.pt,MOTS20-09,463,10,1,53,8,0,2,1.0,0.8,0.8888888888888888,0.8031866450285721,0.8899148623937333,0,8
yolov8l-seg.pt,MOTS20-09,464,10,1,57,8,0,2,1.0,0.8,0.8888888888888888,0.7858333747663203,0.8781239842339214,0,8
yolov8l-seg.pt,MOTS20-09,465,10,1,59,8,1,2,0.8888888888888888,0.8,0.8421052631578947,0.7945879969260379,0.8838683546267965,0,9
yolov8l-seg.pt,MOTS20-09,466,10,1,67,9,3,1,0.75,0.9,0.8181818181818182,0.7463220048958382,0.8495525161919443,0,12
yolov8l-seg.pt,MOTS20-09,467,11,1,73,9,0,2,1.0,0.8181818181818182,0.9,0.7948837913860796,0.8838475989195559,0,9
yolov8l-seg.pt,MOTS20-09,468,11,1,82,9,3,2,0.75,0.8181818181818182,0.782608695652174,0.7570960316073216,0.8566158217245086,1,13
yolov8l-seg.pt,MOTS20-09,469,11,1,80,8,2,3,0.8,0.7272727272727273,0.7619047619047619,0.8004550148448579,0.8875626723089058,2,12
yolov8l-seg.pt,MOTS20-09,470,11,1,83,9,0,2,1.0,0.8181818181818182,0.9,0.7858446201945664,0.8774360741279171,2,11
yolov8l-seg.pt,MOTS20-09,471,12,1,98,9,0,3,1.0,0.75,0.8571428571428571,0.773164759961544,0.8690890607625632,2,11
yolov8l-seg.pt,MOTS20-09,472,11,1,108,8,0,3,1.0,0.7272727272727273,0.8421052631578947,0.7633109920248023,0.8633174640310539,4,12
yolov8l-seg.pt,MOTS20-09,473,11,1,105,8,0,3,1.0,0.7272727272727273,0.8421052631578947,0.7597987642631028,0.8609147255574394,4,12
yolov8l-seg.pt,MOTS20-09,474,11,1,108,8,1,3,0.8888888888888888,0.7272727272727273,0.8,0.7594126980031626,0.8611102416906969,3,12
yolov8l-seg.pt,MOTS20-09,475,10,1,97,8,1,2,0.8888888888888888,0.8,0.8421052631578947,0.7579559531816424,0.8596827957388827,3,12
yolov8l-seg.pt,MOTS20-09,476,10,1,90,8,1,2,0.8888888888888888,0.8,0.8421052631578947,0.7657552805218515,0.8638544163757895,2,11
yolov8l-seg.pt,MOTS20-09,477,10,1,91,8,1,2,0.8888888888888888,0.8,0.8421052631578947,0.7740996825760013,0.8698615497836262,2,11
yolov8l-seg.pt,MOTS20-09,478,10,1,85,8,1,2,0.8888888888888888,0.8,0.8421052631578947,0.7728556064394159,0.8688166061280539,2,11
yolov8l-seg.pt,MOTS20-09,479,10,1,91,8,0,2,1.0,0.8,0.8888888888888888,0.7570936247771747,0.8594038927477873,2,10
yolov8l-seg.pt,MOTS20-09,480,10,1,103,8,0,2,1.0,0.8,0.8888888888888888,0.7526388047705062,0.8565483669537834,2,10
yolov8l-seg.pt,MOTS20-09,481,10,1,104,7,0,3,1.0,0.7,0.8235294117647058,0.7583158626110267,0.860973190837104,2,9
yolov8l-seg.pt,MOTS20-09,482,11,1,90,8,0,3,1.0,0.7272727272727273,0.8421052631578947,0.7453941871408407,0.8521707697591486,2,10
yolov8l-seg.pt,MOTS20-09,483,10,1,78,8,0,2,1.0,0.8,0.8888888888888888,0.7550532818217313,0.858885381695786,2,10
yolov8l-seg.pt,MOTS20-09,484,10,1,82,8,0,2,1.0,0.8,0.8888888888888888,0.7843201519068861,0.8781409161378998,2,10
yolov8l-seg.pt,MOTS20-09,485,11,1,59,8,0,3,1.0,0.7272727272727273,0.8421052631578947,0.7781370944485988,0.8726951675407902,2,10
yolov8l-seg.pt,MOTS20-09,486,11,1,62,8,0,3,1.0,0.7272727272727273,0.8421052631578947,0.764612368962728,0.8607330031384327,1,9
yolov8l-seg.pt,MOTS20-09,487,11,1,44,8,0,3,1.0,0.7272727272727273,0.8421052631578947,0.7661847058763505,0.8618774795595965,1,9
yolov8l-seg.pt,MOTS20-09,488,11,1,56,8,0,3,1.0,0.7272727272727273,0.8421052631578947,0.7739326179700166,0.8675564109469248,1,9
yolov8l-seg.pt,MOTS20-09,489,11,1,58,7,1,4,0.875,0.6363636363636364,0.7368421052631579,0.8159027414581781,0.8969382256991487,1,9
yolov8l-seg.pt,MOTS20-09,490,10,1,55,7,1,3,0.875,0.7,0.7777777777777778,0.8106584785397476,0.8942556580543028,1,9
yolov8l-seg.pt,MOTS20-09,491,10,1,59,7,2,3,0.7777777777777778,0.7,0.7368421052631579,0.7944807141094324,0.8832311736699465,1,10
yolov8l-seg.pt,MOTS20-09,492,10,1,60,7,1,3,0.875,0.7,0.7777777777777778,0.7818344966950841,0.8739418491959843,1,9
yolov8l-seg.pt,MOTS20-09,493,10,1,70,7,1,3,0.875,0.7,0.7777777777777778,0.7806288837125699,0.8749220112287537,1,9
yolov8l-seg.pt,MOTS20-09,494,10,1,73,7,1,3,0.875,0.7,0.7777777777777778,0.7753073598411749,0.8713654671000242,2,10
yolov8l-seg.pt,MOTS20-09,495,9,1,92,8,1,1,0.8888888888888888,0.8888888888888888,0.8888888888888888,0.7566851217904333,0.8554217550546088,3,12
yolov8l-seg.pt,MOTS20-09,496,9,1,68,8,1,1,0.8888888888888888,0.8888888888888888,0.8888888888888888,0.7811021720192612,0.8737969634371707,3,12
yolov8l-seg.pt,MOTS20-09,497,9,1,79,8,1,1,0.8888888888888888,0.8888888888888888,0.8888888888888888,0.7869468790998444,0.8780520992031395,4,13
yolov8l-seg.pt,MOTS20-09,498,9,1,68,8,0,1,1.0,0.8888888888888888,0.9411764705882353,0.7861906761284736,0.8768005659679481,3,11
yolov8l-seg.pt,MOTS20-09,499,9,1,70,8,1,1,0.8888888888888888,0.8888888888888888,0.8888888888888888,0.7684705308661778,0.8649127536956731,3,12
yolov8l-seg.pt,MOTS20-09,500,9,1,83,9,0,0,1.0,1.0,1.0,0.7413755388720213,0.8462284095101638,3,12
yolov8l-seg.pt,MOTS20-09,501,9,1,97,9,0,0,1.0,1.0,1.0,0.7590826811168974,0.8590023209772465,3,12
yolov8l-seg.pt,MOTS20-09,502,9,1,109,9,0,0,1.0,1.0,1.0,0.7576496043907053,0.8578262837544369,3,12
yolov8l-seg.pt,MOTS20-09,503,9,1,90,9,0,0,1.0,1.0,1.0,0.7462773050683748,0.849262581033557,3,12
yolov8l-seg.pt,MOTS20-09,504,9,1,92,9,0,0,1.0,1.0,1.0,0.7528277542638963,0.85576393389941,3,12
yolov8l-seg.pt,MOTS20-09,505,10,1,77,8,1,2,0.8888888888888888,0.8,0.8421052631578947,0.7533289521955147,0.8560720626916126,3,12
yolov8l-seg.pt,MOTS20-09,506,10,1,63,9,1,1,0.9,0.9,0.9,0.735165880945284,0.8425716886533735,2,12
yolov8l-seg.pt,MOTS20-09,507,10,1,70,9,0,1,1.0,0.9,0.9473684210526315,0.7351370148409406,0.8434282540459788,3,12
yolov8l-seg.pt,MOTS20-09,508,10,1,70,9,0,1,1.0,0.9,0.9473684210526315,0.72711407838714,0.8366253786568245,2,11
yolov8l-seg.pt,MOTS20-09,509,10,1,78,9,1,1,0.9,0.9,0.9,0.7366414818840232,0.8443972116392218,2,12
yolov8l-seg.pt,MOTS20-09,510,9,1,66,7,0,2,1.0,0.7777777777777778,0.875,0.7561848010031802,0.8588152045523938,3,10
yolov8l-seg.pt,MOTS20-09,511,9,1,82,7,0,2,1.0,0.7777777777777778,0.875,0.7524178118910292,0.85609180304833,2,9
yolov8l-seg.pt,MOTS20-09,512,10,1,85,8,1,2,0.8888888888888888,0.8,0.8421052631578947,0.7359305579302298,0.8439241975411458,1,10
yolov8l-seg.pt,MOTS20-09,513,10,1,81,8,0,2,1.0,0.8,0.8888888888888888,0.7427754302122624,0.8504540208390232,1,9
yolov8l-seg.pt,MOTS20-09,514,10,1,88,8,0,2,1.0,0.8,0.8888888888888888,0.7432574062264057,0.8503493832240746,2,10
yolov8l-seg.pt,MOTS20-09,515,10,1,85,8,1,2,0.8888888888888888,0.8,0.8421052631578947,0.7527493332646764,0.8562231844321664,3,12
yolov8l-seg.pt,MOTS20-09,516,10,1,87,7,2,3,0.7777777777777778,0.7,0.7368421052631579,0.7633239310702481,0.863670500303248,3,12
yolov8l-seg.pt,MOTS20-09,517,10,1,81,8,2,2,0.8,0.8,0.8,0.7325362316135383,0.8406921772683096,1,11
yolov8l-seg.pt,MOTS20-09,518,10,1,77,7,4,3,0.6363636363636364,0.7,0.6666666666666666,0.7506514849974806,0.8535954217159912,2,13
yolov8l-seg.pt,MOTS20-09,519,9,1,82,7,4,2,0.6363636363636364,0.7777777777777778,0.7,0.7230250690516059,0.8354536687991069,1,12
yolov8l-seg.pt,MOTS20-09,520,9,1,80,6,3,3,0.6666666666666666,0.6666666666666666,0.6666666666666666,0.746243192221122,0.8527562919671334,3,12
yolov8l-seg.pt,MOTS20-09,521,10,1,90,7,4,3,0.6363636363636364,0.7,0.6666666666666666,0.7399343141761546,0.8460819997088135,2,13
yolov8l-seg.pt,MOTS20-09,522,10,1,98,7,2,3,0.7777777777777778,0.7,0.7368421052631579,0.7417738869686807,0.846850931533799,2,11
yolov8l-seg.pt,MOTS20-09,523,10,1,100,7,2,3,0.7777777777777778,0.7,0.7368421052631579,0.7135162613799706,0.8268530625114661,2,11
yolov8l-seg.pt,MOTS20-09,524,10,1,92,6,3,4,0.6666666666666666,0.6,0.631578947368421,0.7295721628407233,0.8376097916001641,2,11
yolov8l-seg.pt,MOTS20-09,525,10,1,93,6,1,4,0.8571428571428571,0.6,0.7058823529411765,0.749375795890879,0.8500985639202793,2,9
yolov8l-seg.pt,MOTS20-11,1,14,1,114,9,0,5,1.0,0.6428571428571429,0.782608695652174,0.7877270140757042,0.877578201859007,2,11
yolov8l-seg.pt,MOTS20-11,2,14,1,87,9,0,5,1.0,0.6428571428571429,0.782608695652174,0.7945011131939592,0.8828534017459986,1,10
yolov8l-seg.pt,MOTS20-11,3,14,1,111,9,0,5,1.0,0.6428571428571429,0.782608695652174,0.7850077608045629,0.8757787756409171,3,12
yolov8l-seg.pt,MOTS20-11,4,14,1,98,10,0,4,1.0,0.7142857142857143,0.8333333333333334,0.7587514977904928,0.8581682553261182,2,12
yolov8l-seg.pt,MOTS20-11,5,14,1,84,10,0,4,1.0,0.7142857142857143,0.8333333333333334,0.7640517418969246,0.8610623269839692,3,13
yolov8l-seg.pt,MOTS20-11,6,14,1,82,11,1,3,0.9166666666666666,0.7857142857142857,0.8461538461538461,0.7616621203227306,0.8597538361525292,3,15
yolov8l-seg.pt,MOTS20-11,7,14,1,87,11,0,3,1.0,0.7857142857142857,0.88,0.7681205009877704,0.8643675715413859,4,15
yolov8l-seg.pt,MOTS20-11,8,14,1,95,11,1,3,0.9166666666666666,0.7857142857142857,0.8461538461538461,0.777823893784095,0.8714621385138468,2,14
yolov8l-seg.pt,MOTS20-11,9,14,1,88,11,1,3,0.9166666666666666,0.7857142857142857,0.8461538461538461,0.7593554591385416,0.8582536473242431,3,15
yolov8l-seg.pt,MOTS20-11,10,14,1,79,12,0,2,1.0,0.8571428571428571,0.9230769230769231,0.7395772594504169,0.8438765539293716,2,14
yolov8l-seg.pt,MOTS20-11,11,14,1,84,12,0,2,1.0,0.8571428571428571,0.9230769230769231,0.7359199977896647,0.8420924240316295,2,14
yolov8l-seg.pt,MOTS20-11,12,14,1,75,11,0,3,1.0,0.7857142857142857,0.88,0.7407572845469649,0.8463248738070965,2,13
yolov8l-seg.pt,MOTS20-11,13,14,1,83,12,0,2,1.0,0.8571428571428571,0.9230769230769231,0.718285568829272,0.831113224077443,2,14
yolov8l-seg.pt,MOTS20-11,14,16,1,76,12,1,4,0.9230769230769231,0.75,0.8275862068965517,0.7480483996164463,0.8516495046674312,3,16
yolov8l-seg.pt,MOTS20-11,15,16,1,100,10,0,6,1.0,0.625,0.7692307692307693,0.7644368148619658,0.8618542423269826,2,12
yolov8l-seg.pt,MOTS20-11,16,16,1,112,10,0,6,1.0,0.625,0.7692307692307693,0.7597377106952443,0.8582625167350049,1,11
yolov8l-seg.pt,MOTS20-11,17,14,1,111,9,1,5,0.9,0.6428571428571429,0.75,0.7617542734024296,0.8609710757641318,1,11
yolov8l-seg.pt,MOTS20-11,18,14,1,109,10,0,4,1.0,0.7142857142857143,0.8333333333333334,0.7438909934561696,0.8468893631624397,1,11
yolov8l-seg.pt,MOTS20-11,19,11,1,112,9,1,2,0.9,0.8181818181818182,0.8571428571428571,0.744967392689562,0.847928777895509,2,12
yolov8l-seg.pt,MOTS20-11,20,11,1,96,8,0,3,1.0,0.7272727272727273,0.8421052631578947,0.763092109592096,0.8613045211533006,3,11
yolov8l-seg.pt,MOTS20-11,21,10,1,92,7,1,3,0.875,0.7,0.7777777777777778,0.7712254971154145,0.8668920852310948,1,9
yolov8l-seg.pt,MOTS20-11,22,12,1,89,8,0,4,1.0,0.6666666666666666,0.8,0.739746960920619,0.8423075958063284,3,11
yolov8l-seg.pt,MOTS20-11,23,13,1,83,9,0,4,1.0,0.6923076923076923,0.8181818181818182,0.7294319228816957,0.8350745975099433,1,10
yolov8l-seg.pt,MOTS20-11,24,11,1,98,8,0,3,1.0,0.7272727272727273,0.8421052631578947,0.7448564234828117,0.8463834604664353,1,9
yolov8l-seg.pt,MOTS20-11,25,11,1,99,7,0,4,1.0,0.6363636363636364,0.7777777777777778,0.7760586000623892,0.8684508231559157,1,8
yolov8l-seg.pt,MOTS20-11,26,12,1,85,7,1,5,0.875,0.5833333333333334,0.7,0.7994822228052684,0.8846194129336177,1,9
yolov8l-seg.pt,MOTS20-11,27,12,1,94,7,0,5,1.0,0.5833333333333334,0.7368421052631579,0.7854723292486397,0.8728916954509385,1,8
yolov8l-seg.pt,MOTS20-11,28,12,1,96,7,1,5,0.875,0.5833333333333334,0.7,0.7812261834175979,0.8703874307419609,0,8
yolov8l-seg.pt,MOTS20-11,29,12,1,86,9,1,3,0.9,0.75,0.8181818181818182,0.7409110800583385,0.8434658730542771,0,10
yolov8l-seg.pt,MOTS20-11,30,12,1,95,9,1,3,0.9,0.75,0.8181818181818182,0.7453397088714131,0.8477920039611967,0,10
yolov8l-seg.pt,MOTS20-11,31,12,1,84,8,1,4,0.8888888888888888,0.6666666666666666,0.7619047619047619,0.7694415272896775,0.8642321401807923,0,9
yolov8l-seg.pt,MOTS20-11,32,12,1,93,8,1,4,0.8888888888888888,0.6666666666666666,0.7619047619047619,0.7574951061983826,0.8555980563211147,0,9
yolov8l-seg.pt,MOTS20-11,33,12,1,96,7,0,5,1.0,0.5833333333333334,0.7368421052631579,0.7932255818877173,0.8810519472432679,0,7
yolov8l-seg.pt,MOTS20-11,34,12,1,97,9,0,3,1.0,0.75,0.8571428571428571,0.778446403705801,0.8718388760075317,1,10
yolov8l-seg.pt,MOTS20-11,35,11,1,118,9,0,2,1.0,0.8181818181818182,0.9,0.7775228644147658,0.870902183137325,1,10
yolov8l-seg.pt,MOTS20-11,36,11,1,114,8,0,3,1.0,0.7272727272727273,0.8421052631578947,0.7656763710469647,0.8605168534393597,1,9
yolov8l-seg.pt,MOTS20-11,37,11,1,98,9,0,2,1.0,0.8181818181818182,0.9,0.7718417887515767,0.8666190482268221,1,10
yolov8l-seg.pt,MOTS20-11,38,11,1,117,8,1,3,0.8888888888888888,0.7272727272727273,0.8,0.7950977375274257,0.8823262272839242,2,11
yolov8l-seg.pt,MOTS20-11,39,11,1,110,8,0,3,1.0,0.7272727272727273,0.8421052631578947,0.8037459740414736,0.8885737377572981,2,10
yolov8l-seg.pt,MOTS20-11,40,11,1,87,8,0,3,1.0,0.7272727272727273,0.8421052631578947,0.7980420669166769,0.8853219405119086,1,9
yolov8l-seg.pt,MOTS20-11,41,11,1,81,8,0,3,1.0,0.7272727272727273,0.8421052631578947,0.7888645418902476,0.8789874005787937,0,8
yolov8l-seg.pt,MOTS20-11,42,12,1,140,8,0,4,1.0,0.6666666666666666,0.8,0.7774353957445052,0.869913200173673,1,9
yolov8l-seg.pt,MOTS20-11,43,12,1,115,8,0,4,1.0,0.6666666666666666,0.8,0.8066345044947417,0.8907842359007598,0,8
yolov8l-seg.pt,MOTS20-11,44,12,1,103,9,0,3,1.0,0.75,0.8571428571428571,0.7800957665732463,0.8735748273485412,0,9
yolov8l-seg.pt,MOTS20-11,45,12,1,85,7,0,5,1.0,0.5833333333333334,0.7368421052631579,0.8137427214305747,0.8954732228304271,0,7
yolov8l-seg.pt,MOTS20-11,46,10,1,100,8,1,2,0.8888888888888888,0.8,0.8421052631578947,0.80435578544432,0.8896036739807739,2,11
yolov8l-seg.pt,MOTS20-11,47,12,1,109,8,1,4,0.8888888888888888,0.6666666666666666,0.7619047619047619,0.790503910772018,0.8794022945857629,2,11
yolov8l-seg.pt,MOTS20-11,48,12,1,92,8,0,4,1.0,0.6666666666666666,0.8,0.7894814400108885,0.8789296313619067,2,10
yolov8l-seg.pt,MOTS20-11,49,12,1,96,9,0,3,1.0,0.75,0.8571428571428571,0.7702930271465678,0.865670407055023,2,11
yolov8l-seg.pt,MOTS20-11,50,12,1,98,7,1,5,0.875,0.5833333333333334,0.7,0.8254021351854883,0.9026538618531461,2,10
yolov8l-seg.pt,MOTS20-11,51,12,1,98,8,1,4,0.8888888888888888,0.6666666666666666,0.7619047619047619,0.8192147962400436,0.8987322875935481,1,10
yolov8l-seg.pt,MOTS20-11,52,12,1,102,8,2,4,0.8,0.6666666666666666,0.7272727272727273,0.800358211761363,0.8859890384367826,1,11
yolov8l-seg.pt,MOTS20-11,53,12,1,109,9,1,3,0.9,0.75,0.8181818181818182,0.7695041751652849,0.8643533863699382,2,12
yolov8l-seg.pt,MOTS20-11,54,11,1,118,8,2,3,0.8,0.7272727272727273,0.7619047619047619,0.7995355713172042,0.8842281780044537,2,12
yolov8l-seg.pt,MOTS20-11,55,11,1,116,10,0,1,1.0,0.9090909090909091,0.9523809523809523,0.7833973917472645,0.8748832215948102,0,10
yolov8l-seg.pt,MOTS20-11,56,12,1,109,9,1,3,0.9,0.75,0.8181818181818182,0.7837650464306243,0.8734930618650883,0,10
yolov8l-seg.pt,MOTS20-11,57,11,1,88,9,1,2,0.9,0.8181818181818182,0.8571428571428571,0.7904690728394628,0.8784773613529187,0,10
yolov8l-seg.pt,MOTS20-11,58,10,1,95,8,1,2,0.8888888888888888,0.8,0.8421052631578947,0.8050258466238732,0.8876071042152248,0,9
yolov8l-seg.pt,MOTS20-11,59,10,1,109,8,1,2,0.8888888888888888,0.8,0.8421052631578947,0.8089015373718812,0.8919350862334317,0,9
yolov8l-seg.pt,MOTS20-11,60,11,1,89,9,0,2,1.0,0.8181818181818182,0.9,0.7658132032428528,0.8603871671098164,0,9
yolov8l-seg.pt,MOTS20-11,61,11,1,91,9,0,2,1.0,0.8181818181818182,0.9,0.7848816250833678,0.875941785254614,0,9
yolov8l-seg.pt,MOTS20-11,62,11,1,96,9,0,2,1.0,0.8181818181818182,0.9,0.7802081615329044,0.8705376712048225,0,9
yolov8l-seg.pt,MOTS20-11,63,11,1,92,9,0,2,1.0,0.8181818181818182,0.9,0.7839947066736479,0.8731437370981101,0,9
yolov8l-seg.pt,MOTS20-11,64,11,1,122,9,0,2,1.0,0.8181818181818182,0.9,0.8095763879503356,0.8913484517830407,1,10
yolov8l-seg.pt,MOTS20-11,65,11,1,102,9,1,2,0.9,0.8181818181818182,0.8571428571428571,0.7952777422400363,0.8816790284028924,1,11
yolov8l-seg.pt,MOTS20-11,66,11,1,113,9,2,2,0.8181818181818182,0.8181818181818182,0.8181818181818182,0.8060874787434357,0.889764847022341,1,12
yolov8l-seg.pt,MOTS20-11,67,11,1,122,9,2,2,0.8181818181818182,0.8181818181818182,0.8181818181818182,0.7944920315676287,0.8808545792124571,2,13
yolov8l-seg.pt,MOTS20-11,68,11,1,106,9,0,2,1.0,0.8181818181818182,0.9,0.7973129039236695,0.8839209844674409,2,11
yolov8l-seg.pt,MOTS20-11,69,11,1,99,9,0,2,1.0,0.8181818181818182,0.9,0.8012418019819602,0.8869903041457844,3,12
yolov8l-seg.pt,MOTS20-11,70,11,1,104,9,2,2,0.8181818181818182,0.8181818181818182,0.8181818181818182,0.8025840364333263,0.8880932808300676,2,13
yolov8l-seg.pt,MOTS20-11,71,11,1,105,9,1,2,0.9,0.8181818181818182,0.8571428571428571,0.7896491990080645,0.8783401061948717,1,11
yolov8l-seg.pt,MOTS20-11,72,11,1,108,9,1,2,0.9,0.8181818181818182,0.8571428571428571,0.7929511929865689,0.8811012537728344,1,11
yolov8l-seg.pt,MOTS20-11,73,11,1,113,9,1,2,0.9,0.8181818181818182,0.8571428571428571,0.7999547014405989,0.8855152366277627,1,11
yolov8l-seg.pt,MOTS20-11,74,11,1,120,9,1,2,0.9,0.8181818181818182,0.8571428571428571,0.7961702345005625,0.8819976341690002,1,11
yolov8l-seg.pt,MOTS20-11,75,11,1,105,10,0,1,1.0,0.9090909090909091,0.9523809523809523,0.7709816119112218,0.8655448236955804,1,11
yolov8l-seg.pt,MOTS20-11,76,11,1,96,10,2,1,0.8333333333333334,0.9090909090909091,0.8695652173913043,0.7716693787949194,0.8655836998328326,1,13
yolov8l-seg.pt,MOTS20-11,77,11,1,98,10,0,1,1.0,0.9090909090909091,0.9523809523809523,0.7850468872345272,0.8763534419400575,1,11
yolov8l-seg.pt,MOTS20-11,78,10,1,120,9,0,1,1.0,0.9,0.9473684210526315,0.7549489595110742,0.8563913481327032,2,11
yolov8l-seg.pt,MOTS20-11,79,10,1,116,9,1,1,0.9,0.9,0.9,0.7588422819316286,0.8583583445136506,3,13
yolov8l-seg.pt,MOTS20-11,80,10,1,116,8,1,2,0.8888888888888888,0.8,0.8421052631578947,0.7725447248430206,0.8675267839756599,4,13
yolov8l-seg.pt,MOTS20-11,81,11,1,136,9,0,2,1.0,0.8181818181818182,0.9,0.767654142774831,0.8658450364001595,1,10
yolov8l-seg.pt,MOTS20-11,82,10,1,147,9,0,1,1.0,0.9,0.9473684210526315,0.7515115903014112,0.8544502637576614,4,13
yolov8l-seg.pt,MOTS20-11,83,10,1,126,8,0,2,1.0,0.8,0.8888888888888888,0.7671606375985512,0.865029160398864,3,11
yolov8l-seg.pt,MOTS20-11,84,10,1,130,8,0,2,1.0,0.8,0.8888888888888888,0.7749123690224243,0.8694647690218335,3,11
yolov8l-seg.pt,MOTS20-11,85,11,1,132,10,0,1,1.0,0.9090909090909091,0.9523809523809523,0.7724950517818351,0.8690827628422433,3,13
yolov8l-seg.pt,MOTS20-11,86,11,1,114,10,1,1,0.9090909090909091,0.9090909090909091,0.9090909090909091,0.7780630086069604,0.8723536104415383,2,13
yolov8l-seg.pt,MOTS20-11,87,10,1,134,10,0,0,1.0,1.0,1.0,0.7643965805097543,0.8614527565227726,3,13
yolov8l-seg.pt,MOTS20-11,88,11,1,153,10,0,1,1.0,0.9090909090909091,0.9523809523809523,0.7849452937929107,0.8767784402533623,2,12
yolov8l-seg.pt,MOTS20-11,89,11,1,127,9,0,2,1.0,0.8181818181818182,0.9,0.7726679852493594,0.8671047958230211,2,11
yolov8l-seg.pt,MOTS20-11,90,12,1,139,9,0,3,1.0,0.75,0.8571428571428571,0.7817995022423265,0.8736631016284717,2,11
yolov8l-seg.pt,MOTS20-11,91,13,1,140,9,1,4,0.9,0.6923076923076923,0.782608695652174,0.7671954248687829,0.8628556845687103,2,12
yolov8l-seg.pt,MOTS20-11,92,13,1,121,8,1,5,0.8888888888888888,0.6153846153846154,0.7272727272727273,0.7966009305561672,0.8832576787512972,2,11
yolov8l-seg.pt,MOTS20-11,93,13,1,127,8,0,5,1.0,0.6153846153846154,0.7619047619047619,0.7888459912070425,0.87821098152431,3,11
yolov8l-seg.pt,MOTS20-11,94,13,1,130,8,0,5,1.0,0.6153846153846154,0.7619047619047619,0.7930824626183601,0.8805539268360401,3,11
yolov8l-seg.pt,MOTS20-11,95,13,1,131,8,0,5,1.0,0.6153846153846154,0.7619047619047619,0.7857326949979959,0.8761305240635571,2,10
yolov8l-seg.pt,MOTS20-11,96,13,1,122,7,0,6,1.0,0.5384615384615384,0.7,0.8063822685723058,0.8892497847029615,2,9
yolov8l-seg.pt,MOTS20-11,97,13,1,122,7,0,6,1.0,0.5384615384615384,0.7,0.8151705089831764,0.8952412699399195,2,9
yolov8l-seg.pt,MOTS20-11,98,13,1,134,8,1,5,0.8888888888888888,0.6153846153846154,0.7272727272727273,0.7904114795980788,0.8782226761552032,2,11
yolov8l-seg.pt,MOTS20-11,99,13,1,125,8,0,5,1.0,0.6153846153846154,0.7619047619047619,0.7857863532604705,0.8755824721747258,2,10
yolov8l-seg.pt,MOTS20-11,100,12,1,102,8,0,4,1.0,0.6666666666666666,0.8,0.7824866224099403,0.8743939450492271,3,11
yolov8l-seg.pt,MOTS20-11,101,11,1,101,7,0,4,1.0,0.6363636363636364,0.7777777777777778,0.7952243874117692,0.8833072434235882,2,9
yolov8l-seg.pt,MOTS20-11,102,10,1,100,7,0,3,1.0,0.7,0.8235294117647058,0.7933401694480062,0.8818106380525894,3,10
yolov8l-seg.pt,MOTS20-11,103,10,1,103,7,0,3,1.0,0.7,0.8235294117647058,0.7810812684755899,0.8736145470089104,1,8
yolov8l-seg.pt,MOTS20-11,104,9,1,110,6,0,3,1.0,0.6666666666666666,0.8,0.7849248303860948,0.8773767335069671,3,9
yolov8l-seg.pt,MOTS20-11,105,10,1,128,7,0,3,1.0,0.7,0.8235294117647058,0.7995070616748546,0.8866612029215698,2,9
yolov8l-seg.pt,MOTS20-11,106,11,1,111,7,0,4,1.0,0.6363636363636364,0.7777777777777778,0.8033443349554024,0.8893550223658132,2,9
yolov8l-seg.pt,MOTS20-11,107,10,1,112,6,0,4,1.0,0.6,0.75,0.7837326722140937,0.8770164280996413,3,9
yolov8l-seg.pt,MOTS20-11,108,11,1,122,8,0,3,1.0,0.7272727272727273,0.8421052631578947,0.7529571003807263,0.8564318908921251,2,10
yolov8l-seg.pt,MOTS20-11,109,11,1,130,7,0,4,1.0,0.6363636363636364,0.7777777777777778,0.7940075005540818,0.8841592155908692,2,9
yolov8l-seg.pt,MOTS20-11,110,11,1,98,7,0,4,1.0,0.6363636363636364,0.7777777777777778,0.7953854811645796,0.8847908703096733,0,7
yolov8l-seg.pt,MOTS20-11,111,11,1,93,7,0,4,1.0,0.6363636363636364,0.7777777777777778,0.7926498667153236,0.8829816393424025,1,8
yolov8l-seg.pt,MOTS20-11,112,11,1,96,7,1,4,0.875,0.6363636363636364,0.7368421052631579,0.7866467954275914,0.8791399910976321,1,9
yolov8l-seg.pt,MOTS20-11,113,11,1,115,7,0,4,1.0,0.6363636363636364,0.7777777777777778,0.7950862026442624,0.8844110375783618,1,8
yolov8l-seg.pt,MOTS20-11,114,11,1,98,8,0,3,1.0,0.7272727272727273,0.8421052631578947,0.7894075504103713,0.8808682982850771,1,9
yolov8l-seg.pt,MOTS20-11,115,11,1,90,8,0,3,1.0,0.7272727272727273,0.8421052631578947,0.802219793479616,0.8891314293229261,1,9
yolov8l-seg.pt,MOTS20-11,116,11,1,83,7,1,4,0.875,0.6363636363636364,0.7368421052631579,0.7903162420829836,0.8808500177798531,0,8
yolov8l-seg.pt,MOTS20-11,117,11,1,66,7,0,4,1.0,0.6363636363636364,0.7777777777777778,0.7843598348543391,0.876171467721938,0,7
yolov8l-seg.pt,MOTS20-11,118,11,1,68,7,0,4,1.0,0.6363636363636364,0.7777777777777778,0.7700534997565353,0.8675380471795454,0,7
yolov8l-seg.pt,MOTS20-11,119,11,1,66,7,1,4,0.875,0.6363636363636364,0.7368421052631579,0.7819500606415419,0.8755840614754379,0,8
yolov8l-seg.pt,MOTS20-11,120,11,1,72,8,0,3,1.0,0.7272727272727273,0.8421052631578947,0.7852198327661652,0.8778683376609913,0,8
yolov8l-seg.pt,MOTS20-11,121,11,1,44,8,0,3,1.0,0.7272727272727273,0.8421052631578947,0.7613597977359645,0.8625093224349732,0,8
yolov8l-seg.pt,MOTS20-11,122,11,1,55,8,0,3,1.0,0.7272727272727273,0.8421052631578947,0.7779352645672057,0.8732541776963115,0,8
yolov8l-seg.pt,MOTS20-11,123,12,1,88,8,0,4,1.0,0.6666666666666666,0.8,0.7738844948928905,0.8690183379878704,0,8
yolov8l-seg.pt,MOTS20-11,124,12,1,97,9,0,3,1.0,0.75,0.8571428571428571,0.7680880490842171,0.8656639684126367,0,9
yolov8l-seg.pt,MOTS20-11,125,12,1,90,8,0,4,1.0,0.6666666666666666,0.8,0.7795577394955884,0.8738205218478197,0,8
yolov8l-seg.pt,MOTS20-11,126,12,1,67,7,1,5,0.875,0.5833333333333334,0.7,0.8174018365560274,0.8989592409358858,0,8
yolov8l-seg.pt,MOTS20-11,127,12,1,88,8,0,4,1.0,0.6666666666666666,0.8,0.8070263125251771,0.8911960673067352,0,8
yolov8l-seg.pt,MOTS20-11,128,11,1,85,8,0,3,1.0,0.7272727272727273,0.8421052631578947,0.808999341719853,0.8925556762614628,0,8
yolov8l-seg.pt,MOTS20-11,129,11,1,93,7,0,4,1.0,0.6363636363636364,0.7777777777777778,0.8344614338049663,0.909067876148144,0,7
yolov8l-seg.pt,MOTS20-11,130,11,1,99,8,0,3,1.0,0.7272727272727273,0.8421052631578947,0.8113478403680183,0.8943094624519522,0,8
yolov8l-seg.pt,MOTS20-11,131,11,1,102,7,0,4,1.0,0.6363636363636364,0.7777777777777778,0.8261822301523701,0.9040097167731622,0,7
yolov8l-seg.pt,MOTS20-11,132,11,1,128,7,0,4,1.0,0.6363636363636364,0.7777777777777778,0.8278209993337954,0.9050320428030154,0,7
yolov8l-seg.pt,MOTS20-11,133,11,1,123,7,0,4,1.0,0.6363636363636364,0.7777777777777778,0.8274539424772114,0.9046993746313442,0,7
yolov8l-seg.pt,MOTS20-11,134,11,1,115,7,0,4,1.0,0.6363636363636364,0.7777777777777778,0.8311497021187607,0.9070324248970281,0,7
yolov8l-seg.pt,MOTS20-11,135,11,1,107,8,0,3,1.0,0.7272727272727273,0.8421052631578947,0.8021502447637303,0.8879129479754952,0,8
yolov8l-seg.pt,MOTS20-11,136,11,1,108,7,0,4,1.0,0.6363636363636364,0.7777777777777778,0.8188766476263806,0.8997812092300939,0,7
yolov8l-seg.pt,MOTS20-11,137,11,1,83,7,0,4,1.0,0.6363636363636364,0.7777777777777778,0.828291230239144,0.9055596349474763,0,7
yolov8l-seg.pt,MOTS20-11,138,11,1,100,7,0,4,1.0,0.6363636363636364,0.7777777777777778,0.8270241516503468,0.9048911812639739,0,7
yolov8l-seg.pt,MOTS20-11,139,11,1,91,7,0,4,1.0,0.6363636363636364,0.7777777777777778,0.817717291180477,0.8990888469596341,0,7
yolov8l-seg.pt,MOTS20-11,140,11,1,86,7,0,4,1.0,0.6363636363636364,0.7777777777777778,0.821069734291206,0.9011707666589615,0,7
yolov8l-seg.pt,MOTS20-11,141,11,1,87,7,0,4,1.0,0.6363636363636364,0.7777777777777778,0.8087694392853386,0.8934944396070318,0,7
yolov8l-seg.pt,MOTS20-11,142,11,1,95,7,1,4,0.875,0.6363636363636364,0.7368421052631579,0.8242269006231766,0.9028517119790141,0,8
yolov8l-seg.pt,MOTS20-11,143,11,1,80,8,1,3,0.8888888888888888,0.7272727272727273,0.8,0.7962537614348042,0.8840881639557787,0,9
yolov8l-seg.pt,MOTS20-11,144,10,1,77,8,1,2,0.8888888888888888,0.8,0.8421052631578947,0.8079362315431282,0.8920481003378486,0,9
yolov8l-seg.pt,MOTS20-11,145,10,1,85,8,1,2,0.8888888888888888,0.8,0.8421052631578947,0.8060088764376684,0.891063559296858,0,9
yolov8l-seg.pt,MOTS20-11,146,10,1,90,8,1,2,0.8888888888888888,0.8,0.8421052631578947,0.8066538993518692,0.8913808327843752,0,9
yolov8l-seg.pt,MOTS20-11,147,10,1,66,8,0,2,1.0,0.8,0.8888888888888888,0.8121498652049536,0.8949826535106058,0,8
yolov8l-seg.pt,MOTS20-11,148,10,1,80,8,1,2,0.8888888888888888,0.8,0.8421052631578947,0.8097231540476022,0.8933952759564235,0,9
yolov8l-seg.pt,MOTS20-11,149,10,1,87,8,1,2,0.8888888888888888,0.8,0.8421052631578947,0.8049776364050273,0.8905320874711442,0,9
yolov8l-seg.pt,MOTS20-11,150,10,1,66,8,0,2,1.0,0.8,0.8888888888888888,0.7905481031634163,0.8805397431671984,0,8
yolov8l-seg.pt,MOTS20-11,151,9,1,56,7,2,2,0.7777777777777778,0.7777777777777778,0.7777777777777778,0.8270251305220924,0.9048102027307001,0,9
yolov8l-seg.pt,MOTS20-11,152,9,1,63,7,1,2,0.875,0.7777777777777778,0.8235294117647058,0.8251475694560948,0.9037362475395676,0,8
yolov8l-seg.pt,MOTS20-11,153,9,1,57,7,2,2,0.7777777777777778,0.7777777777777778,0.7777777777777778,0.8288237566682444,0.9058947347506462,0,9
yolov8l-seg.pt,MOTS20-11,154,9,1,68,7,1,2,0.875,0.7777777777777778,0.8235294117647058,0.8243235320360053,0.9032083228392158,0,8
yolov8l-seg.pt,MOTS20-11,155,9,1,79,7,2,2,0.7777777777777778,0.7777777777777778,0.7777777777777778,0.8252904149064796,0.9037949042111826,0,9
yolov8l-seg.pt,MOTS20-11,156,9,1,86,7,2,2,0.7777777777777778,0.7777777777777778,0.7777777777777778,0.8216741260363974,0.9014578757101416,0,9
yolov8l-seg.pt,MOTS20-11,157,9,1,88,7,2,2,0.7777777777777778,0.7777777777777778,0.7777777777777778,0.826360946732734,0.9044477184183476,0,9
yolov8l-seg.pt,MOTS20-11,158,9,1,64,7,2,2,0.7777777777777778,0.7777777777777778,0.7777777777777778,0.8245646078528234,0.9031006085215019,0,9
yolov8l-seg.pt,MOTS20-11,159,9,1,71,7,1,2,0.875,0.7777777777777778,0.8235294117647058,0.8228248587607466,0.9019292764030997,0,8
yolov8l-seg.pt,MOTS20-11,160,9,1,72,8,0,1,1.0,0.8888888888888888,0.9411764705882353,0.80247586566529,0.887176159841383,0,8
yolov8l-seg.pt,MOTS20-11,161,8,1,64,8,0,0,1.0,1.0,1.0,0.8081001455798201,0.8909177454810357,0,8
yolov8l-seg.pt,MOTS20-11,162,8,1,83,8,0,0,1.0,1.0,1.0,0.817471991920032,0.8976469598722528,0,8
yolov8l-seg.pt,MOTS20-11,163,8,1,83,8,0,0,1.0,1.0,1.0,0.8118798745884972,0.8946452456969004,0,8
yolov8l-seg.pt,MOTS20-11,164,8,1,48,8,0,0,1.0,1.0,1.0,0.8057820089932517,0.8904681268477284,0,8
yolov8l-seg.pt,MOTS20-11,165,8,1,71,8,0,0,1.0,1.0,1.0,0.8118277739736444,0.89480839024191,0,8
yolov8l-seg.pt,MOTS20-11,166,8,1,73,8,0,0,1.0,1.0,1.0,0.7995974281486549,0.8869583136004184,0,8
yolov8l-seg.pt,MOTS20-11,167,8,1,75,8,0,0,1.0,1.0,1.0,0.8067083767210195,0.8918284550226976,0,8
yolov8l-seg.pt,MOTS20-11,168,8,1,83,8,0,0,1.0,1.0,1.0,0.8073587714281247,0.8922071831172547,0,8
yolov8l-seg.pt,MOTS20-11,169,8,1,68,8,1,0,0.8888888888888888,1.0,0.9411764705882353,0.8056868025734678,0.8910055643136351,0,9
yolov8l-seg.pt,MOTS20-11,170,8,1,78,8,2,0,0.8,1.0,0.8888888888888888,0.8039818492158162,0.8898894391036487,0,10
yolov8l-seg.pt,MOTS20-11,171,8,1,78,8,1,0,0.8888888888888888,1.0,0.9411764705882353,0.8005423213955668,0.8875964062108219,0,9
yolov8l-seg.pt,MOTS20-11,172,9,1,71,8,1,1,0.8888888888888888,0.8888888888888888,0.8888888888888888,0.7993655214784428,0.8866035876602771,0,9
yolov8l-seg.pt,MOTS20-11,173,9,1,82,8,1,1,0.8888888888888888,0.8888888888888888,0.8888888888888888,0.8065220526165566,0.8909246733022219,0,9
yolov8l-seg.pt,MOTS20-11,174,9,1,89,8,1,1,0.8888888888888888,0.8888888888888888,0.8888888888888888,0.8078085023184345,0.8914127245286283,0,9
yolov8l-seg.pt,MOTS20-11,175,9,1,87,8,1,1,0.8888888888888888,0.8888888888888888,0.8888888888888888,0.8113603594429517,0.8939324342581935,0,9
yolov8l-seg.pt,MOTS20-11,176,9,1,86,8,1,1,0.8888888888888888,0.8888888888888888,0.8888888888888888,0.8099515281354446,0.8928637322465387,0,9
yolov8l-seg.pt,MOTS20-11,177,9,1,73,8,1,1,0.8888888888888888,0.8888888888888888,0.8888888888888888,0.8139023713024496,0.8958543909116661,0,9
yolov8l-seg.pt,MOTS20-11,178,9,1,75,9,0,0,1.0,1.0,1.0,0.801016182949017,0.8876957367125995,0,9
yolov8l-seg.pt,MOTS20-11,179,9,1,78,9,0,0,1.0,1.0,1.0,0.8030107500298402,0.8888234495353555,0,9
yolov8l-seg.pt,MOTS20-11,180,9,1,74,8,2,1,0.8,0.8888888888888888,0.8421052631578947,0.8285766197982642,0.9051031847147981,0,10
yolov8l-seg.pt,MOTS20-11,181,9,1,81,9,1,0,0.9,1.0,0.9473684210526315,0.8110076002138276,0.8944333747577308,0,10
yolov8l-seg.pt,MOTS20-11,182,9,1,93,9,1,0,0.9,1.0,0.9473684210526315,0.805506343716436,0.8912626103711037,0,10
yolov8l-seg.pt,MOTS20-11,183,9,1,99,9,2,0,0.8181818181818182,1.0,0.9,0.8149551641157031,0.8969127100811514,0,11
yolov8l-seg.pt,MOTS20-11,184,8,1,102,8,2,0,0.8,1.0,0.8888888888888888,0.8125803310492039,0.8954153621943217,1,11
yolov8l-seg.pt,MOTS20-11,185,8,1,99,8,2,0,0.8,1.0,0.8888888888888888,0.8090863291390313,0.8932560693347735,1,11
yolov8l-seg.pt,MOTS20-11,186,9,1,98,9,2,0,0.8181818181818182,1.0,0.9,0.768422398563353,0.8641269296100798,0,11
yolov8l-seg.pt,MOTS20-11,187,8,1,119,8,2,0,0.8,1.0,0.8888888888888888,0.7969769854200425,0.8842749055800369,2,12
yolov8l-seg.pt,MOTS20-11,188,8,1,99,8,2,0,0.8,1.0,0.8888888888888888,0.810719179442696,0.8941517241706979,0,10
yolov8l-seg.pt,MOTS20-11,189,8,1,98,8,1,0,0.8888888888888888,1.0,0.9411764705882353,0.8120890547020874,0.8952370563058585,0,9
yolov8l-seg.pt,MOTS20-11,190,8,1,91,8,1,0,0.8888888888888888,1.0,0.9411764705882353,0.8088364739867369,0.8931196149228942,0,9
yolov8l-seg.pt,MOTS20-11,191,8,1,85,8,1,0,0.8888888888888888,1.0,0.9411764705882353,0.7849867228104473,0.8764889199839749,0,9
yolov8l-seg.pt,MOTS20-11,192,10,1,83,8,0,2,1.0,0.8,0.8888888888888888,0.7852826017844069,0.8762634002267753,0,8
yolov8l-seg.pt,MOTS20-11,193,10,1,89,8,0,2,1.0,0.8,0.8888888888888888,0.7969474155388873,0.8846121317921294,0,8
yolov8l-seg.pt,MOTS20-11,194,10,1,72,8,1,2,0.8888888888888888,0.8,0.8421052631578947,0.7946551907773476,0.8819474229491472,0,9
yolov8l-seg.pt,MOTS20-11,195,10,1,91,7,0,3,1.0,0.7,0.8235294117647058,0.803300328713681,0.8867844872382026,0,7
yolov8l-seg.pt,MOTS20-11,196,10,1,76,7,0,3,1.0,0.7,0.8235294117647058,0.7929458264997813,0.880111232139838,0,7
yolov8l-seg.pt,MOTS20-11,197,10,1,71,7,0,3,1.0,0.7,0.8235294117647058,0.7877537185241575,0.876644707865095,0,7
yolov8l-seg.pt,MOTS20-11,198,10,1,84,8,0,2,1.0,0.8,0.8888888888888888,0.7618421817004085,0.8587139987564969,0,8
yolov8l-seg.pt,MOTS20-11,199,10,1,77,7,2,3,0.7777777777777778,0.7,0.7368421052631579,0.7969785818814807,0.883572550445513,0,9
yolov8l-seg.pt,MOTS20-11,200,10,1,105,7,1,3,0.875,0.7,0.7777777777777778,0.8064679867954528,0.8901339382642472,0,8
yolov8l-seg.pt,MOTS20-11,201,10,1,76,9,1,1,0.9,0.9,0.9,0.7426554597626581,0.8447375833163114,0,10
yolov8l-seg.pt,MOTS20-11,202,10,1,66,8,1,2,0.8888888888888888,0.8,0.8421052631578947,0.778620724707566,0.8707013080725454,0,9
yolov8l-seg.pt,MOTS20-11,203,10,1,93,9,0,1,1.0,0.9,0.9473684210526315,0.7846548379577714,0.87586479997357,0,9
yolov8l-seg.pt,MOTS20-11,204,10,1,94,9,0,1,1.0,0.9,0.9473684210526315,0.7872911851812876,0.8783895769712532,0,9
yolov8l-seg.pt,MOTS20-11,205,10,1,102,9,0,1,1.0,0.9,0.9473684210526315,0.7831385939924332,0.8748660971059895,0,9
yolov8l-seg.pt,MOTS20-11,206,10,1,104,9,0,1,1.0,0.9,0.9473684210526315,0.7846220372456841,0.8754748528826463,0,9
yolov8l-seg.pt,MOTS20-11,207,10,1,107,9,0,1,1.0,0.9,0.9473684210526315,0.7821652531695416,0.8735286837084248,0,9
yolov8l-seg.pt,MOTS20-11,208,10,1,107,9,0,1,1.0,0.9,0.9473684210526315,0.7890011314737637,0.8773437450661694,0,9
yolov8l-seg.pt,MOTS20-11,209,10,1,108,9,0,1,1.0,0.9,0.9473684210526315,0.7822651534451163,0.8718532693013834,0,9
yolov8l-seg.pt,MOTS20-11,210,10,1,89,9,0,1,1.0,0.9,0.9473684210526315,0.7966989391846838,0.8821586668973269,0,9
yolov8l-seg.pt,MOTS20-11,211,10,1,103,9,1,1,0.9,0.9,0.9,0.7909184512711976,0.8784661408614607,0,10
yolov8l-seg.pt,MOTS20-11,212,10,1,97,8,1,2,0.8888888888888888,0.8,0.8421052631578947,0.8085822770402065,0.8903741926666523,0,9
yolov8l-seg.pt,MOTS20-11,213,10,1,82,9,0,1,1.0,0.9,0.9473684210526315,0.7904725588619985,0.8797754125799373,0,9
yolov8l-seg.pt,MOTS20-11,214,10,1,83,9,0,1,1.0,0.9,0.9473684210526315,0.7783306813578738,0.8706538019568798,0,9
yolov8l-seg.pt,MOTS20-11,215,10,1,83,9,1,1,0.9,0.9,0.9,0.7769302711595993,0.8712258335256275,0,10
yolov8l-seg.pt,MOTS20-11,216,10,1,92,10,0,0,1.0,1.0,1.0,0.7667664793421014,0.8639856937832617,0,10
yolov8l-seg.pt,MOTS20-11,217,10,1,100,9,1,1,0.9,0.9,0.9,0.7909057969705889,0.88081517991157,0,10
yolov8l-seg.pt,MOTS20-11,218,10,1,88,9,0,1,1.0,0.9,0.9473684210526315,0.7823120843460466,0.8746479256278955,0,9
yolov8l-seg.pt,MOTS20-11,219,10,1,93,9,1,1,0.9,0.9,0.9,0.7880283482851875,0.8781135418364666,0,10
yolov8l-seg.pt,MOTS20-11,220,10,1,85,10,1,0,0.9090909090909091,1.0,0.9523809523809523,0.7757988285507179,0.8697637084647216,0,11
yolov8l-seg.pt,MOTS20-11,221,10,1,93,8,2,2,0.8,0.8,0.8,0.8131287653037887,0.8956444639864709,0,10
yolov8l-seg.pt,MOTS20-11,222,10,1,86,8,2,2,0.8,0.8,0.8,0.8213554810223773,0.9001155792601523,0,10
yolov8l-seg.pt,MOTS20-11,223,9,1,94,8,1,1,0.8888888888888888,0.8888888888888888,0.8888888888888888,0.8279964149422161,0.904364688423142,1,10
yolov8l-seg.pt,MOTS20-11,224,9,1,108,8,1,1,0.8888888888888888,0.8888888888888888,0.8888888888888888,0.816399003799747,0.8972649897532299,0,9
yolov8l-seg.pt,MOTS20-11,225,9,1,101,8,2,1,0.8,0.8888888888888888,0.8421052631578947,0.8173262358229396,0.8978734662984275,0,10
yolov8l-seg.pt,MOTS20-11,226,9,1,100,8,1,1,0.8888888888888888,0.8888888888888888,0.8888888888888888,0.8261577505357274,0.9037616629236234,0,9
yolov8l-seg.pt,MOTS20-11,227,9,1,99,8,2,1,0.8,0.8888888888888888,0.8421052631578947,0.8207338907205819,0.9006141963177074,0,10
yolov8l-seg.pt,MOTS20-11,228,9,1,96,8,2,1,0.8,0.8888888888888888,0.8421052631578947,0.8192556357511461,0.8996054063509105,0,10
yolov8l-seg.pt,MOTS20-11,229,9,1,94,8,1,1,0.8888888888888888,0.8888888888888888,0.8888888888888888,0.8245452465238972,0.9029391137777378,0,9
yolov8l-seg.pt,MOTS20-11,230,9,1,89,8,1,1,0.8888888888888888,0.8888888888888888,0.8888888888888888,0.8269664057345134,0.9043584792054912,0,9
yolov8l-seg.pt,MOTS20-11,231,9,1,85,8,1,1,0.8888888888888888,0.8888888888888888,0.8888888888888888,0.828787004244171,0.9055773924431785,0,9
yolov8l-seg.pt,MOTS20-11,232,9,1,82,8,1,1,0.8888888888888888,0.8888888888888888,0.8888888888888888,0.8394279996938463,0.9119654032527356,0,9
yolov8l-seg.pt,MOTS20-11,233,9,1,78,8,1,1,0.8888888888888888,0.8888888888888888,0.8888888888888888,0.8386156328492542,0.9112593101241037,0,9
yolov8l-seg.pt,MOTS20-11,234,9,1,102,9,1,0,0.9,1.0,0.9473684210526315,0.8081160987712271,0.8896410183455029,0,10
yolov8l-seg.pt,MOTS20-11,235,9,1,104,8,1,1,0.8888888888888888,0.8888888888888888,0.8888888888888888,0.8378024279883378,0.910811581418705,0,9
yolov8l-seg.pt,MOTS20-11,236,9,1,89,8,1,1,0.8888888888888888,0.8888888888888888,0.8888888888888888,0.8374394519037783,0.9108464052459087,0,9
yolov8l-seg.pt,MOTS20-11,237,9,1,87,8,0,1,1.0,0.8888888888888888,0.9411764705882353,0.8307746765219962,0.9065536843990074,0,8
yolov8l-seg.pt,MOTS20-11,238,9,1,99,8,0,1,1.0,0.8888888888888888,0.9411764705882353,0.8396763859761527,0.9117146365590413,0,8
yolov8l-seg.pt,MOTS20-11,239,10,1,106,8,2,2,0.8,0.8,0.8,0.8299243674247927,0.904559304646996,0,10
yolov8l-seg.pt,MOTS20-11,240,10,1,81,8,1,2,0.8888888888888888,0.8,0.8421052631578947,0.8411828378895893,0.9119236118547566,0,9
yolov8l-seg.pt,MOTS20-11,241,10,1,81,9,1,1,0.9,0.9,0.9,0.821159911717138,0.8989753385057219,0,10
yolov8l-seg.pt,MOTS20-11,242,10,1,77,9,1,1,0.9,0.9,0.9,0.8212154582688695,0.8976161763656749,0,10
yolov8l-seg.pt,MOTS20-11,243,10,1,91,9,3,1,0.75,0.9,0.8181818181818182,0.8275192697325736,0.9013236338087514,0,12
yolov8l-seg.pt,MOTS20-11,244,10,1,77,9,2,1,0.8181818181818182,0.9,0.8571428571428571,0.8226839048835093,0.8982196388159583,0,11
yolov8l-seg.pt,MOTS20-11,245,10,1,82,9,1,1,0.9,0.9,0.9,0.8181061114865137,0.8955612227902178,0,10
yolov8l-seg.pt,MOTS20-11,246,10,1,81,9,1,1,0.9,0.9,0.9,0.8146498185615069,0.8926995668489535,0,10
yolov8l-seg.pt,MOTS20-11,247,10,1,85,8,2,2,0.8,0.8,0.8,0.8564155668683328,0.9220064967299911,0,10
yolov8l-seg.pt,MOTS20-11,248,11,1,93,8,2,3,0.8,0.7272727272727273,0.7619047619047619,0.8497809346210692,0.9181109411618613,0,10
yolov8l-seg.pt,MOTS20-11,249,12,1,113,8,2,4,0.8,0.6666666666666666,0.7272727272727273,0.8603862763367449,0.924356355551074,0,10
yolov8l-seg.pt,MOTS20-11,250,12,1,98,9,2,3,0.8181818181818182,0.75,0.782608695652174,0.8485128906464897,0.9162199075899089,0,11
yolov8l-seg.pt,MOTS20-11,251,12,1,96,9,1,3,0.9,0.75,0.8181818181818182,0.8488224024905106,0.9169571109368785,0,10
yolov8l-seg.pt,MOTS20-11,252,11,1,102,9,1,2,0.9,0.8181818181818182,0.8571428571428571,0.8604418998550677,0.9243436914799228,0,10
yolov8l-seg.pt,MOTS20-11,253,11,1,88,9,1,2,0.9,0.8181818181818182,0.8571428571428571,0.8509990728034214,0.9187716533672204,0,10
yolov8l-seg.pt,MOTS20-11,254,11,1,97,10,2,1,0.8333333333333334,0.9090909090909091,0.8695652173913043,0.8312848044448395,0.9062217817515446,0,12
yolov8l-seg.pt,MOTS20-11,255,11,1,97,9,4,2,0.6923076923076923,0.8181818181818182,0.75,0.8475595542817008,0.916306851604284,0,13
yolov8l-seg.pt,MOTS20-11,256,11,1,97,10,2,1,0.8333333333333334,0.9090909090909091,0.8695652173913043,0.806691937822937,0.8890866696123785,0,12
yolov8l-seg.pt,MOTS20-11,257,10,1,112,10,3,0,0.7692307692307693,1.0,0.8695652173913043,0.8056973554214855,0.8890652710345387,1,14
yolov8l-seg.pt,MOTS20-11,258,10,1,127,10,2,0,0.8333333333333334,1.0,0.9090909090909091,0.8025228298309631,0.8861400402724607,1,13
yolov8l-seg.pt,MOTS20-11,259,10,1,115,10,3,0,0.7692307692307693,1.0,0.8695652173913043,0.8156738251914966,0.8947853956031724,2,15
yolov8l-seg.pt,MOTS20-11,260,10,1,76,10,0,0,1.0,1.0,1.0,0.8253025294690929,0.9008244642555916,0,10
yolov8l-seg.pt,MOTS20-11,261,10,1,60,10,0,0,1.0,1.0,1.0,0.8244121503665827,0.9012333213540297,0,10
yolov8l-seg.pt,MOTS20-11,262,10,1,77,10,0,0,1.0,1.0,1.0,0.835414930633702,0.9080147527801848,0,10
yolov8l-seg.pt,MOTS20-11,263,10,1,62,10,0,0,1.0,1.0,1.0,0.8441261039533453,0.9135700668085223,0,10
yolov8l-seg.pt,MOTS20-11,264,10,1,42,10,0,0,1.0,1.0,1.0,0.8409019776620434,0.9116747871565913,0,10
yolov8l-seg.pt,MOTS20-11,265,10,1,49,10,0,0,1.0,1.0,1.0,0.8332841594940197,0.9067522753830797,0,10
yolov8l-seg.pt,MOTS20-11,266,10,1,62,10,0,0,1.0,1.0,1.0,0.8432151398547465,0.9126953465576788,0,10
yolov8l-seg.pt,MOTS20-11,267,10,1,80,10,0,0,1.0,1.0,1.0,0.8302124163884347,0.904632717896576,0,10
yolov8l-seg.pt,MOTS20-11,268,10,1,95,10,0,0,1.0,1.0,1.0,0.8358940081291205,0.907900804827053,0,10
yolov8l-seg.pt,MOTS20-11,269,9,1,89,9,3,0,0.75,1.0,0.8571428571428571,0.8243957969210894,0.9014271399054314,0,12
yolov8l-seg.pt,MOTS20-11,270,9,1,88,9,2,0,0.8181818181818182,1.0,0.9,0.824340818164456,0.9012155438262235,0,11
yolov8l-seg.pt,MOTS20-11,271,10,1,98,10,0,0,1.0,1.0,1.0,0.823901730135802,0.9014289586921217,0,10
yolov8l-seg.pt,MOTS20-11,272,9,1,79,9,0,0,1.0,1.0,1.0,0.8340109658863336,0.9080173164934181,1,10
yolov8l-seg.pt,MOTS20-11,273,9,1,76,9,0,0,1.0,1.0,1.0,0.8400510759975344,0.9116774483756802,1,10
yolov8l-seg.pt,MOTS20-11,274,9,1,86,9,0,0,1.0,1.0,1.0,0.8397677426318788,0.9116679273995074,0,9
yolov8l-seg.pt,MOTS20-11,275,9,1,88,9,1,0,0.9,1.0,0.9473684210526315,0.8261494326562008,0.9028696450037285,0,10
yolov8l-seg.pt,MOTS20-11,276,9,1,76,9,0,0,1.0,1.0,1.0,0.8148887334380248,0.8963289356718733,0,9
yolov8l-seg.pt,MOTS20-11,277,9,1,105,9,0,0,1.0,1.0,1.0,0.8292009621730893,0.9046996489770217,0,9
yolov8l-seg.pt,MOTS20-11,278,9,1,107,9,1,0,0.9,1.0,0.9473684210526315,0.8136994147621956,0.8950928846994761,0,10
yolov8l-seg.pt,MOTS20-11,279,9,1,94,9,0,0,1.0,1.0,1.0,0.8193555091391507,0.8983842333261772,0,9
yolov8l-seg.pt,MOTS20-11,280,9,1,91,9,0,0,1.0,1.0,1.0,0.8058995226355147,0.8881058504261193,0,9
yolov8l-seg.pt,MOTS20-11,281,9,1,82,9,0,0,1.0,1.0,1.0,0.7873593850323766,0.8765264618932445,0,9
yolov8l-seg.pt,MOTS20-11,282,9,1,80,9,0,0,1.0,1.0,1.0,0.8060024438577051,0.8880235272634356,0,9
yolov8l-seg.pt,MOTS20-11,283,8,1,74,8,0,0,1.0,1.0,1.0,0.7986342775717967,0.8825538240079362,1,9
yolov8l-seg.pt,MOTS20-11,284,8,1,86,8,0,0,1.0,1.0,1.0,0.8108221115826756,0.8911677088711687,1,9
yolov8l-seg.pt,MOTS20-11,285,8,1,66,8,0,0,1.0,1.0,1.0,0.8064860516182883,0.887858828495169,1,9
yolov8l-seg.pt,MOTS20-11,286,8,1,89,8,0,0,1.0,1.0,1.0,0.8015491579387981,0.8847920924663887,1,9
yolov8l-seg.pt,MOTS20-11,287,8,1,82,8,1,0,0.8888888888888888,1.0,0.9411764705882353,0.7942554764336123,0.8786192370968924,0,9
yolov8l-seg.pt,MOTS20-11,288,8,1,115,8,2,0,0.8,1.0,0.8888888888888888,0.8039461939257402,0.8862211858162201,0,10
yolov8l-seg.pt,MOTS20-11,289,8,1,87,8,1,0,0.8888888888888888,1.0,0.9411764705882353,0.8305692122997328,0.9045485102131988,0,9
yolov8l-seg.pt,MOTS20-11,290,8,1,79,8,1,0,0.8888888888888888,1.0,0.9411764705882353,0.8317879359340957,0.9051906215191994,0,9
yolov8l-seg.pt,MOTS20-11,291,8,1,89,8,1,0,0.8888888888888888,1.0,0.9411764705882353,0.823725332116966,0.9013206163405816,1,10
yolov8l-seg.pt,MOTS20-11,292,8,1,72,8,1,0,0.8888888888888888,1.0,0.9411764705882353,0.8255291171380289,0.9010270719934252,0,9
yolov8l-seg.pt,MOTS20-11,293,8,1,87,8,1,0,0.8888888888888888,1.0,0.9411764705882353,0.8343946018549946,0.9075326238576923,1,10
yolov8l-seg.pt,MOTS20-11,294,8,1,77,8,2,0,0.8,1.0,0.8888888888888888,0.8389941571169381,0.9102552211004563,1,11
yolov8l-seg.pt,MOTS20-11,295,8,1,79,7,1,1,0.875,0.875,0.875,0.8518899097806308,0.9175297696242114,0,8
yolov8l-seg.pt,MOTS20-11,296,8,1,86,8,2,0,0.8,1.0,0.8888888888888888,0.8314483102405406,0.9042434488308545,0,10
yolov8l-seg.pt,MOTS20-11,297,8,1,94,8,1,0,0.8888888888888888,1.0,0.9411764705882353,0.8351480135560045,0.9066721046973062,1,10
yolov8l-seg.pt,MOTS20-11,298,8,1,92,8,1,0,0.8888888888888888,1.0,0.9411764705882353,0.821201627773222,0.8981318281692485,0,9
yolov8l-seg.pt,MOTS20-11,299,8,1,111,8,1,0,0.8888888888888888,1.0,0.9411764705882353,0.8309892254772241,0.9038650369699514,0,9
yolov8l-seg.pt,MOTS20-11,300,9,1,95,7,0,2,1.0,0.7777777777777778,0.875,0.8587605165439182,0.9224050474770318,0,7
yolov8l-seg.pt,MOTS20-11,301,10,1,66,7,0,3,1.0,0.7,0.8235294117647058,0.8621698701845947,0.9243533218842563,0,7
yolov8l-seg.pt,MOTS20-11,302,10,1,74,7,1,3,0.875,0.7,0.7777777777777778,0.8727441271054591,0.9306434214254242,0,8
yolov8l-seg.pt,MOTS20-11,303,10,1,70,8,1,2,0.8888888888888888,0.8,0.8421052631578947,0.8317067584581155,0.903055737342279,0,9
yolov8l-seg.pt,MOTS20-11,304,10,1,60,7,2,3,0.7777777777777778,0.7,0.7368421052631579,0.8767834573435888,0.9332548286234861,0,9
yolov8l-seg.pt,MOTS20-11,305,11,1,54,7,3,4,0.7,0.6363636363636364,0.6666666666666666,0.8787650662545029,0.9348493349090194,0,10
yolov8l-seg.pt,MOTS20-11,306,11,1,53,8,2,3,0.8,0.7272727272727273,0.7619047619047619,0.8476069430546964,0.9126788650772243,0,10
yolov8l-seg.pt,MOTS20-11,307,11,1,64,8,0,3,1.0,0.7272727272727273,0.8421052631578947,0.8421966456733833,0.9094628031568499,0,8
yolov8l-seg.pt,MOTS20-11,308,11,1,81,8,0,3,1.0,0.7272727272727273,0.8421052631578947,0.847703397401145,0.9139400266849631,1,9
yolov8l-seg.pt,MOTS20-11,309,10,1,68,6,0,4,1.0,0.6,0.75,0.8886821833240276,0.9406021742342588,2,8
yolov8l-seg.pt,MOTS20-11,310,10,1,80,6,0,4,1.0,0.6,0.75,0.8849383442189005,0.9385087623749581,2,8
yolov8l-seg.pt,MOTS20-11,311,11,1,88,8,0,3,1.0,0.7272727272727273,0.8421052631578947,0.8188683483590968,0.8955861299277716,1,9
yolov8l-seg.pt,MOTS20-11,312,10,1,99,8,1,2,0.8888888888888888,0.8,0.8421052631578947,0.8198401201570198,0.8953787957948552,2,11
yolov8l-seg.pt,MOTS20-11,313,10,1,101,7,1,3,0.875,0.7,0.7777777777777778,0.8480521428873112,0.913328014998796,2,10
yolov8l-seg.pt,MOTS20-11,314,10,1,99,8,2,2,0.8,0.8,0.8,0.8286098304958046,0.9025007545830125,1,11
yolov8l-seg.pt,MOTS20-11,315,10,1,93,7,2,3,0.7777777777777778,0.7,0.7368421052631579,0.8527653963655425,0.9175256978432483,1,10
yolov8l-seg.pt,MOTS20-11,316,10,1,108,7,2,3,0.7777777777777778,0.7,0.7368421052631579,0.8523532953551435,0.9172580494689336,0,9
yolov8l-seg.pt,MOTS20-11,317,10,1,66,7,2,3,0.7777777777777778,0.7,0.7368421052631579,0.8571132510298864,0.9199022193455489,0,9
yolov8l-seg.pt,MOTS20-11,318,10,1,89,7,2,3,0.7777777777777778,0.7,0.7368421052631579,0.8615428560053815,0.9236776565365327,1,10
yolov8l-seg.pt,MOTS20-11,319,9,1,100,8,2,1,0.8,0.8888888888888888,0.8421052631578947,0.8251355188023254,0.9001454464120817,1,11
yolov8l-seg.pt,MOTS20-11,320,9,1,102,8,2,1,0.8,0.8888888888888888,0.8421052631578947,0.8191427546898915,0.8947667957320395,1,11
yolov8l-seg.pt,MOTS20-11,321,9,1,79,8,2,1,0.8,0.8888888888888888,0.8421052631578947,0.8220680731654662,0.8965987823540993,2,12
yolov8l-seg.pt,MOTS20-11,322,9,1,98,7,3,2,0.7,0.7777777777777778,0.7368421052631579,0.8504186496169917,0.9168740376111463,2,12
yolov8l-seg.pt,MOTS20-11,323,9,1,130,7,2,2,0.7777777777777778,0.7777777777777778,0.7777777777777778,0.8179938359261902,0.8943705758384983,3,12
yolov8l-seg.pt,MOTS20-11,324,9,1,135,5,2,4,0.7142857142857143,0.5555555555555556,0.625,0.8846594445621353,0.9382988900768391,2,9
yolov8l-seg.pt,MOTS20-11,325,9,1,138,5,1,4,0.8333333333333334,0.5555555555555556,0.6666666666666666,0.8939798629906445,0.9434781299463321,3,9
yolov8l-seg.pt,MOTS20-11,326,9,1,120,5,1,4,0.8333333333333334,0.5555555555555556,0.6666666666666666,0.8871193697225994,0.9397298725245007,4,10
yolov8l-seg.pt,MOTS20-11,327,8,1,128,6,1,2,0.8571428571428571,0.75,0.8,0.8472876852262524,0.9135650517990547,3,10
yolov8l-seg.pt,MOTS20-11,328,9,1,150,6,3,3,0.6666666666666666,0.6666666666666666,0.6666666666666666,0.841941349687898,0.9108051992535477,2,11
yolov8l-seg.pt,MOTS20-11,329,9,1,152,7,3,2,0.7,0.7777777777777778,0.7368421052631579,0.812984762772545,0.893037835159715,4,14
yolov8l-seg.pt,MOTS20-11,330,9,1,151,7,2,2,0.7777777777777778,0.7777777777777778,0.7777777777777778,0.8007246895922544,0.884926951328126,2,11
yolov8l-seg.pt,MOTS20-11,331,10,1,119,6,2,4,0.75,0.6,0.6666666666666666,0.8228251066852992,0.8994245554644031,3,11
yolov8l-seg.pt,MOTS20-11,332,8,1,140,7,3,1,0.7,0.875,0.7777777777777778,0.8156756410687981,0.8941742912460974,2,12
yolov8l-seg.pt,MOTS20-11,333,9,1,139,7,0,2,1.0,0.7777777777777778,0.875,0.8277192322808578,0.9027105668224691,3,10
yolov8l-seg.pt,MOTS20-11,334,9,1,137,8,1,1,0.8888888888888888,0.8888888888888888,0.8888888888888888,0.8011875873759438,0.8849526041208706,3,12
yolov8l-seg.pt,MOTS20-11,335,9,1,130,6,1,3,0.8571428571428571,0.6666666666666666,0.75,0.834764945878579,0.9072463531763022,3,10
yolov8l-seg.pt,MOTS20-11,336,7,1,142,6,1,1,0.8571428571428571,0.8571428571428571,0.8571428571428571,0.831714269420703,0.9045381722754513,3,10
yolov8l-seg.pt,MOTS20-11,337,7,1,153,6,2,1,0.75,0.8571428571428571,0.8,0.8452859532061267,0.9137801774718226,2,10
yolov8l-seg.pt,MOTS20-11,338,7,1,133,7,1,0,0.875,1.0,0.9333333333333333,0.8210751543101569,0.8988123850490061,3,11
yolov8l-seg.pt,MOTS20-11,339,7,1,130,7,1,0,0.875,1.0,0.9333333333333333,0.8131542907675902,0.8936884383190592,3,11
yolov8l-seg.pt,MOTS20-11,340,7,1,107,7,0,0,1.0,1.0,1.0,0.8065889137139184,0.8887424643398623,2,9
yolov8l-seg.pt,MOTS20-11,341,7,1,109,7,0,0,1.0,1.0,1.0,0.7921487999394329,0.8782088215229873,3,10
yolov8l-seg.pt,MOTS20-11,342,7,1,125,6,0,1,1.0,0.8571428571428571,0.9230769230769231,0.8215449801666392,0.8961711388507269,2,8
yolov8l-seg.pt,MOTS20-11,343,7,1,112,6,0,1,1.0,0.8571428571428571,0.9230769230769231,0.8108841347615753,0.8903995252562039,2,8
yolov8l-seg.pt,MOTS20-11,344,7,1,105,7,0,0,1.0,1.0,1.0,0.7684834398604808,0.8654916996204439,2,9
yolov8l-seg.pt,MOTS20-11,345,7,1,110,7,0,0,1.0,1.0,1.0,0.7826185950041019,0.8749973564456683,2,9
yolov8l-seg.pt,MOTS20-11,346,7,1,127,7,2,0,0.7777777777777778,1.0,0.875,0.8183048590890929,0.8983403625316013,3,12
yolov8l-seg.pt,MOTS20-11,347,7,1,117,5,0,2,1.0,0.7142857142857143,0.8333333333333334,0.8352541434052206,0.9091033002939138,2,7
yolov8l-seg.pt,MOTS20-11,348,6,1,125,6,0,0,1.0,1.0,1.0,0.840280732702043,0.9127295126539812,3,9
yolov8l-seg.pt,MOTS20-11,349,6,1,119,5,1,1,0.8333333333333334,0.8333333333333334,0.8333333333333334,0.8466309094122975,0.9164302193330108,2,8
yolov8l-seg.pt,MOTS20-11,350,6,1,137,5,0,1,1.0,0.8333333333333334,0.9090909090909091,0.8431574672843742,0.9144772447876879,3,8
yolov8l-seg.pt,MOTS20-11,351,6,1,139,5,0,1,1.0,0.8333333333333334,0.9090909090909091,0.8452475589356923,0.9158500702340499,2,7
yolov8l-seg.pt,MOTS20-11,352,6,1,96,6,0,0,1.0,1.0,1.0,0.8480837493442511,0.9172548164480618,2,8
yolov8l-seg.pt,MOTS20-11,353,6,1,129,6,0,0,1.0,1.0,1.0,0.8580834830331444,0.9232417114783601,2,8
yolov8l-seg.pt,MOTS20-11,354,6,1,116,6,0,0,1.0,1.0,1.0,0.8449960063611176,0.9154732729495333,2,8
yolov8l-seg.pt,MOTS20-11,355,6,1,109,6,1,0,0.8571428571428571,1.0,0.9230769230769231,0.8237746872739812,0.9021701057705959,2,9
yolov8l-seg.pt,MOTS20-11,356,6,1,123,6,1,0,0.8571428571428571,1.0,0.9230769230769231,0.8457231012467616,0.9160333479966374,2,9
yolov8l-seg.pt,MOTS20-11,357,6,1,101,6,1,0,0.8571428571428571,1.0,0.9230769230769231,0.8358680971775123,0.910010119122666,2,9
yolov8l-seg.pt,MOTS20-11,358,6,1,99,6,1,0,0.8571428571428571,1.0,0.9230769230769231,0.8430361352665857,0.9142162942012536,2,9
yolov8l-seg.pt,MOTS20-11,359,6,1,100,6,1,0,0.8571428571428571,1.0,0.9230769230769231,0.8525323890488911,0.9198890373344132,2,9
yolov8l-seg.pt,MOTS20-11,360,6,1,101,6,1,0,0.8571428571428571,1.0,0.9230769230769231,0.8601267578405918,0.9243731634334124,2,9
yolov8l-seg.pt,MOTS20-11,361,6,1,112,6,2,0,0.75,1.0,0.8571428571428571,0.8602446651804515,0.9244177358620672,3,11
yolov8l-seg.pt,MOTS20-11,362,6,1,115,6,1,0,0.8571428571428571,1.0,0.9230769230769231,0.8656411024382945,0.927608709394772,2,9
yolov8l-seg.pt,MOTS20-11,363,6,1,116,6,2,0,0.75,1.0,0.8571428571428571,0.8622794712178926,0.9256952199452259,2,10
yolov8l-seg.pt,MOTS20-11,364,6,1,113,6,1,0,0.8571428571428571,1.0,0.9230769230769231,0.8607911351297172,0.9247252394546642,2,9
yolov8l-seg.pt,MOTS20-11,365,6,1,103,6,1,0,0.8571428571428571,1.0,0.9230769230769231,0.8638459427649025,0.9264417842369618,2,9
yolov8l-seg.pt,MOTS20-11,366,6,1,84,6,1,0,0.8571428571428571,1.0,0.9230769230769231,0.8591306821317888,0.9238041752555902,2,9
yolov8l-seg.pt,MOTS20-11,367,6,1,102,6,2,0,0.75,1.0,0.8571428571428571,0.8631368171817186,0.9261430449898773,2,10
yolov8l-seg.pt,MOTS20-11,368,6,1,130,6,1,0,0.8571428571428571,1.0,0.9230769230769231,0.8563676904156853,0.9218177746356196,2,9
yolov8l-seg.pt,MOTS20-11,369,7,1,128,6,2,1,0.75,0.8571428571428571,0.8,0.855274024823685,0.9208816615109366,1,9
yolov8l-seg.pt,MOTS20-11,370,7,1,138,7,3,0,0.7,1.0,0.8235294117647058,0.8170916298560549,0.8946249592438461,1,11
yolov8l-seg.pt,MOTS20-11,371,7,1,134,7,2,0,0.7777777777777778,1.0,0.875,0.8263698098958125,0.9019517200054368,1,10
yolov8l-seg.pt,MOTS20-11,372,7,1,142,7,3,0,0.7,1.0,0.8235294117647058,0.8060597824893357,0.8865130209003258,1,11
yolov8l-seg.pt,MOTS20-11,373,7,1,129,7,2,0,0.7777777777777778,1.0,0.875,0.8597027158270426,0.9240130276118862,1,10
yolov8l-seg.pt,MOTS20-11,374,7,1,169,7,3,0,0.7,1.0,0.8235294117647058,0.8564831071570412,0.9219515862471369,1,11
yolov8l-seg.pt,MOTS20-11,375,7,1,141,7,3,0,0.7,1.0,0.8235294117647058,0.8588781318221228,0.9234867104993377,2,12
yolov8l-seg.pt,MOTS20-11,376,7,1,143,7,2,0,0.7777777777777778,1.0,0.875,0.8455933897803443,0.9154321636714642,0,9
yolov8l-seg.pt,MOTS20-11,377,7,1,143,7,3,0,0.7,1.0,0.8235294117647058,0.8626414721409189,0.9257207325018545,2,12
yolov8l-seg.pt,MOTS20-11,378,8,1,139,7,3,1,0.7,0.875,0.7777777777777778,0.8617643629064549,0.9251549407991347,1,11
yolov8l-seg.pt,MOTS20-11,379,8,1,126,7,2,1,0.7777777777777778,0.875,0.8235294117647058,0.8712130812529754,0.9307430492835914,1,10
yolov8l-seg.pt,MOTS20-11,380,8,1,136,7,2,1,0.7777777777777778,0.875,0.8235294117647058,0.86640223202537,0.9278940424315739,0,9
yolov8l-seg.pt,MOTS20-11,381,8,1,140,7,1,1,0.875,0.875,0.875,0.8681453219601043,0.9290485032755967,0,8
yolov8l-seg.pt,MOTS20-11,382,8,1,120,7,2,1,0.7777777777777778,0.875,0.8235294117647058,0.8646892474667627,0.927122402290161,0,9
yolov8l-seg.pt,MOTS20-11,383,8,1,146,7,1,1,0.875,0.875,0.875,0.8565922721413266,0.9222293850021465,1,9
yolov8l-seg.pt,MOTS20-11,384,8,1,118,7,0,1,1.0,0.875,0.9333333333333333,0.8570507830728589,0.9226694762126108,0,7
yolov8l-seg.pt,MOTS20-11,385,8,1,130,7,1,1,0.875,0.875,0.875,0.8543600534270501,0.9209337118691499,0,8
yolov8l-seg.pt,MOTS20-11,386,8,1,104,7,1,1,0.875,0.875,0.875,0.8498440727209832,0.9182312263796055,0,8
yolov8l-seg.pt,MOTS20-11,387,8,1,124,7,1,1,0.875,0.875,0.875,0.854721950776202,0.9211175541734361,0,8
yolov8l-seg.pt,MOTS20-11,388,8,1,119,7,1,1,0.875,0.875,0.875,0.8551100185513857,0.9215089009387274,0,8
yolov8l-seg.pt,MOTS20-11,389,8,1,94,7,0,1,1.0,0.875,0.9333333333333333,0.8516801135892831,0.9193478776201657,0,7
yolov8l-seg.pt,MOTS20-11,390,8,1,138,7,0,1,1.0,0.875,0.9333333333333333,0.8508831177758859,0.9187463904032749,0,7
yolov8l-seg.pt,MOTS20-11,391,8,1,140,7,0,1,1.0,0.875,0.9333333333333333,0.8530669993545407,0.9200545705361417,0,7
yolov8l-seg.pt,MOTS20-11,392,8,1,126,7,0,1,1.0,0.875,0.9333333333333333,0.8589770472526936,0.9232971540156132,0,7
yolov8l-seg.pt,MOTS20-11,393,8,1,120,7,1,1,0.875,0.875,0.875,0.8622220338324673,0.9253279100701034,0,8
yolov8l-seg.pt,MOTS20-11,394,8,1,109,7,0,1,1.0,0.875,0.9333333333333333,0.8647134297094103,0.926690746821918,0,7
yolov8l-seg.pt,MOTS20-11,395,8,1,120,7,0,1,1.0,0.875,0.9333333333333333,0.8700186578861,0.929851051430745,0,7
yolov8l-seg.pt,MOTS20-11,396,8,1,110,7,0,1,1.0,0.875,0.9333333333333333,0.8731917973296032,0.9314997105575442,1,8
yolov8l-seg.pt,MOTS20-11,397,8,1,135,7,1,1,0.875,0.875,0.875,0.8817262924618777,0.9365944378758898,1,9
yolov8l-seg.pt,MOTS20-11,398,8,1,113,7,1,1,0.875,0.875,0.875,0.8824733289193104,0.9368890842264389,0,8
yolov8l-seg.pt,MOTS20-11,399,8,1,101,7,0,1,1.0,0.875,0.9333333333333333,0.8831708563001494,0.9374927954467365,0,7
yolov8l-seg.pt,MOTS20-11,400,8,1,90,7,0,1,1.0,0.875,0.9333333333333333,0.8755658461990398,0.9331629652046046,0,7
yolov8l-seg.pt,MOTS20-11,401,8,1,79,7,0,1,1.0,0.875,0.9333333333333333,0.8669043685223515,0.9282101931002174,0,7
yolov8l-seg.pt,MOTS20-11,402,8,1,88,7,0,1,1.0,0.875,0.9333333333333333,0.8812407291105978,0.936481856032315,0,7
yolov8l-seg.pt,MOTS20-11,403,8,1,88,7,0,1,1.0,0.875,0.9333333333333333,0.8739066165198289,0.9322956758033917,0,7
yolov8l-seg.pt,MOTS20-11,404,8,1,117,7,0,1,1.0,0.875,0.9333333333333333,0.8633401952291452,0.9257577016534299,0,7
yolov8l-seg.pt,MOTS20-11,405,8,1,89,7,1,1,0.875,0.875,0.875,0.8441699243087651,0.9132608297614013,0,8
yolov8l-seg.pt,MOTS20-11,406,8,1,83,7,0,1,1.0,0.875,0.9333333333333333,0.8326145352833773,0.9047806074465449,0,7
yolov8l-seg.pt,MOTS20-11,407,8,1,65,7,0,1,1.0,0.875,0.9333333333333333,0.8337386153132478,0.9061503350966397,0,7
yolov8l-seg.pt,MOTS20-11,408,8,1,75,8,0,0,1.0,1.0,1.0,0.8215071104075404,0.8990088656589768,0,8
yolov8l-seg.pt,MOTS20-11,409,8,1,75,8,0,0,1.0,1.0,1.0,0.8382256156168312,0.9093188510032204,0,8
yolov8l-seg.pt,MOTS20-11,410,8,1,87,8,0,0,1.0,1.0,1.0,0.8500311931850545,0.9173276328467117,0,8
yolov8l-seg.pt,MOTS20-11,411,8,1,74,8,0,0,1.0,1.0,1.0,0.8431247006493531,0.9125405515039082,0,8
yolov8l-seg.pt,MOTS20-11,412,8,1,67,8,0,0,1.0,1.0,1.0,0.8417559055039383,0.9123237394383009,0,8
yolov8l-seg.pt,MOTS20-11,413,8,1,73,8,0,0,1.0,1.0,1.0,0.8472733288478528,0.9153045070476713,0,8
yolov8l-seg.pt,MOTS20-11,414,8,1,69,8,0,0,1.0,1.0,1.0,0.8467845934767,0.9147892599455258,1,9
yolov8l-seg.pt,MOTS20-11,415,8,1,74,8,0,0,1.0,1.0,1.0,0.8384885898545973,0.9087288809995842,0,8
yolov8l-seg.pt,MOTS20-11,416,8,1,84,8,0,0,1.0,1.0,1.0,0.8166277344226784,0.8940956918102123,1,9
yolov8l-seg.pt,MOTS20-11,417,9,1,76,8,0,1,1.0,0.8888888888888888,0.9411764705882353,0.8098575739087929,0.8888179688971083,1,9
yolov8l-seg.pt,MOTS20-11,418,9,1,68,7,1,2,0.875,0.7777777777777778,0.8235294117647058,0.8559924537509139,0.9208704708538354,1,9
yolov8l-seg.pt,MOTS20-11,419,9,1,65,7,1,2,0.875,0.7777777777777778,0.8235294117647058,0.8585457110966715,0.9223157703748227,1,9
yolov8l-seg.pt,MOTS20-11,420,8,1,58,7,1,1,0.875,0.875,0.875,0.863964301166051,0.9256244938135761,1,9
yolov8l-seg.pt,MOTS20-11,421,8,1,55,7,1,1,0.875,0.875,0.875,0.8658117486683488,0.9269213824042948,1,9
yolov8l-seg.pt,MOTS20-11,422,8,1,91,8,0,0,1.0,1.0,1.0,0.8188872794920317,0.8939618602185424,0,8
yolov8l-seg.pt,MOTS20-11,423,8,1,81,8,1,0,0.8888888888888888,1.0,0.9411764705882353,0.8387861964735803,0.9087200296755515,2,11
yolov8l-seg.pt,MOTS20-11,424,8,1,70,8,0,0,1.0,1.0,1.0,0.8431584050298448,0.9109563788875343,2,10
yolov8l-seg.pt,MOTS20-11,425,9,1,68,9,0,0,1.0,1.0,1.0,0.8246872076268468,0.9018379338494198,1,10
yolov8l-seg.pt,MOTS20-11,426,9,1,68,9,0,0,1.0,1.0,1.0,0.8225462919481018,0.9006114051435122,2,11
yolov8l-seg.pt,MOTS20-11,427,10,1,73,10,0,0,1.0,1.0,1.0,0.7926486383222778,0.8792663539483918,2,12
yolov8l-seg.pt,MOTS20-11,428,11,1,81,10,0,1,1.0,0.9090909090909091,0.9523809523809523,0.7826326497143453,0.8732305704283764,3,13
yolov8l-seg.pt,MOTS20-11,429,11,1,85,10,2,1,0.8333333333333334,0.9090909090909091,0.8695652173913043,0.7982291314969789,0.884561352173888,2,14
yolov8l-seg.pt,MOTS20-11,430,11,1,96,10,0,1,1.0,0.9090909090909091,0.9523809523809523,0.7852333051065983,0.8757756420140879,1,11
yolov8l-seg.pt,MOTS20-11,431,11,1,97,9,1,2,0.9,0.8181818181818182,0.8571428571428571,0.7637461086853666,0.8595054999536359,0,10
yolov8l-seg.pt,MOTS20-11,432,11,1,81,8,0,3,1.0,0.7272727272727273,0.8421052631578947,0.7956928603198945,0.8822969737795976,0,8
yolov8l-seg.pt,MOTS20-11,433,11,1,81,8,0,3,1.0,0.7272727272727273,0.8421052631578947,0.8094754365029024,0.89163410041714,0,8
yolov8l-seg.pt,MOTS20-11,434,11,1,95,9,0,2,1.0,0.8181818181818182,0.9,0.8170880371177508,0.8970965734865045,0,9
yolov8l-seg.pt,MOTS20-11,435,11,1,96,10,0,1,1.0,0.9090909090909091,0.9523809523809523,0.7947696521132398,0.8822667478554642,0,10
yolov8l-seg.pt,MOTS20-11,436,11,1,102,9,0,2,1.0,0.8181818181818182,0.9,0.8209377031073504,0.8997334544083954,0,9
yolov8l-seg.pt,MOTS20-11,437,11,1,89,9,0,2,1.0,0.8181818181818182,0.9,0.8273456393902976,0.903902304410546,0,9
yolov8l-seg.pt,MOTS20-11,438,11,1,102,9,1,2,0.9,0.8181818181818182,0.8571428571428571,0.8305137102658414,0.9056065743464726,0,10
yolov8l-seg.pt,MOTS20-11,439,11,1,101,9,0,2,1.0,0.8181818181818182,0.9,0.8278193806757,0.9040162295506343,0,9
yolov8l-seg.pt,MOTS20-11,440,11,1,92,9,0,2,1.0,0.8181818181818182,0.9,0.8151051719028748,0.895533018160126,0,9
yolov8l-seg.pt,MOTS20-11,441,11,1,92,9,0,2,1.0,0.8181818181818182,0.9,0.8092555088752298,0.8920276707449469,0,9
yolov8l-seg.pt,MOTS20-11,442,11,1,89,9,2,2,0.8181818181818182,0.8181818181818182,0.8181818181818182,0.812881950141918,0.894769754599793,0,11
yolov8l-seg.pt,MOTS20-11,443,10,1,89,9,4,1,0.6923076923076923,0.9,0.782608695652174,0.8151621223638925,0.8963336772640189,0,13
yolov8l-seg.pt,MOTS20-11,444,10,1,96,9,2,1,0.8181818181818182,0.9,0.8571428571428571,0.8237066250063771,0.9014259263413904,0,11
yolov8l-seg.pt,MOTS20-11,445,10,1,92,9,3,1,0.75,0.9,0.8181818181818182,0.8210904013288891,0.9002571575630317,1,13
yolov8l-seg.pt,MOTS20-11,446,10,1,99,10,1,0,0.9090909090909091,1.0,0.9523809523809523,0.7828042325255826,0.8743409018151803,0,11
yolov8l-seg.pt,MOTS20-11,447,10,1,103,10,2,0,0.8333333333333334,1.0,0.9090909090909091,0.8019485244530508,0.8872054591985524,1,13
yolov8l-seg.pt,MOTS20-11,448,10,1,98,10,1,0,0.9090909090909091,1.0,0.9523809523809523,0.7990998758417163,0.8850002641709833,1,12
yolov8l-seg.pt,MOTS20-11,449,9,1,110,9,0,0,1.0,1.0,1.0,0.7874713931398114,0.8774995271611776,3,12
yolov8l-seg.pt,MOTS20-11,450,9,1,136,9,1,0,0.9,1.0,0.9473684210526315,0.7981509385793824,0.8854618899650106,1,11
yolov8l-seg.pt,MOTS20-11,451,9,1,112,9,1,0,0.9,1.0,0.9473684210526315,0.7857079528726243,0.8765899604343657,1,11
yolov8l-seg.pt,MOTS20-11,452,9,1,111,9,1,0,0.9,1.0,0.9473684210526315,0.7997417428694332,0.8865540490809433,1,11
yolov8l-seg.pt,MOTS20-11,453,9,1,107,9,1,0,0.9,1.0,0.9473684210526315,0.8147234412414459,0.8965585888971191,1,11
yolov8l-seg.pt,MOTS20-11,454,9,1,104,9,0,0,1.0,1.0,1.0,0.8191188620486407,0.899179505032194,1,10
yolov8l-seg.pt,MOTS20-11,455,9,1,113,9,2,0,0.8181818181818182,1.0,0.9,0.8251436988277953,0.9028424380724902,1,12
yolov8l-seg.pt,MOTS20-11,456,9,1,125,9,0,0,1.0,1.0,1.0,0.8115789725429168,0.8944243200144846,1,10
yolov8l-seg.pt,MOTS20-11,457,9,1,120,9,0,0,1.0,1.0,1.0,0.8164219912893391,0.8974478790183783,0,9
yolov8l-seg.pt,MOTS20-11,458,9,1,119,9,0,0,1.0,1.0,1.0,0.8178264599633458,0.8986291207491445,0,9
yolov8l-seg.pt,MOTS20-11,459,9,1,127,9,0,0,1.0,1.0,1.0,0.8102074471501934,0.8936091226020046,0,9
yolov8l-seg.pt,MOTS20-11,460,9,1,114,8,0,1,1.0,0.8888888888888888,0.9411764705882353,0.8179385193083237,0.8986352525009791,1,9
yolov8l-seg.pt,MOTS20-11,461,9,1,137,8,0,1,1.0,0.8888888888888888,0.9411764705882353,0.7856517020337264,0.877488084621803,0,8
yolov8l-seg.pt,MOTS20-11,462,9,1,130,8,0,1,1.0,0.8888888888888888,0.9411764705882353,0.8044967128229531,0.8904176997290008,1,9
yolov8l-seg.pt,MOTS20-11,463,8,1,94,8,0,0,1.0,1.0,1.0,0.8016070946330172,0.8879723767307021,1,9
yolov8l-seg.pt,MOTS20-11,464,8,1,80,8,0,0,1.0,1.0,1.0,0.7988672047230708,0.8865306044790882,0,8
yolov8l-seg.pt,MOTS20-11,465,8,1,77,8,0,0,1.0,1.0,1.0,0.7882661639966355,0.8795571106536737,0,8
yolov8l-seg.pt,MOTS20-11,466,8,1,96,8,0,0,1.0,1.0,1.0,0.7919829583193981,0.8824104664474917,1,9
yolov8l-seg.pt,MOTS20-11,467,8,1,113,8,0,0,1.0,1.0,1.0,0.8076825056273906,0.8919031584983198,1,9
yolov8l-seg.pt,MOTS20-11,468,8,1,110,8,0,0,1.0,1.0,1.0,0.8073613936134804,0.8919770621339973,1,9
yolov8l-seg.pt,MOTS20-11,469,8,1,108,7,0,1,1.0,0.875,0.9333333333333333,0.8127261044468433,0.8955254274054919,1,8
yolov8l-seg.pt,MOTS20-11,470,8,1,98,7,0,1,1.0,0.875,0.9333333333333333,0.8145151618969688,0.8966923276964703,1,8
yolov8l-seg.pt,MOTS20-11,471,8,1,90,7,0,1,1.0,0.875,0.9333333333333333,0.816719155037272,0.8979811466393708,1,8
yolov8l-seg.pt,MOTS20-11,472,8,1,113,7,0,1,1.0,0.875,0.9333333333333333,0.817616269188627,0.8984735388888804,1,8
yolov8l-seg.pt,MOTS20-11,473,9,1,109,7,0,2,1.0,0.7777777777777778,0.875,0.8309059185959141,0.9066924363078125,2,9
yolov8l-seg.pt,MOTS20-11,474,8,1,97,7,0,1,1.0,0.875,0.9333333333333333,0.8321966288225725,0.9068966858683013,2,9
yolov8l-seg.pt,MOTS20-11,475,8,1,73,7,0,1,1.0,0.875,0.9333333333333333,0.8281336477961735,0.9038784504021337,0,7
yolov8l-seg.pt,MOTS20-11,476,8,1,72,7,1,1,0.875,0.875,0.875,0.8207676288311798,0.8994255227240192,2,10
yolov8l-seg.pt,MOTS20-11,477,8,1,83,7,1,1,0.875,0.875,0.875,0.8243039839811557,0.9021635970120584,1,9
yolov8l-seg.pt,MOTS20-11,478,8,1,88,7,0,1,1.0,0.875,0.9333333333333333,0.8204491829598781,0.9000570868687848,1,8
yolov8l-seg.pt,MOTS20-11,479,8,1,106,7,0,1,1.0,0.875,0.9333333333333333,0.8301286406146363,0.9060864217018361,0,7
yolov8l-seg.pt,MOTS20-11,480,8,1,116,7,0,1,1.0,0.875,0.9333333333333333,0.8292948234983383,0.905163163531329,0,7
yolov8l-seg.pt,MOTS20-11,481,8,1,100,7,0,1,1.0,0.875,0.9333333333333333,0.8219445966544751,0.900234665845922,0,7
yolov8l-seg.pt,MOTS20-11,482,8,1,120,7,1,1,0.875,0.875,0.875,0.8127992239342948,0.8944236728606237,0,8
yolov8l-seg.pt,MOTS20-11,483,8,1,116,7,0,1,1.0,0.875,0.9333333333333333,0.7968999186343463,0.8837194893712123,0,7
yolov8l-seg.pt,MOTS20-11,484,8,1,119,8,0,0,1.0,1.0,1.0,0.7760130648528809,0.8696425506796053,1,9
yolov8l-seg.pt,MOTS20-11,485,9,1,119,8,0,1,1.0,0.8888888888888888,0.9411764705882353,0.7973113936613178,0.8835761048023987,1,9
yolov8l-seg.pt,MOTS20-11,486,9,1,118,6,2,3,0.75,0.6666666666666666,0.7058823529411765,0.8532713960807659,0.920302330821654,1,9
yolov8l-seg.pt,MOTS20-11,487,10,1,126,7,0,3,1.0,0.7,0.8235294117647058,0.8210655824472257,0.8991986749477149,0,7
yolov8l-seg.pt,MOTS20-11,488,10,1,96,6,1,4,0.8571428571428571,0.6,0.7058823529411765,0.8563977643359785,0.9221222488932973,1,8
yolov8l-seg.pt,MOTS20-11,489,10,1,113,6,1,4,0.8571428571428571,0.6,0.7058823529411765,0.8491522666160495,0.9177282925651554,1,8
yolov8l-seg.pt,MOTS20-11,490,10,1,131,6,1,4,0.8571428571428571,0.6,0.7058823529411765,0.8448909483022448,0.915233599755941,0,7
yolov8l-seg.pt,MOTS20-11,491,10,1,113,6,1,4,0.8571428571428571,0.6,0.7058823529411765,0.8494577570352836,0.9181085808627253,0,7
yolov8l-seg.pt,MOTS20-11,492,10,1,120,6,1,4,0.8571428571428571,0.6,0.7058823529411765,0.853538799654349,0.9203663684290402,0,7
yolov8l-seg.pt,MOTS20-11,493,10,1,115,6,1,4,0.8571428571428571,0.6,0.7058823529411765,0.8562768734885196,0.9221981102586788,0,7
yolov8l-seg.pt,MOTS20-11,494,10,1,105,6,2,4,0.75,0.6,0.6666666666666666,0.8526205810736346,0.9200897976479894,1,9
yolov8l-seg.pt,MOTS20-11,495,10,1,106,6,1,4,0.8571428571428571,0.6,0.7058823529411765,0.8514574620093488,0.9193025997234843,1,8
yolov8l-seg.pt,MOTS20-11,496,10,1,134,6,2,4,0.75,0.6,0.6666666666666666,0.8570282902874052,0.9225612387274715,1,9
yolov8l-seg.pt,MOTS20-11,497,10,1,113,6,1,4,0.8571428571428571,0.6,0.7058823529411765,0.8536853389441191,0.9206619561346662,1,8
yolov8l-seg.pt,MOTS20-11,498,10,1,108,6,0,4,1.0,0.6,0.75,0.8532435346056161,0.9204191944727707,1,7
yolov8l-seg.pt,MOTS20-11,499,10,1,101,6,0,4,1.0,0.6,0.75,0.8485997860411545,0.9176633290014027,0,6
yolov8l-seg.pt,MOTS20-11,500,10,1,117,6,0,4,1.0,0.6,0.75,0.8458726506070815,0.9159931415458097,0,6
yolov8l-seg.pt,MOTS20-11,501,10,1,93,6,0,4,1.0,0.6,0.75,0.8514298005996244,0.9194330767778144,0,6
yolov8l-seg.pt,MOTS20-11,502,10,1,98,6,0,4,1.0,0.6,0.75,0.8589438632465675,0.923749591412597,1,7
yolov8l-seg.pt,MOTS20-11,503,10,1,95,6,0,4,1.0,0.6,0.75,0.8648796339653883,0.927076590732014,1,7
yolov8l-seg.pt,MOTS20-11,504,10,1,89,6,1,4,0.8571428571428571,0.6,0.7058823529411765,0.8707956042698005,0.9304182090240674,1,8
yolov8l-seg.pt,MOTS20-11,505,10,1,92,7,0,3,1.0,0.7,0.8235294117647058,0.8200939448802649,0.8959124211716804,2,9
yolov8l-seg.pt,MOTS20-11,506,10,1,79,7,1,3,0.875,0.7,0.7777777777777778,0.817574255598657,0.8949410557088104,1,9
yolov8l-seg.pt,MOTS20-11,507,10,1,69,7,2,3,0.7777777777777778,0.7,0.7368421052631579,0.8330002573251313,0.9051986806826863,2,11
yolov8l-seg.pt,MOTS20-11,508,10,1,81,8,1,2,0.8888888888888888,0.8,0.8421052631578947,0.7971318930692874,0.878858483159784,2,11
yolov8l-seg.pt,MOTS20-11,509,10,1,90,8,2,2,0.8,0.8,0.8,0.8001255315594171,0.8820536315652439,2,12
yolov8l-seg.pt,MOTS20-11,510,10,1,87,8,2,2,0.8,0.8,0.8,0.818020247171815,0.8963708317820949,1,11
yolov8l-seg.pt,MOTS20-11,511,8,1,79,8,1,0,0.8888888888888888,1.0,0.9411764705882353,0.8009063714641393,0.8844049326889629,1,10
yolov8l-seg.pt,MOTS20-11,512,8,1,82,8,0,0,1.0,1.0,1.0,0.8142355923580342,0.8938777323490902,1,9
yolov8l-seg.pt,MOTS20-11,513,8,1,85,8,0,0,1.0,1.0,1.0,0.813886704526433,0.8928503692384198,1,9
yolov8l-seg.pt,MOTS20-11,514,8,1,90,8,0,0,1.0,1.0,1.0,0.8105998107654124,0.8911514667081247,1,9
yolov8l-seg.pt,MOTS20-11,515,8,1,79,8,0,0,1.0,1.0,1.0,0.8027330107813082,0.8850064364083583,1,9
yolov8l-seg.pt,MOTS20-11,516,8,1,73,7,1,1,0.875,0.875,0.875,0.8362209704643497,0.9093276052171243,1,9
yolov8l-seg.pt,MOTS20-11,517,8,1,92,7,1,1,0.875,0.875,0.875,0.8490661299195678,0.9174830036973675,1,9
yolov8l-seg.pt,MOTS20-11,518,8,1,84,7,0,1,1.0,0.875,0.9333333333333333,0.8536661268352298,0.9203572321481203,1,8
yolov8l-seg.pt,MOTS20-11,519,8,1,118,7,1,1,0.875,0.875,0.875,0.8415510350799821,0.9126931649558114,1,9
yolov8l-seg.pt,MOTS20-11,520,8,1,92,7,0,1,1.0,0.875,0.9333333333333333,0.8440679878762319,0.9140906668440488,1,8
yolov8l-seg.pt,MOTS20-11,521,8,1,104,7,1,1,0.875,0.875,0.875,0.8422770371191505,0.9130352799082203,1,9
yolov8l-seg.pt,MOTS20-11,522,8,1,95,7,0,1,1.0,0.875,0.9333333333333333,0.8380272640576388,0.9102034110141447,1,8
yolov8l-seg.pt,MOTS20-11,523,8,1,93,7,0,1,1.0,0.875,0.9333333333333333,0.8365241534853468,0.9093106167026118,1,8
yolov8l-seg.pt,MOTS20-11,524,8,1,93,7,0,1,1.0,0.875,0.9333333333333333,0.8547444711519432,0.920550088630389,1,8
yolov8l-seg.pt,MOTS20-11,525,8,1,91,7,0,1,1.0,0.875,0.9333333333333333,0.8603517059086795,0.9239440008677636,1,8
yolov8l-seg.pt,MOTS20-11,526,8,1,80,7,0,1,1.0,0.875,0.9333333333333333,0.8580949828892198,0.9226820280539206,0,7
yolov8l-seg.pt,MOTS20-11,527,7,1,86,7,0,0,1.0,1.0,1.0,0.8630174906147167,0.9256836177329008,1,8
yolov8l-seg.pt,MOTS20-11,528,8,1,85,7,0,1,1.0,0.875,0.9333333333333333,0.8612687827440094,0.9246418767735953,1,8
yolov8l-seg.pt,MOTS20-11,529,9,1,94,7,0,2,1.0,0.7777777777777778,0.875,0.853252892721172,0.9199174672960764,2,9
yolov8l-seg.pt,MOTS20-11,530,10,1,80,7,1,3,0.875,0.7,0.7777777777777778,0.8563237377866653,0.9219497184359371,1,9
yolov8l-seg.pt,MOTS20-11,531,9,1,91,8,0,1,1.0,0.8888888888888888,0.9411764705882353,0.8428102026574787,0.9133229991003347,1,9
yolov8l-seg.pt,MOTS20-11,532,10,1,64,7,0,3,1.0,0.7,0.8235294117647058,0.8690413836687277,0.9294799200441816,1,8
yolov8l-seg.pt,MOTS20-11,533,10,1,86,7,0,3,1.0,0.7,0.8235294117647058,0.8695599264110431,0.929779615434729,0,7
yolov8l-seg.pt,MOTS20-11,534,10,1,56,7,1,3,0.875,0.7,0.7777777777777778,0.8598533515824199,0.9238079128084935,0,8
yolov8l-seg.pt,MOTS20-11,535,10,1,86,7,1,3,0.875,0.7,0.7777777777777778,0.860956278391157,0.9245846593815816,0,8
yolov8l-seg.pt,MOTS20-11,536,10,1,77,7,0,3,1.0,0.7,0.8235294117647058,0.848875665531887,0.9165582032292534,0,7
yolov8l-seg.pt,MOTS20-11,537,10,1,85,7,0,3,1.0,0.7,0.8235294117647058,0.8498059753562947,0.9173704076364102,0,7
yolov8l-seg.pt,MOTS20-11,538,10,1,94,7,1,3,0.875,0.7,0.7777777777777778,0.839752433761995,0.9104733377718838,0,8
yolov8l-seg.pt,MOTS20-11,539,10,1,82,7,1,3,0.875,0.7,0.7777777777777778,0.8221903513651591,0.8989055148322469,0,8
yolov8l-seg.pt,MOTS20-11,540,10,1,71,9,0,1,1.0,0.9,0.9473684210526315,0.7802864227971106,0.8693165964806606,0,9
yolov8l-seg.pt,MOTS20-11,541,9,1,85,9,0,0,1.0,1.0,1.0,0.786249483927688,0.8722354796433849,0,9
yolov8l-seg.pt,MOTS20-11,542,9,1,88,8,1,1,0.8888888888888888,0.8888888888888888,0.8888888888888888,0.8208425518220996,0.8961076189971215,0,9
yolov8l-seg.pt,MOTS20-11,543,9,1,95,9,0,0,1.0,1.0,1.0,0.7817583199716602,0.8699784089951984,0,9
yolov8l-seg.pt,MOTS20-11,544,9,1,86,9,0,0,1.0,1.0,1.0,0.7779459063170964,0.8681828001476636,0,9
yolov8l-seg.pt,MOTS20-11,545,9,1,77,9,0,0,1.0,1.0,1.0,0.7790194746729683,0.8690099801628567,0,9
yolov8l-seg.pt,MOTS20-11,546,10,1,92,9,0,1,1.0,0.9,0.9473684210526315,0.7829101481881803,0.8720437767950512,0,9
yolov8l-seg.pt,MOTS20-11,547,10,1,83,9,0,1,1.0,0.9,0.9473684210526315,0.785956978137593,0.8715648594918235,0,9
yolov8l-seg.pt,MOTS20-11,548,10,1,77,8,1,2,0.8888888888888888,0.8,0.8421052631578947,0.8177065145809709,0.8942301277206369,0,9
yolov8l-seg.pt,MOTS20-11,549,10,1,80,8,1,2,0.8888888888888888,0.8,0.8421052631578947,0.8178651901742933,0.8942030235401077,1,10
yolov8l-seg.pt,MOTS20-11,550,10,1,63,9,0,1,1.0,0.9,0.9473684210526315,0.7954874564690609,0.8797276435099826,0,9
yolov8l-seg.pt,MOTS20-11,551,10,1,60,8,1,2,0.8888888888888888,0.8,0.8421052631578947,0.8342465716937248,0.9081909868493665,0,9
yolov8l-seg.pt,MOTS20-11,552,9,1,51,8,1,1,0.8888888888888888,0.8888888888888888,0.8888888888888888,0.8361502294078379,0.9093083727318348,0,9
yolov8l-seg.pt,MOTS20-11,553,8,1,53,7,1,1,0.875,0.875,0.875,0.8539812672213439,0.92011772056509,1,9
yolov8l-seg.pt,MOTS20-11,554,8,1,83,8,0,0,1.0,1.0,1.0,0.8118234143734766,0.8907790144701375,1,9
yolov8l-seg.pt,MOTS20-11,555,8,1,57,8,0,0,1.0,1.0,1.0,0.8137144775225137,0.8924105681352344,2,10
yolov8l-seg.pt,MOTS20-11,556,9,1,66,9,1,0,0.9,1.0,0.9473684210526315,0.8192542038879205,0.8963858550858199,1,11
yolov8l-seg.pt,MOTS20-11,557,8,1,98,7,0,1,1.0,0.875,0.9333333333333333,0.7888961329827483,0.8750482078256666,1,8
yolov8l-seg.pt,MOTS20-11,558,8,1,63,7,0,1,1.0,0.875,0.9333333333333333,0.8073049598072003,0.8879666043386657,0,7
yolov8l-seg.pt,MOTS20-11,559,8,1,48,7,0,1,1.0,0.875,0.9333333333333333,0.8256518593623757,0.9010890618362488,0,7
yolov8l-seg.pt,MOTS20-11,560,8,1,48,7,0,1,1.0,0.875,0.9333333333333333,0.8200348851639369,0.8980322407019047,0,7
yolov8l-seg.pt,MOTS20-11,561,8,1,40,7,1,1,0.875,0.875,0.875,0.8115142981896964,0.8910927699684933,0,8
yolov8l-seg.pt,MOTS20-11,562,8,1,51,8,0,0,1.0,1.0,1.0,0.7916774385797097,0.8783924537732042,0,8
yolov8l-seg.pt,MOTS20-11,563,8,1,43,8,0,0,1.0,1.0,1.0,0.8213137297430588,0.8985452062563728,0,8
yolov8l-seg.pt,MOTS20-11,564,8,1,46,8,0,0,1.0,1.0,1.0,0.8420608156397739,0.9125975370312193,0,8
yolov8l-seg.pt,MOTS20-11,565,8,1,43,8,0,0,1.0,1.0,1.0,0.8488835002206061,0.9171494425435537,0,8
yolov8l-seg.pt,MOTS20-11,566,8,1,44,8,0,0,1.0,1.0,1.0,0.8446997524216341,0.9147803164241537,0,8
yolov8l-seg.pt,MOTS20-11,567,8,1,49,8,0,0,1.0,1.0,1.0,0.8440044880223783,0.9142040006968467,0,8
yolov8l-seg.pt,MOTS20-11,568,8,1,53,8,0,0,1.0,1.0,1.0,0.8304964024457377,0.9060949226923218,0,8
yolov8l-seg.pt,MOTS20-11,569,9,1,39,8,0,1,1.0,0.8888888888888888,0.9411764705882353,0.8243593325136047,0.9013015915603539,0,8
yolov8l-seg.pt,MOTS20-11,570,8,1,42,8,0,0,1.0,1.0,1.0,0.8284586460262832,0.9045908593091201,0,8
yolov8l-seg.pt,MOTS20-11,571,9,1,45,7,0,2,1.0,0.7777777777777778,0.875,0.7983941687823981,0.8842616560079186,0,7
yolov8l-seg.pt,MOTS20-11,572,8,1,69,7,0,1,1.0,0.875,0.9333333333333333,0.8129015337052719,0.894791075671618,0,7
yolov8l-seg.pt,MOTS20-11,573,8,1,70,7,0,1,1.0,0.875,0.9333333333333333,0.7993296400705939,0.8842959364708894,1,8
yolov8l-seg.pt,MOTS20-11,574,8,1,60,7,0,1,1.0,0.875,0.9333333333333333,0.816664890398925,0.8973919422821854,0,7
yolov8l-seg.pt,MOTS20-11,575,8,1,59,7,1,1,0.875,0.875,0.875,0.8211019187880942,0.900037166795002,0,8
yolov8l-seg.pt,MOTS20-11,576,8,1,75,8,2,0,0.8,1.0,0.8888888888888888,0.7911484199667895,0.8777045556684343,0,10
yolov8l-seg.pt,MOTS20-11,577,8,1,97,7,1,1,0.875,0.875,0.875,0.8165016588947228,0.8975301844148756,0,8
yolov8l-seg.pt,MOTS20-11,578,8,1,76,7,2,1,0.7777777777777778,0.875,0.8235294117647058,0.7838145702071102,0.8726955267895725,0,9
yolov8l-seg.pt,MOTS20-11,579,8,1,57,8,0,0,1.0,1.0,1.0,0.7799888536447324,0.8707600282762014,1,9
yolov8l-seg.pt,MOTS20-11,580,8,1,63,7,1,1,0.875,0.875,0.875,0.813562819414086,0.8956855400331959,1,9
yolov8l-seg.pt,MOTS20-11,581,8,1,70,8,1,0,0.8888888888888888,1.0,0.9411764705882353,0.8108149571770376,0.8926163765356545,0,9
yolov8l-seg.pt,MOTS20-11,582,8,1,58,8,0,0,1.0,1.0,1.0,0.8215315223705855,0.9011109691929222,0,8
yolov8l-seg.pt,MOTS20-11,583,8,1,64,8,0,0,1.0,1.0,1.0,0.8148312975341505,0.8967572350424551,1,9
yolov8l-seg.pt,MOTS20-11,584,8,1,56,8,0,0,1.0,1.0,1.0,0.7992266790201348,0.8862375955479926,0,8
yolov8l-seg.pt,MOTS20-11,585,8,1,67,8,0,0,1.0,1.0,1.0,0.8177084249027664,0.8967610491544284,0,8
yolov8l-seg.pt,MOTS20-11,586,8,1,64,8,0,0,1.0,1.0,1.0,0.8124699224815556,0.8917509782151509,1,9
yolov8l-seg.pt,MOTS20-11,587,8,1,68,8,0,0,1.0,1.0,1.0,0.805945215815993,0.8882681996492907,0,8
yolov8l-seg.pt,MOTS20-11,588,8,1,55,8,0,0,1.0,1.0,1.0,0.7972252271495257,0.8813980193422677,1,9
yolov8l-seg.pt,MOTS20-11,589,9,1,69,8,1,1,0.8888888888888888,0.8888888888888888,0.8888888888888888,0.822510023056788,0.8999454830853775,0,9
yolov8l-seg.pt,MOTS20-11,590,9,1,70,8,1,1,0.8888888888888888,0.8888888888888888,0.8888888888888888,0.8061514231343498,0.8900875419492276,0,9
yolov8l-seg.pt,MOTS20-11,591,9,1,73,8,1,1,0.8888888888888888,0.8888888888888888,0.8888888888888888,0.8037908546613811,0.8887625812086034,1,10
yolov8l-seg.pt,MOTS20-11,592,9,1,82,8,1,1,0.8888888888888888,0.8888888888888888,0.8888888888888888,0.7967236240280748,0.8842062211486157,1,10
yolov8l-seg.pt,MOTS20-11,593,10,1,88,8,0,2,1.0,0.8,0.8888888888888888,0.7683971432484211,0.8649809112238777,1,9
yolov8l-seg.pt,MOTS20-11,594,10,1,101,7,1,3,0.875,0.7,0.7777777777777778,0.8162818540289963,0.8964473491708053,1,9
yolov8l-seg.pt,MOTS20-11,595,10,1,83,6,0,4,1.0,0.6,0.75,0.8017597828071628,0.8874925061308416,1,7
yolov8l-seg.pt,MOTS20-11,596,10,1,80,7,0,3,1.0,0.7,0.8235294117647058,0.7648797300520156,0.8632362665382919,1,8
yolov8l-seg.pt,MOTS20-11,597,9,1,78,7,0,2,1.0,0.7777777777777778,0.875,0.7716762168647773,0.8673963217922619,0,7
yolov8l-seg.pt,MOTS20-11,598,10,1,84,7,0,3,1.0,0.7,0.8235294117647058,0.7660825343117649,0.8636631530088079,0,7
yolov8l-seg.pt,MOTS20-11,599,11,1,96,8,1,3,0.8888888888888888,0.7272727272727273,0.8,0.7678254019025557,0.8637627077139205,1,10
yolov8l-seg.pt,MOTS20-11,600,11,1,93,8,1,3,0.8888888888888888,0.7272727272727273,0.8,0.7751292566110048,0.8687561037096388,0,9
yolov8l-seg.pt,MOTS20-11,601,11,1,83,8,0,3,1.0,0.7272727272727273,0.8421052631578947,0.7863336210314222,0.8749405616646136,0,8
yolov8l-seg.pt,MOTS20-11,602,11,1,80,8,1,3,0.8888888888888888,0.7272727272727273,0.8,0.785685547679823,0.8741484264490003,0,9
yolov8l-seg.pt,MOTS20-11,603,11,1,58,8,0,3,1.0,0.7272727272727273,0.8421052631578947,0.7909739336944343,0.8773548433614702,0,8
yolov8l-seg.pt,MOTS20-11,604,10,1,52,8,0,2,1.0,0.8,0.8888888888888888,0.792315615485733,0.8792251013470389,0,8
yolov8l-seg.pt,MOTS20-11,605,10,1,98,8,0,2,1.0,0.8,0.8888888888888888,0.80194036065187,0.884957809742368,0,8
yolov8l-seg.pt,MOTS20-11,606,10,1,95,8,0,2,1.0,0.8,0.8888888888888888,0.7834095886525672,0.8718936018687393,0,8
yolov8l-seg.pt,MOTS20-11,607,10,1,78,8,0,2,1.0,0.8,0.8888888888888888,0.8119092244487176,0.8921854305652344,0,8
yolov8l-seg.pt,MOTS20-11,608,10,1,72,8,0,2,1.0,0.8,0.8888888888888888,0.8073218217544157,0.8902531276348815,0,8
yolov8l-seg.pt,MOTS20-11,609,10,1,83,8,0,2,1.0,0.8,0.8888888888888888,0.8005880285712174,0.8859157872639918,0,8
yolov8l-seg.pt,MOTS20-11,610,9,1,69,9,0,0,1.0,1.0,1.0,0.776619210245439,0.8703188998626863,0,9
yolov8l-seg.pt,MOTS20-11,611,11,1,73,9,1,2,0.9,0.8181818181818182,0.8571428571428571,0.7901050097151555,0.8782936265811397,0,10
yolov8l-seg.pt,MOTS20-11,612,10,1,68,9,1,1,0.9,0.9,0.9,0.807883813500538,0.8909467201679507,0,10
yolov8l-seg.pt,MOTS20-11,613,10,1,64,9,0,1,1.0,0.9,0.9473684210526315,0.7930929507879028,0.881401743470448,0,9
yolov8l-seg.pt,MOTS20-11,614,10,1,67,9,0,1,1.0,0.9,0.9473684210526315,0.7999713488306569,0.886263925826252,0,9
yolov8l-seg.pt,MOTS20-11,615,10,1,63,9,0,1,1.0,0.9,0.9473684210526315,0.786091466404799,0.8772655667512036,0,9
yolov8l-seg.pt,MOTS20-11,616,10,1,63,9,0,1,1.0,0.9,0.9473684210526315,0.7675867902559336,0.864928524837529,0,9
yolov8l-seg.pt,MOTS20-11,617,10,1,67,9,0,1,1.0,0.9,0.9473684210526315,0.8085002810400028,0.8921850581792437,0,9
yolov8l-seg.pt,MOTS20-11,618,10,1,73,10,0,0,1.0,1.0,1.0,0.7915931696718715,0.8813443252061333,0,10
yolov8l-seg.pt,MOTS20-11,619,10,1,68,10,0,0,1.0,1.0,1.0,0.786695194769661,0.878411201291641,0,10
yolov8l-seg.pt,MOTS20-11,620,10,1,67,10,2,0,0.8333333333333334,1.0,0.9090909090909091,0.8045856048060804,0.8898606953255068,0,12
yolov8l-seg.pt,MOTS20-11,621,10,1,78,10,1,0,0.9090909090909091,1.0,0.9523809523809523,0.7985335685079097,0.8852551025864146,0,11
yolov8l-seg.pt,MOTS20-11,622,10,1,89,10,2,0,0.8333333333333334,1.0,0.9090909090909091,0.8059270763549723,0.8904185370401931,2,14
yolov8l-seg.pt,MOTS20-11,623,10,1,85,10,1,0,0.9090909090909091,1.0,0.9523809523809523,0.7961462625200815,0.8830684230199386,1,12
yolov8l-seg.pt,MOTS20-11,624,10,1,82,10,1,0,0.9090909090909091,1.0,0.9523809523809523,0.7813300074312742,0.8724637248860198,2,13
yolov8l-seg.pt,MOTS20-11,625,10,1,80,10,1,0,0.9090909090909091,1.0,0.9523809523809523,0.7838644688178057,0.8750578150814926,1,12
yolov8l-seg.pt,MOTS20-11,626,10,1,84,9,1,1,0.9,0.9,0.9,0.7973305994090322,0.8820469009603362,2,12
yolov8l-seg.pt,MOTS20-11,627,11,1,71,9,0,2,1.0,0.8181818181818182,0.9,0.8011203729120594,0.8847225121172503,2,11
yolov8l-seg.pt,MOTS20-11,628,11,1,76,9,0,2,1.0,0.8181818181818182,0.9,0.7886024121444756,0.8762685454014705,0,9
yolov8l-seg.pt,MOTS20-11,629,11,1,70,9,1,2,0.9,0.8181818181818182,0.8571428571428571,0.7836301188119025,0.8728049011731297,0,10
yolov8l-seg.pt,MOTS20-11,630,11,1,71,9,0,2,1.0,0.8181818181818182,0.9,0.7903182104800303,0.8762223558171078,1,10
yolov8l-seg.pt,MOTS20-11,631,11,1,82,7,2,4,0.7777777777777778,0.6363636363636364,0.7,0.8652722492206141,0.927447957861581,1,10
yolov8l-seg.pt,MOTS20-11,632,10,1,76,8,1,2,0.8888888888888888,0.8,0.8421052631578947,0.8201029988713164,0.8953368489684684,1,10
yolov8l-seg.pt,MOTS20-11,633,10,1,84,8,1,2,0.8888888888888888,0.8,0.8421052631578947,0.8267212136122917,0.9007728885310471,0,9
yolov8l-seg.pt,MOTS20-11,634,10,1,75,8,1,2,0.8888888888888888,0.8,0.8421052631578947,0.8278297168373244,0.9009983638284427,0,9
yolov8l-seg.pt,MOTS20-11,635,10,1,54,8,1,2,0.8888888888888888,0.8,0.8421052631578947,0.8211070123194915,0.8974872806342661,0,9
yolov8l-seg.pt,MOTS20-11,636,10,1,60,7,1,3,0.875,0.7,0.7777777777777778,0.8599740673602179,0.9242946989615942,0,8
yolov8l-seg.pt,MOTS20-11,637,10,1,58,8,1,2,0.8888888888888888,0.8,0.8421052631578947,0.8228996005747138,0.8989523245124735,0,9
yolov8l-seg.pt,MOTS20-11,638,10,1,59,8,1,2,0.8888888888888888,0.8,0.8421052631578947,0.8320123930963769,0.9049204362066079,0,9
yolov8l-seg.pt,MOTS20-11,639,10,1,67,9,0,1,1.0,0.9,0.9473684210526315,0.8216677936695225,0.8983993479546822,0,9
yolov8l-seg.pt,MOTS20-11,640,10,1,71,9,0,1,1.0,0.9,0.9473684210526315,0.8283552911514259,0.9036339378221161,1,10
yolov8l-seg.pt,MOTS20-11,641,10,1,59,9,0,1,1.0,0.9,0.9473684210526315,0.8364151537865552,0.9090965604637832,0,9
yolov8l-seg.pt,MOTS20-11,642,10,1,54,9,0,1,1.0,0.9,0.9473684210526315,0.8477221718382923,0.9159247311393126,0,9
yolov8l-seg.pt,MOTS20-11,643,10,1,63,9,0,1,1.0,0.9,0.9473684210526315,0.8485970635922908,0.9168015965432166,0,9
yolov8l-seg.pt,MOTS20-11,644,10,1,66,9,1,1,0.9,0.9,0.9,0.8510202972443928,0.9180292551118084,0,10
yolov8l-seg.pt,MOTS20-11,645,10,1,66,9,0,1,1.0,0.9,0.9473684210526315,0.8499370246222534,0.9175020254146964,0,9
yolov8l-seg.pt,MOTS20-11,646,10,1,57,9,1,1,0.9,0.9,0.9,0.8407291620882521,0.9118108492741475,0,10
yolov8l-seg.pt,MOTS20-11,647,10,1,65,9,0,1,1.0,0.9,0.9473684210526315,0.8428695220750574,0.9133189435490495,0,9
yolov8l-seg.pt,MOTS20-11,648,10,1,66,9,0,1,1.0,0.9,0.9473684210526315,0.8434199047996992,0.9139268664816989,0,9
yolov8l-seg.pt,MOTS20-11,649,10,1,68,9,0,1,1.0,0.9,0.9473684210526315,0.8400357278503784,0.9115722863281728,0,9
yolov8l-seg.pt,MOTS20-11,650,10,1,74,9,0,1,1.0,0.9,0.9473684210526315,0.8475137334093197,0.9161337001182077,0,9
yolov8l-seg.pt,MOTS20-11,651,10,1,65,9,0,1,1.0,0.9,0.9473684210526315,0.8370734645808775,0.9095938634841134,0,9
yolov8l-seg.pt,MOTS20-11,652,10,1,67,9,0,1,1.0,0.9,0.9473684210526315,0.8245602298045169,0.901193045870525,0,9
yolov8l-seg.pt,MOTS20-11,653,10,1,67,9,0,1,1.0,0.9,0.9473684210526315,0.8214139231207365,0.8996063502119345,0,9
yolov8l-seg.pt,MOTS20-11,654,10,1,71,9,0,1,1.0,0.9,0.9473684210526315,0.8299608203099303,0.9056232619657081,0,9
yolov8l-seg.pt,MOTS20-11,655,10,1,53,9,0,1,1.0,0.9,0.9473684210526315,0.8340432642198553,0.90846207321541,0,9
yolov8l-seg.pt,MOTS20-11,656,10,1,58,9,0,1,1.0,0.9,0.9473684210526315,0.8417682719339123,0.9132752733809103,0,9
yolov8l-seg.pt,MOTS20-11,657,10,1,57,9,0,1,1.0,0.9,0.9473684210526315,0.8434199383587649,0.9142700784310723,1,10
yolov8l-seg.pt,MOTS20-11,658,10,1,55,9,0,1,1.0,0.9,0.9473684210526315,0.8361939080701674,0.9094673799781289,0,9
yolov8l-seg.pt,MOTS20-11,659,10,1,58,9,0,1,1.0,0.9,0.9473684210526315,0.8267864002098224,0.9034163545297371,1,10
yolov8l-seg.pt,MOTS20-11,660,10,1,67,9,0,1,1.0,0.9,0.9473684210526315,0.819968413864154,0.8986629395554093,1,10
yolov8l-seg.pt,MOTS20-11,661,10,1,65,9,0,1,1.0,0.9,0.9473684210526315,0.8261966961393765,0.902305075024898,1,10
yolov8l-seg.pt,MOTS20-11,662,10,1,76,9,0,1,1.0,0.9,0.9473684210526315,0.8279367994782365,0.9027428850729495,1,10
yolov8l-seg.pt,MOTS20-11,663,10,1,79,9,1,1,0.9,0.9,0.9,0.8342094026022537,0.9072101336786312,1,11
yolov8l-seg.pt,MOTS20-11,664,10,1,73,8,1,2,0.8888888888888888,0.8,0.8421052631578947,0.862126175054643,0.9254521426216957,2,11
yolov8l-seg.pt,MOTS20-11,665,10,1,79,9,0,1,1.0,0.9,0.9473684210526315,0.8280276408079228,0.9015712629742355,1,10
yolov8l-seg.pt,MOTS20-11,666,10,1,70,8,1,2,0.8888888888888888,0.8,0.8421052631578947,0.8640065435254636,0.926274467192201,2,11
yolov8l-seg.pt,MOTS20-11,667,10,1,73,8,1,2,0.8888888888888888,0.8,0.8421052631578947,0.8653456339982252,0.9271887793143629,2,11
yolov8l-seg.pt,MOTS20-11,668,9,1,68,8,2,1,0.8,0.8888888888888888,0.8421052631578947,0.8715746138535689,0.9307599851148387,2,12
yolov8l-seg.pt,MOTS20-11,669,9,1,58,8,1,1,0.8888888888888888,0.8888888888888888,0.8888888888888888,0.8692890025055174,0.9294634033106955,2,11
yolov8l-seg.pt,MOTS20-11,670,9,1,54,8,2,1,0.8,0.8888888888888888,0.8421052631578947,0.8645856136551642,0.926618687062863,0,10
yolov8l-seg.pt,MOTS20-11,671,9,1,66,8,1,1,0.8888888888888888,0.8888888888888888,0.8888888888888888,0.8667265787661708,0.9278878865319258,0,9
yolov8l-seg.pt,MOTS20-11,672,9,1,74,8,1,1,0.8888888888888888,0.8888888888888888,0.8888888888888888,0.8624884892685553,0.9251526268853494,0,9
yolov8l-seg.pt,MOTS20-11,673,9,1,77,8,1,1,0.8888888888888888,0.8888888888888888,0.8888888888888888,0.8640140206183817,0.9259865569865164,0,9
yolov8l-seg.pt,MOTS20-11,674,9,1,62,8,0,1,1.0,0.8888888888888888,0.9411764705882353,0.8627918373987677,0.9254627524740331,0,8
yolov8l-seg.pt,MOTS20-11,675,9,1,69,8,0,1,1.0,0.8888888888888888,0.9411764705882353,0.8694193177650575,0.9294682377101602,0,8
yolov8l-seg.pt,MOTS20-11,676,9,1,65,8,0,1,1.0,0.8888888888888888,0.9411764705882353,0.8624158311955986,0.9254662173147759,0,8
yolov8l-seg.pt,MOTS20-11,677,9,1,50,8,0,1,1.0,0.8888888888888888,0.9411764705882353,0.856321098858295,0.9221131598230993,0,8
yolov8l-seg.pt,MOTS20-11,678,10,1,38,8,0,2,1.0,0.8,0.8888888888888888,0.8498198134932498,0.9182939149565182,0,8
yolov8l-seg.pt,MOTS20-11,679,9,1,47,8,0,1,1.0,0.8888888888888888,0.9411764705882353,0.8584922860006493,0.9233642437470848,0,8
yolov8l-seg.pt,MOTS20-11,680,10,1,52,8,0,2,1.0,0.8,0.8888888888888888,0.8487867814962484,0.9175748933503003,0,8
yolov8l-seg.pt,MOTS20-11,681,10,1,56,8,1,2,0.8888888888888888,0.8,0.8421052631578947,0.8398299569943356,0.9123032277622324,0,9
yolov8l-seg.pt,MOTS20-11,682,9,1,49,7,1,2,0.875,0.7777777777777778,0.8235294117647058,0.8515512909590072,0.9190192501497604,1,9
yolov8l-seg.pt,MOTS20-11,683,9,1,52,7,1,2,0.875,0.7777777777777778,0.8235294117647058,0.8565625636964113,0.9219639252888436,1,9
yolov8l-seg.pt,MOTS20-11,684,9,1,69,7,1,2,0.875,0.7777777777777778,0.8235294117647058,0.8592915368040287,0.9236575538278557,1,9
yolov8l-seg.pt,MOTS20-11,685,10,1,63,8,1,2,0.8888888888888888,0.8,0.8421052631578947,0.8604242736138956,0.9242376534243161,0,9
yolov8l-seg.pt,MOTS20-11,686,10,1,83,8,2,2,0.8,0.8,0.8,0.8583507605986083,0.9232275667015486,0,10
yolov8l-seg.pt,MOTS20-11,687,9,1,83,7,2,2,0.7777777777777778,0.7777777777777778,0.7777777777777778,0.8408905809235113,0.9118172998345876,1,10
yolov8l-seg.pt,MOTS20-11,688,9,1,103,6,3,3,0.6666666666666666,0.6666666666666666,0.6666666666666666,0.8627069552971626,0.9251543378588569,1,10
yolov8l-seg.pt,MOTS20-11,689,9,1,100,7,1,2,0.875,0.7777777777777778,0.8235294117647058,0.8069415087493628,0.8866686196856602,1,9
yolov8l-seg.pt,MOTS20-11,690,10,1,89,8,1,2,0.8888888888888888,0.8,0.8421052631578947,0.8076012832589874,0.8893198740439376,0,9
yolov8l-seg.pt,MOTS20-11,691,10,1,96,8,1,2,0.8888888888888888,0.8,0.8421052631578947,0.8118175559969588,0.893222134720302,0,9
yolov8l-seg.pt,MOTS20-11,692,9,1,99,9,1,0,0.9,1.0,0.9473684210526315,0.7808576486674254,0.8711795219177398,0,10
yolov8l-seg.pt,MOTS20-11,693,9,1,106,8,1,1,0.8888888888888888,0.8888888888888888,0.8888888888888888,0.8206057269754661,0.8990176296771655,0,9
yolov8l-seg.pt,MOTS20-11,694,9,1,96,8,2,1,0.8,0.8888888888888888,0.8421052631578947,0.8224904029855619,0.8993873936234336,0,10
yolov8l-seg.pt,MOTS20-11,695,9,1,92,8,4,1,0.6666666666666666,0.8888888888888888,0.7619047619047619,0.8180684186116833,0.8952088708051014,1,13
yolov8l-seg.pt,MOTS20-11,696,9,1,99,8,4,1,0.6666666666666666,0.8888888888888888,0.7619047619047619,0.8163898038933408,0.8950098719847532,0,12
yolov8l-seg.pt,MOTS20-11,697,9,1,84,7,3,2,0.7,0.7777777777777778,0.7368421052631579,0.8541762427923644,0.9200329799169575,0,10
yolov8l-seg.pt,MOTS20-11,698,9,1,91,8,3,1,0.7272727272727273,0.8888888888888888,0.8,0.8045536172310466,0.8874318496194793,0,11
yolov8l-seg.pt,MOTS20-11,699,9,1,103,8,1,1,0.8888888888888888,0.8888888888888888,0.8888888888888888,0.7967841159925342,0.8821911010240582,0,9
yolov8l-seg.pt,MOTS20-11,700,9,1,105,8,1,1,0.8888888888888888,0.8888888888888888,0.8888888888888888,0.8190486604325459,0.8979421072965409,0,9
yolov8l-seg.pt,MOTS20-11,701,9,1,65,7,1,2,0.875,0.7777777777777778,0.8235294117647058,0.8482209987692075,0.9165090725840868,0,8
yolov8l-seg.pt,MOTS20-11,702,8,1,54,7,1,1,0.875,0.875,0.875,0.8600703654320584,0.9236375696781313,0,8
yolov8l-seg.pt,MOTS20-11,703,8,1,49,7,1,1,0.875,0.875,0.875,0.8671989475696273,0.927688813444058,0,8
yolov8l-seg.pt,MOTS20-11,704,8,1,45,7,1,1,0.875,0.875,0.875,0.8737658289788734,0.9313636406828473,0,8
yolov8l-seg.pt,MOTS20-11,705,8,1,53,7,1,1,0.875,0.875,0.875,0.873553275511518,0.9312947576391944,0,8
yolov8l-seg.pt,MOTS20-11,706,9,1,58,7,0,2,1.0,0.7777777777777778,0.875,0.8718094625903557,0.9303204216661827,0,7
yolov8l-seg.pt,MOTS20-11,707,8,1,60,7,0,1,1.0,0.875,0.9333333333333333,0.8640900637470352,0.9252656169134416,0,7
yolov8l-seg.pt,MOTS20-11,708,8,1,43,7,0,1,1.0,0.875,0.9333333333333333,0.8600687603972939,0.9230086664525027,0,7
yolov8l-seg.pt,MOTS20-11,709,8,1,43,7,0,1,1.0,0.875,0.9333333333333333,0.8563970062720229,0.9207721807070043,0,7
yolov8l-seg.pt,MOTS20-11,710,9,1,67,7,0,2,1.0,0.7777777777777778,0.875,0.8394740078176143,0.9094979788595274,0,7
yolov8l-seg.pt,MOTS20-11,711,9,1,83,6,0,3,1.0,0.6666666666666666,0.8,0.8744298828705829,0.9319307127970381,0,6
yolov8l-seg.pt,MOTS20-11,712,9,1,50,7,0,2,1.0,0.7777777777777778,0.875,0.8505403645579598,0.9180269639654117,1,8
yolov8l-seg.pt,MOTS20-11,713,8,1,71,7,0,1,1.0,0.875,0.9333333333333333,0.8556044051197934,0.9208729710263432,1,8
yolov8l-seg.pt,MOTS20-11,714,7,1,91,7,0,0,1.0,1.0,1.0,0.8416912643406211,0.9116434019469768,2,9
yolov8l-seg.pt,MOTS20-11,715,7,1,72,7,0,0,1.0,1.0,1.0,0.8539676694155672,0.9194703433403839,2,9
yolov8l-seg.pt,MOTS20-11,716,8,1,60,7,0,1,1.0,0.875,0.9333333333333333,0.843527209638623,0.9132539226048012,1,8
yolov8l-seg.pt,MOTS20-11,717,8,1,84,7,1,1,0.875,0.875,0.875,0.8059081356623723,0.887098279310365,2,10
yolov8l-seg.pt,MOTS20-11,718,8,1,65,6,1,2,0.8571428571428571,0.75,0.8,0.8219826070333053,0.8970094334224624,1,8
yolov8l-seg.pt,MOTS20-11,719,7,1,61,7,1,0,0.875,1.0,0.9333333333333333,0.8449585766025177,0.9144352438801704,1,9
yolov8l-seg.pt,MOTS20-11,720,7,1,58,7,0,0,1.0,1.0,1.0,0.8489648481867242,0.9166575457976588,1,8
yolov8l-seg.pt,MOTS20-11,721,7,1,48,7,1,0,0.875,1.0,0.9333333333333333,0.8590815161773412,0.9230776006259209,1,9
yolov8l-seg.pt,MOTS20-11,722,7,1,34,7,0,0,1.0,1.0,1.0,0.8397046949689404,0.9089229402984763,1,8
yolov8l-seg.pt,MOTS20-11,723,7,1,32,6,0,1,1.0,0.8571428571428571,0.9230769230769231,0.8795662266405634,0.9350446076067723,1,7
yolov8l-seg.pt,MOTS20-11,724,6,1,44,6,0,0,1.0,1.0,1.0,0.8697547633000119,0.9288401441956395,1,7
yolov8l-seg.pt,MOTS20-11,725,7,1,76,6,0,1,1.0,0.8571428571428571,0.9230769230769231,0.8660541385890111,0.9267512640235976,1,7
yolov8l-seg.pt,MOTS20-11,726,7,1,81,6,0,1,1.0,0.8571428571428571,0.9230769230769231,0.8323028833654295,0.9025397382799619,1,7
yolov8l-seg.pt,MOTS20-11,727,7,1,84,6,0,1,1.0,0.8571428571428571,0.9230769230769231,0.85092323111577,0.9174207448770177,1,7
yolov8l-seg.pt,MOTS20-11,728,7,1,80,6,0,1,1.0,0.8571428571428571,0.9230769230769231,0.8660311161293018,0.9271709538824462,1,7
yolov8l-seg.pt,MOTS20-11,729,7,1,67,6,0,1,1.0,0.8571428571428571,0.9230769230769231,0.8720964371833572,0.9312108737380705,1,7
yolov8l-seg.pt,MOTS20-11,730,5,1,88,5,0,0,1.0,1.0,1.0,0.8689525963659696,0.9292140230972119,0,5
yolov8l-seg.pt,MOTS20-11,731,5,1,86,5,0,0,1.0,1.0,1.0,0.8660814739142358,0.9273949837595218,0,5
yolov8l-seg.pt,MOTS20-11,732,8,1,73,5,0,3,1.0,0.625,0.7692307692307693,0.8592693869453634,0.9234830839006889,0,5
yolov8l-seg.pt,MOTS20-11,733,8,1,90,5,1,3,0.8333333333333334,0.625,0.7142857142857143,0.8521969102824049,0.918813871825448,0,6
yolov8l-seg.pt,MOTS20-11,734,7,1,92,6,1,1,0.8571428571428571,0.8571428571428571,0.8571428571428571,0.8023151027995227,0.8841404297834736,1,8
yolov8l-seg.pt,MOTS20-11,735,7,1,95,7,0,0,1.0,1.0,1.0,0.7893375988751429,0.8768300384003946,0,7
yolov8l-seg.pt,MOTS20-11,736,8,1,107,6,1,2,0.8571428571428571,0.75,0.8,0.7896680052269623,0.8763419713792477,0,7
yolov8l-seg.pt,MOTS20-11,737,8,1,96,5,1,3,0.8333333333333334,0.625,0.7142857142857143,0.8396843686712462,0.9115424006914143,0,6
yolov8l-seg.pt,MOTS20-11,738,8,1,84,7,1,1,0.875,0.875,0.875,0.7663612235258965,0.8625756385547279,0,8
yolov8l-seg.pt,MOTS20-11,739,8,1,95,6,1,2,0.8571428571428571,0.75,0.8,0.8026113361936452,0.8871889903350061,0,7
yolov8l-seg.pt,MOTS20-11,740,8,1,98,5,1,3,0.8333333333333334,0.625,0.7142857142857143,0.8660634483105006,0.9275557841766447,1,7
yolov8l-seg.pt,MOTS20-11,741,9,1,103,6,1,3,0.8571428571428571,0.6666666666666666,0.75,0.8185538540364514,0.897976403862724,1,8
yolov8l-seg.pt,MOTS20-11,742,9,1,118,6,0,3,1.0,0.6666666666666666,0.8,0.8315076656282341,0.907574727899208,2,8
yolov8l-seg.pt,MOTS20-11,743,10,1,120,7,1,3,0.875,0.7,0.7777777777777778,0.7226670804293253,0.8350982523525072,0,8
yolov8l-seg.pt,MOTS20-11,744,8,1,131,7,1,1,0.875,0.875,0.875,0.7633715693884019,0.8618031286884235,0,8
yolov8l-seg.pt,MOTS20-11,745,9,1,107,6,0,3,1.0,0.6666666666666666,0.8,0.8313359922167775,0.9062422077032596,3,9
yolov8l-seg.pt,MOTS20-11,746,10,1,128,7,0,3,1.0,0.7,0.8235294117647058,0.7952966360819381,0.8825960164334086,4,11
yolov8l-seg.pt,MOTS20-11,747,10,1,144,9,1,1,0.9,0.9,0.9,0.7440666243399061,0.8473027053090719,1,11
yolov8l-seg.pt,MOTS20-11,748,10,1,134,8,0,2,1.0,0.8,0.8888888888888888,0.7756129540318754,0.8691609915749785,1,9
yolov8l-seg.pt,MOTS20-11,749,10,1,138,8,0,2,1.0,0.8,0.8888888888888888,0.7367401131327562,0.8435873647730592,1,9
yolov8l-seg.pt,MOTS20-11,750,10,1,138,7,2,3,0.7777777777777778,0.7,0.7368421052631579,0.762756559227323,0.8622206461794304,2,11
yolov8l-seg.pt,MOTS20-11,751,9,1,150,6,2,3,0.75,0.6666666666666666,0.7058823529411765,0.801447191943094,0.8859172827614112,6,14
yolov8l-seg.pt,MOTS20-11,752,9,1,128,6,0,3,1.0,0.6666666666666666,0.8,0.7909118664126408,0.8799803094682602,3,9
yolov8l-seg.pt,MOTS20-11,753,8,1,128,5,1,3,0.8333333333333334,0.625,0.7142857142857143,0.8250332438868473,0.9035272744276771,2,8
yolov8l-seg.pt,MOTS20-11,754,9,1,112,5,0,4,1.0,0.5555555555555556,0.7142857142857143,0.8267259338801167,0.9045776839865824,2,7
yolov8l-seg.pt,MOTS20-11,755,7,1,103,5,0,2,1.0,0.7142857142857143,0.8333333333333334,0.8419877949775539,0.9138078594027436,2,7
yolov8l-seg.pt,MOTS20-11,756,7,1,107,5,0,2,1.0,0.7142857142857143,0.8333333333333334,0.8313182067870551,0.9073355029445519,2,7
yolov8l-seg.pt,MOTS20-11,757,7,1,120,6,0,1,1.0,0.8571428571428571,0.9230769230769231,0.8011010253370139,0.887667927391897,3,9
yolov8l-seg.pt,MOTS20-11,758,7,1,142,6,0,1,1.0,0.8571428571428571,0.9230769230769231,0.836671142568254,0.9102524999621026,2,8
yolov8l-seg.pt,MOTS20-11,759,8,1,125,6,0,2,1.0,0.75,0.8571428571428571,0.8442339860561526,0.9147045439936425,1,7
yolov8l-seg.pt,MOTS20-11,760,8,1,128,6,0,2,1.0,0.75,0.8571428571428571,0.8470539808469532,0.9167835210141777,2,8
yolov8l-seg.pt,MOTS20-11,761,6,1,103,6,0,0,1.0,1.0,1.0,0.8421876070945514,0.9137311191234619,3,9
yolov8l-seg.pt,MOTS20-11,762,7,1,101,6,0,1,1.0,0.8571428571428571,0.9230769230769231,0.8426148351850262,0.914018052853581,3,9
yolov8l-seg.pt,MOTS20-11,763,7,1,99,6,0,1,1.0,0.8571428571428571,0.9230769230769231,0.8206511249787124,0.9007533669544401,3,9
yolov8l-seg.pt,MOTS20-11,764,7,1,124,6,0,1,1.0,0.8571428571428571,0.9230769230769231,0.828366790322998,0.9052637628559362,3,9
yolov8l-seg.pt,MOTS20-11,765,7,1,123,7,0,0,1.0,1.0,1.0,0.8087524401208696,0.892669167115085,1,8
yolov8l-seg.pt,MOTS20-11,766,7,1,122,6,0,1,1.0,0.8571428571428571,0.9230769230769231,0.8406285713010431,0.9130244004223763,0,6
yolov8l-seg.pt,MOTS20-11,767,7,1,109,6,0,1,1.0,0.8571428571428571,0.9230769230769231,0.8326639797707456,0.9081754142451967,0,6
yolov8l-seg.pt,MOTS20-11,768,7,1,85,6,0,1,1.0,0.8571428571428571,0.9230769230769231,0.8246930911761586,0.9036112480853289,0,6
yolov8l-seg.pt,MOTS20-11,769,7,1,86,6,0,1,1.0,0.8571428571428571,0.9230769230769231,0.8152242473767659,0.8967152426326753,0,6
yolov8l-seg.pt,MOTS20-11,770,7,1,88,6,0,1,1.0,0.8571428571428571,0.9230769230769231,0.8022111318582615,0.8888319750920982,0,6
yolov8l-seg.pt,MOTS20-11,771,7,1,96,6,1,1,0.8571428571428571,0.8571428571428571,0.8571428571428571,0.7869637389012206,0.8785931438648928,0,7
yolov8l-seg.pt,MOTS20-11,772,8,1,91,7,1,1,0.875,0.875,0.875,0.8131287625929607,0.8953056569749914,0,8
yolov8l-seg.pt,MOTS20-11,773,9,1,89,7,0,2,1.0,0.7777777777777778,0.875,0.7979691144460467,0.8844355924725278,0,7
yolov8l-seg.pt,MOTS20-11,774,9,1,87,7,0,2,1.0,0.7777777777777778,0.875,0.7877318108561676,0.8783165121051147,1,8
yolov8l-seg.pt,MOTS20-11,775,9,1,91,7,0,2,1.0,0.7777777777777778,0.875,0.7918407668287498,0.8811001821271847,0,7
yolov8l-seg.pt,MOTS20-11,776,8,1,114,7,0,1,1.0,0.875,0.9333333333333333,0.7990358178709569,0.8860311714553873,0,7
yolov8l-seg.pt,MOTS20-11,777,8,1,113,7,0,1,1.0,0.875,0.9333333333333333,0.81355052658802,0.8952648395893165,0,7
yolov8l-seg.pt,MOTS20-11,778,8,1,133,7,0,1,1.0,0.875,0.9333333333333333,0.8186284758504166,0.8973944525994997,1,8
yolov8l-seg.pt,MOTS20-11,779,8,1,116,8,0,0,1.0,1.0,1.0,0.8075783977299353,0.8900629105520295,2,10
yolov8l-seg.pt,MOTS20-11,780,8,1,106,8,0,0,1.0,1.0,1.0,0.8156648281573572,0.8954721703855515,1,9
yolov8l-seg.pt,MOTS20-11,781,8,1,100,8,1,0,0.8888888888888888,1.0,0.9411764705882353,0.8215232345946766,0.8998618216666565,1,10
yolov8l-seg.pt,MOTS20-11,782,8,1,113,8,1,0,0.8888888888888888,1.0,0.9411764705882353,0.8328648487330024,0.9064773677936929,1,10
yolov8l-seg.pt,MOTS20-11,783,9,1,103,8,0,1,1.0,0.8888888888888888,0.9411764705882353,0.8322161797243752,0.9063342626055967,4,12
yolov8l-seg.pt,MOTS20-11,784,9,1,118,8,0,1,1.0,0.8888888888888888,0.9411764705882353,0.8312915248238952,0.9062303427042633,1,9
yolov8l-seg.pt,MOTS20-11,785,9,1,112,8,0,1,1.0,0.8888888888888888,0.9411764705882353,0.8549634793326284,0.9209479719254534,0,8
yolov8l-seg.pt,MOTS20-11,786,9,1,96,8,0,1,1.0,0.8888888888888888,0.9411764705882353,0.8524522824937149,0.9195509481527968,1,9
yolov8l-seg.pt,MOTS20-11,787,9,1,87,8,0,1,1.0,0.8888888888888888,0.9411764705882353,0.8620033021821429,0.9255210549943713,1,9
yolov8l-seg.pt,MOTS20-11,788,9,1,76,8,0,1,1.0,0.8888888888888888,0.9411764705882353,0.8647628319993266,0.9271635394829005,1,9
yolov8l-seg.pt,MOTS20-11,789,9,1,103,8,0,1,1.0,0.8888888888888888,0.9411764705882353,0.8588429443174926,0.923825295987454,1,9
yolov8l-seg.pt,MOTS20-11,790,9,1,110,8,0,1,1.0,0.8888888888888888,0.9411764705882353,0.8598876770631246,0.9245173125247022,1,9
yolov8l-seg.pt,MOTS20-11,791,8,1,113,8,0,0,1.0,1.0,1.0,0.7946149474917605,0.8808207084851641,2,10
yolov8l-seg.pt,MOTS20-11,792,8,1,112,7,1,1,0.875,0.875,0.875,0.8313777792804572,0.9070335986913378,2,10
yolov8l-seg.pt,MOTS20-11,793,8,1,95,7,0,1,1.0,0.875,0.9333333333333333,0.8337785179814122,0.908309262091901,2,9
yolov8l-seg.pt,MOTS20-11,794,9,1,97,7,0,2,1.0,0.7777777777777778,0.875,0.8487580893784397,0.9175393618566176,3,10
yolov8l-seg.pt,MOTS20-11,795,10,1,96,7,0,3,1.0,0.7,0.8235294117647058,0.852072710533128,0.9195425202339006,2,9
yolov8l-seg.pt,MOTS20-11,796,10,1,123,8,0,2,1.0,0.8,0.8888888888888888,0.8335647779987934,0.9078086100914221,2,10
yolov8l-seg.pt,MOTS20-11,797,10,1,78,7,0,3,1.0,0.7,0.8235294117647058,0.8528321568572742,0.9197907462373617,3,10
yolov8l-seg.pt,MOTS20-11,798,10,1,84,7,0,3,1.0,0.7,0.8235294117647058,0.8596751913457299,0.9239711054426742,3,10
yolov8l-seg.pt,MOTS20-11,799,10,1,100,7,0,3,1.0,0.7,0.8235294117647058,0.8630520904063784,0.9259077812262386,3,10
yolov8l-seg.pt,MOTS20-11,800,10,1,85,9,1,1,0.9,0.9,0.9,0.8242751727093257,0.9006810045804892,3,13
yolov8l-seg.pt,MOTS20-11,801,10,1,90,9,0,1,1.0,0.9,0.9473684210526315,0.8319564747438236,0.9054312949387773,2,11
yolov8l-seg.pt,MOTS20-11,802,10,1,81,9,0,1,1.0,0.9,0.9473684210526315,0.8271763009018903,0.9027208692425849,2,11
yolov8l-seg.pt,MOTS20-11,803,10,1,79,9,3,1,0.75,0.9,0.8181818181818182,0.8241238369690093,0.8997546495330826,3,15
yolov8l-seg.pt,MOTS20-11,804,10,1,104,9,2,1,0.8181818181818182,0.9,0.8571428571428571,0.8272878004462036,0.9019343743833361,1,12
yolov8l-seg.pt,MOTS20-11,805,10,1,118,8,3,2,0.7272727272727273,0.8,0.7619047619047619,0.8673048915864321,0.9284618023842346,2,13
yolov8l-seg.pt,MOTS20-11,806,10,1,87,8,2,2,0.8,0.8,0.8,0.8716608049905933,0.9308029712769519,1,11
yolov8l-seg.pt,MOTS20-11,807,10,1,83,8,2,2,0.8,0.8,0.8,0.8701723058066088,0.9301155074053544,1,11
yolov8l-seg.pt,MOTS20-11,808,10,1,105,8,1,2,0.8888888888888888,0.8,0.8421052631578947,0.8496228227584053,0.9173874484324831,1,10
yolov8l-seg.pt,MOTS20-11,809,10,1,92,8,0,2,1.0,0.8,0.8888888888888888,0.8314617441975842,0.9049136268857767,0,8
yolov8l-seg.pt,MOTS20-11,810,10,1,88,9,0,1,1.0,0.9,0.9473684210526315,0.8397657193070973,0.9105297710352082,1,10
yolov8l-seg.pt,MOTS20-11,811,10,1,78,9,3,1,0.75,0.9,0.8181818181818182,0.8643259515520028,0.9264757747170582,1,13
yolov8l-seg.pt,MOTS20-11,812,10,1,69,9,1,1,0.9,0.9,0.9,0.8637373428206926,0.9261772866119465,1,11
yolov8l-seg.pt,MOTS20-11,813,10,1,59,10,0,0,1.0,1.0,1.0,0.8400393341242897,0.9101906688768284,1,11
yolov8l-seg.pt,MOTS20-11,814,10,1,59,10,0,0,1.0,1.0,1.0,0.8398789501580813,0.910180811965763,1,11
yolov8l-seg.pt,MOTS20-11,815,10,1,56,10,1,0,0.9090909090909091,1.0,0.9523809523809523,0.8386219038700371,0.9100448364465077,0,11
yolov8l-seg.pt,MOTS20-11,816,10,1,46,10,0,0,1.0,1.0,1.0,0.8403006456083034,0.9119334035186186,0,10
yolov8l-seg.pt,MOTS20-11,817,9,1,66,9,0,0,1.0,1.0,1.0,0.8386252365511849,0.9109344482119687,0,9
yolov8l-seg.pt,MOTS20-11,818,9,1,62,9,0,0,1.0,1.0,1.0,0.8447667976656436,0.914468779441105,0,9
yolov8l-seg.pt,MOTS20-11,819,9,1,53,9,0,0,1.0,1.0,1.0,0.8549095763891645,0.9207072684405829,0,9
yolov8l-seg.pt,MOTS20-11,820,9,1,61,9,1,0,0.9,1.0,0.9473684210526315,0.8343793772727408,0.9059135568165986,0,10
yolov8l-seg.pt,MOTS20-11,821,9,1,58,9,1,0,0.9,1.0,0.9473684210526315,0.8413082087918785,0.9108095139799676,0,10
yolov8l-seg.pt,MOTS20-11,822,9,1,45,9,1,0,0.9,1.0,0.9473684210526315,0.8357139032514431,0.906963791709051,0,10
yolov8l-seg.pt,MOTS20-11,823,9,1,43,9,1,0,0.9,1.0,0.9473684210526315,0.8396647359494072,0.9101431785452322,0,10
yolov8l-seg.pt,MOTS20-11,824,9,1,45,9,1,0,0.9,1.0,0.9473684210526315,0.8429401954769289,0.9124109063800686,0,10
yolov8l-seg.pt,MOTS20-11,825,9,1,47,9,1,0,0.9,1.0,0.9473684210526315,0.8312282865944208,0.9046620733281048,0,10
yolov8l-seg.pt,MOTS20-11,826,9,1,51,9,1,0,0.9,1.0,0.9473684210526315,0.828445554267907,0.902596960217466,0,10
yolov8l-seg.pt,MOTS20-11,827,9,1,72,9,0,0,1.0,1.0,1.0,0.8273275145532755,0.9011390140387903,0,9
yolov8l-seg.pt,MOTS20-11,828,9,1,59,9,0,0,1.0,1.0,1.0,0.8304441601630589,0.9034452308825861,0,9
yolov8l-seg.pt,MOTS20-11,829,9,1,58,9,0,0,1.0,1.0,1.0,0.8393685161540149,0.9096352111244101,0,9
yolov8l-seg.pt,MOTS20-11,830,10,1,55,9,0,1,1.0,0.9,0.9473684210526315,0.8417571483493511,0.9116662087013359,0,9
yolov8l-seg.pt,MOTS20-11,831,10,1,45,9,1,1,0.9,0.9,0.9,0.8353890241945467,0.9079467203121424,0,10
yolov8l-seg.pt,MOTS20-11,832,10,1,41,9,0,1,1.0,0.9,0.9473684210526315,0.8393429063755593,0.9101592051174691,0,9
yolov8l-seg.pt,MOTS20-11,833,10,1,61,9,1,1,0.9,0.9,0.9,0.8400386702366325,0.9104085396707878,0,10
yolov8l-seg.pt,MOTS20-11,834,10,1,60,10,1,0,0.9090909090909091,1.0,0.9523809523809523,0.842238569525847,0.9115382349556009,0,11
yolov8l-seg.pt,MOTS20-11,835,10,1,77,10,1,0,0.9090909090909091,1.0,0.9523809523809523,0.8358822921835258,0.908208135006136,0,11
yolov8l-seg.pt,MOTS20-11,836,10,1,76,10,1,0,0.9090909090909091,1.0,0.9523809523809523,0.8456058539805195,0.9144668906425476,0,11
yolov8l-seg.pt,MOTS20-11,837,11,1,80,10,0,1,1.0,0.9090909090909091,0.9523809523809523,0.8416471140362869,0.911476517989321,0,10
yolov8l-seg.pt,MOTS20-11,838,11,1,70,9,1,2,0.9,0.8181818181818182,0.8571428571428571,0.8508661674462125,0.9177312543875341,0,10
yolov8l-seg.pt,MOTS20-11,839,11,1,71,9,1,2,0.9,0.8181818181818182,0.8571428571428571,0.8475150622931452,0.9158454733182475,0,10
yolov8l-seg.pt,MOTS20-11,840,10,1,62,9,0,1,1.0,0.9,0.9473684210526315,0.863933515287005,0.9261198415243697,0,9
yolov8l-seg.pt,MOTS20-11,841,10,1,72,9,0,1,1.0,0.9,0.9473684210526315,0.8702840914336304,0.9297692895409746,0,9
yolov8l-seg.pt,MOTS20-11,842,10,1,81,9,0,1,1.0,0.9,0.9473684210526315,0.8798348613496066,0.9350860497996126,0,9
yolov8l-seg.pt,MOTS20-11,843,10,1,81,9,0,1,1.0,0.9,0.9473684210526315,0.8840114156476908,0.937726372687123,0,9
yolov8l-seg.pt,MOTS20-11,844,10,1,83,9,0,1,1.0,0.9,0.9473684210526315,0.8813794727644251,0.9362202928859402,0,9
yolov8l-seg.pt,MOTS20-11,845,11,1,80,8,0,3,1.0,0.7272727272727273,0.8421052631578947,0.842592874323218,0.9127394029828553,1,9
yolov8l-seg.pt,MOTS20-11,846,11,1,93,8,0,3,1.0,0.7272727272727273,0.8421052631578947,0.8390714505557444,0.9110495040830748,2,10
yolov8l-seg.pt,MOTS20-11,847,11,1,84,8,0,3,1.0,0.7272727272727273,0.8421052631578947,0.829093901716677,0.9046619446184436,0,8
yolov8l-seg.pt,MOTS20-11,848,11,1,84,8,0,3,1.0,0.7272727272727273,0.8421052631578947,0.8604648739406446,0.9244860517229354,0,8
yolov8l-seg.pt,MOTS20-11,849,11,1,93,8,0,3,1.0,0.7272727272727273,0.8421052631578947,0.8357864885116416,0.9092904287490136,0,8
yolov8l-seg.pt,MOTS20-11,850,11,1,84,8,0,3,1.0,0.7272727272727273,0.8421052631578947,0.8593055386719871,0.9236990372196119,0,8
yolov8l-seg.pt,MOTS20-11,851,11,1,67,8,0,3,1.0,0.7272727272727273,0.8421052631578947,0.8517427445535378,0.9190969829292117,0,8
yolov8l-seg.pt,MOTS20-11,852,10,1,87,7,0,3,1.0,0.7,0.8235294117647058,0.8412747130952274,0.9126561756853487,0,7
yolov8l-seg.pt,MOTS20-11,853,10,1,64,7,0,3,1.0,0.7,0.8235294117647058,0.839312624544842,0.9113278740387649,0,7
yolov8l-seg.pt,MOTS20-11,854,9,1,89,7,0,2,1.0,0.7777777777777778,0.875,0.8244551645435454,0.902412018311215,0,7
yolov8l-seg.pt,MOTS20-11,855,9,1,104,7,0,2,1.0,0.7777777777777778,0.875,0.8322241260783969,0.906945159426633,0,7
yolov8l-seg.pt,MOTS20-11,856,9,1,87,6,0,3,1.0,0.6666666666666666,0.8,0.8663845690285856,0.9279738244336507,0,6
yolov8l-seg.pt,MOTS20-11,857,9,1,101,7,0,2,1.0,0.7777777777777778,0.875,0.8364779790336845,0.9079197022297566,0,7
yolov8l-seg.pt,MOTS20-11,858,9,1,95,6,0,3,1.0,0.6666666666666666,0.8,0.8579066981201134,0.9228365848015868,0,6
yolov8l-seg.pt,MOTS20-11,859,9,1,101,6,0,3,1.0,0.6666666666666666,0.8,0.8553303485854927,0.9213667973210313,0,6
yolov8l-seg.pt,MOTS20-11,860,9,1,103,7,0,2,1.0,0.7777777777777778,0.875,0.806524084917154,0.8862201103476531,0,7
yolov8l-seg.pt,MOTS20-11,861,10,1,120,6,1,4,0.8571428571428571,0.6,0.7058823529411765,0.8618690010600593,0.9253573672013354,0,7
yolov8l-seg.pt,MOTS20-11,862,10,1,109,6,1,4,0.8571428571428571,0.6,0.7058823529411765,0.8649515181130537,0.9268293474887214,0,7
yolov8l-seg.pt,MOTS20-11,863,10,1,126,7,1,3,0.875,0.7,0.7777777777777778,0.8328614484221003,0.9051120032597869,0,8
yolov8l-seg.pt,MOTS20-11,864,11,1,120,7,1,4,0.875,0.6363636363636364,0.7368421052631579,0.8421509255159121,0.9109853850057261,0,8
yolov8l-seg.pt,MOTS20-11,865,11,1,100,8,0,3,1.0,0.7272727272727273,0.8421052631578947,0.8333471885943243,0.9071187041188398,0,8
yolov8l-seg.pt,MOTS20-11,866,11,1,105,8,1,3,0.8888888888888888,0.7272727272727273,0.8,0.829078735779221,0.9041342016589482,0,9
yolov8l-seg.pt,MOTS20-11,867,12,1,111,8,1,4,0.8888888888888888,0.6666666666666666,0.7619047619047619,0.8338010271118029,0.9075345089744346,0,9
yolov8l-seg.pt,MOTS20-11,868,12,1,109,8,0,4,1.0,0.6666666666666666,0.8,0.8351831471805771,0.9090432664474934,0,8
yolov8l-seg.pt,MOTS20-11,869,12,1,131,8,2,4,0.8,0.6666666666666666,0.7272727272727273,0.8282890099244486,0.9044335358728306,0,10
yolov8l-seg.pt,MOTS20-11,870,11,1,136,7,1,4,0.875,0.6363636363636364,0.7368421052631579,0.8207187343872057,0.8986229674522548,2,10
yolov8l-seg.pt,MOTS20-11,871,11,1,141,8,1,3,0.8888888888888888,0.7272727272727273,0.8,0.8115364587678666,0.8919500344097069,1,10
yolov8l-seg.pt,MOTS20-11,872,11,1,117,8,0,3,1.0,0.7272727272727273,0.8421052631578947,0.8126867098649667,0.8925059538333598,0,8
yolov8l-seg.pt,MOTS20-11,873,11,1,119,8,2,3,0.8,0.7272727272727273,0.7619047619047619,0.8084792351796962,0.8900790712289247,0,10
yolov8l-seg.pt,MOTS20-11,874,11,1,133,7,1,4,0.875,0.6363636363636364,0.7368421052631579,0.8275787529857117,0.901712349112921,0,8
yolov8l-seg.pt,MOTS20-11,875,10,1,138,6,1,4,0.8571428571428571,0.6,0.7058823529411765,0.7847897232427563,0.8744932282891399,1,8
yolov8l-seg.pt,MOTS20-11,876,9,1,147,5,1,4,0.8333333333333334,0.5555555555555556,0.6666666666666666,0.8308547441616874,0.9065133658118647,3,9
yolov8l-seg.pt,MOTS20-11,877,10,1,156,7,1,3,0.875,0.7,0.7777777777777778,0.782774741724138,0.8718754428627717,2,10
yolov8l-seg.pt,MOTS20-11,878,10,1,166,6,3,4,0.6666666666666666,0.6,0.631578947368421,0.835275893820751,0.9092313790039489,0,9
yolov8l-seg.pt,MOTS20-11,879,10,1,146,6,3,4,0.6666666666666666,0.6,0.631578947368421,0.8175360846954498,0.8966429980390823,0,9
yolov8l-seg.pt,MOTS20-11,880,10,1,147,6,1,4,0.8571428571428571,0.6,0.7058823529411765,0.8490507499307913,0.9177415798514553,0,7
yolov8l-seg.pt,MOTS20-11,881,10,1,125,6,1,4,0.8571428571428571,0.6,0.7058823529411765,0.8443258508680386,0.9146311457896797,0,7
yolov8l-seg.pt,MOTS20-11,882,10,1,114,6,1,4,0.8571428571428571,0.6,0.7058823529411765,0.8113951661031971,0.8928045066377676,0,7
yolov8l-seg.pt,MOTS20-11,883,10,1,94,6,1,4,0.8571428571428571,0.6,0.7058823529411765,0.8155883367929867,0.8960901785189583,1,8
yolov8l-seg.pt,MOTS20-11,884,10,1,115,6,1,4,0.8571428571428571,0.6,0.7058823529411765,0.7798846277540722,0.8714149049904482,1,8
yolov8l-seg.pt,MOTS20-11,885,10,1,114,6,0,4,1.0,0.6,0.75,0.7703686236345063,0.8678721768166056,1,7
yolov8l-seg.pt,MOTS20-11,886,10,1,124,6,0,4,1.0,0.6,0.75,0.7698902958126664,0.8659833088534526,0,6
yolov8l-seg.pt,MOTS20-11,887,10,1,126,6,1,4,0.8571428571428571,0.6,0.7058823529411765,0.7773713534200967,0.8724743292292921,1,8
yolov8l-seg.pt,MOTS20-11,888,9,1,138,5,1,4,0.8333333333333334,0.5555555555555556,0.6666666666666666,0.7834494033108135,0.8765093587683591,2,8
yolov8l-seg.pt,MOTS20-11,889,9,1,168,5,0,4,1.0,0.5555555555555556,0.7142857142857143,0.7855296032923247,0.8789926283590874,0,5
yolov8l-seg.pt,MOTS20-11,890,9,1,139,5,0,4,1.0,0.5555555555555556,0.7142857142857143,0.7550324570105712,0.8547589386522869,2,7
yolov8l-seg.pt,MOTS20-11,891,11,1,138,6,0,5,1.0,0.5454545454545454,0.7058823529411765,0.7306130124919124,0.8391335117246288,3,9
yolov8l-seg.pt,MOTS20-11,892,11,1,155,6,0,5,1.0,0.5454545454545454,0.7058823529411765,0.7865025079117373,0.8772432149206194,2,8
yolov8l-seg.pt,MOTS20-11,893,11,1,167,6,1,5,0.8571428571428571,0.5454545454545454,0.6666666666666666,0.7695394674234018,0.8646848890330694,3,10
yolov8l-seg.pt,MOTS20-11,894,11,1,159,6,1,5,0.8571428571428571,0.5454545454545454,0.6666666666666666,0.777074053593155,0.8685932449806102,2,9
yolov8l-seg.pt,MOTS20-11,895,11,1,149,7,1,4,0.875,0.6363636363636364,0.7368421052631579,0.741105866751574,0.8456523686649584,4,12
yolov8l-seg.pt,MOTS20-11,896,11,1,144,6,1,5,0.8571428571428571,0.5454545454545454,0.6666666666666666,0.7699292901997664,0.8658397935207064,2,9
yolov8l-seg.pt,MOTS20-11,897,11,1,142,6,2,5,0.75,0.5454545454545454,0.631578947368421,0.7849994351737699,0.8766121129141186,2,10
yolov8l-seg.pt,MOTS20-11,898,11,1,144,6,0,5,1.0,0.5454545454545454,0.7058823529411765,0.7977882980724756,0.8855172645211941,2,8
yolov8l-seg.pt,MOTS20-11,899,11,1,132,7,0,4,1.0,0.6363636363636364,0.7777777777777778,0.7834590031319945,0.8747558781086193,0,7
yolov8l-seg.pt,MOTS20-11,900,11,1,131,7,0,4,1.0,0.6363636363636364,0.7777777777777778,0.7898742843158846,0.8800554187566855,2,9
