model,sequence,frame,gt_persons,ignore_regions,predictions_ap_floor,tp,fp,fn,precision,recall,f1,matched_mask_iou,matched_dice,ignored_predictions,predictions_at_confidence
yolo26l-seg.pt,MOTS20-02,1,12,1,146,9,0,3,1.0,0.75,0.8571428571428571,0.7486791617966747,0.8517513529461015,2,11
yolo26l-seg.pt,MOTS20-02,2,13,1,139,8,1,5,0.8888888888888888,0.6153846153846154,0.7272727272727273,0.7881311768671665,0.8799952926005368,3,12
yolo26l-seg.pt,MOTS20-02,3,13,1,145,8,0,5,1.0,0.6153846153846154,0.7619047619047619,0.7619628760621748,0.8605388791842816,3,11
yolo26l-seg.pt,MOTS20-02,4,13,1,130,8,0,5,1.0,0.6153846153846154,0.7619047619047619,0.7800158055106934,0.8729375989071898,2,10
yolo26l-seg.pt,MOTS20-02,5,15,1,140,9,0,6,1.0,0.6,0.75,0.7610367090453428,0.8611593066906367,5,14
yolo26l-seg.pt,MOTS20-02,6,15,1,141,10,0,5,1.0,0.6666666666666666,0.8,0.7710806940441282,0.8677825509944965,2,12
yolo26l-seg.pt,MOTS20-02,7,15,1,135,9,0,6,1.0,0.6,0.75,0.8008133146875199,0.8879848103386004,4,13
yolo26l-seg.pt,MOTS20-02,8,15,1,154,9,0,6,1.0,0.6,0.75,0.7837311729425512,0.8768055318114789,2,11
yolo26l-seg.pt,MOTS20-02,9,15,1,139,10,1,5,0.9090909090909091,0.6666666666666666,0.7692307692307693,0.7813211273318788,0.8751022689408681,3,14
yolo26l-seg.pt,MOTS20-02,10,15,1,136,9,1,6,0.9,0.6,0.72,0.7941359790863785,0.8829070608558379,4,14
yolo26l-seg.pt,MOTS20-02,11,14,1,132,10,0,4,1.0,0.7142857142857143,0.8333333333333334,0.777091166899418,0.8718195244102626,5,15
yolo26l-seg.pt,MOTS20-02,12,14,1,134,9,0,5,1.0,0.6428571428571429,0.782608695652174,0.7834393856250946,0.8763035644320971,2,11
yolo26l-seg.pt,MOTS20-02,13,14,1,137,9,0,5,1.0,0.6428571428571429,0.782608695652174,0.7674188458851231,0.8652125078800175,2,11
yolo26l-seg.pt,MOTS20-02,14,14,1,126,10,0,4,1.0,0.7142857142857143,0.8333333333333334,0.7583586607026247,0.860037722687963,3,13
yolo26l-seg.pt,MOTS20-02,15,14,1,126,9,0,5,1.0,0.6428571428571429,0.782608695652174,0.7754815336378117,0.8715938529207747,4,13
yolo26l-seg.pt,MOTS20-02,16,13,1,119,9,1,4,0.9,0.6923076923076923,0.782608695652174,0.7720412282376249,0.8691148237877013,7,17
yolo26l-seg.pt,MOTS20-02,17,13,1,122,10,0,3,1.0,0.7692307692307693,0.8695652173913043,0.768036694209809,0.866368620773574,4,14
yolo26l-seg.pt,MOTS20-02,18,13,1,126,9,0,4,1.0,0.6923076923076923,0.8181818181818182,0.7789397975896732,0.8732177288744026,4,13
yolo26l-seg.pt,MOTS20-02,19,13,1,135,9,0,4,1.0,0.6923076923076923,0.8181818181818182,0.7776397568602205,0.8715319513893588,4,13
yolo26l-seg.pt,MOTS20-02,20,13,1,133,7,1,6,0.875,0.5384615384615384,0.6666666666666666,0.8204247863269903,0.9005482211312534,5,13
yolo26l-seg.pt,MOTS20-02,21,13,1,125,8,0,5,1.0,0.6153846153846154,0.7619047619047619,0.7842058903584063,0.8737751373437526,4,12
yolo26l-seg.pt,MOTS20-02,22,13,1,120,9,0,4,1.0,0.6923076923076923,0.8181818181818182,0.7731903179633913,0.8684744591670819,4,13
yolo26l-seg.pt,MOTS20-02,23,13,1,134,8,0,5,1.0,0.6153846153846154,0.7619047619047619,0.8005719509321179,0.8876050595235774,4,12
yolo26l-seg.pt,MOTS20-02,24,14,1,138,8,0,6,1.0,0.5714285714285714,0.7272727272727273,0.7733110156698964,0.8693181129882303,4,12
yolo26l-seg.pt,MOTS20-02,25,14,1,127,8,0,6,1.0,0.5714285714285714,0.7272727272727273,0.8010203871462394,0.8876537594363177,5,13
yolo26l-seg.pt,MOTS20-02,26,14,1,131,8,1,6,0.8888888888888888,0.5714285714285714,0.6956521739130435,0.7836881803716761,0.8762248251669429,4,13
yolo26l-seg.pt,MOTS20-02,27,14,1,127,7,0,7,1.0,0.5,0.6666666666666666,0.8087278882681466,0.892833740842918,6,13
yolo26l-seg.pt,MOTS20-02,28,14,1,134,9,0,5,1.0,0.6428571428571429,0.782608695652174,0.7759270601573196,0.8703876863150529,5,14
yolo26l-seg.pt,MOTS20-02,29,14,1,139,10,0,4,1.0,0.7142857142857143,0.8333333333333334,0.7416029890153273,0.846505593490499,6,16
yolo26l-seg.pt,MOTS20-02,30,14,1,132,10,1,4,0.9090909090909091,0.7142857142857143,0.8,0.7563004915398098,0.8583268855092433,6,17
yolo26l-seg.pt,MOTS20-02,31,14,1,137,11,0,3,1.0,0.7857142857142857,0.88,0.7477341679914868,0.8518362875339253,6,17
yolo26l-seg.pt,MOTS20-02,32,14,1,134,9,1,5,0.9,0.6428571428571429,0.75,0.7855764517631401,0.8782477065207636,5,15
yolo26l-seg.pt,MOTS20-02,33,14,1,140,10,0,4,1.0,0.7142857142857143,0.8333333333333334,0.752089019370551,0.854186524179793,8,18
yolo26l-seg.pt,MOTS20-02,34,14,1,131,11,1,3,0.9166666666666666,0.7857142857142857,0.8461538461538461,0.744387103205592,0.8489291478808919,8,20
yolo26l-seg.pt,MOTS20-02,35,14,1,133,9,1,5,0.9,0.6428571428571429,0.75,0.776571802806906,0.8711861747174003,6,16
yolo26l-seg.pt,MOTS20-02,36,14,1,134,9,3,5,0.75,0.6428571428571429,0.6923076923076923,0.7756329089493057,0.8718063501877537,5,17
yolo26l-seg.pt,MOTS20-02,37,14,1,138,10,0,4,1.0,0.7142857142857143,0.8333333333333334,0.7843983340349702,0.8767650668598297,5,15
yolo26l-seg.pt,MOTS20-02,38,14,1,145,10,0,4,1.0,0.7142857142857143,0.8333333333333334,0.7734076795103794,0.8704280994713857,3,13
yolo26l-seg.pt,MOTS20-02,39,14,1,144,10,1,4,0.9090909090909091,0.7142857142857143,0.8,0.770999134163105,0.868463114517081,5,16
yolo26l-seg.pt,MOTS20-02,40,13,1,139,9,1,4,0.9,0.6923076923076923,0.782608695652174,0.7637812988041232,0.8637392130644953,5,15
yolo26l-seg.pt,MOTS20-02,41,13,1,127,10,1,3,0.9090909090909091,0.7692307692307693,0.8333333333333334,0.7747461015411912,0.8713792910173146,3,14
yolo26l-seg.pt,MOTS20-02,42,13,1,135,10,0,3,1.0,0.7692307692307693,0.8695652173913043,0.7697150924508342,0.8672624033023835,4,14
yolo26l-seg.pt,MOTS20-02,43,13,1,129,10,0,3,1.0,0.7692307692307693,0.8695652173913043,0.7931171680894791,0.8829554363745139,3,13
yolo26l-seg.pt,MOTS20-02,44,12,1,130,9,0,3,1.0,0.75,0.8571428571428571,0.7607648878584116,0.8610859726405925,4,13
yolo26l-seg.pt,MOTS20-02,45,12,1,128,9,0,3,1.0,0.75,0.8571428571428571,0.7561636110640748,0.8571672917125751,4,13
yolo26l-seg.pt,MOTS20-02,46,12,1,135,10,0,2,1.0,0.8333333333333334,0.9090909090909091,0.7374544060368796,0.8453658545524471,3,13
yolo26l-seg.pt,MOTS20-02,47,12,1,127,9,1,3,0.9,0.75,0.8181818181818182,0.7688499058508892,0.8657608258324241,2,12
yolo26l-seg.pt,MOTS20-02,48,13,1,143,9,1,4,0.9,0.6923076923076923,0.782608695652174,0.7736743582378662,0.8694994135969706,3,13
yolo26l-seg.pt,MOTS20-02,49,13,1,134,9,0,4,1.0,0.6923076923076923,0.8181818181818182,0.733377989984406,0.8401783659121324,1,10
yolo26l-seg.pt,MOTS20-02,50,13,1,132,8,0,5,1.0,0.6153846153846154,0.7619047619047619,0.7684785551640216,0.8657547487205948,1,9
yolo26l-seg.pt,MOTS20-02,51,13,1,129,9,1,4,0.9,0.6923076923076923,0.782608695652174,0.7491470831035121,0.8526639906894103,1,11
yolo26l-seg.pt,MOTS20-02,52,12,1,122,9,1,3,0.9,0.75,0.8181818181818182,0.7651996942578291,0.8634263261975901,1,11
yolo26l-seg.pt,MOTS20-02,53,12,1,133,9,1,3,0.9,0.75,0.8181818181818182,0.7678057649464742,0.8660287296194943,1,11
yolo26l-seg.pt,MOTS20-02,54,13,1,133,9,2,4,0.8181818181818182,0.6923076923076923,0.75,0.7465465260989957,0.8504141144032372,2,13
yolo26l-seg.pt,MOTS20-02,55,13,1,131,8,2,5,0.8,0.6153846153846154,0.6956521739130435,0.8015995245962076,0.8887708535139285,2,12
yolo26l-seg.pt,MOTS20-02,56,13,1,135,8,3,5,0.7272727272727273,0.6153846153846154,0.6666666666666666,0.7823039024557594,0.8762333430922402,1,12
yolo26l-seg.pt,MOTS20-02,57,12,1,134,7,2,5,0.7777777777777778,0.5833333333333334,0.6666666666666666,0.7770555220228266,0.8725002844323215,3,12
yolo26l-seg.pt,MOTS20-02,58,12,1,137,7,2,5,0.7777777777777778,0.5833333333333334,0.6666666666666666,0.7926171826683307,0.8828550829258442,2,11
yolo26l-seg.pt,MOTS20-02,59,12,1,140,8,1,4,0.8888888888888888,0.6666666666666666,0.7619047619047619,0.747044699198085,0.8509224373339677,4,13
yolo26l-seg.pt,MOTS20-02,60,12,1,140,7,3,5,0.7,0.5833333333333334,0.6363636363636364,0.813279034841376,0.8959987327370122,3,13
yolo26l-seg.pt,MOTS20-02,61,12,1,137,8,1,4,0.8888888888888888,0.6666666666666666,0.7619047619047619,0.771936117309479,0.8688553386785046,2,11
yolo26l-seg.pt,MOTS20-02,62,12,1,138,8,0,4,1.0,0.6666666666666666,0.8,0.7920295070564913,0.8823267951264955,4,12
yolo26l-seg.pt,MOTS20-02,63,12,1,138,8,1,4,0.8888888888888888,0.6666666666666666,0.7619047619047619,0.8063448344942148,0.8920086689141178,6,15
yolo26l-seg.pt,MOTS20-02,64,12,1,119,7,0,5,1.0,0.5833333333333334,0.7368421052631579,0.8034943371931736,0.8898204199114204,6,13
yolo26l-seg.pt,MOTS20-02,65,11,1,137,7,0,4,1.0,0.6363636363636364,0.7777777777777778,0.8178327234608658,0.8989972162678465,5,12
yolo26l-seg.pt,MOTS20-02,66,12,1,134,7,1,5,0.875,0.5833333333333334,0.7,0.7948982082142092,0.8842292218115283,3,11
yolo26l-seg.pt,MOTS20-02,67,12,1,132,7,1,5,0.875,0.5833333333333334,0.7,0.8052014016628579,0.8899889856196147,3,11
yolo26l-seg.pt,MOTS20-02,68,12,1,128,7,0,5,1.0,0.5833333333333334,0.7368421052631579,0.7940670859190181,0.883291602415569,5,12
yolo26l-seg.pt,MOTS20-02,69,12,1,137,7,0,5,1.0,0.5833333333333334,0.7368421052631579,0.7887712643685555,0.8791823040839041,5,12
yolo26l-seg.pt,MOTS20-02,70,12,1,134,7,0,5,1.0,0.5833333333333334,0.7368421052631579,0.7920204585477798,0.8803113877436821,6,13
yolo26l-seg.pt,MOTS20-02,71,12,1,129,8,0,4,1.0,0.6666666666666666,0.8,0.7673467430826156,0.8645471596192109,5,13
yolo26l-seg.pt,MOTS20-02,72,12,1,120,8,1,4,0.8888888888888888,0.6666666666666666,0.7619047619047619,0.7780037641774808,0.8720764815921411,5,14
yolo26l-seg.pt,MOTS20-02,73,12,1,125,9,0,3,1.0,0.75,0.8571428571428571,0.7536065787290323,0.8541705436286262,3,12
yolo26l-seg.pt,MOTS20-02,74,12,1,123,7,1,5,0.875,0.5833333333333334,0.7,0.8051349045393107,0.8906827426068019,4,12
yolo26l-seg.pt,MOTS20-02,75,12,1,126,8,1,4,0.8888888888888888,0.6666666666666666,0.7619047619047619,0.8150736900177571,0.8965117676705796,5,14
yolo26l-seg.pt,MOTS20-02,76,12,1,131,7,1,5,0.875,0.5833333333333334,0.7,0.8171964116630991,0.8976772717327204,6,14
yolo26l-seg.pt,MOTS20-02,77,12,1,116,7,1,5,0.875,0.5833333333333334,0.7,0.8072613202376221,0.8919791493042626,7,15
yolo26l-seg.pt,MOTS20-02,78,12,1,123,8,0,4,1.0,0.6666666666666666,0.8,0.7729985040673781,0.8692839996512747,4,12
yolo26l-seg.pt,MOTS20-02,79,12,1,116,8,1,4,0.8888888888888888,0.6666666666666666,0.7619047619047619,0.7825147253063813,0.8759760295313368,4,13
yolo26l-seg.pt,MOTS20-02,80,12,1,121,8,0,4,1.0,0.6666666666666666,0.8,0.7954691442485556,0.8845296045256859,6,14
yolo26l-seg.pt,MOTS20-02,81,11,1,120,8,0,3,1.0,0.7272727272727273,0.8421052631578947,0.7856973439512399,0.8784304680920051,5,13
yolo26l-seg.pt,MOTS20-02,82,11,1,129,8,0,3,1.0,0.7272727272727273,0.8421052631578947,0.7776666849671577,0.8731922885670445,5,13
yolo26l-seg.pt,MOTS20-02,83,11,1,113,8,1,3,0.8888888888888888,0.7272727272727273,0.8,0.7703634594438746,0.8686864145203163,3,12
yolo26l-seg.pt,MOTS20-02,84,11,1,121,8,1,3,0.8888888888888888,0.7272727272727273,0.8,0.7897913948104093,0.881357204385272,3,12
yolo26l-seg.pt,MOTS20-02,85,11,1,131,7,0,4,1.0,0.6363636363636364,0.7777777777777778,0.8087902939768339,0.8931297348614115,2,9
yolo26l-seg.pt,MOTS20-02,86,11,1,128,7,0,4,1.0,0.6363636363636364,0.7777777777777778,0.7931382371998312,0.8825442085378813,3,10
yolo26l-seg.pt,MOTS20-02,87,11,1,127,7,0,4,1.0,0.6363636363636364,0.7777777777777778,0.7887294842412579,0.8806001285559287,1,8
yolo26l-seg.pt,MOTS20-02,88,11,1,128,7,0,4,1.0,0.6363636363636364,0.7777777777777778,0.7896841996095579,0.881699686719419,2,9
yolo26l-seg.pt,MOTS20-02,89,11,1,119,8,0,3,1.0,0.7272727272727273,0.8421052631578947,0.7806913546332384,0.8758672456435036,2,10
yolo26l-seg.pt,MOTS20-02,90,11,1,130,8,0,3,1.0,0.7272727272727273,0.8421052631578947,0.7602041374756733,0.8613292909455519,2,10
yolo26l-seg.pt,MOTS20-02,91,11,1,131,9,0,2,1.0,0.8181818181818182,0.9,0.7652105875214354,0.8647414826793898,2,11
yolo26l-seg.pt,MOTS20-02,92,11,1,123,8,0,3,1.0,0.7272727272727273,0.8421052631578947,0.7798843160231979,0.8748671830755697,2,10
yolo26l-seg.pt,MOTS20-02,93,11,1,127,8,1,3,0.8888888888888888,0.7272727272727273,0.8,0.7795710018723093,0.874121844175762,3,12
yolo26l-seg.pt,MOTS20-02,94,11,1,122,8,1,3,0.8888888888888888,0.7272727272727273,0.8,0.790248395919632,0.8816389610095103,2,11
yolo26l-seg.pt,MOTS20-02,95,11,1,126,8,0,3,1.0,0.7272727272727273,0.8421052631578947,0.7855031321854102,0.878660122880633,3,11
yolo26l-seg.pt,MOTS20-02,96,11,1,126,8,0,3,1.0,0.7272727272727273,0.8421052631578947,0.7721094936994239,0.8693592551035265,3,11
yolo26l-seg.pt,MOTS20-02,97,11,1,124,8,0,3,1.0,0.7272727272727273,0.8421052631578947,0.7813165826133515,0.8752810339772611,2,10
yolo26l-seg.pt,MOTS20-02,98,11,1,114,9,0,2,1.0,0.8181818181818182,0.9,0.761223642161288,0.8617458093785086,3,12
yolo26l-seg.pt,MOTS20-02,99,11,1,126,8,1,3,0.8888888888888888,0.7272727272727273,0.8,0.7927855072922007,0.8825895131189913,3,12
yolo26l-seg.pt,MOTS20-02,100,11,1,118,9,0,2,1.0,0.8181818181818182,0.9,0.7537163014342397,0.8548228250983241,2,11
yolo26l-seg.pt,MOTS20-02,101,12,1,116,9,0,3,1.0,0.75,0.8571428571428571,0.7523323900983742,0.8537559385751564,1,10
yolo26l-seg.pt,MOTS20-02,102,12,1,130,8,1,4,0.8888888888888888,0.6666666666666666,0.7619047619047619,0.7809459884385546,0.8749562975830718,1,10
yolo26l-seg.pt,MOTS20-02,103,11,1,121,8,2,3,0.8,0.7272727272727273,0.7619047619047619,0.7867768170765447,0.8790511319932217,1,11
yolo26l-seg.pt,MOTS20-02,104,11,1,132,9,1,2,0.9,0.8181818181818182,0.8571428571428571,0.7507750180856697,0.8534661933524309,2,12
yolo26l-seg.pt,MOTS20-02,105,11,1,120,9,1,2,0.9,0.8181818181818182,0.8571428571428571,0.7484769352190277,0.8513943031348542,2,12
yolo26l-seg.pt,MOTS20-02,106,11,1,126,8,2,3,0.8,0.7272727272727273,0.7619047619047619,0.7724226782610274,0.8690113163557678,2,12
yolo26l-seg.pt,MOTS20-02,107,11,1,118,7,2,4,0.7777777777777778,0.6363636363636364,0.7,0.7808105739349084,0.873990084298782,1,10
yolo26l-seg.pt,MOTS20-02,108,11,1,119,8,2,3,0.8,0.7272727272727273,0.7619047619047619,0.7691455952292543,0.8671095246961222,2,12
yolo26l-seg.pt,MOTS20-02,109,11,1,121,7,2,4,0.7777777777777778,0.6363636363636364,0.7,0.7701320123732651,0.867171381371742,3,12
yolo26l-seg.pt,MOTS20-02,110,11,1,113,9,0,2,1.0,0.8181818181818182,0.9,0.7328103631017882,0.8401225846891849,1,10
yolo26l-seg.pt,MOTS20-02,111,11,1,117,8,1,3,0.8888888888888888,0.7272727272727273,0.8,0.7375966783358798,0.8411316063631635,1,10
yolo26l-seg.pt,MOTS20-02,112,11,1,122,6,2,5,0.75,0.5454545454545454,0.631578947368421,0.794961716332228,0.8836948370185947,1,9
yolo26l-seg.pt,MOTS20-02,113,11,1,122,7,1,4,0.875,0.6363636363636364,0.7368421052631579,0.7726092296711371,0.8678149084498699,1,9
yolo26l-seg.pt,MOTS20-02,114,11,1,116,8,1,3,0.8888888888888888,0.7272727272727273,0.8,0.7868457333312135,0.8780957677033586,2,11
yolo26l-seg.pt,MOTS20-02,115,11,1,122,7,3,4,0.7,0.6363636363636364,0.6666666666666666,0.7851491239459831,0.876549435592584,2,12
yolo26l-seg.pt,MOTS20-02,116,11,1,120,9,2,2,0.8181818181818182,0.8181818181818182,0.8181818181818182,0.7521160198617125,0.8551208155792942,1,12
yolo26l-seg.pt,MOTS20-02,117,11,1,107,8,2,3,0.8,0.7272727272727273,0.7619047619047619,0.7802489255747993,0.8738723936735895,2,12
yolo26l-seg.pt,MOTS20-02,118,11,1,109,8,1,3,0.8888888888888888,0.7272727272727273,0.8,0.7829415637220039,0.8759948295326896,3,12
yolo26l-seg.pt,MOTS20-02,119,11,1,107,9,1,2,0.9,0.8181818181818182,0.8571428571428571,0.7738243648624128,0.8701125140970619,4,14
yolo26l-seg.pt,MOTS20-02,120,11,1,110,8,0,3,1.0,0.7272727272727273,0.8421052631578947,0.7811268694287778,0.8747284150839543,4,12
yolo26l-seg.pt,MOTS20-02,121,11,1,113,9,1,2,0.9,0.8181818181818182,0.8571428571428571,0.778931321951658,0.8732166304277658,3,13
yolo26l-seg.pt,MOTS20-02,122,11,1,122,7,3,4,0.7,0.6363636363636364,0.6666666666666666,0.8096302527018571,0.8923290313330411,5,15
yolo26l-seg.pt,MOTS20-02,123,11,1,118,7,2,4,0.7777777777777778,0.6363636363636364,0.7,0.806669673703948,0.891030054708941,2,11
yolo26l-seg.pt,MOTS20-02,124,11,1,121,9,1,2,0.9,0.8181818181818182,0.8571428571428571,0.7595973747612345,0.8588306825198975,4,14
yolo26l-seg.pt,MOTS20-02,125,11,1,118,8,1,3,0.8888888888888888,0.7272727272727273,0.8,0.7797247162766232,0.872772505593204,4,13
yolo26l-seg.pt,MOTS20-02,126,11,1,120,7,2,4,0.7777777777777778,0.6363636363636364,0.7,0.7950581873581619,0.8820133693165982,3,12
yolo26l-seg.pt,MOTS20-02,127,11,1,114,8,1,3,0.8888888888888888,0.7272727272727273,0.8,0.7607898922266365,0.859272562557233,2,11
yolo26l-seg.pt,MOTS20-02,128,12,1,110,9,1,3,0.9,0.75,0.8181818181818182,0.7260801843299549,0.8343502422226066,2,12
yolo26l-seg.pt,MOTS20-02,129,12,1,107,8,1,4,0.8888888888888888,0.6666666666666666,0.7619047619047619,0.7764381549404011,0.8698156395925883,2,11
yolo26l-seg.pt,MOTS20-02,130,11,1,105,8,1,3,0.8888888888888888,0.7272727272727273,0.8,0.772362156458678,0.8674093254882068,3,12
yolo26l-seg.pt,MOTS20-02,131,12,1,111,9,1,3,0.9,0.75,0.8181818181818182,0.7764477715131072,0.870512239830897,2,12
yolo26l-seg.pt,MOTS20-02,132,12,1,105,8,1,4,0.8888888888888888,0.6666666666666666,0.7619047619047619,0.7730291166592753,0.8676415961573649,2,11
yolo26l-seg.pt,MOTS20-02,133,13,1,100,9,0,4,1.0,0.6923076923076923,0.8181818181818182,0.7682635004455931,0.864754356202098,2,11
yolo26l-seg.pt,MOTS20-02,134,14,1,91,10,2,4,0.8333333333333334,0.7142857142857143,0.7692307692307693,0.7713517456384342,0.8679236356017354,2,14
yolo26l-seg.pt,MOTS20-02,135,14,1,86,10,4,4,0.7142857142857143,0.7142857142857143,0.7142857142857143,0.7675862138320235,0.8648442423912013,2,16
yolo26l-seg.pt,MOTS20-02,136,14,1,100,9,3,5,0.75,0.6428571428571429,0.6923076923076923,0.7677198906472931,0.8642864198814916,2,14
yolo26l-seg.pt,MOTS20-02,137,14,1,97,8,3,6,0.7272727272727273,0.5714285714285714,0.64,0.774598405582077,0.8675333945593009,1,12
yolo26l-seg.pt,MOTS20-02,138,14,1,110,8,0,6,1.0,0.5714285714285714,0.7272727272727273,0.7673433708538713,0.8643882662226074,2,10
yolo26l-seg.pt,MOTS20-02,139,13,1,107,9,1,4,0.9,0.6923076923076923,0.782608695652174,0.7628956423088632,0.8613351997952662,4,14
yolo26l-seg.pt,MOTS20-02,140,13,1,108,8,1,5,0.8888888888888888,0.6153846153846154,0.7272727272727273,0.7578329199337315,0.8563336552474503,2,11
yolo26l-seg.pt,MOTS20-02,141,13,1,110,8,0,5,1.0,0.6153846153846154,0.7619047619047619,0.7809753834554485,0.8736683913908515,1,9
yolo26l-seg.pt,MOTS20-02,142,13,1,110,8,0,5,1.0,0.6153846153846154,0.7619047619047619,0.7874676838226791,0.8781360721362773,1,9
yolo26l-seg.pt,MOTS20-02,143,13,1,108,10,1,3,0.9090909090909091,0.7692307692307693,0.8333333333333334,0.7532620008707955,0.8523571180282712,1,12
yolo26l-seg.pt,MOTS20-02,144,13,1,111,9,0,4,1.0,0.6923076923076923,0.8181818181818182,0.7696619265478859,0.8653094840597956,3,12
yolo26l-seg.pt,MOTS20-02,145,13,1,116,11,2,2,0.8461538461538461,0.8461538461538461,0.8461538461538461,0.7502153828130509,0.8524266589696541,2,15
yolo26l-seg.pt,MOTS20-02,146,13,1,107,10,0,3,1.0,0.7692307692307693,0.8695652173913043,0.7584138689327251,0.8581463924764045,1,11
yolo26l-seg.pt,MOTS20-02,147,13,1,102,11,0,2,1.0,0.8461538461538461,0.9166666666666666,0.772389533490927,0.8692563294664194,5,16
yolo26l-seg.pt,MOTS20-02,148,13,1,102,11,0,2,1.0,0.8461538461538461,0.9166666666666666,0.7712948090889394,0.868285970223011,3,14
yolo26l-seg.pt,MOTS20-02,149,13,1,117,10,0,3,1.0,0.7692307692307693,0.8695652173913043,0.7994707510186905,0.8861793503525476,2,12
yolo26l-seg.pt,MOTS20-02,150,13,1,118,10,0,3,1.0,0.7692307692307693,0.8695652173913043,0.7998379308046861,0.8868624580132769,2,12
yolo26l-seg.pt,MOTS20-02,151,13,1,121,10,0,3,1.0,0.7692307692307693,0.8695652173913043,0.7825553745688082,0.8756655631897792,1,11
yolo26l-seg.pt,MOTS20-02,152,13,1,124,10,0,3,1.0,0.7692307692307693,0.8695652173913043,0.7831705917329163,0.8762067936884408,1,11
yolo26l-seg.pt,MOTS20-02,153,14,1,128,9,0,5,1.0,0.6428571428571429,0.782608695652174,0.7919496360268444,0.8816449759964399,3,12
yolo26l-seg.pt,MOTS20-02,154,14,1,109,11,0,3,1.0,0.7857142857142857,0.88,0.7569271374135222,0.8572299425776809,1,12
yolo26l-seg.pt,MOTS20-02,155,14,1,112,10,0,4,1.0,0.7142857142857143,0.8333333333333334,0.7737244003766448,0.8702096483371344,1,11
yolo26l-seg.pt,MOTS20-02,156,14,1,116,11,0,3,1.0,0.7857142857142857,0.88,0.7631380160495804,0.8634432204963474,1,12
yolo26l-seg.pt,MOTS20-02,157,14,1,111,10,0,4,1.0,0.7142857142857143,0.8333333333333334,0.7659741420323496,0.8653824504586941,1,11
yolo26l-seg.pt,MOTS20-02,158,13,1,129,10,0,3,1.0,0.7692307692307693,0.8695652173913043,0.77978089598097,0.8739239480096271,2,12
yolo26l-seg.pt,MOTS20-02,159,13,1,122,10,0,3,1.0,0.7692307692307693,0.8695652173913043,0.7850921025141696,0.8775035297727574,2,12
yolo26l-seg.pt,MOTS20-02,160,13,1,124,10,0,3,1.0,0.7692307692307693,0.8695652173913043,0.782972135808496,0.8754554962096993,2,12
yolo26l-seg.pt,MOTS20-02,161,12,1,122,10,0,2,1.0,0.8333333333333334,0.9090909090909091,0.7778156619009498,0.8710188115057426,2,12
yolo26l-seg.pt,MOTS20-02,162,12,1,115,10,1,2,0.9090909090909091,0.8333333333333334,0.8695652173913043,0.767993026029235,0.8635877650890782,1,12
yolo26l-seg.pt,MOTS20-02,163,12,1,109,10,2,2,0.8333333333333334,0.8333333333333334,0.8333333333333334,0.7639548889554565,0.8609793756088294,3,15
yolo26l-seg.pt,MOTS20-02,164,12,1,115,10,0,2,1.0,0.8333333333333334,0.9090909090909091,0.7689307772574716,0.863604643516784,3,13
yolo26l-seg.pt,MOTS20-02,165,12,1,104,9,2,3,0.8181818181818182,0.75,0.782608695652174,0.8072905033214133,0.8919635334101663,2,13
yolo26l-seg.pt,MOTS20-02,166,12,1,107,9,2,3,0.8181818181818182,0.75,0.782608695652174,0.8122597582262446,0.8952633759798757,1,12
yolo26l-seg.pt,MOTS20-02,167,12,1,112,10,2,2,0.8333333333333334,0.8333333333333334,0.8333333333333334,0.7717638795862827,0.8665546657032591,2,14
yolo26l-seg.pt,MOTS20-02,168,12,1,125,10,2,2,0.8333333333333334,0.8333333333333334,0.8333333333333334,0.7812072058910824,0.8717090193299365,2,14
yolo26l-seg.pt,MOTS20-02,169,12,1,122,10,2,2,0.8333333333333334,0.8333333333333334,0.8333333333333334,0.776967234123687,0.8698035512276959,2,14
yolo26l-seg.pt,MOTS20-02,170,12,1,120,8,5,4,0.6153846153846154,0.6666666666666666,0.64,0.8122981668746909,0.8923751048203197,2,15
yolo26l-seg.pt,MOTS20-02,171,12,1,123,9,4,3,0.6923076923076923,0.75,0.72,0.810163135812291,0.8921836435593572,4,17
yolo26l-seg.pt,MOTS20-02,172,13,1,126,9,3,4,0.75,0.6923076923076923,0.72,0.7900592344762778,0.8775071812127435,2,14
yolo26l-seg.pt,MOTS20-02,173,12,1,130,9,2,3,0.8181818181818182,0.75,0.782608695652174,0.7996313745102394,0.8834954014565141,3,14
yolo26l-seg.pt,MOTS20-02,174,12,1,126,8,1,4,0.8888888888888888,0.6666666666666666,0.7619047619047619,0.8149274686183618,0.8955992097513237,6,15
yolo26l-seg.pt,MOTS20-02,175,12,1,120,9,0,3,1.0,0.75,0.8571428571428571,0.7752258158957258,0.8669448148291266,5,14
yolo26l-seg.pt,MOTS20-02,176,11,1,117,8,1,3,0.8888888888888888,0.7272727272727273,0.8,0.7752668033956744,0.8677190715668031,4,13
yolo26l-seg.pt,MOTS20-02,177,11,1,128,9,0,2,1.0,0.8181818181818182,0.9,0.7440037287092199,0.8484947927129629,4,13
yolo26l-seg.pt,MOTS20-02,178,11,1,132,8,0,3,1.0,0.7272727272727273,0.8421052631578947,0.753361082581352,0.8527688103365976,3,11
yolo26l-seg.pt,MOTS20-02,179,12,1,125,8,1,4,0.8888888888888888,0.6666666666666666,0.7619047619047619,0.7699517762823592,0.8665832226689141,2,11
yolo26l-seg.pt,MOTS20-02,180,12,1,131,8,3,4,0.7272727272727273,0.6666666666666666,0.6956521739130435,0.765146545591604,0.8630461957571508,1,12
yolo26l-seg.pt,MOTS20-02,181,12,1,127,8,2,4,0.8,0.6666666666666666,0.7272727272727273,0.7778424389227717,0.8720438901040457,1,11
yolo26l-seg.pt,MOTS20-02,182,11,1,128,7,3,4,0.7,0.6363636363636364,0.6666666666666666,0.7982185926364463,0.8858036942230161,2,12
yolo26l-seg.pt,MOTS20-02,183,11,1,128,8,3,3,0.7272727272727273,0.7272727272727273,0.7272727272727273,0.7644251044513384,0.8627080456138826,1,12
yolo26l-seg.pt,MOTS20-02,184,11,1,135,7,2,4,0.7777777777777778,0.6363636363636364,0.7,0.8027134314448638,0.8878926405911146,2,11
yolo26l-seg.pt,MOTS20-02,185,12,1,109,7,1,5,0.875,0.5833333333333334,0.7,0.7916678527072332,0.8801820172679259,1,9
yolo26l-seg.pt,MOTS20-02,186,12,1,109,7,1,5,0.875,0.5833333333333334,0.7,0.7972189450613545,0.8852155972971862,2,10
yolo26l-seg.pt,MOTS20-02,187,12,1,118,7,1,5,0.875,0.5833333333333334,0.7,0.8000582693984557,0.885744990597221,1,9
yolo26l-seg.pt,MOTS20-02,188,13,1,114,8,1,5,0.8888888888888888,0.6153846153846154,0.7272727272727273,0.7382776864461329,0.8402347686648916,1,10
yolo26l-seg.pt,MOTS20-02,189,13,1,126,7,2,6,0.7777777777777778,0.5384615384615384,0.6363636363636364,0.7688376643225727,0.8639555575360864,1,10
yolo26l-seg.pt,MOTS20-02,190,13,1,114,9,2,4,0.8181818181818182,0.6923076923076923,0.75,0.7453607441564019,0.8459301781637134,1,12
yolo26l-seg.pt,MOTS20-02,191,13,1,129,9,3,4,0.75,0.6923076923076923,0.72,0.7438874499833087,0.8458287756458606,1,13
yolo26l-seg.pt,MOTS20-02,192,13,1,118,10,1,3,0.9090909090909091,0.7692307692307693,0.8333333333333334,0.7484619589491591,0.8510857839383619,1,12
yolo26l-seg.pt,MOTS20-02,193,13,1,119,10,3,3,0.7692307692307693,0.7692307692307693,0.7692307692307693,0.7599480828608592,0.857642990071079,1,14
yolo26l-seg.pt,MOTS20-02,194,13,1,114,11,0,2,1.0,0.8461538461538461,0.9166666666666666,0.7570151097114789,0.8560905247115322,2,13
yolo26l-seg.pt,MOTS20-02,195,13,1,122,11,1,2,0.9166666666666666,0.8461538461538461,0.88,0.7503652501372127,0.8515452400117071,0,12
yolo26l-seg.pt,MOTS20-02,196,13,1,114,11,1,2,0.9166666666666666,0.8461538461538461,0.88,0.7444542614269295,0.8466248776439863,0,12
yolo26l-seg.pt,MOTS20-02,197,13,1,120,11,1,2,0.9166666666666666,0.8461538461538461,0.88,0.7544900028463811,0.8564040202549613,0,12
yolo26l-seg.pt,MOTS20-02,198,12,1,117,10,1,2,0.9090909090909091,0.8333333333333334,0.8695652173913043,0.7795160814223693,0.8723612530782766,2,13
yolo26l-seg.pt,MOTS20-02,199,12,1,116,10,1,2,0.9090909090909091,0.8333333333333334,0.8695652173913043,0.7691940320112389,0.8654309602260563,2,13
yolo26l-seg.pt,MOTS20-02,200,12,1,115,10,2,2,0.8333333333333334,0.8333333333333334,0.8333333333333334,0.7622929349439214,0.8597880639310469,2,14
yolo26l-seg.pt,MOTS20-02,201,12,1,119,10,2,2,0.8333333333333334,0.8333333333333334,0.8333333333333334,0.7754397056918647,0.8692362672889768,3,15
yolo26l-seg.pt,MOTS20-02,202,12,1,121,10,0,2,1.0,0.8333333333333334,0.9090909090909091,0.7792751174229954,0.872000295133317,1,11
yolo26l-seg.pt,MOTS20-02,203,12,1,120,10,0,2,1.0,0.8333333333333334,0.9090909090909091,0.7757159472706747,0.8696966783023349,2,12
yolo26l-seg.pt,MOTS20-02,204,12,1,118,9,1,3,0.9,0.75,0.8181818181818182,0.7987446389176165,0.88613829858758,1,11
yolo26l-seg.pt,MOTS20-02,205,12,1,126,9,0,3,1.0,0.75,0.8571428571428571,0.7693676928562216,0.864187193498497,0,9
yolo26l-seg.pt,MOTS20-02,206,12,1,116,9,0,3,1.0,0.75,0.8571428571428571,0.7865600464067443,0.8766889826648342,0,9
yolo26l-seg.pt,MOTS20-02,207,12,1,126,8,1,4,0.8888888888888888,0.6666666666666666,0.7619047619047619,0.7813537919494045,0.873320909262657,0,9
yolo26l-seg.pt,MOTS20-02,208,12,1,121,10,0,2,1.0,0.8333333333333334,0.9090909090909091,0.7549853026766669,0.8553752371255804,0,10
yolo26l-seg.pt,MOTS20-02,209,11,1,112,9,0,2,1.0,0.8181818181818182,0.9,0.7759187462957305,0.8701972013457948,0,9
yolo26l-seg.pt,MOTS20-02,210,12,1,122,8,0,4,1.0,0.6666666666666666,0.8,0.803728444672062,0.8884714868361105,1,9
yolo26l-seg.pt,MOTS20-02,211,12,1,116,10,0,2,1.0,0.8333333333333334,0.9090909090909091,0.7762446683485111,0.8710046351407188,1,11
yolo26l-seg.pt,MOTS20-02,212,12,1,113,9,1,3,0.9,0.75,0.8181818181818182,0.7864788368741563,0.8778140560012043,1,11
yolo26l-seg.pt,MOTS20-02,213,12,1,113,8,1,4,0.8888888888888888,0.6666666666666666,0.7619047619047619,0.7994137123632578,0.8857256000613722,1,10
yolo26l-seg.pt,MOTS20-02,214,11,1,121,8,1,3,0.8888888888888888,0.7272727272727273,0.8,0.8077613676866311,0.8916080223532312,1,10
yolo26l-seg.pt,MOTS20-02,215,11,1,111,9,1,2,0.9,0.8181818181818182,0.8571428571428571,0.7862904853833128,0.8773674169334216,1,11
yolo26l-seg.pt,MOTS20-02,216,11,1,123,9,2,2,0.8181818181818182,0.8181818181818182,0.8181818181818182,0.7872396990378098,0.8778826419477436,1,12
yolo26l-seg.pt,MOTS20-02,217,11,1,122,9,1,2,0.9,0.8181818181818182,0.8571428571428571,0.7730596201624845,0.8679930447659969,1,11
yolo26l-seg.pt,MOTS20-02,218,11,1,120,10,1,1,0.9090909090909091,0.9090909090909091,0.9090909090909091,0.7623822671538206,0.8608505422299875,1,12
yolo26l-seg.pt,MOTS20-02,219,11,1,121,10,2,1,0.8333333333333334,0.9090909090909091,0.8695652173913043,0.7523882666406826,0.853814381342924,1,13
yolo26l-seg.pt,MOTS20-02,220,11,1,115,10,1,1,0.9090909090909091,0.9090909090909091,0.9090909090909091,0.7531585831306816,0.8548746098244445,1,12
yolo26l-seg.pt,MOTS20-02,221,11,1,117,10,1,1,0.9090909090909091,0.9090909090909091,0.9090909090909091,0.7407829053084665,0.8470018228972013,1,12
yolo26l-seg.pt,MOTS20-02,222,11,1,113,8,2,3,0.8,0.7272727272727273,0.7619047619047619,0.7729708270346172,0.8691642159437215,1,11
yolo26l-seg.pt,MOTS20-02,223,10,1,121,9,0,1,1.0,0.9,0.9473684210526315,0.7749382396954382,0.869909847469934,3,12
yolo26l-seg.pt,MOTS20-02,224,11,1,123,9,0,2,1.0,0.8181818181818182,0.9,0.785750027293723,0.8769746104637938,5,14
yolo26l-seg.pt,MOTS20-02,225,11,1,122,9,1,2,0.9,0.8181818181818182,0.8571428571428571,0.7682072297214267,0.8650908513352762,2,12
yolo26l-seg.pt,MOTS20-02,226,11,1,121,9,1,2,0.9,0.8181818181818182,0.8571428571428571,0.7791281589021326,0.8726642844945434,4,14
yolo26l-seg.pt,MOTS20-02,227,11,1,112,9,0,2,1.0,0.8181818181818182,0.9,0.777845783589065,0.8705827414093938,1,10
yolo26l-seg.pt,MOTS20-02,228,11,1,113,9,0,2,1.0,0.8181818181818182,0.9,0.7763429470974855,0.8698704626079252,2,11
yolo26l-seg.pt,MOTS20-02,229,11,1,118,10,0,1,1.0,0.9090909090909091,0.9523809523809523,0.75675630739397,0.8563273652350215,3,13
yolo26l-seg.pt,MOTS20-02,230,11,1,122,9,1,2,0.9,0.8181818181818182,0.8571428571428571,0.7669746604855081,0.8635240100581707,3,13
yolo26l-seg.pt,MOTS20-02,231,10,1,116,9,2,1,0.8181818181818182,0.9,0.8571428571428571,0.7774520568956006,0.8703211894276175,5,16
yolo26l-seg.pt,MOTS20-02,232,10,1,111,9,2,1,0.8181818181818182,0.9,0.8571428571428571,0.7729019823853106,0.8670181751760373,6,17
yolo26l-seg.pt,MOTS20-02,233,10,1,129,9,2,1,0.8181818181818182,0.9,0.8571428571428571,0.7628847739490082,0.8606517792425731,4,15
yolo26l-seg.pt,MOTS20-02,234,10,1,120,9,0,1,1.0,0.9,0.9473684210526315,0.7759778603101009,0.8693765450431717,3,12
yolo26l-seg.pt,MOTS20-02,235,10,1,128,9,0,1,1.0,0.9,0.9473684210526315,0.781394981280866,0.8742758119290338,5,14
yolo26l-seg.pt,MOTS20-02,236,11,1,126,10,3,1,0.7692307692307693,0.9090909090909091,0.8333333333333334,0.7489502109292907,0.850296216054117,5,18
yolo26l-seg.pt,MOTS20-02,237,11,1,126,10,1,1,0.9090909090909091,0.9090909090909091,0.9090909090909091,0.7400498883673182,0.8446580918878285,5,16
yolo26l-seg.pt,MOTS20-02,238,10,1,121,10,1,0,0.9090909090909091,1.0,0.9523809523809523,0.7361643913904161,0.8436593303871918,6,17
yolo26l-seg.pt,MOTS20-02,239,10,1,123,10,0,0,1.0,1.0,1.0,0.7524981934664102,0.8532517945124682,5,15
yolo26l-seg.pt,MOTS20-02,240,10,1,120,10,0,0,1.0,1.0,1.0,0.7527869451861658,0.852744572945712,3,13
yolo26l-seg.pt,MOTS20-02,241,10,1,127,9,1,1,0.9,0.9,0.9,0.779309453108024,0.8709814776492899,5,15
yolo26l-seg.pt,MOTS20-02,242,10,1,129,10,0,0,1.0,1.0,1.0,0.7407152902968434,0.8457522058809996,5,15
yolo26l-seg.pt,MOTS20-02,243,10,1,125,10,1,0,0.9090909090909091,1.0,0.9523809523809523,0.7456070816090706,0.8488456141161389,5,16
yolo26l-seg.pt,MOTS20-02,244,10,1,119,10,1,0,0.9090909090909091,1.0,0.9523809523809523,0.7386909689789132,0.8446516252237453,6,17
yolo26l-seg.pt,MOTS20-02,245,10,1,128,9,0,1,1.0,0.9,0.9473684210526315,0.741085370958122,0.846196514606508,6,15
yolo26l-seg.pt,MOTS20-02,246,10,1,118,9,3,1,0.75,0.9,0.8181818181818182,0.7507612419365971,0.8536983981482689,6,18
yolo26l-seg.pt,MOTS20-02,247,10,1,129,10,2,0,0.8333333333333334,1.0,0.9090909090909091,0.7364391024214026,0.843505328570066,7,19
yolo26l-seg.pt,MOTS20-02,248,10,1,127,8,2,2,0.8,0.8,0.8,0.7492140166612384,0.8500923056360585,8,18
yolo26l-seg.pt,MOTS20-02,249,10,1,131,8,3,2,0.7272727272727273,0.8,0.7619047619047619,0.7750165240547784,0.86983057525091,6,17
yolo26l-seg.pt,MOTS20-02,250,10,1,119,9,2,1,0.8181818181818182,0.9,0.8571428571428571,0.7498745278630607,0.8521494949920457,8,19
yolo26l-seg.pt,MOTS20-02,251,10,1,122,9,1,1,0.9,0.9,0.9,0.7298713113886997,0.839365033734421,6,16
yolo26l-seg.pt,MOTS20-02,252,10,1,123,8,1,2,0.8888888888888888,0.8,0.8421052631578947,0.7607590388910879,0.861131159803236,7,16
yolo26l-seg.pt,MOTS20-02,253,9,1,128,9,1,0,0.9,1.0,0.9473684210526315,0.7008976063306351,0.8177309583099016,6,16
yolo26l-seg.pt,MOTS20-02,254,10,1,141,10,3,0,0.7692307692307693,1.0,0.8695652173913043,0.6888596488043817,0.8081424519308978,5,18
yolo26l-seg.pt,MOTS20-02,255,10,1,126,9,2,1,0.8181818181818182,0.9,0.8571428571428571,0.7355704442004162,0.8417628453827876,7,18
yolo26l-seg.pt,MOTS20-02,256,10,1,130,9,1,1,0.9,0.9,0.9,0.7429310351242372,0.8488919009705107,5,15
yolo26l-seg.pt,MOTS20-02,257,10,1,123,8,1,2,0.8888888888888888,0.8,0.8421052631578947,0.7772935898667745,0.8709813074061092,5,14
yolo26l-seg.pt,MOTS20-02,258,10,1,125,8,1,2,0.8888888888888888,0.8,0.8421052631578947,0.752287570423636,0.8514546245317636,5,14
yolo26l-seg.pt,MOTS20-02,259,11,1,111,9,1,2,0.9,0.8181818181818182,0.8571428571428571,0.7429804237747282,0.8460523228686356,5,15
yolo26l-seg.pt,MOTS20-02,260,11,1,100,9,1,2,0.9,0.8181818181818182,0.8571428571428571,0.7359596205314021,0.8404100324688231,5,15
yolo26l-seg.pt,MOTS20-02,261,11,1,107,10,0,1,1.0,0.9090909090909091,0.9523809523809523,0.7263525524090451,0.8366175939802811,4,14
yolo26l-seg.pt,MOTS20-02,262,11,1,99,10,0,1,1.0,0.9090909090909091,0.9523809523809523,0.7390983105854634,0.8437102193078742,4,14
yolo26l-seg.pt,MOTS20-02,263,11,1,100,10,0,1,1.0,0.9090909090909091,0.9523809523809523,0.7541812088226773,0.8549380085195587,5,15
yolo26l-seg.pt,MOTS20-02,264,12,1,117,9,0,3,1.0,0.75,0.8571428571428571,0.7749302429191206,0.8693212777454074,4,13
yolo26l-seg.pt,MOTS20-02,265,12,1,110,10,0,2,1.0,0.8333333333333334,0.9090909090909091,0.7707499272901844,0.8666769059198416,4,14
yolo26l-seg.pt,MOTS20-02,266,12,1,114,9,0,3,1.0,0.75,0.8571428571428571,0.7905398883382723,0.8789562633328535,3,12
yolo26l-seg.pt,MOTS20-02,267,12,1,118,10,0,2,1.0,0.8333333333333334,0.9090909090909091,0.7706216780728188,0.8652794873520799,3,13
yolo26l-seg.pt,MOTS20-02,268,12,1,119,10,0,2,1.0,0.8333333333333334,0.9090909090909091,0.7522698607913639,0.8537634496151822,3,13
yolo26l-seg.pt,MOTS20-02,269,12,1,121,10,0,2,1.0,0.8333333333333334,0.9090909090909091,0.7517354864055037,0.8543605086395702,3,13
yolo26l-seg.pt,MOTS20-02,270,12,1,112,10,0,2,1.0,0.8333333333333334,0.9090909090909091,0.7551797349741941,0.8558044158907314,4,14
yolo26l-seg.pt,MOTS20-02,271,12,1,103,10,0,2,1.0,0.8333333333333334,0.9090909090909091,0.7548369690150488,0.8551479297860972,3,13
yolo26l-seg.pt,MOTS20-02,272,12,1,105,10,0,2,1.0,0.8333333333333334,0.9090909090909091,0.7711674526932791,0.8670624790599115,1,11
yolo26l-seg.pt,MOTS20-02,273,13,1,116,11,0,2,1.0,0.8461538461538461,0.9166666666666666,0.7534249056572367,0.8549355960508008,2,13
yolo26l-seg.pt,MOTS20-02,274,13,1,124,10,0,3,1.0,0.7692307692307693,0.8695652173913043,0.7650745004414927,0.8625245788125653,2,12
yolo26l-seg.pt,MOTS20-02,275,13,1,106,11,0,2,1.0,0.8461538461538461,0.9166666666666666,0.757214599992383,0.8571113623652756,3,14
yolo26l-seg.pt,MOTS20-02,276,13,1,113,10,1,3,0.9090909090909091,0.7692307692307693,0.8333333333333334,0.7547031172840635,0.8541427956754786,2,13
yolo26l-seg.pt,MOTS20-02,277,13,1,114,9,2,4,0.8181818181818182,0.6923076923076923,0.75,0.7771360085012836,0.8692361993540927,2,13
yolo26l-seg.pt,MOTS20-02,278,13,1,123,10,1,3,0.9090909090909091,0.7692307692307693,0.8333333333333334,0.7546880449681966,0.8558994974582846,2,13
yolo26l-seg.pt,MOTS20-02,279,13,1,135,10,1,3,0.9090909090909091,0.7692307692307693,0.8333333333333334,0.7757064096384344,0.8707270374785496,3,14
yolo26l-seg.pt,MOTS20-02,280,13,1,123,9,1,4,0.9,0.6923076923076923,0.782608695652174,0.7883686242175827,0.8794097234120108,2,12
yolo26l-seg.pt,MOTS20-02,281,13,1,119,9,1,4,0.9,0.6923076923076923,0.782608695652174,0.7945798120969992,0.8825863391897248,4,14
yolo26l-seg.pt,MOTS20-02,282,13,1,121,11,1,2,0.9166666666666666,0.8461538461538461,0.88,0.7894371396532883,0.8790572482448272,3,15
yolo26l-seg.pt,MOTS20-02,283,13,1,116,11,2,2,0.8461538461538461,0.8461538461538461,0.8461538461538461,0.7725724163399422,0.86839357935587,2,15
yolo26l-seg.pt,MOTS20-02,284,13,1,131,11,1,2,0.9166666666666666,0.8461538461538461,0.88,0.7876150526831048,0.8781625169137978,3,15
yolo26l-seg.pt,MOTS20-02,285,12,1,124,10,2,2,0.8333333333333334,0.8333333333333334,0.8333333333333334,0.7896903083579664,0.8802300004865741,2,14
yolo26l-seg.pt,MOTS20-02,286,12,1,111,11,1,1,0.9166666666666666,0.9166666666666666,0.9166666666666666,0.7784152372624606,0.8726191904607427,1,13
yolo26l-seg.pt,MOTS20-02,287,12,1,122,11,1,1,0.9166666666666666,0.9166666666666666,0.9166666666666666,0.7645281861336835,0.8630833869645206,1,13
yolo26l-seg.pt,MOTS20-02,288,13,1,126,10,2,3,0.8333333333333334,0.7692307692307693,0.8,0.7719990878712363,0.8688720060828057,2,14
yolo26l-seg.pt,MOTS20-02,289,13,1,136,11,1,2,0.9166666666666666,0.8461538461538461,0.88,0.7388644622369059,0.8441766940010423,2,14
yolo26l-seg.pt,MOTS20-02,290,13,1,145,12,1,1,0.9230769230769231,0.9230769230769231,0.9230769230769231,0.7584390630860492,0.859540000687948,2,15
yolo26l-seg.pt,MOTS20-02,291,13,1,136,12,2,1,0.8571428571428571,0.9230769230769231,0.8888888888888888,0.7534503247928203,0.8558204140071063,2,16
yolo26l-seg.pt,MOTS20-02,292,13,1,122,10,2,3,0.8333333333333334,0.7692307692307693,0.8,0.7835282533223653,0.8756070023152693,1,13
yolo26l-seg.pt,MOTS20-02,293,13,1,141,11,1,2,0.9166666666666666,0.8461538461538461,0.88,0.7777077450416526,0.8716228699636143,2,14
yolo26l-seg.pt,MOTS20-02,294,13,1,140,11,0,2,1.0,0.8461538461538461,0.9166666666666666,0.7798149284040629,0.8731242209587879,2,13
yolo26l-seg.pt,MOTS20-02,295,13,1,140,10,0,3,1.0,0.7692307692307693,0.8695652173913043,0.7832565620217136,0.8750742325848057,3,13
yolo26l-seg.pt,MOTS20-02,296,13,1,125,11,0,2,1.0,0.8461538461538461,0.9166666666666666,0.7312715489563358,0.837986235499956,2,13
yolo26l-seg.pt,MOTS20-02,297,13,1,130,10,1,3,0.9090909090909091,0.7692307692307693,0.8333333333333334,0.7770795686960692,0.8709506387829554,2,13
yolo26l-seg.pt,MOTS20-02,298,12,1,122,11,1,1,0.9166666666666666,0.9166666666666666,0.9166666666666666,0.7596129487881936,0.8569086825329175,2,14
yolo26l-seg.pt,MOTS20-02,299,12,1,125,9,1,3,0.9,0.75,0.8181818181818182,0.7914327247580586,0.8788764818966581,4,14
yolo26l-seg.pt,MOTS20-02,300,12,1,125,10,0,2,1.0,0.8333333333333334,0.9090909090909091,0.7903685218122525,0.8794566399410364,5,15
yolo26l-seg.pt,MOTS20-02,301,12,1,117,9,1,3,0.9,0.75,0.8181818181818182,0.8064977228668546,0.8904935210663688,5,15
yolo26l-seg.pt,MOTS20-02,302,12,1,121,9,1,3,0.9,0.75,0.8181818181818182,0.8058139065350753,0.8901568370556053,5,15
yolo26l-seg.pt,MOTS20-02,303,12,1,119,9,1,3,0.9,0.75,0.8181818181818182,0.8206703145790094,0.8994833640005313,4,14
yolo26l-seg.pt,MOTS20-02,304,13,1,118,10,0,3,1.0,0.7692307692307693,0.8695652173913043,0.8084599870072978,0.8925204524955331,3,13
yolo26l-seg.pt,MOTS20-02,305,13,1,110,10,0,3,1.0,0.7692307692307693,0.8695652173913043,0.8251158933398999,0.9030955672263248,4,14
yolo26l-seg.pt,MOTS20-02,306,13,1,107,10,0,3,1.0,0.7692307692307693,0.8695652173913043,0.8250746103715672,0.9029032123432955,3,13
yolo26l-seg.pt,MOTS20-02,307,14,1,118,10,0,4,1.0,0.7142857142857143,0.8333333333333334,0.8257922778205746,0.9033839239002823,2,12
yolo26l-seg.pt,MOTS20-02,308,14,1,105,11,0,3,1.0,0.7857142857142857,0.88,0.8230413758308011,0.9013316842174809,3,14
yolo26l-seg.pt,MOTS20-02,309,13,1,102,9,0,4,1.0,0.6923076923076923,0.8181818181818182,0.8250215544968056,0.902068549931361,3,12
yolo26l-seg.pt,MOTS20-02,310,13,1,116,9,0,4,1.0,0.6923076923076923,0.8181818181818182,0.8311960396004914,0.9060812939144327,3,12
yolo26l-seg.pt,MOTS20-02,311,13,1,108,11,0,2,1.0,0.8461538461538461,0.9166666666666666,0.7746959642812389,0.8673244340669577,3,14
yolo26l-seg.pt,MOTS20-02,312,13,1,108,10,0,3,1.0,0.7692307692307693,0.8695652173913043,0.8086827299677732,0.890940717199436,3,13
yolo26l-seg.pt,MOTS20-02,313,13,1,110,10,0,3,1.0,0.7692307692307693,0.8695652173913043,0.8057683702129118,0.8887464243521533,3,13
yolo26l-seg.pt,MOTS20-02,314,13,1,108,11,1,2,0.9166666666666666,0.8461538461538461,0.88,0.8048433717851982,0.8881837150910854,3,15
yolo26l-seg.pt,MOTS20-02,315,13,1,113,11,1,2,0.9166666666666666,0.8461538461538461,0.88,0.8048775775256112,0.8880355089862788,3,15
yolo26l-seg.pt,MOTS20-02,316,13,1,105,11,0,2,1.0,0.8461538461538461,0.9166666666666666,0.7984897742904367,0.884503692659052,3,14
yolo26l-seg.pt,MOTS20-02,317,13,1,118,11,0,2,1.0,0.8461538461538461,0.9166666666666666,0.7825772591169511,0.873839642434092,3,14
yolo26l-seg.pt,MOTS20-02,318,13,1,106,10,0,3,1.0,0.7692307692307693,0.8695652173913043,0.8143239843175059,0.8953645773188491,3,13
yolo26l-seg.pt,MOTS20-02,319,13,1,101,10,0,3,1.0,0.7692307692307693,0.8695652173913043,0.8193453249413196,0.8979073680012138,3,13
yolo26l-seg.pt,MOTS20-02,320,13,1,108,10,0,3,1.0,0.7692307692307693,0.8695652173913043,0.8286292699623898,0.9041123256332847,3,13
yolo26l-seg.pt,MOTS20-02,321,13,1,122,10,0,3,1.0,0.7692307692307693,0.8695652173913043,0.8121739621563302,0.8928413426653931,3,13
yolo26l-seg.pt,MOTS20-02,322,13,1,97,10,0,3,1.0,0.7692307692307693,0.8695652173913043,0.8096319277847522,0.8912956404425685,4,14
yolo26l-seg.pt,MOTS20-02,323,12,1,111,9,0,3,1.0,0.75,0.8571428571428571,0.794568025999838,0.8817911586081095,4,13
yolo26l-seg.pt,MOTS20-02,324,12,1,119,9,1,3,0.9,0.75,0.8181818181818182,0.8103183831615417,0.8921880496674499,5,15
yolo26l-seg.pt,MOTS20-02,325,12,1,111,10,1,2,0.9090909090909091,0.8333333333333334,0.8695652173913043,0.7754317151415824,0.8695794840520081,6,17
yolo26l-seg.pt,MOTS20-02,326,12,1,131,10,0,2,1.0,0.8333333333333334,0.9090909090909091,0.7661611067768106,0.8607540626563066,5,15
yolo26l-seg.pt,MOTS20-02,327,12,1,119,9,1,3,0.9,0.75,0.8181818181818182,0.7789732635722653,0.871523337026523,5,15
yolo26l-seg.pt,MOTS20-02,328,12,1,134,9,0,3,1.0,0.75,0.8571428571428571,0.7741411284263838,0.868475184767666,5,14
yolo26l-seg.pt,MOTS20-02,329,12,1,135,10,1,2,0.9090909090909091,0.8333333333333334,0.8695652173913043,0.7551299746875507,0.8548965833210695,5,16
yolo26l-seg.pt,MOTS20-02,330,12,1,144,10,0,2,1.0,0.8333333333333334,0.9090909090909091,0.7584721665419105,0.8579407703073842,5,15
yolo26l-seg.pt,MOTS20-02,331,12,1,133,8,2,4,0.8,0.6666666666666666,0.7272727272727273,0.7947893465211141,0.8817700708499197,5,15
yolo26l-seg.pt,MOTS20-02,332,12,1,133,8,2,4,0.8,0.6666666666666666,0.7272727272727273,0.8053763854907461,0.8881130553272022,5,15
yolo26l-seg.pt,MOTS20-02,333,12,1,136,7,1,5,0.875,0.5833333333333334,0.7,0.8385250922672485,0.9109625266230008,7,15
yolo26l-seg.pt,MOTS20-02,334,11,1,124,7,2,4,0.7777777777777778,0.6363636363636364,0.7,0.832806398700701,0.907542856086042,5,14
yolo26l-seg.pt,MOTS20-02,335,12,1,133,9,1,3,0.9,0.75,0.8181818181818182,0.7931970993689504,0.882421178028977,4,14
yolo26l-seg.pt,MOTS20-02,336,12,1,124,8,2,4,0.8,0.6666666666666666,0.7272727272727273,0.7891184625828105,0.8802080136508477,4,14
yolo26l-seg.pt,MOTS20-02,337,11,1,124,7,2,4,0.7777777777777778,0.6363636363636364,0.7,0.7816297116136315,0.8744041685750228,4,13
yolo26l-seg.pt,MOTS20-02,338,10,1,126,7,2,3,0.7777777777777778,0.7,0.7368421052631579,0.8197795625825491,0.8997673023863817,7,16
yolo26l-seg.pt,MOTS20-02,339,9,1,129,7,3,2,0.7,0.7777777777777778,0.7368421052631579,0.8297786506444591,0.9046112322902452,6,16
yolo26l-seg.pt,MOTS20-02,340,8,1,120,7,2,1,0.7777777777777778,0.875,0.8235294117647058,0.8300505251322671,0.9059730601130697,6,15
yolo26l-seg.pt,MOTS20-02,341,8,1,137,7,1,1,0.875,0.875,0.875,0.785828867046335,0.875552198683384,5,13
yolo26l-seg.pt,MOTS20-02,342,8,1,141,7,2,1,0.7777777777777778,0.875,0.8235294117647058,0.7847345338327539,0.8740018134448276,5,14
yolo26l-seg.pt,MOTS20-02,343,8,1,153,7,3,1,0.7,0.875,0.7777777777777778,0.8024898023136019,0.8881167978828456,4,14
yolo26l-seg.pt,MOTS20-02,344,8,1,139,7,2,1,0.7777777777777778,0.875,0.8235294117647058,0.8055369638759401,0.8896372456103095,5,14
yolo26l-seg.pt,MOTS20-02,345,8,1,144,7,0,1,1.0,0.875,0.9333333333333333,0.7869855327987245,0.8759481041786773,6,13
yolo26l-seg.pt,MOTS20-02,346,8,1,139,6,1,2,0.8571428571428571,0.75,0.8,0.782541707901936,0.8711471721685232,6,13
yolo26l-seg.pt,MOTS20-02,347,8,1,140,6,0,2,1.0,0.75,0.8571428571428571,0.8182630988988335,0.8983122381824057,6,12
yolo26l-seg.pt,MOTS20-02,348,8,1,138,7,1,1,0.875,0.875,0.875,0.7799156707735839,0.8724863260967691,5,13
yolo26l-seg.pt,MOTS20-02,349,9,1,136,6,1,3,0.8571428571428571,0.6666666666666666,0.75,0.7964914541839762,0.8844271555816365,6,13
yolo26l-seg.pt,MOTS20-02,350,9,1,150,5,1,4,0.8333333333333334,0.5555555555555556,0.6666666666666666,0.8121848367110678,0.8953061446765362,5,11
yolo26l-seg.pt,MOTS20-02,351,9,1,145,7,0,2,1.0,0.7777777777777778,0.875,0.7692565922647377,0.8664586668163083,5,12
yolo26l-seg.pt,MOTS20-02,352,9,1,137,6,1,3,0.8571428571428571,0.6666666666666666,0.75,0.7533576097583169,0.854012891245017,4,11
yolo26l-seg.pt,MOTS20-02,353,10,1,143,8,1,2,0.8888888888888888,0.8,0.8421052631578947,0.777935552112928,0.8705498987946647,3,12
yolo26l-seg.pt,MOTS20-02,354,11,1,135,8,1,3,0.8888888888888888,0.7272727272727273,0.8,0.7629760348006996,0.8606070047708891,5,14
yolo26l-seg.pt,MOTS20-02,355,9,1,134,7,0,2,1.0,0.7777777777777778,0.875,0.7915246268297249,0.8814444132900274,4,11
yolo26l-seg.pt,MOTS20-02,356,9,1,133,7,0,2,1.0,0.7777777777777778,0.875,0.7853110591181495,0.8763411289356409,6,13
yolo26l-seg.pt,MOTS20-02,357,9,1,137,7,0,2,1.0,0.7777777777777778,0.875,0.8264547390892881,0.9037635928403646,4,11
yolo26l-seg.pt,MOTS20-02,358,10,1,132,7,0,3,1.0,0.7,0.8235294117647058,0.8152259316514963,0.8968449714801235,3,10
yolo26l-seg.pt,MOTS20-02,359,10,1,126,7,0,3,1.0,0.7,0.8235294117647058,0.8115480282019842,0.8943229122318576,4,11
yolo26l-seg.pt,MOTS20-02,360,10,1,134,7,0,3,1.0,0.7,0.8235294117647058,0.8020668333165906,0.8870241901347004,3,10
yolo26l-seg.pt,MOTS20-02,361,10,1,147,7,0,3,1.0,0.7,0.8235294117647058,0.8030869294824308,0.8874397840621507,3,10
yolo26l-seg.pt,MOTS20-02,362,9,1,133,6,1,3,0.8571428571428571,0.6666666666666666,0.75,0.8521517298461198,0.9199197475403939,3,10
yolo26l-seg.pt,MOTS20-02,363,9,1,137,7,1,2,0.875,0.7777777777777778,0.8235294117647058,0.8329832031202017,0.9083651624011022,3,11
yolo26l-seg.pt,MOTS20-02,364,9,1,137,7,0,2,1.0,0.7777777777777778,0.875,0.8206112121194548,0.9005156376466361,4,11
yolo26l-seg.pt,MOTS20-02,365,9,1,146,5,0,4,1.0,0.5555555555555556,0.7142857142857143,0.8407298720244771,0.9128431497520648,4,9
yolo26l-seg.pt,MOTS20-02,366,9,1,141,6,0,3,1.0,0.6666666666666666,0.8,0.8348193340766116,0.9095132994619081,4,10
yolo26l-seg.pt,MOTS20-02,367,8,1,147,6,0,2,1.0,0.75,0.8571428571428571,0.8245908130181895,0.9031500253302392,4,10
yolo26l-seg.pt,MOTS20-02,368,8,1,138,6,0,2,1.0,0.75,0.8571428571428571,0.8245948275707552,0.9035489301134415,4,10
yolo26l-seg.pt,MOTS20-02,369,8,1,133,6,1,2,0.8571428571428571,0.75,0.8,0.8342151359221214,0.9091791165870348,4,11
yolo26l-seg.pt,MOTS20-02,370,8,1,138,6,1,2,0.8571428571428571,0.75,0.8,0.8333376176440574,0.9086703055157296,5,12
yolo26l-seg.pt,MOTS20-02,371,7,1,134,6,1,1,0.8571428571428571,0.8571428571428571,0.8571428571428571,0.8274182411273664,0.9048192001414109,6,13
yolo26l-seg.pt,MOTS20-02,372,8,1,127,7,0,1,1.0,0.875,0.9333333333333333,0.7892305982393142,0.8784430311710595,6,13
yolo26l-seg.pt,MOTS20-02,373,9,1,117,7,1,2,0.875,0.7777777777777778,0.8235294117647058,0.8000986392961077,0.8871686053054614,5,13
yolo26l-seg.pt,MOTS20-02,374,9,1,118,8,0,1,1.0,0.8888888888888888,0.9411764705882353,0.7719538330696791,0.8673201206655883,3,11
yolo26l-seg.pt,MOTS20-02,375,9,1,111,8,1,1,0.8888888888888888,0.8888888888888888,0.8888888888888888,0.7915465796032533,0.8804609856257026,4,13
yolo26l-seg.pt,MOTS20-02,376,9,1,122,7,1,2,0.875,0.7777777777777778,0.8235294117647058,0.8274018840654364,0.9047462199506977,5,13
yolo26l-seg.pt,MOTS20-02,377,9,1,124,8,0,1,1.0,0.8888888888888888,0.9411764705882353,0.7948631523438391,0.881450596790776,4,12
yolo26l-seg.pt,MOTS20-02,378,9,1,123,8,1,1,0.8888888888888888,0.8888888888888888,0.8888888888888888,0.8054429716115588,0.8887255406958641,5,14
yolo26l-seg.pt,MOTS20-02,379,9,1,122,8,0,1,1.0,0.8888888888888888,0.9411764705882353,0.7924344648087576,0.879963057398342,4,12
yolo26l-seg.pt,MOTS20-02,380,10,1,129,7,0,3,1.0,0.7,0.8235294117647058,0.7865111558689749,0.8764701349893167,4,11
yolo26l-seg.pt,MOTS20-02,381,10,1,143,7,0,3,1.0,0.7,0.8235294117647058,0.8063357026466405,0.8889862915711418,4,11
yolo26l-seg.pt,MOTS20-02,382,10,1,135,7,1,3,0.875,0.7,0.7777777777777778,0.8073420462572797,0.8905952494188377,3,11
yolo26l-seg.pt,MOTS20-02,383,11,1,133,8,0,3,1.0,0.7272727272727273,0.8421052631578947,0.8122939499373252,0.8930304818654036,3,11
yolo26l-seg.pt,MOTS20-02,384,9,1,120,8,1,1,0.8888888888888888,0.8888888888888888,0.8888888888888888,0.8192076003099515,0.8965865938402142,3,12
yolo26l-seg.pt,MOTS20-02,385,10,1,122,8,0,2,1.0,0.8,0.8888888888888888,0.8121072574723258,0.8929187816249315,3,11
yolo26l-seg.pt,MOTS20-02,386,9,1,129,8,0,1,1.0,0.8888888888888888,0.9411764705882353,0.8103321261826387,0.892772981332622,4,12
yolo26l-seg.pt,MOTS20-02,387,8,1,113,7,0,1,1.0,0.875,0.9333333333333333,0.8383176801220559,0.9112620817703334,5,12
yolo26l-seg.pt,MOTS20-02,388,8,1,118,7,0,1,1.0,0.875,0.9333333333333333,0.8372922198278595,0.9102966183485454,5,12
yolo26l-seg.pt,MOTS20-02,389,8,1,116,8,0,0,1.0,1.0,1.0,0.8164951352184524,0.8969455143205485,4,12
yolo26l-seg.pt,MOTS20-02,390,8,1,116,8,0,0,1.0,1.0,1.0,0.8004718046474284,0.8859873190372913,4,12
yolo26l-seg.pt,MOTS20-02,391,8,1,119,8,0,0,1.0,1.0,1.0,0.8164309625087427,0.8962640986714446,3,11
yolo26l-seg.pt,MOTS20-02,392,8,1,119,8,0,0,1.0,1.0,1.0,0.8125313670373846,0.893804286638634,3,11
yolo26l-seg.pt,MOTS20-02,393,8,1,117,8,0,0,1.0,1.0,1.0,0.8339176561135565,0.9073449276426603,6,14
yolo26l-seg.pt,MOTS20-02,394,8,1,116,8,0,0,1.0,1.0,1.0,0.8148803554800067,0.8953514210751554,3,11
yolo26l-seg.pt,MOTS20-02,395,8,1,122,8,0,0,1.0,1.0,1.0,0.8073306524824738,0.8899422229914953,1,9
yolo26l-seg.pt,MOTS20-02,396,8,1,110,8,0,0,1.0,1.0,1.0,0.7993893535223391,0.8854911214935172,1,9
yolo26l-seg.pt,MOTS20-02,397,8,1,102,8,0,0,1.0,1.0,1.0,0.8221053304456851,0.9003646041845155,2,10
yolo26l-seg.pt,MOTS20-02,398,7,1,123,7,0,0,1.0,1.0,1.0,0.8325680510755077,0.9073413166866146,3,10
yolo26l-seg.pt,MOTS20-02,399,7,1,122,7,0,0,1.0,1.0,1.0,0.8168037903323222,0.897676047193476,3,10
yolo26l-seg.pt,MOTS20-02,400,7,1,124,7,1,0,0.875,1.0,0.9333333333333333,0.8335379006630437,0.9081566765446715,2,10
yolo26l-seg.pt,MOTS20-02,401,7,1,126,7,1,0,0.875,1.0,0.9333333333333333,0.8438880665823464,0.9147844627684943,2,10
yolo26l-seg.pt,MOTS20-02,402,7,1,122,7,1,0,0.875,1.0,0.9333333333333333,0.8368896509020921,0.9105090430277389,2,10
yolo26l-seg.pt,MOTS20-02,403,8,1,131,7,0,1,1.0,0.875,0.9333333333333333,0.8303553300346441,0.9062608771126744,3,10
yolo26l-seg.pt,MOTS20-02,404,8,1,119,7,1,1,0.875,0.875,0.875,0.8333015322403508,0.9070678705762261,2,10
yolo26l-seg.pt,MOTS20-02,405,9,1,108,7,0,2,1.0,0.7777777777777778,0.875,0.8316917108048514,0.9067664379987402,3,10
yolo26l-seg.pt,MOTS20-02,406,9,1,106,7,1,2,0.875,0.7777777777777778,0.8235294117647058,0.822003987084287,0.9005667124635324,3,11
yolo26l-seg.pt,MOTS20-02,407,9,1,130,8,1,1,0.8888888888888888,0.8888888888888888,0.8888888888888888,0.8291945379611654,0.9051776698144585,2,11
yolo26l-seg.pt,MOTS20-02,408,9,1,109,7,1,2,0.875,0.7777777777777778,0.8235294117647058,0.8225858680264688,0.9012935200425546,2,10
yolo26l-seg.pt,MOTS20-02,409,9,1,129,8,1,1,0.8888888888888888,0.8888888888888888,0.8888888888888888,0.8106862325563822,0.8934860974076606,2,11
yolo26l-seg.pt,MOTS20-02,410,9,1,117,9,0,0,1.0,1.0,1.0,0.7838808581400036,0.8746400938331964,3,12
yolo26l-seg.pt,MOTS20-02,411,9,1,112,9,0,0,1.0,1.0,1.0,0.7753882264825178,0.8679800748534113,2,11
yolo26l-seg.pt,MOTS20-02,412,9,1,119,9,0,0,1.0,1.0,1.0,0.7624276668160708,0.860546142251277,1,10
yolo26l-seg.pt,MOTS20-02,413,9,1,122,9,0,0,1.0,1.0,1.0,0.7938274346476683,0.8819251234785548,4,13
yolo26l-seg.pt,MOTS20-02,414,9,1,122,9,0,0,1.0,1.0,1.0,0.793984211789086,0.8816085418363167,2,11
yolo26l-seg.pt,MOTS20-02,415,10,1,114,9,0,1,1.0,0.9,0.9473684210526315,0.7880775181723991,0.8780695326723167,2,11
yolo26l-seg.pt,MOTS20-02,416,10,1,109,9,0,1,1.0,0.9,0.9473684210526315,0.7857474196213474,0.876673649338441,2,11
yolo26l-seg.pt,MOTS20-02,417,9,1,114,8,0,1,1.0,0.8888888888888888,0.9411764705882353,0.7926692702431397,0.8813146952524128,2,10
yolo26l-seg.pt,MOTS20-02,418,9,1,103,8,0,1,1.0,0.8888888888888888,0.9411764705882353,0.808961836210314,0.8916305374436952,3,11
yolo26l-seg.pt,MOTS20-02,419,9,1,109,8,0,1,1.0,0.8888888888888888,0.9411764705882353,0.8189896110584218,0.8981998590632952,4,12
yolo26l-seg.pt,MOTS20-02,420,9,1,122,8,2,1,0.8,0.8888888888888888,0.8421052631578947,0.7975506971367613,0.8853935789821255,3,13
yolo26l-seg.pt,MOTS20-02,421,9,1,108,8,0,1,1.0,0.8888888888888888,0.9411764705882353,0.7963699497759978,0.8854338399928617,2,10
yolo26l-seg.pt,MOTS20-02,422,9,1,107,8,1,1,0.8888888888888888,0.8888888888888888,0.8888888888888888,0.8055550358093475,0.890961203427503,2,11
yolo26l-seg.pt,MOTS20-02,423,9,1,123,9,0,0,1.0,1.0,1.0,0.7652432481897563,0.8629471121108049,1,10
yolo26l-seg.pt,MOTS20-02,424,9,1,134,9,1,0,0.9,1.0,0.9473684210526315,0.7703530359262274,0.8682387405091998,1,11
yolo26l-seg.pt,MOTS20-02,425,9,1,133,9,0,0,1.0,1.0,1.0,0.7593771408700266,0.8598712076052879,1,10
yolo26l-seg.pt,MOTS20-02,426,10,1,131,8,0,2,1.0,0.8,0.8888888888888888,0.7863575545742194,0.8789229215695599,1,9
yolo26l-seg.pt,MOTS20-02,427,10,1,107,9,2,1,0.8181818181818182,0.9,0.8571428571428571,0.7689219488750092,0.8664240175118665,2,13
yolo26l-seg.pt,MOTS20-02,428,10,1,116,10,2,0,0.8333333333333334,1.0,0.9090909090909091,0.7900154334976798,0.8809637154154693,2,14
yolo26l-seg.pt,MOTS20-02,429,10,1,100,10,1,0,0.9090909090909091,1.0,0.9523809523809523,0.8118191459600794,0.8943994791369807,1,12
yolo26l-seg.pt,MOTS20-02,430,11,1,104,10,2,1,0.8333333333333334,0.9090909090909091,0.8695652173913043,0.8139790071435306,0.8960921656121759,1,13
yolo26l-seg.pt,MOTS20-02,431,11,1,109,10,1,1,0.9090909090909091,0.9090909090909091,0.9090909090909091,0.7955279766070772,0.8841631724677901,0,11
yolo26l-seg.pt,MOTS20-02,432,11,1,112,10,1,1,0.9090909090909091,0.9090909090909091,0.9090909090909091,0.8041815119071651,0.8876027916395544,0,11
yolo26l-seg.pt,MOTS20-02,433,11,1,107,10,0,1,1.0,0.9090909090909091,0.9523809523809523,0.8082099694933508,0.8918392617229871,1,11
yolo26l-seg.pt,MOTS20-02,434,11,1,123,10,1,1,0.9090909090909091,0.9090909090909091,0.9090909090909091,0.8024134559300474,0.8853320674385514,3,14
yolo26l-seg.pt,MOTS20-02,435,11,1,113,10,1,1,0.9090909090909091,0.9090909090909091,0.9090909090909091,0.8066822159490676,0.8891973632132466,3,14
yolo26l-seg.pt,MOTS20-02,436,11,1,120,9,2,2,0.8181818181818182,0.8181818181818182,0.8181818181818182,0.8371176556890059,0.9095242034235018,3,14
yolo26l-seg.pt,MOTS20-02,437,10,1,122,9,0,1,1.0,0.9,0.9473684210526315,0.8181399941868345,0.8982943897429254,3,12
yolo26l-seg.pt,MOTS20-02,438,9,1,123,8,1,1,0.8888888888888888,0.8888888888888888,0.8888888888888888,0.8314273033390583,0.9067129145201004,2,11
yolo26l-seg.pt,MOTS20-02,439,9,1,114,9,0,0,1.0,1.0,1.0,0.7839410849940687,0.875272459483332,1,10
yolo26l-seg.pt,MOTS20-02,440,9,1,123,7,0,2,1.0,0.7777777777777778,0.875,0.8181384201235014,0.8989446343457602,1,8
yolo26l-seg.pt,MOTS20-02,441,10,1,129,8,1,2,0.8888888888888888,0.8,0.8421052631578947,0.8161559159570737,0.8977863485546734,1,10
yolo26l-seg.pt,MOTS20-02,442,10,1,148,7,0,3,1.0,0.7,0.8235294117647058,0.8045823523365103,0.890244725384724,1,8
yolo26l-seg.pt,MOTS20-02,443,9,1,137,9,0,0,1.0,1.0,1.0,0.8011331314698196,0.8881137678888397,1,10
yolo26l-seg.pt,MOTS20-02,444,10,1,127,10,0,0,1.0,1.0,1.0,0.7774014660239432,0.8701864842314462,1,11
yolo26l-seg.pt,MOTS20-02,445,11,1,136,9,2,2,0.8181818181818182,0.8181818181818182,0.8181818181818182,0.7847650144665095,0.8760802382662843,1,12
yolo26l-seg.pt,MOTS20-02,446,12,1,117,11,1,1,0.9166666666666666,0.9166666666666666,0.9166666666666666,0.7889919855702862,0.8799623754546754,3,15
yolo26l-seg.pt,MOTS20-02,447,12,1,110,11,2,1,0.8461538461538461,0.9166666666666666,0.88,0.7571988754105802,0.857929153611833,4,17
yolo26l-seg.pt,MOTS20-02,448,12,1,112,10,1,2,0.9090909090909091,0.8333333333333334,0.8695652173913043,0.7474848210450413,0.8509035490040618,3,14
yolo26l-seg.pt,MOTS20-02,449,11,1,114,9,0,2,1.0,0.8181818181818182,0.9,0.7724085305154433,0.8672981509409377,4,13
yolo26l-seg.pt,MOTS20-02,450,10,1,123,9,1,1,0.9,0.9,0.9,0.7691819675489923,0.8637746973722157,6,16
yolo26l-seg.pt,MOTS20-02,451,12,1,124,9,0,3,1.0,0.75,0.8571428571428571,0.7818459976240527,0.8733749501189146,4,13
yolo26l-seg.pt,MOTS20-02,452,11,1,111,10,0,1,1.0,0.9090909090909091,0.9523809523809523,0.7880763969528781,0.8787346703974649,3,13
yolo26l-seg.pt,MOTS20-02,453,12,1,119,10,0,2,1.0,0.8333333333333334,0.9090909090909091,0.7246101129876952,0.8351014890445239,3,13
yolo26l-seg.pt,MOTS20-02,454,12,1,120,8,0,4,1.0,0.6666666666666666,0.8,0.7897634672161801,0.8799592847070923,2,10
yolo26l-seg.pt,MOTS20-02,455,12,1,121,9,0,3,1.0,0.75,0.8571428571428571,0.754681828429521,0.8560077850747523,5,14
yolo26l-seg.pt,MOTS20-02,456,13,1,124,8,0,5,1.0,0.6153846153846154,0.7619047619047619,0.7859341596403928,0.8771476898651938,7,15
yolo26l-seg.pt,MOTS20-02,457,12,1,109,8,0,4,1.0,0.6666666666666666,0.8,0.7847511233057582,0.8773335598065318,5,13
yolo26l-seg.pt,MOTS20-02,458,12,1,102,7,0,5,1.0,0.5833333333333334,0.7368421052631579,0.7938166703830454,0.8810198698183503,3,10
yolo26l-seg.pt,MOTS20-02,459,14,1,98,7,0,7,1.0,0.5,0.6666666666666666,0.812363406911081,0.8941121986698761,4,11
yolo26l-seg.pt,MOTS20-02,460,13,1,108,8,0,5,1.0,0.6153846153846154,0.7619047619047619,0.7964996590548101,0.8833335004871137,2,10
yolo26l-seg.pt,MOTS20-02,461,12,1,111,9,0,3,1.0,0.75,0.8571428571428571,0.7609766493147564,0.8606966418949604,2,11
yolo26l-seg.pt,MOTS20-02,462,12,1,106,10,0,2,1.0,0.8333333333333334,0.9090909090909091,0.7588246628823578,0.8561100614830893,2,12
yolo26l-seg.pt,MOTS20-02,463,12,1,118,9,0,3,1.0,0.75,0.8571428571428571,0.8057357707072847,0.8906456741179051,2,11
yolo26l-seg.pt,MOTS20-02,464,12,1,99,10,0,2,1.0,0.8333333333333334,0.9090909090909091,0.79543793235799,0.8823139564296871,3,13
yolo26l-seg.pt,MOTS20-02,465,12,1,125,10,0,2,1.0,0.8333333333333334,0.9090909090909091,0.7899930840002852,0.87852271701289,3,13
yolo26l-seg.pt,MOTS20-02,466,12,1,120,8,1,4,0.8888888888888888,0.6666666666666666,0.7619047619047619,0.8281180942324153,0.903871723070186,2,11
yolo26l-seg.pt,MOTS20-02,467,12,1,109,9,0,3,1.0,0.75,0.8571428571428571,0.7967422273819562,0.8814990207516191,2,11
yolo26l-seg.pt,MOTS20-02,468,12,1,103,8,1,4,0.8888888888888888,0.6666666666666666,0.7619047619047619,0.844452837322581,0.9148863455721773,3,12
yolo26l-seg.pt,MOTS20-02,469,12,1,110,9,0,3,1.0,0.75,0.8571428571428571,0.7703856770785225,0.8634404630489002,3,12
yolo26l-seg.pt,MOTS20-02,470,11,1,118,10,0,1,1.0,0.9090909090909091,0.9523809523809523,0.8075279588543177,0.8901323269660815,4,14
yolo26l-seg.pt,MOTS20-02,471,13,1,122,10,0,3,1.0,0.7692307692307693,0.8695652173913043,0.7876607941021891,0.8781889233558784,3,13
yolo26l-seg.pt,MOTS20-02,472,12,1,122,10,1,2,0.9090909090909091,0.8333333333333334,0.8695652173913043,0.7755919465090517,0.8691488802899876,4,15
yolo26l-seg.pt,MOTS20-02,473,13,1,122,9,1,4,0.9,0.6923076923076923,0.782608695652174,0.8315503908682489,0.9067302818897959,4,14
yolo26l-seg.pt,MOTS20-02,474,14,1,129,11,0,3,1.0,0.7857142857142857,0.88,0.7952258847716492,0.8797569466762575,3,14
yolo26l-seg.pt,MOTS20-02,475,14,1,125,9,2,5,0.8181818181818182,0.6428571428571429,0.72,0.8201877602725445,0.8994338481400665,3,14
yolo26l-seg.pt,MOTS20-02,476,14,1,117,9,1,5,0.9,0.6428571428571429,0.75,0.8448769864491074,0.9150232596992408,3,13
yolo26l-seg.pt,MOTS20-02,477,13,1,124,9,2,4,0.8181818181818182,0.6923076923076923,0.75,0.8403917092767106,0.9125031079225661,3,14
yolo26l-seg.pt,MOTS20-02,478,14,1,122,10,0,4,1.0,0.7142857142857143,0.8333333333333334,0.7934677612917788,0.8800744334678952,4,14
yolo26l-seg.pt,MOTS20-02,479,15,1,129,10,0,5,1.0,0.6666666666666666,0.8,0.8144966716053095,0.8945068988649408,3,13
yolo26l-seg.pt,MOTS20-02,480,15,1,118,10,0,5,1.0,0.6666666666666666,0.8,0.8244339602205327,0.9022701302788583,3,13
yolo26l-seg.pt,MOTS20-02,481,15,1,112,11,0,4,1.0,0.7333333333333333,0.8461538461538461,0.804215382001603,0.8889721544733025,4,15
yolo26l-seg.pt,MOTS20-02,482,15,1,125,11,0,4,1.0,0.7333333333333333,0.8461538461538461,0.8156846324488086,0.8958468471612258,4,15
yolo26l-seg.pt,MOTS20-02,483,15,1,117,10,0,5,1.0,0.6666666666666666,0.8,0.8231148628642316,0.9010104080467235,4,14
yolo26l-seg.pt,MOTS20-02,484,15,1,99,11,0,4,1.0,0.7333333333333333,0.8461538461538461,0.8166894893397938,0.8972397913064033,4,15
yolo26l-seg.pt,MOTS20-02,485,15,1,122,10,1,5,0.9090909090909091,0.6666666666666666,0.7692307692307693,0.8087948575743967,0.8926268952242274,4,15
yolo26l-seg.pt,MOTS20-02,486,16,1,126,10,1,6,0.9090909090909091,0.625,0.7407407407407407,0.82065703620169,0.8998097414569136,5,16
yolo26l-seg.pt,MOTS20-02,487,16,1,121,11,0,5,1.0,0.6875,0.8148148148148148,0.773664837215819,0.8696996403188682,4,15
yolo26l-seg.pt,MOTS20-02,488,14,1,127,10,0,4,1.0,0.7142857142857143,0.8333333333333334,0.7627274576282282,0.8625038146319209,5,15
yolo26l-seg.pt,MOTS20-02,489,14,1,126,10,0,4,1.0,0.7142857142857143,0.8333333333333334,0.7909633441612647,0.8799612206188774,5,15
yolo26l-seg.pt,MOTS20-02,490,15,1,114,9,0,6,1.0,0.6,0.75,0.8025434080196541,0.8886424531212572,4,13
yolo26l-seg.pt,MOTS20-02,491,15,1,105,11,0,4,1.0,0.7333333333333333,0.8461538461538461,0.7838361322858977,0.8758770930923716,5,16
yolo26l-seg.pt,MOTS20-02,492,14,1,111,11,1,3,0.9166666666666666,0.7857142857142857,0.8461538461538461,0.7508954123686991,0.853404434960633,5,17
yolo26l-seg.pt,MOTS20-02,493,16,1,116,12,1,4,0.9230769230769231,0.75,0.8275862068965517,0.7703047129483407,0.8667191506890619,4,17
yolo26l-seg.pt,MOTS20-02,494,15,1,120,11,2,4,0.8461538461538461,0.7333333333333333,0.7857142857142857,0.7413603570727325,0.8450480603403828,3,16
yolo26l-seg.pt,MOTS20-02,495,14,1,100,12,0,2,1.0,0.8571428571428571,0.9230769230769231,0.7503338489768848,0.8510669941065144,3,15
yolo26l-seg.pt,MOTS20-02,496,14,1,107,10,1,4,0.9090909090909091,0.7142857142857143,0.8,0.7875327980134637,0.8768144262104695,3,14
yolo26l-seg.pt,MOTS20-02,497,13,1,102,10,1,3,0.9090909090909091,0.7692307692307693,0.8333333333333334,0.7696834772093429,0.8666322357582782,3,14
yolo26l-seg.pt,MOTS20-02,498,13,1,91,11,0,2,1.0,0.8461538461538461,0.9166666666666666,0.739116200384819,0.8456790744103155,3,14
yolo26l-seg.pt,MOTS20-02,499,13,1,103,10,3,3,0.7692307692307693,0.7692307692307693,0.7692307692307693,0.7816068791599973,0.874933048192412,3,16
yolo26l-seg.pt,MOTS20-02,500,13,1,101,12,1,1,0.9230769230769231,0.9230769230769231,0.9230769230769231,0.7627362991690342,0.8610141724277834,3,16
yolo26l-seg.pt,MOTS20-02,501,13,1,102,13,0,0,1.0,1.0,1.0,0.7581853163180132,0.8573881238581039,3,16
yolo26l-seg.pt,MOTS20-02,502,13,1,118,13,0,0,1.0,1.0,1.0,0.7617510842832904,0.8584311619161183,3,16
yolo26l-seg.pt,MOTS20-02,503,13,1,124,12,2,1,0.8571428571428571,0.9230769230769231,0.8888888888888888,0.7845441309647225,0.8759228008745166,3,17
yolo26l-seg.pt,MOTS20-02,504,14,1,134,12,2,2,0.8571428571428571,0.8571428571428571,0.8571428571428571,0.7913314580842769,0.8806357713766446,3,17
yolo26l-seg.pt,MOTS20-02,505,14,1,112,12,1,2,0.9230769230769231,0.8571428571428571,0.8888888888888888,0.7839566902048936,0.8765906703853023,4,17
yolo26l-seg.pt,MOTS20-02,506,14,1,110,12,1,2,0.9230769230769231,0.8571428571428571,0.8888888888888888,0.7920360840709594,0.8818656082266069,4,17
yolo26l-seg.pt,MOTS20-02,507,15,1,115,11,2,4,0.8461538461538461,0.7333333333333333,0.7857142857142857,0.7848571419834875,0.8763895756337078,4,17
yolo26l-seg.pt,MOTS20-02,508,14,1,108,11,1,3,0.9166666666666666,0.7857142857142857,0.8461538461538461,0.7755676914600321,0.8694409351806652,3,15
yolo26l-seg.pt,MOTS20-02,509,14,1,97,12,1,2,0.9230769230769231,0.8571428571428571,0.8888888888888888,0.7852803857499522,0.8749262269028306,3,16
yolo26l-seg.pt,MOTS20-02,510,14,1,107,11,1,3,0.9166666666666666,0.7857142857142857,0.8461538461538461,0.8000305295633172,0.8847040857126346,3,15
yolo26l-seg.pt,MOTS20-02,511,14,1,94,10,2,4,0.8333333333333334,0.7142857142857143,0.7692307692307693,0.8230095228426124,0.9014840160286768,3,15
yolo26l-seg.pt,MOTS20-02,512,14,1,98,11,0,3,1.0,0.7857142857142857,0.88,0.7805059365165451,0.8713481125273119,3,14
yolo26l-seg.pt,MOTS20-02,513,14,1,101,11,1,3,0.9166666666666666,0.7857142857142857,0.8461538461538461,0.7811187578826299,0.8729224181593369,3,15
yolo26l-seg.pt,MOTS20-02,514,14,1,104,11,1,3,0.9166666666666666,0.7857142857142857,0.8461538461538461,0.7922381781967572,0.8803886228931765,3,15
yolo26l-seg.pt,MOTS20-02,515,14,1,99,11,1,3,0.9166666666666666,0.7857142857142857,0.8461538461538461,0.7836776044071244,0.8749643138578268,3,15
yolo26l-seg.pt,MOTS20-02,516,14,1,104,11,1,3,0.9166666666666666,0.7857142857142857,0.8461538461538461,0.814257897829902,0.8961884382395424,4,16
yolo26l-seg.pt,MOTS20-02,517,13,1,118,9,1,4,0.9,0.6923076923076923,0.782608695652174,0.8153654446293817,0.8976497461293778,5,15
yolo26l-seg.pt,MOTS20-02,518,13,1,118,9,1,4,0.9,0.6923076923076923,0.782608695652174,0.8207234096696001,0.9005726951333942,4,14
yolo26l-seg.pt,MOTS20-02,519,13,1,117,9,1,4,0.9,0.6923076923076923,0.782608695652174,0.8048448645238663,0.8900784307761147,5,15
yolo26l-seg.pt,MOTS20-02,520,12,1,119,11,0,1,1.0,0.9166666666666666,0.9565217391304348,0.7796400377262388,0.8732145006056179,5,16
yolo26l-seg.pt,MOTS20-02,521,12,1,124,10,0,2,1.0,0.8333333333333334,0.9090909090909091,0.7957772018441366,0.8845040246425462,5,15
yolo26l-seg.pt,MOTS20-02,522,12,1,114,10,0,2,1.0,0.8333333333333334,0.9090909090909091,0.7765071650703499,0.8707620225180543,5,15
yolo26l-seg.pt,MOTS20-02,523,12,1,109,11,0,1,1.0,0.9166666666666666,0.9565217391304348,0.776090512787425,0.8699862001653348,4,15
yolo26l-seg.pt,MOTS20-02,524,12,1,100,11,0,1,1.0,0.9166666666666666,0.9565217391304348,0.7621822424276993,0.859837866108079,4,15
yolo26l-seg.pt,MOTS20-02,525,12,1,107,10,0,2,1.0,0.8333333333333334,0.9090909090909091,0.7712138118181964,0.8660695222482518,4,14
yolo26l-seg.pt,MOTS20-02,526,13,1,102,11,0,2,1.0,0.8461538461538461,0.9166666666666666,0.7650249188956494,0.8626951176588477,4,15
yolo26l-seg.pt,MOTS20-02,527,13,1,102,10,1,3,0.9090909090909091,0.7692307692307693,0.8333333333333334,0.7877738527733291,0.8789123962794813,3,14
yolo26l-seg.pt,MOTS20-02,528,13,1,100,12,0,1,1.0,0.9230769230769231,0.96,0.7586767878898345,0.8584066517913286,3,15
yolo26l-seg.pt,MOTS20-02,529,13,1,106,12,0,1,1.0,0.9230769230769231,0.96,0.771193852836881,0.8672719648423076,3,15
yolo26l-seg.pt,MOTS20-02,530,13,1,99,12,1,1,0.9230769230769231,0.9230769230769231,0.9230769230769231,0.7869116554834444,0.8781071706188371,3,16
yolo26l-seg.pt,MOTS20-02,531,13,1,114,11,1,2,0.9166666666666666,0.8461538461538461,0.88,0.785387120051409,0.8765430878627996,2,14
yolo26l-seg.pt,MOTS20-02,532,14,1,103,13,0,1,1.0,0.9285714285714286,0.9629629629629629,0.7548372232984504,0.8553884007191626,1,14
yolo26l-seg.pt,MOTS20-02,533,14,1,100,12,1,2,0.9230769230769231,0.8571428571428571,0.8888888888888888,0.7866187394311709,0.8782309054946532,1,14
yolo26l-seg.pt,MOTS20-02,534,15,1,94,12,1,3,0.9230769230769231,0.8,0.8571428571428571,0.778675396776245,0.8723674163957539,1,14
yolo26l-seg.pt,MOTS20-02,535,15,1,83,12,1,3,0.9230769230769231,0.8,0.8571428571428571,0.7722179567414881,0.8682006531013523,1,14
yolo26l-seg.pt,MOTS20-02,536,15,1,82,12,0,3,1.0,0.8,0.8888888888888888,0.7612845277211168,0.8610021696909036,1,13
yolo26l-seg.pt,MOTS20-02,537,15,1,97,12,0,3,1.0,0.8,0.8888888888888888,0.7817660434412969,0.8738689883625828,1,13
yolo26l-seg.pt,MOTS20-02,538,14,1,96,12,0,2,1.0,0.8571428571428571,0.9230769230769231,0.7670124110448716,0.8649831069551204,1,13
yolo26l-seg.pt,MOTS20-02,539,14,1,110,12,0,2,1.0,0.8571428571428571,0.9230769230769231,0.7615249468272589,0.8606104384834383,1,13
yolo26l-seg.pt,MOTS20-02,540,13,1,96,12,0,1,1.0,0.9230769230769231,0.96,0.7787173036128183,0.8730268536503908,2,14
yolo26l-seg.pt,MOTS20-02,541,13,1,90,13,0,0,1.0,1.0,1.0,0.7727782549338216,0.8698425037571914,2,15
yolo26l-seg.pt,MOTS20-02,542,13,1,91,12,0,1,1.0,0.9230769230769231,0.96,0.789084535219466,0.880584045368955,3,15
yolo26l-seg.pt,MOTS20-02,543,13,1,97,12,0,1,1.0,0.9230769230769231,0.96,0.786020524025568,0.8788199048492924,2,14
yolo26l-seg.pt,MOTS20-02,544,13,1,103,12,0,1,1.0,0.9230769230769231,0.96,0.7713702910746839,0.8693864677230948,2,14
yolo26l-seg.pt,MOTS20-02,545,13,1,88,12,0,1,1.0,0.9230769230769231,0.96,0.7736711507103223,0.8710906025373492,2,14
yolo26l-seg.pt,MOTS20-02,546,14,1,100,12,1,2,0.9230769230769231,0.8571428571428571,0.8888888888888888,0.7648579508344698,0.8655398535977961,2,15
yolo26l-seg.pt,MOTS20-02,547,14,1,93,13,0,1,1.0,0.9285714285714286,0.9629629629629629,0.7587584658278571,0.8611487459777932,2,15
yolo26l-seg.pt,MOTS20-02,548,13,1,100,13,0,0,1.0,1.0,1.0,0.7675464946612037,0.8667204933154824,3,16
yolo26l-seg.pt,MOTS20-02,549,13,1,95,13,0,0,1.0,1.0,1.0,0.7588472641787001,0.860705694697069,3,16
yolo26l-seg.pt,MOTS20-02,550,13,1,107,12,0,1,1.0,0.9230769230769231,0.96,0.7568264348187305,0.8592551887833983,4,16
yolo26l-seg.pt,MOTS20-02,551,13,1,111,13,0,0,1.0,1.0,1.0,0.7472814268715117,0.8527338971305122,3,16
yolo26l-seg.pt,MOTS20-02,552,14,1,97,13,0,1,1.0,0.9285714285714286,0.9629629629629629,0.7201213968606072,0.8321020374801447,2,15
yolo26l-seg.pt,MOTS20-02,553,14,1,99,12,1,2,0.9230769230769231,0.8571428571428571,0.8888888888888888,0.7358450601775385,0.8437512444960157,2,15
yolo26l-seg.pt,MOTS20-02,554,14,1,106,11,2,3,0.8461538461538461,0.7857142857142857,0.8148148148148148,0.7609630460022886,0.8609810830725165,1,14
yolo26l-seg.pt,MOTS20-02,555,14,1,108,12,0,2,1.0,0.8571428571428571,0.9230769230769231,0.7393409967317202,0.8450926738126484,2,14
yolo26l-seg.pt,MOTS20-02,556,14,1,116,12,0,2,1.0,0.8571428571428571,0.9230769230769231,0.7454650563047633,0.8502686916208478,2,14
yolo26l-seg.pt,MOTS20-02,557,13,1,113,11,0,2,1.0,0.8461538461538461,0.9166666666666666,0.7560477170913841,0.8579213010391257,3,14
yolo26l-seg.pt,MOTS20-02,558,13,1,115,11,0,2,1.0,0.8461538461538461,0.9166666666666666,0.7516193552801397,0.8556442783824246,3,14
yolo26l-seg.pt,MOTS20-02,559,13,1,102,11,0,2,1.0,0.8461538461538461,0.9166666666666666,0.7650044169048055,0.8653388151528335,1,12
yolo26l-seg.pt,MOTS20-02,560,13,1,102,11,0,2,1.0,0.8461538461538461,0.9166666666666666,0.7549362747774624,0.8577481433549267,1,12
yolo26l-seg.pt,MOTS20-02,561,12,1,117,10,0,2,1.0,0.8333333333333334,0.9090909090909091,0.761928620463572,0.86207666139808,1,11
yolo26l-seg.pt,MOTS20-02,562,12,1,106,11,0,1,1.0,0.9166666666666666,0.9565217391304348,0.7476052716459484,0.8535721255443499,3,14
yolo26l-seg.pt,MOTS20-02,563,12,1,103,11,0,1,1.0,0.9166666666666666,0.9565217391304348,0.7490349114285496,0.8535840526237071,3,14
yolo26l-seg.pt,MOTS20-02,564,12,1,109,11,0,1,1.0,0.9166666666666666,0.9565217391304348,0.7612821461774896,0.8619971997940301,3,14
yolo26l-seg.pt,MOTS20-02,565,12,1,105,11,0,1,1.0,0.9166666666666666,0.9565217391304348,0.7649656066852529,0.8634950981522045,3,14
yolo26l-seg.pt,MOTS20-02,566,12,1,112,11,0,1,1.0,0.9166666666666666,0.9565217391304348,0.7515751240304571,0.8548586411070507,3,14
yolo26l-seg.pt,MOTS20-02,567,12,1,118,11,0,1,1.0,0.9166666666666666,0.9565217391304348,0.7442205595000679,0.8491607774566302,2,13
yolo26l-seg.pt,MOTS20-02,568,14,1,106,12,0,2,1.0,0.8571428571428571,0.9230769230769231,0.7379112237389255,0.8453709086876927,1,13
yolo26l-seg.pt,MOTS20-02,569,14,1,118,12,1,2,0.9230769230769231,0.8571428571428571,0.8888888888888888,0.7385011002057458,0.8467252864251155,1,14
yolo26l-seg.pt,MOTS20-02,570,14,1,119,12,0,2,1.0,0.8571428571428571,0.9230769230769231,0.7406162447180361,0.84700717835809,1,13
yolo26l-seg.pt,MOTS20-02,571,13,1,111,12,0,1,1.0,0.9230769230769231,0.96,0.7388993183091658,0.8466506739302143,3,15
yolo26l-seg.pt,MOTS20-02,572,13,1,115,12,0,1,1.0,0.9230769230769231,0.96,0.7464411594782169,0.8506063732011747,2,14
yolo26l-seg.pt,MOTS20-02,573,13,1,112,13,1,0,0.9285714285714286,1.0,0.9629629629629629,0.7371317293855562,0.8446735922067314,1,15
yolo26l-seg.pt,MOTS20-02,574,12,1,119,12,1,0,0.9230769230769231,1.0,0.96,0.7261676990758915,0.8382323019013587,2,15
yolo26l-seg.pt,MOTS20-02,575,11,1,106,10,1,1,0.9090909090909091,0.9090909090909091,0.9090909090909091,0.7393898284950726,0.8475984116690253,4,15
yolo26l-seg.pt,MOTS20-02,576,11,1,105,10,1,1,0.9090909090909091,0.9090909090909091,0.9090909090909091,0.7659369865119214,0.8658159281309732,4,15
yolo26l-seg.pt,MOTS20-02,577,11,1,113,11,1,0,0.9166666666666666,1.0,0.9565217391304348,0.7371303097555031,0.8452720046995817,3,15
yolo26l-seg.pt,MOTS20-02,578,11,1,122,11,1,0,0.9166666666666666,1.0,0.9565217391304348,0.7568183207321152,0.8599427719034448,5,17
yolo26l-seg.pt,MOTS20-02,579,11,1,130,11,1,0,0.9166666666666666,1.0,0.9565217391304348,0.752229533809313,0.856099646749652,3,15
yolo26l-seg.pt,MOTS20-02,580,11,1,128,11,1,0,0.9166666666666666,1.0,0.9565217391304348,0.7503308812379959,0.8551194980433201,3,15
yolo26l-seg.pt,MOTS20-02,581,11,1,122,11,1,0,0.9166666666666666,1.0,0.9565217391304348,0.742726381221108,0.8499380928941932,2,14
yolo26l-seg.pt,MOTS20-02,582,11,1,111,11,1,0,0.9166666666666666,1.0,0.9565217391304348,0.7514979313430501,0.8553621971927559,2,14
yolo26l-seg.pt,MOTS20-02,583,11,1,126,11,0,0,1.0,1.0,1.0,0.7382421585298286,0.8459971305641255,2,13
yolo26l-seg.pt,MOTS20-02,584,11,1,118,11,0,0,1.0,1.0,1.0,0.743799046612624,0.8505579966463049,3,14
yolo26l-seg.pt,MOTS20-02,585,11,1,116,11,0,0,1.0,1.0,1.0,0.7292318661502737,0.8404135100102647,1,12
yolo26l-seg.pt,MOTS20-02,586,11,1,109,11,0,0,1.0,1.0,1.0,0.735186320664312,0.8448210835604343,2,13
yolo26l-seg.pt,MOTS20-02,587,10,1,108,10,0,0,1.0,1.0,1.0,0.7045344290547618,0.8241673606274029,2,12
yolo26l-seg.pt,MOTS20-02,588,10,1,103,10,0,0,1.0,1.0,1.0,0.7324614816180428,0.8435518579814797,3,13
yolo26l-seg.pt,MOTS20-02,589,10,1,108,10,1,0,0.9090909090909091,1.0,0.9523809523809523,0.7249500397730164,0.8385947474814761,3,14
yolo26l-seg.pt,MOTS20-02,590,10,1,121,9,0,1,1.0,0.9,0.9473684210526315,0.7308604218095573,0.842498161464185,4,13
yolo26l-seg.pt,MOTS20-02,591,10,1,120,10,0,0,1.0,1.0,1.0,0.7336613757402947,0.8445551063479986,4,14
yolo26l-seg.pt,MOTS20-02,592,10,1,108,10,0,0,1.0,1.0,1.0,0.7255900548315681,0.8387545082415159,4,14
yolo26l-seg.pt,MOTS20-02,593,10,1,118,10,0,0,1.0,1.0,1.0,0.6990347793327202,0.8200417026214455,3,13
yolo26l-seg.pt,MOTS20-02,594,10,1,116,10,0,0,1.0,1.0,1.0,0.7091841018821944,0.8278620552374809,3,13
yolo26l-seg.pt,MOTS20-02,595,10,1,121,9,0,1,1.0,0.9,0.9473684210526315,0.7224984664333116,0.8369283984469105,3,12
yolo26l-seg.pt,MOTS20-02,596,10,1,121,10,0,0,1.0,1.0,1.0,0.7201134341038333,0.8353270998761564,3,13
yolo26l-seg.pt,MOTS20-02,597,10,1,125,10,0,0,1.0,1.0,1.0,0.7111829890826374,0.8293197632700051,4,14
yolo26l-seg.pt,MOTS20-02,598,10,1,134,9,0,1,1.0,0.9,0.9473684210526315,0.7111944808355033,0.8286416446878858,2,11
yolo26l-seg.pt,MOTS20-02,599,10,1,121,9,0,1,1.0,0.9,0.9473684210526315,0.7147950359233969,0.8313058742301301,2,11
yolo26l-seg.pt,MOTS20-02,600,10,1,109,10,0,0,1.0,1.0,1.0,0.7099232328285939,0.8281317457038618,2,12
yolo26l-seg.pt,MOTS20-05,1,5,1,49,3,0,2,1.0,0.6,0.75,0.8375731101203417,0.9094436449408753,0,3
yolo26l-seg.pt,MOTS20-05,2,6,1,68,5,0,1,1.0,0.8333333333333334,0.9090909090909091,0.7681077951456887,0.8602422808873603,0,5
yolo26l-seg.pt,MOTS20-05,3,7,1,59,6,0,1,1.0,0.8571428571428571,0.9230769230769231,0.6964405416931516,0.8133138185878704,2,8
yolo26l-seg.pt,MOTS20-05,4,8,1,70,5,1,3,0.8333333333333334,0.625,0.7142857142857143,0.7223795264427353,0.8293234362562847,0,6
yolo26l-seg.pt,MOTS20-05,5,8,1,69,6,0,2,1.0,0.75,0.8571428571428571,0.8082632917961313,0.8921364567721116,2,8
yolo26l-seg.pt,MOTS20-05,6,9,1,72,5,0,4,1.0,0.5555555555555556,0.7142857142857143,0.806260174904233,0.889003362655339,2,7
yolo26l-seg.pt,MOTS20-05,7,8,1,76,6,0,2,1.0,0.75,0.8571428571428571,0.8081559732207254,0.8920135308840739,1,7
yolo26l-seg.pt,MOTS20-05,8,9,1,76,6,0,3,1.0,0.6666666666666666,0.8,0.8238575837877341,0.9015304286713207,1,7
yolo26l-seg.pt,MOTS20-05,9,9,1,75,7,0,2,1.0,0.7777777777777778,0.875,0.7867773948585809,0.8749586349635102,1,8
yolo26l-seg.pt,MOTS20-05,10,11,1,97,9,0,2,1.0,0.8181818181818182,0.9,0.7584937364562377,0.8579673358988423,1,10
yolo26l-seg.pt,MOTS20-05,11,11,1,106,9,1,2,0.9,0.8181818181818182,0.8571428571428571,0.788287466674866,0.8788967208475142,1,11
yolo26l-seg.pt,MOTS20-05,12,11,1,96,9,2,2,0.8181818181818182,0.8181818181818182,0.8181818181818182,0.7889165688031485,0.8799150442770017,1,12
yolo26l-seg.pt,MOTS20-05,13,11,1,93,9,1,2,0.9,0.8181818181818182,0.8571428571428571,0.7675214414399242,0.8646687601937779,1,11
yolo26l-seg.pt,MOTS20-05,14,11,1,88,7,1,4,0.875,0.6363636363636364,0.7368421052631579,0.7993535213014678,0.8860364221140831,1,9
yolo26l-seg.pt,MOTS20-05,15,10,1,96,6,0,4,1.0,0.6,0.75,0.765832018462413,0.860986143157843,1,7
yolo26l-seg.pt,MOTS20-05,16,9,1,85,7,1,2,0.875,0.7777777777777778,0.8235294117647058,0.8058897860398214,0.8890604981299363,1,9
yolo26l-seg.pt,MOTS20-05,17,10,1,84,6,1,4,0.8571428571428571,0.6,0.7058823529411765,0.7958316226609928,0.8824856300968773,2,9
yolo26l-seg.pt,MOTS20-05,18,10,1,95,7,1,3,0.875,0.7,0.7777777777777778,0.8021187967791442,0.8862387481279199,1,9
yolo26l-seg.pt,MOTS20-05,19,10,1,91,6,1,4,0.8571428571428571,0.6,0.7058823529411765,0.8298338036898573,0.9054184020474877,1,8
yolo26l-seg.pt,MOTS20-05,20,9,1,95,5,2,4,0.7142857142857143,0.5555555555555556,0.625,0.833013483765441,0.906282835668631,1,8
yolo26l-seg.pt,MOTS20-05,21,9,1,89,3,1,6,0.75,0.3333333333333333,0.46153846153846156,0.8641095245611315,0.9249786674900928,1,5
yolo26l-seg.pt,MOTS20-05,22,7,1,81,5,0,2,1.0,0.7142857142857143,0.8333333333333334,0.7516031151730442,0.8472722848036515,1,6
yolo26l-seg.pt,MOTS20-05,23,6,1,78,5,0,1,1.0,0.8333333333333334,0.9090909090909091,0.7731728991764143,0.8639326553924167,1,6
yolo26l-seg.pt,MOTS20-05,24,6,1,66,5,0,1,1.0,0.8333333333333334,0.9090909090909091,0.7486759974714315,0.8458540274555828,1,6
yolo26l-seg.pt,MOTS20-05,25,5,1,50,3,1,2,0.75,0.6,0.6666666666666666,0.8432035338311595,0.9081825709645105,2,6
yolo26l-seg.pt,MOTS20-05,26,5,1,57,3,1,2,0.75,0.6,0.6666666666666666,0.847784319077964,0.9114066080189306,1,5
yolo26l-seg.pt,MOTS20-05,27,5,1,62,3,1,2,0.75,0.6,0.6666666666666666,0.870069839148635,0.9268968379787891,1,5
yolo26l-seg.pt,MOTS20-05,28,3,1,41,3,1,0,0.75,1.0,0.8571428571428571,0.8656178249671572,0.92444170835565,1,5
yolo26l-seg.pt,MOTS20-05,29,5,1,44,3,1,2,0.75,0.6,0.6666666666666666,0.9015821799363333,0.9472099564563932,1,5
yolo26l-seg.pt,MOTS20-05,30,7,1,56,4,2,3,0.6666666666666666,0.5714285714285714,0.6153846153846154,0.8262976218839753,0.8998671730192895,2,8
yolo26l-seg.pt,MOTS20-05,31,8,1,69,6,2,2,0.75,0.75,0.75,0.8657566856236847,0.9269256829114266,1,9
yolo26l-seg.pt,MOTS20-05,32,8,1,63,6,2,2,0.75,0.75,0.75,0.8161464362699552,0.8930287324944803,2,10
yolo26l-seg.pt,MOTS20-05,33,8,1,80,7,1,1,0.875,0.875,0.875,0.8368958947339495,0.9074866943410411,1,9
yolo26l-seg.pt,MOTS20-05,34,8,1,53,7,2,1,0.7777777777777778,0.875,0.8235294117647058,0.8267615578326682,0.9022942629204822,1,10
yolo26l-seg.pt,MOTS20-05,35,9,1,52,7,2,2,0.7777777777777778,0.7777777777777778,0.7777777777777778,0.8610769811726201,0.9233545861539739,1,10
yolo26l-seg.pt,MOTS20-05,36,10,1,61,7,2,3,0.7777777777777778,0.7,0.7368421052631579,0.8317787550746144,0.9057113590843532,1,10
yolo26l-seg.pt,MOTS20-05,37,10,1,57,7,2,3,0.7777777777777778,0.7,0.7368421052631579,0.8280847539904032,0.9031674735499137,1,10
yolo26l-seg.pt,MOTS20-05,38,10,1,64,9,1,1,0.9,0.9,0.9,0.7668280717227927,0.8604596561890552,1,11
yolo26l-seg.pt,MOTS20-05,39,10,1,63,7,2,3,0.7777777777777778,0.7,0.7368421052631579,0.7928117408766787,0.8792693044187567,1,10
yolo26l-seg.pt,MOTS20-05,40,10,1,70,9,1,1,0.9,0.9,0.9,0.7380233128283127,0.8415402153680742,1,11
yolo26l-seg.pt,MOTS20-05,41,10,1,64,8,2,2,0.8,0.8,0.8,0.7711481163530511,0.8656722868585734,1,11
yolo26l-seg.pt,MOTS20-05,42,10,1,87,7,2,3,0.7777777777777778,0.7,0.7368421052631579,0.806067292840921,0.8852324012314365,2,11
yolo26l-seg.pt,MOTS20-05,43,9,1,78,6,1,3,0.8571428571428571,0.6666666666666666,0.75,0.8094290180265861,0.8862890504935831,2,9
yolo26l-seg.pt,MOTS20-05,44,9,1,69,6,2,3,0.75,0.6666666666666666,0.7058823529411765,0.8378900050532151,0.9052027775236108,1,9
yolo26l-seg.pt,MOTS20-05,45,7,1,69,4,1,3,0.8,0.5714285714285714,0.6666666666666666,0.8322111889567182,0.8966391751675644,1,6
yolo26l-seg.pt,MOTS20-05,46,5,1,50,4,2,1,0.6666666666666666,0.8,0.7272727272727273,0.8603587842566214,0.9195811838647957,2,8
yolo26l-seg.pt,MOTS20-05,47,5,1,52,3,2,2,0.6,0.6,0.6,0.9213915086952033,0.9587781624687469,1,6
yolo26l-seg.pt,MOTS20-05,48,6,1,48,3,0,3,1.0,0.5,0.6666666666666666,0.9323175158645531,0.9647449507362179,3,6
yolo26l-seg.pt,MOTS20-05,49,7,1,61,4,0,3,1.0,0.5714285714285714,0.7272727272727273,0.9004078425066908,0.9462104485923429,1,5
yolo26l-seg.pt,MOTS20-05,50,7,1,65,6,1,1,0.8571428571428571,0.8571428571428571,0.8571428571428571,0.8201242585777401,0.8959899430881445,4,11
yolo26l-seg.pt,MOTS20-05,51,8,1,45,4,0,4,1.0,0.5,0.6666666666666666,0.887640204115887,0.9380714492573194,2,6
yolo26l-seg.pt,MOTS20-05,52,6,1,46,4,0,2,1.0,0.6666666666666666,0.8,0.9003918572675631,0.9461301841547864,2,6
yolo26l-seg.pt,MOTS20-05,53,4,1,29,3,0,1,1.0,0.75,0.8571428571428571,0.9341995979046308,0.9658101936999723,1,4
yolo26l-seg.pt,MOTS20-05,54,4,1,34,3,0,1,1.0,0.75,0.8571428571428571,0.9418206986015584,0.9699116261044848,2,5
yolo26l-seg.pt,MOTS20-05,55,4,1,33,3,1,1,0.75,0.75,0.75,0.9473304700090855,0.9728730872946071,1,5
yolo26l-seg.pt,MOTS20-05,56,5,1,23,3,0,2,1.0,0.6,0.75,0.9423501043630069,0.9702172418666765,2,5
yolo26l-seg.pt,MOTS20-05,57,3,1,22,3,0,0,1.0,1.0,1.0,0.9435199343169304,0.9708327616497603,0,3
yolo26l-seg.pt,MOTS20-05,58,3,1,25,3,0,0,1.0,1.0,1.0,0.9409159233467389,0.9693930385668766,1,4
yolo26l-seg.pt,MOTS20-05,59,3,1,31,3,0,0,1.0,1.0,1.0,0.9425175697646475,0.9702441651485016,1,4
yolo26l-seg.pt,MOTS20-05,60,3,1,24,3,0,0,1.0,1.0,1.0,0.9484988871123469,0.9735156984024846,1,4
yolo26l-seg.pt,MOTS20-05,61,3,1,23,3,0,0,1.0,1.0,1.0,0.9476213807331716,0.9730316755407223,1,4
yolo26l-seg.pt,MOTS20-05,62,4,1,33,3,0,1,1.0,0.75,0.8571428571428571,0.9451962849962441,0.9717479121699913,1,4
yolo26l-seg.pt,MOTS20-05,63,4,1,36,4,0,0,1.0,1.0,1.0,0.8521259337175864,0.9109586780931741,1,5
yolo26l-seg.pt,MOTS20-05,64,5,1,43,4,1,1,0.8,0.8,0.8,0.8636055674391627,0.9192694954157946,1,6
yolo26l-seg.pt,MOTS20-05,65,5,1,35,4,1,1,0.8,0.8,0.8,0.8832584375453042,0.9344309967745148,2,7
yolo26l-seg.pt,MOTS20-05,66,6,1,45,4,2,2,0.6666666666666666,0.6666666666666666,0.6666666666666666,0.8967064094385855,0.9423123044676117,1,7
yolo26l-seg.pt,MOTS20-05,67,6,1,42,5,1,1,0.8333333333333334,0.8333333333333334,0.8333333333333334,0.807839682491049,0.8815240579734491,1,7
yolo26l-seg.pt,MOTS20-05,68,6,1,59,5,1,1,0.8333333333333334,0.8333333333333334,0.8333333333333334,0.831068010657785,0.8990627691572952,2,8
yolo26l-seg.pt,MOTS20-05,69,8,1,51,8,0,0,1.0,1.0,1.0,0.7750737010338451,0.862815785853907,2,10
yolo26l-seg.pt,MOTS20-05,70,8,1,59,7,0,1,1.0,0.875,0.9333333333333333,0.8409090831723344,0.910294634225921,2,9
yolo26l-seg.pt,MOTS20-05,71,8,1,48,7,1,1,0.875,0.875,0.875,0.8598438570906181,0.9225156620902484,2,10
yolo26l-seg.pt,MOTS20-05,72,8,1,55,7,0,1,1.0,0.875,0.9333333333333333,0.85235370097503,0.9177210304413413,2,9
yolo26l-seg.pt,MOTS20-05,73,8,1,53,7,1,1,0.875,0.875,0.875,0.8493723108514833,0.9161056522313523,1,9
yolo26l-seg.pt,MOTS20-05,74,8,1,55,7,0,1,1.0,0.875,0.9333333333333333,0.8332979733502343,0.9056087804433256,2,9
yolo26l-seg.pt,MOTS20-05,75,8,1,56,7,2,1,0.7777777777777778,0.875,0.8235294117647058,0.7999954852750683,0.8831862561145977,1,10
yolo26l-seg.pt,MOTS20-05,76,8,1,47,6,1,2,0.8571428571428571,0.75,0.8,0.8612111336769565,0.9228984547930564,2,9
yolo26l-seg.pt,MOTS20-05,77,6,1,51,4,1,2,0.8,0.6666666666666666,0.7272727272727273,0.8701385043628151,0.9245509045568362,2,7
yolo26l-seg.pt,MOTS20-05,78,5,1,65,5,1,0,0.8333333333333334,1.0,0.9090909090909091,0.872865714997225,0.929774653006108,2,8
yolo26l-seg.pt,MOTS20-05,79,5,1,49,5,3,0,0.625,1.0,0.7692307692307693,0.8762639331715455,0.9314435933192933,2,10
yolo26l-seg.pt,MOTS20-05,80,5,1,46,5,0,0,1.0,1.0,1.0,0.8949848339448512,0.943209357937476,2,7
yolo26l-seg.pt,MOTS20-05,81,5,1,38,5,1,0,0.8333333333333334,1.0,0.9090909090909091,0.892615693946793,0.9417794298580212,2,8
yolo26l-seg.pt,MOTS20-05,82,5,1,53,4,0,1,1.0,0.8,0.8888888888888888,0.8686510878107588,0.9240940038321794,1,5
yolo26l-seg.pt,MOTS20-05,83,3,1,41,3,0,0,1.0,1.0,1.0,0.9469568895159325,0.9726966921139439,1,4
yolo26l-seg.pt,MOTS20-05,84,3,1,30,3,0,0,1.0,1.0,1.0,0.9441554318598699,0.9711776987873911,2,5
yolo26l-seg.pt,MOTS20-05,85,4,1,36,4,0,0,1.0,1.0,1.0,0.9211927150572613,0.9584932528258145,2,6
yolo26l-seg.pt,MOTS20-05,86,7,1,52,6,0,1,1.0,0.8571428571428571,0.9230769230769231,0.8688009507610029,0.9272092112565594,2,8
yolo26l-seg.pt,MOTS20-05,87,7,1,64,7,0,0,1.0,1.0,1.0,0.8428724481340211,0.9109408309326328,2,9
yolo26l-seg.pt,MOTS20-05,88,7,1,54,7,1,0,0.875,1.0,0.9333333333333333,0.8420216915137141,0.9101287390686339,2,10
yolo26l-seg.pt,MOTS20-05,89,7,1,62,7,0,0,1.0,1.0,1.0,0.8349046772860823,0.906080946427171,1,8
yolo26l-seg.pt,MOTS20-05,90,6,1,62,6,1,0,0.8571428571428571,1.0,0.9230769230769231,0.8604553129016025,0.921510544089862,1,8
yolo26l-seg.pt,MOTS20-05,91,8,1,73,7,0,1,1.0,0.875,0.9333333333333333,0.8336331220075511,0.9055720704216277,5,12
yolo26l-seg.pt,MOTS20-05,92,8,1,64,8,0,0,1.0,1.0,1.0,0.8297577837282073,0.9031678163683141,3,11
yolo26l-seg.pt,MOTS20-05,93,9,1,70,7,0,2,1.0,0.7777777777777778,0.875,0.8418169107467631,0.9112697780263186,2,9
yolo26l-seg.pt,MOTS20-05,94,7,1,90,6,1,1,0.8571428571428571,0.8571428571428571,0.8571428571428571,0.8271112145433511,0.8991204921663275,3,10
yolo26l-seg.pt,MOTS20-05,95,9,1,95,6,0,3,1.0,0.6666666666666666,0.8,0.8518645193382897,0.9170824843479727,3,9
yolo26l-seg.pt,MOTS20-05,96,10,1,67,9,0,1,1.0,0.9,0.9473684210526315,0.8253991034391601,0.9000079102567755,4,13
yolo26l-seg.pt,MOTS20-05,97,9,1,71,8,0,1,1.0,0.8888888888888888,0.9411764705882353,0.8579520303238575,0.9213042998729348,3,11
yolo26l-seg.pt,MOTS20-05,98,9,1,79,8,1,1,0.8888888888888888,0.8888888888888888,0.8888888888888888,0.8358385446330484,0.9072125475010484,3,12
yolo26l-seg.pt,MOTS20-05,99,9,1,77,8,0,1,1.0,0.8888888888888888,0.9411764705882353,0.8394886458979992,0.9099504833163292,2,10
yolo26l-seg.pt,MOTS20-05,100,9,1,75,8,0,1,1.0,0.8888888888888888,0.9411764705882353,0.8484950671847608,0.9157852255964986,2,10
yolo26l-seg.pt,MOTS20-05,101,9,1,79,8,0,1,1.0,0.8888888888888888,0.9411764705882353,0.8203368317653212,0.8970140905294117,1,9
yolo26l-seg.pt,MOTS20-05,102,9,1,70,6,2,3,0.75,0.6666666666666666,0.7058823529411765,0.8346691390931511,0.9046872092668671,2,10
yolo26l-seg.pt,MOTS20-05,103,9,1,70,7,1,2,0.875,0.7777777777777778,0.8235294117647058,0.8352965220560398,0.9057027608368041,3,11
yolo26l-seg.pt,MOTS20-05,104,9,1,70,8,0,1,1.0,0.8888888888888888,0.9411764705882353,0.7911648626566525,0.8760428153844313,3,11
yolo26l-seg.pt,MOTS20-05,105,9,1,76,6,2,3,0.75,0.6666666666666666,0.7058823529411765,0.875885117557913,0.9310179943367842,2,10
yolo26l-seg.pt,MOTS20-05,106,9,1,73,7,1,2,0.875,0.7777777777777778,0.8235294117647058,0.8416424314584885,0.9104241148883015,2,10
yolo26l-seg.pt,MOTS20-05,107,9,1,73,7,1,2,0.875,0.7777777777777778,0.8235294117647058,0.8176663794856248,0.8932087544470896,2,10
yolo26l-seg.pt,MOTS20-05,108,9,1,78,8,2,1,0.8,0.8888888888888888,0.8421052631578947,0.7716331687562366,0.8597931685447501,3,13
yolo26l-seg.pt,MOTS20-05,109,9,1,62,6,0,3,1.0,0.6666666666666666,0.8,0.8707509889787622,0.9287496494247716,2,8
yolo26l-seg.pt,MOTS20-05,110,9,1,54,5,0,4,1.0,0.5555555555555556,0.7142857142857143,0.8949118865065813,0.9430909565906168,2,7
yolo26l-seg.pt,MOTS20-05,111,7,1,41,5,1,2,0.8333333333333334,0.7142857142857143,0.7692307692307693,0.889170219035227,0.9396931746913072,2,8
yolo26l-seg.pt,MOTS20-05,112,6,1,54,5,1,1,0.8333333333333334,0.8333333333333334,0.8333333333333334,0.8879453973953775,0.9388549965880078,2,8
yolo26l-seg.pt,MOTS20-05,113,6,1,38,4,1,2,0.8,0.6666666666666666,0.7272727272727273,0.9109515834671839,0.9522118251501883,3,8
yolo26l-seg.pt,MOTS20-05,114,6,1,47,4,0,2,1.0,0.6666666666666666,0.8,0.9045008408468184,0.9480971300991043,2,6
yolo26l-seg.pt,MOTS20-05,115,3,1,20,3,0,0,1.0,1.0,1.0,0.9477622560323921,0.9730838140035654,2,5
yolo26l-seg.pt,MOTS20-05,116,3,1,31,3,0,0,1.0,1.0,1.0,0.9485869052870651,0.973543660281304,2,5
yolo26l-seg.pt,MOTS20-05,117,3,1,33,3,1,0,0.75,1.0,0.8571428571428571,0.9483146211774122,0.9734094365238969,1,5
yolo26l-seg.pt,MOTS20-05,118,4,1,46,4,0,0,1.0,1.0,1.0,0.9269584239327511,0.961629938985207,3,7
yolo26l-seg.pt,MOTS20-05,119,6,1,51,6,1,0,0.8571428571428571,1.0,0.9230769230769231,0.8427959234359014,0.9101986859312047,3,10
yolo26l-seg.pt,MOTS20-05,120,6,1,47,6,1,0,0.8571428571428571,1.0,0.9230769230769231,0.8395334147117318,0.907754136301128,3,10
yolo26l-seg.pt,MOTS20-05,121,6,1,43,6,0,0,1.0,1.0,1.0,0.8416047292332697,0.9093002217031273,3,9
yolo26l-seg.pt,MOTS20-05,122,6,1,45,5,0,1,1.0,0.8333333333333334,0.9090909090909091,0.8606302539914885,0.9211844903862383,4,9
yolo26l-seg.pt,MOTS20-05,123,9,1,49,6,0,3,1.0,0.6666666666666666,0.8,0.8613148955526939,0.9228397056719214,3,9
yolo26l-seg.pt,MOTS20-05,124,9,1,63,7,1,2,0.875,0.7777777777777778,0.8235294117647058,0.8075957154652612,0.8895894531494255,4,12
yolo26l-seg.pt,MOTS20-05,125,9,1,61,7,2,2,0.7777777777777778,0.7777777777777778,0.7777777777777778,0.8263992431797502,0.9017122448849825,3,12
yolo26l-seg.pt,MOTS20-05,126,9,1,72,7,1,2,0.875,0.7777777777777778,0.8235294117647058,0.8266509329710079,0.9014995432941858,4,12
yolo26l-seg.pt,MOTS20-05,127,9,1,71,7,1,2,0.875,0.7777777777777778,0.8235294117647058,0.811583755346619,0.8908090787736498,3,11
yolo26l-seg.pt,MOTS20-05,128,9,1,72,7,0,2,1.0,0.7777777777777778,0.875,0.8137531210521471,0.8927264298897326,3,10
yolo26l-seg.pt,MOTS20-05,129,10,1,82,8,1,2,0.8888888888888888,0.8,0.8421052631578947,0.7900739157964531,0.8767821118220656,2,11
yolo26l-seg.pt,MOTS20-05,130,10,1,69,8,1,2,0.8888888888888888,0.8,0.8421052631578947,0.7790752699995672,0.8678151582263376,2,11
yolo26l-seg.pt,MOTS20-05,131,10,1,69,8,0,2,1.0,0.8,0.8888888888888888,0.7794068882713145,0.8679318432532497,2,10
yolo26l-seg.pt,MOTS20-05,132,10,1,70,8,2,2,0.8,0.8,0.8,0.7793788456321824,0.8661707598209232,2,12
yolo26l-seg.pt,MOTS20-05,133,10,1,69,7,2,3,0.7777777777777778,0.7,0.7368421052631579,0.8167053367214222,0.8922814390433657,2,11
yolo26l-seg.pt,MOTS20-05,134,10,1,66,7,2,3,0.7777777777777778,0.7,0.7368421052631579,0.8275059387719069,0.900431779037854,1,10
yolo26l-seg.pt,MOTS20-05,135,10,1,77,7,1,3,0.875,0.7,0.7777777777777778,0.7645549751826266,0.8567479486556012,3,11
yolo26l-seg.pt,MOTS20-05,136,10,1,71,8,1,2,0.8888888888888888,0.8,0.8421052631578947,0.7821790941235137,0.868548263177506,1,10
yolo26l-seg.pt,MOTS20-05,137,10,1,64,7,1,3,0.875,0.7,0.7777777777777778,0.7620148661293333,0.8518359920567237,2,10
yolo26l-seg.pt,MOTS20-05,138,9,1,70,7,0,2,1.0,0.7777777777777778,0.875,0.7828492796990248,0.8671282380416135,2,9
yolo26l-seg.pt,MOTS20-05,139,9,1,74,7,0,2,1.0,0.7777777777777778,0.875,0.7702188723390506,0.8592000163282801,1,8
yolo26l-seg.pt,MOTS20-05,140,9,1,73,7,0,2,1.0,0.7777777777777778,0.875,0.7684589522898863,0.8575087725372389,1,8
yolo26l-seg.pt,MOTS20-05,141,9,1,61,7,1,2,0.875,0.7777777777777778,0.8235294117647058,0.7832040802714619,0.8691986110478686,2,10
yolo26l-seg.pt,MOTS20-05,142,9,1,51,7,2,2,0.7777777777777778,0.7777777777777778,0.7777777777777778,0.7944106714628446,0.8783889411433538,2,11
yolo26l-seg.pt,MOTS20-05,143,9,1,58,6,2,3,0.75,0.6666666666666666,0.7058823529411765,0.8256648552023327,0.8964437679134472,1,9
yolo26l-seg.pt,MOTS20-05,144,9,1,53,8,1,1,0.8888888888888888,0.8888888888888888,0.8888888888888888,0.7619293714384232,0.852645997927751,1,10
yolo26l-seg.pt,MOTS20-05,145,8,1,40,6,1,2,0.8571428571428571,0.75,0.8,0.8331292936552711,0.8998445519424703,1,8
yolo26l-seg.pt,MOTS20-05,146,7,1,58,5,0,2,1.0,0.7142857142857143,0.8333333333333334,0.8437048538427673,0.9052323920884355,1,6
yolo26l-seg.pt,MOTS20-05,147,5,1,51,5,1,0,0.8333333333333334,1.0,0.9090909090909091,0.8272166001675398,0.8943503917616473,1,7
yolo26l-seg.pt,MOTS20-05,148,5,1,41,5,0,0,1.0,1.0,1.0,0.8441678919909485,0.906382389314051,1,6
yolo26l-seg.pt,MOTS20-05,149,5,1,45,4,2,1,0.6666666666666666,0.8,0.7272727272727273,0.9234731997373612,0.9598210593273274,1,7
yolo26l-seg.pt,MOTS20-05,150,5,1,38,3,0,2,1.0,0.6,0.75,0.9456317878699897,0.9720297285292613,2,5
yolo26l-seg.pt,MOTS20-05,151,3,1,26,3,0,0,1.0,1.0,1.0,0.9469692760675424,0.9727341038155496,1,4
yolo26l-seg.pt,MOTS20-05,152,3,1,26,3,0,0,1.0,1.0,1.0,0.9446198338402296,0.9714782534554977,1,4
yolo26l-seg.pt,MOTS20-05,153,6,1,55,4,1,2,0.8,0.6666666666666666,0.7272727272727273,0.8596101080537709,0.9166984778854709,2,7
yolo26l-seg.pt,MOTS20-05,154,7,1,51,6,2,1,0.75,0.8571428571428571,0.8,0.8287041572759762,0.8979879246549028,2,10
yolo26l-seg.pt,MOTS20-05,155,7,1,69,5,2,2,0.7142857142857143,0.7142857142857143,0.7142857142857143,0.8898418144091217,0.9394571154903488,3,10
yolo26l-seg.pt,MOTS20-05,156,7,1,58,6,1,1,0.8571428571428571,0.8571428571428571,0.8571428571428571,0.8354317520522345,0.9034933077421575,3,10
yolo26l-seg.pt,MOTS20-05,157,7,1,64,6,1,1,0.8571428571428571,0.8571428571428571,0.8571428571428571,0.8018044538978529,0.8787617172114132,4,11
yolo26l-seg.pt,MOTS20-05,158,7,1,52,6,1,1,0.8571428571428571,0.8571428571428571,0.8571428571428571,0.8215239194121118,0.8912218660131278,1,8
yolo26l-seg.pt,MOTS20-05,159,9,1,73,6,2,3,0.75,0.6666666666666666,0.7058823529411765,0.840774426017385,0.9046000356162338,1,9
yolo26l-seg.pt,MOTS20-05,160,9,1,84,8,0,1,1.0,0.8888888888888888,0.9411764705882353,0.8418219656895884,0.9110726261235644,3,11
yolo26l-seg.pt,MOTS20-05,161,9,1,66,8,1,1,0.8888888888888888,0.8888888888888888,0.8888888888888888,0.836485588914757,0.9063189635641211,2,11
yolo26l-seg.pt,MOTS20-05,162,9,1,69,8,1,1,0.8888888888888888,0.8888888888888888,0.8888888888888888,0.8141660541230668,0.8924499768392382,2,11
yolo26l-seg.pt,MOTS20-05,163,9,1,63,6,1,3,0.8571428571428571,0.6666666666666666,0.75,0.8377376693239716,0.9028452039277743,3,10
yolo26l-seg.pt,MOTS20-05,164,9,1,72,7,1,2,0.875,0.7777777777777778,0.8235294117647058,0.8536509015868564,0.9163670085614762,0,8
yolo26l-seg.pt,MOTS20-05,165,9,1,62,7,4,2,0.6363636363636364,0.7777777777777778,0.7,0.8566927273662416,0.9197540730408754,0,11
yolo26l-seg.pt,MOTS20-05,166,9,1,68,7,2,2,0.7777777777777778,0.7777777777777778,0.7777777777777778,0.8476673087139167,0.9136970704164894,0,9
yolo26l-seg.pt,MOTS20-05,167,9,1,59,7,2,2,0.7777777777777778,0.7777777777777778,0.7777777777777778,0.8638655034505656,0.9243339453613052,0,9
yolo26l-seg.pt,MOTS20-05,168,9,1,54,7,2,2,0.7777777777777778,0.7777777777777778,0.7777777777777778,0.8388942084658588,0.9079774870415012,1,10
yolo26l-seg.pt,MOTS20-05,169,9,1,71,7,1,2,0.875,0.7777777777777778,0.8235294117647058,0.8550245342341013,0.9175743623555264,2,10
yolo26l-seg.pt,MOTS20-05,170,8,1,69,6,0,2,1.0,0.75,0.8571428571428571,0.8882018494932632,0.9394626818118567,1,7
yolo26l-seg.pt,MOTS20-05,171,5,1,27,3,0,2,1.0,0.6,0.75,0.9575745483750988,0.9783229463377682,1,4
yolo26l-seg.pt,MOTS20-05,172,5,1,27,3,0,2,1.0,0.6,0.75,0.94571167551761,0.9720579893615864,0,3
yolo26l-seg.pt,MOTS20-05,173,5,1,36,4,0,1,1.0,0.8,0.8888888888888888,0.8658923163993401,0.9197930912406674,0,4
yolo26l-seg.pt,MOTS20-05,174,4,1,51,3,0,1,1.0,0.75,0.8571428571428571,0.9562872664860754,0.9776522576944671,0,3
yolo26l-seg.pt,MOTS20-05,175,4,1,30,3,0,1,1.0,0.75,0.8571428571428571,0.9523551089092043,0.9755739548748212,0,3
yolo26l-seg.pt,MOTS20-05,176,3,1,35,3,0,0,1.0,1.0,1.0,0.9521280021307327,0.9754626912447751,0,3
yolo26l-seg.pt,MOTS20-05,177,4,1,37,3,1,1,0.75,0.75,0.75,0.9554047587650771,0.9771860946066973,0,4
yolo26l-seg.pt,MOTS20-05,178,7,1,39,6,2,1,0.75,0.8571428571428571,0.8,0.8820441410758222,0.9342786393936683,1,9
yolo26l-seg.pt,MOTS20-05,179,7,1,47,6,2,1,0.75,0.8571428571428571,0.8,0.9032566420841358,0.9482309405384286,1,9
yolo26l-seg.pt,MOTS20-05,180,7,1,49,6,1,1,0.8571428571428571,0.8571428571428571,0.8571428571428571,0.8774404479239974,0.932723880375952,2,9
yolo26l-seg.pt,MOTS20-05,181,7,1,51,6,1,1,0.8571428571428571,0.8571428571428571,0.8571428571428571,0.8525680505852865,0.9162314916076842,1,8
yolo26l-seg.pt,MOTS20-05,182,9,1,63,6,1,3,0.8571428571428571,0.6666666666666666,0.75,0.8577636043973182,0.919635298664356,1,8
yolo26l-seg.pt,MOTS20-05,183,9,1,52,6,2,3,0.75,0.6666666666666666,0.7058823529411765,0.8657516573035368,0.9248301227365298,2,10
yolo26l-seg.pt,MOTS20-05,184,9,1,50,6,3,3,0.6666666666666666,0.6666666666666666,0.6666666666666666,0.8334655615898631,0.9001579661723703,1,10
yolo26l-seg.pt,MOTS20-05,185,9,1,56,7,2,2,0.7777777777777778,0.7777777777777778,0.7777777777777778,0.8217865866485374,0.8954400364892277,1,10
yolo26l-seg.pt,MOTS20-05,186,9,1,59,8,1,1,0.8888888888888888,0.8888888888888888,0.8888888888888888,0.8061200161622648,0.88645159956206,1,10
yolo26l-seg.pt,MOTS20-05,187,9,1,61,7,2,2,0.7777777777777778,0.7777777777777778,0.7777777777777778,0.8562723795064417,0.9192061081789502,1,10
yolo26l-seg.pt,MOTS20-05,188,9,1,55,8,2,1,0.8,0.8888888888888888,0.8421052631578947,0.8252714250023154,0.8987316014940586,0,10
yolo26l-seg.pt,MOTS20-05,189,9,1,55,7,1,2,0.875,0.7777777777777778,0.8235294117647058,0.8726969606272936,0.9298631696734639,0,8
yolo26l-seg.pt,MOTS20-05,190,9,1,53,8,2,1,0.8,0.8888888888888888,0.8421052631578947,0.796402117802555,0.8780064259316025,0,10
yolo26l-seg.pt,MOTS20-05,191,9,1,54,8,0,1,1.0,0.8888888888888888,0.9411764705882353,0.8151538170444863,0.8908074721099131,0,8
yolo26l-seg.pt,MOTS20-05,192,9,1,50,7,0,2,1.0,0.7777777777777778,0.875,0.8566088309277431,0.9177046557299049,0,7
yolo26l-seg.pt,MOTS20-05,193,9,1,51,8,0,1,1.0,0.8888888888888888,0.9411764705882353,0.8139960824716093,0.8899500010287755,0,8
yolo26l-seg.pt,MOTS20-05,194,9,1,52,7,1,2,0.875,0.7777777777777778,0.8235294117647058,0.8402488176910816,0.9077852381823417,0,8
yolo26l-seg.pt,MOTS20-05,195,9,1,53,8,0,1,1.0,0.8888888888888888,0.9411764705882353,0.8058772179187357,0.8846290200340912,0,8
yolo26l-seg.pt,MOTS20-05,196,9,1,35,7,0,2,1.0,0.7777777777777778,0.875,0.8326677304534496,0.9016241742006273,1,8
yolo26l-seg.pt,MOTS20-05,197,9,1,42,6,1,3,0.8571428571428571,0.6666666666666666,0.75,0.8809468029090278,0.9347467107031321,0,7
yolo26l-seg.pt,MOTS20-05,198,9,1,47,7,0,2,1.0,0.7777777777777778,0.875,0.85577985897216,0.9190690751359919,0,7
yolo26l-seg.pt,MOTS20-05,199,9,1,40,7,1,2,0.875,0.7777777777777778,0.8235294117647058,0.8389138652057371,0.9072365507668928,0,8
yolo26l-seg.pt,MOTS20-05,200,9,1,33,7,0,2,1.0,0.7777777777777778,0.875,0.8147151407928556,0.8890725508040838,0,7
yolo26l-seg.pt,MOTS20-05,201,9,1,43,6,1,3,0.8571428571428571,0.6666666666666666,0.75,0.8788538868066142,0.93332699907053,0,7
yolo26l-seg.pt,MOTS20-05,202,9,1,47,8,0,1,1.0,0.8888888888888888,0.9411764705882353,0.786698459759126,0.8707256272589796,1,9
yolo26l-seg.pt,MOTS20-05,203,9,1,42,6,2,3,0.75,0.6666666666666666,0.7058823529411765,0.8619695572891438,0.9208501177659469,1,9
yolo26l-seg.pt,MOTS20-05,204,9,1,51,7,0,2,1.0,0.7777777777777778,0.875,0.805748599358826,0.8815156659076513,1,8
yolo26l-seg.pt,MOTS20-05,205,9,1,51,6,2,3,0.75,0.6666666666666666,0.7058823529411765,0.8527904290988161,0.9143682620704977,1,9
yolo26l-seg.pt,MOTS20-05,206,9,1,43,5,3,4,0.625,0.5555555555555556,0.5882352941176471,0.8752124775457514,0.9300813119733675,0,8
yolo26l-seg.pt,MOTS20-05,207,8,1,48,6,0,2,1.0,0.75,0.8571428571428571,0.845850318440903,0.9084001317149456,2,8
yolo26l-seg.pt,MOTS20-05,208,7,1,45,6,0,1,1.0,0.8571428571428571,0.9230769230769231,0.8508083292642407,0.9119153338747922,1,7
yolo26l-seg.pt,MOTS20-05,209,7,1,53,5,2,2,0.7142857142857143,0.7142857142857143,0.7142857142857143,0.9096374545164906,0.9510842177694985,2,9
yolo26l-seg.pt,MOTS20-05,210,6,1,51,6,0,0,1.0,1.0,1.0,0.8393000812869847,0.9032613081689432,2,8
yolo26l-seg.pt,MOTS20-05,211,6,1,36,6,1,0,0.8571428571428571,1.0,0.9230769230769231,0.8398943253334834,0.9051087367955416,1,8
yolo26l-seg.pt,MOTS20-05,212,6,1,41,6,1,0,0.8571428571428571,1.0,0.9230769230769231,0.848582045344493,0.9108877228483174,1,8
yolo26l-seg.pt,MOTS20-05,213,6,1,35,6,0,0,1.0,1.0,1.0,0.8672259311590662,0.9242488249541746,1,7
yolo26l-seg.pt,MOTS20-05,214,6,1,33,6,1,0,0.8571428571428571,1.0,0.9230769230769231,0.8650539404664075,0.9222823587353348,1,8
yolo26l-seg.pt,MOTS20-05,215,6,1,30,6,1,0,0.8571428571428571,1.0,0.9230769230769231,0.8754284486041883,0.9308967563767071,1,8
yolo26l-seg.pt,MOTS20-05,216,6,1,34,6,1,0,0.8571428571428571,1.0,0.9230769230769231,0.8855473305008528,0.9373190881632674,1,8
yolo26l-seg.pt,MOTS20-05,217,6,1,33,6,1,0,0.8571428571428571,1.0,0.9230769230769231,0.8502843108065936,0.9152156108542929,2,9
yolo26l-seg.pt,MOTS20-05,218,6,1,39,6,0,0,1.0,1.0,1.0,0.8776984518246188,0.932447235502234,3,9
yolo26l-seg.pt,MOTS20-05,219,6,1,55,6,0,0,1.0,1.0,1.0,0.8693027649980895,0.9267217107793954,2,8
yolo26l-seg.pt,MOTS20-05,220,6,1,50,6,0,0,1.0,1.0,1.0,0.8716042785150054,0.929020093964707,2,8
yolo26l-seg.pt,MOTS20-05,221,6,1,54,6,1,0,0.8571428571428571,1.0,0.9230769230769231,0.8923832895432184,0.9412456082488393,4,11
yolo26l-seg.pt,MOTS20-05,222,6,1,61,6,0,0,1.0,1.0,1.0,0.8906657707632536,0.9402030126781175,1,7
yolo26l-seg.pt,MOTS20-05,223,6,1,72,6,1,0,0.8571428571428571,1.0,0.9230769230769231,0.8873218346274948,0.9387326790122162,3,10
yolo26l-seg.pt,MOTS20-05,224,7,1,77,6,2,1,0.75,0.8571428571428571,0.8,0.8725862209608665,0.9295176882357442,2,10
yolo26l-seg.pt,MOTS20-05,225,7,1,69,6,1,1,0.8571428571428571,0.8571428571428571,0.8571428571428571,0.8688554645256129,0.9269520675261194,2,9
yolo26l-seg.pt,MOTS20-05,226,7,1,78,6,0,1,1.0,0.8571428571428571,0.9230769230769231,0.8867366302665715,0.9375028229646333,2,8
yolo26l-seg.pt,MOTS20-05,227,7,1,74,6,0,1,1.0,0.8571428571428571,0.9230769230769231,0.883300029014343,0.9349655853951178,2,8
yolo26l-seg.pt,MOTS20-05,228,8,1,73,7,0,1,1.0,0.875,0.9333333333333333,0.8310791133824261,0.9028786896370432,3,10
yolo26l-seg.pt,MOTS20-05,229,8,1,78,7,1,1,0.875,0.875,0.875,0.8811816144311304,0.9348191113366883,2,10
yolo26l-seg.pt,MOTS20-05,230,8,1,68,7,2,1,0.7777777777777778,0.875,0.8235294117647058,0.8788115270377584,0.9338408907652155,2,11
yolo26l-seg.pt,MOTS20-05,231,8,1,52,7,1,1,0.875,0.875,0.875,0.8820541141044856,0.9361954576270434,2,10
yolo26l-seg.pt,MOTS20-05,232,8,1,61,7,1,1,0.875,0.875,0.875,0.8878915282141803,0.9395769668639053,2,10
yolo26l-seg.pt,MOTS20-05,233,7,1,75,7,1,0,0.875,1.0,0.9333333333333333,0.8858541394610093,0.9383205745941966,1,9
yolo26l-seg.pt,MOTS20-05,234,8,1,71,8,0,0,1.0,1.0,1.0,0.8555409689485975,0.9188330064129397,3,11
yolo26l-seg.pt,MOTS20-05,235,8,1,64,7,2,1,0.7777777777777778,0.875,0.8235294117647058,0.8400434550241289,0.9099595693206807,3,12
yolo26l-seg.pt,MOTS20-05,236,10,1,86,8,2,2,0.8,0.8,0.8,0.7889622658874129,0.8758782323334503,2,12
yolo26l-seg.pt,MOTS20-05,237,10,1,62,9,0,1,1.0,0.9,0.9473684210526315,0.7964222231047171,0.8800232400499937,3,12
yolo26l-seg.pt,MOTS20-05,238,10,1,79,9,1,1,0.9,0.9,0.9,0.7671962709789051,0.8601915196066028,3,13
yolo26l-seg.pt,MOTS20-05,239,10,1,88,8,0,2,1.0,0.8,0.8888888888888888,0.8180893406865706,0.8965566277049974,2,10
yolo26l-seg.pt,MOTS20-05,240,8,1,84,7,0,1,1.0,0.875,0.9333333333333333,0.8251929642452877,0.8996094656524863,3,10
yolo26l-seg.pt,MOTS20-05,241,8,1,97,7,0,1,1.0,0.875,0.9333333333333333,0.8312614834602057,0.9050391774688141,3,10
yolo26l-seg.pt,MOTS20-05,242,10,1,87,8,2,2,0.8,0.8,0.8,0.8041037754498372,0.8816093565806534,2,12
yolo26l-seg.pt,MOTS20-05,243,10,1,62,9,1,1,0.9,0.9,0.9,0.8156195490015371,0.8909935151644501,0,10
yolo26l-seg.pt,MOTS20-05,244,10,1,55,8,2,2,0.8,0.8,0.8,0.8686776153948106,0.9273921543101992,0,10
yolo26l-seg.pt,MOTS20-05,245,9,1,60,8,1,1,0.8888888888888888,0.8888888888888888,0.8888888888888888,0.8865621220406188,0.9389874038319034,0,9
yolo26l-seg.pt,MOTS20-05,246,9,1,56,8,0,1,1.0,0.8888888888888888,0.9411764705882353,0.8649205478032629,0.9247567166590396,0,8
yolo26l-seg.pt,MOTS20-05,247,8,1,36,7,0,1,1.0,0.875,0.9333333333333333,0.8583127796950555,0.9198036988025959,3,10
yolo26l-seg.pt,MOTS20-05,248,8,1,51,7,0,1,1.0,0.875,0.9333333333333333,0.838218158198465,0.9071104928870543,2,9
yolo26l-seg.pt,MOTS20-05,249,8,1,58,8,0,0,1.0,1.0,1.0,0.8339864461714328,0.9050380490450634,2,10
yolo26l-seg.pt,MOTS20-05,250,10,1,54,9,0,1,1.0,0.9,0.9473684210526315,0.8316903207633247,0.9044986163454973,1,10
yolo26l-seg.pt,MOTS20-05,251,10,1,59,10,0,0,1.0,1.0,1.0,0.8385456958086308,0.9098257401850132,1,11
yolo26l-seg.pt,MOTS20-05,252,10,1,63,9,0,1,1.0,0.9,0.9473684210526315,0.8220450413163636,0.8979945815507132,1,10
yolo26l-seg.pt,MOTS20-05,253,13,1,79,10,1,3,0.9090909090909091,0.7692307692307693,0.8333333333333334,0.8113334967569976,0.8917926396621564,1,12
yolo26l-seg.pt,MOTS20-05,254,14,1,88,11,1,3,0.9166666666666666,0.7857142857142857,0.8461538461538461,0.7677286759069599,0.8627052705140219,1,13
yolo26l-seg.pt,MOTS20-05,255,13,1,86,9,1,4,0.9,0.6923076923076923,0.782608695652174,0.8566342656113888,0.9215770923019119,2,12
yolo26l-seg.pt,MOTS20-05,256,13,1,69,10,0,3,1.0,0.7692307692307693,0.8695652173913043,0.8167258085729092,0.8933579225104241,2,12
yolo26l-seg.pt,MOTS20-05,257,13,1,76,10,0,3,1.0,0.7692307692307693,0.8695652173913043,0.8419472598760039,0.9115867104416587,1,11
yolo26l-seg.pt,MOTS20-05,258,12,1,56,10,0,2,1.0,0.8333333333333334,0.9090909090909091,0.820787008948012,0.8989374233105982,0,10
yolo26l-seg.pt,MOTS20-05,259,12,1,63,9,0,3,1.0,0.75,0.8571428571428571,0.8084188976219013,0.8886593790501723,0,9
yolo26l-seg.pt,MOTS20-05,260,10,1,57,7,0,3,1.0,0.7,0.8235294117647058,0.8309142809189742,0.9033329598690951,0,7
yolo26l-seg.pt,MOTS20-05,261,9,1,56,7,1,2,0.875,0.7777777777777778,0.8235294117647058,0.844822164733746,0.913460300547139,0,8
yolo26l-seg.pt,MOTS20-05,262,9,1,70,7,0,2,1.0,0.7777777777777778,0.875,0.7974536392204392,0.8811536615358276,0,7
yolo26l-seg.pt,MOTS20-05,263,7,1,67,4,2,3,0.6666666666666666,0.5714285714285714,0.6153846153846154,0.897124504680041,0.9445575408376187,1,7
yolo26l-seg.pt,MOTS20-05,264,7,1,55,4,1,3,0.8,0.5714285714285714,0.6666666666666666,0.8938384235162286,0.9422306807471763,1,6
yolo26l-seg.pt,MOTS20-05,265,8,1,61,6,0,2,1.0,0.75,0.8571428571428571,0.8612932515376865,0.9185020618428509,0,6
yolo26l-seg.pt,MOTS20-05,266,8,1,56,7,0,1,1.0,0.875,0.9333333333333333,0.8385731643886666,0.9039863552668358,0,7
yolo26l-seg.pt,MOTS20-05,267,8,1,53,7,0,1,1.0,0.875,0.9333333333333333,0.8679937528327388,0.9233514665186174,0,7
yolo26l-seg.pt,MOTS20-05,268,8,1,57,6,1,2,0.8571428571428571,0.75,0.8,0.9182911777540473,0.9570403801180895,2,9
yolo26l-seg.pt,MOTS20-05,269,10,1,71,7,0,3,1.0,0.7,0.8235294117647058,0.86044647120065,0.9205220209518767,1,8
yolo26l-seg.pt,MOTS20-05,270,11,1,62,6,1,5,0.8571428571428571,0.5454545454545454,0.6666666666666666,0.9157570476484903,0.9556725322078083,1,8
yolo26l-seg.pt,MOTS20-05,271,11,1,62,7,0,4,1.0,0.6363636363636364,0.7777777777777778,0.8279892973059043,0.8978436663433753,2,9
yolo26l-seg.pt,MOTS20-05,272,9,1,74,6,1,3,0.8571428571428571,0.6666666666666666,0.75,0.8995244445156304,0.9462211311885032,1,8
yolo26l-seg.pt,MOTS20-05,273,9,1,97,5,1,4,0.8333333333333334,0.5555555555555556,0.6666666666666666,0.8888496807856148,0.9398789486096044,0,6
yolo26l-seg.pt,MOTS20-05,274,10,1,74,6,0,4,1.0,0.6,0.75,0.8664912105796786,0.9269554492573481,0,6
yolo26l-seg.pt,MOTS20-05,275,11,1,86,7,0,4,1.0,0.6363636363636364,0.7777777777777778,0.8707206150145489,0.9295645257631107,1,8
yolo26l-seg.pt,MOTS20-05,276,11,1,97,9,1,2,0.9,0.8181818181818182,0.8571428571428571,0.7864580194266209,0.8722641181728292,0,10
yolo26l-seg.pt,MOTS20-05,277,10,1,115,8,2,2,0.8,0.8,0.8,0.7750487427063382,0.8643574784038304,0,10
yolo26l-seg.pt,MOTS20-05,278,10,1,87,7,1,3,0.875,0.7,0.7777777777777778,0.8760586361870335,0.9329202571956567,0,8
yolo26l-seg.pt,MOTS20-05,279,10,1,79,7,1,3,0.875,0.7,0.7777777777777778,0.8545098130132989,0.915708870654664,0,8
yolo26l-seg.pt,MOTS20-05,280,10,1,72,8,1,2,0.8888888888888888,0.8,0.8421052631578947,0.8446880648859234,0.908824897660262,0,9
yolo26l-seg.pt,MOTS20-05,281,9,1,37,7,0,2,1.0,0.7777777777777778,0.875,0.8686174006224814,0.9235422009338762,0,7
yolo26l-seg.pt,MOTS20-05,282,10,1,71,9,0,1,1.0,0.9,0.9473684210526315,0.8481900859547707,0.9135763094823999,0,9
yolo26l-seg.pt,MOTS20-05,283,10,1,72,10,0,0,1.0,1.0,1.0,0.8600121497640787,0.9228912539976992,0,10
yolo26l-seg.pt,MOTS20-05,284,10,1,61,9,1,1,0.9,0.9,0.9,0.8718174912391189,0.9304971620375118,0,10
yolo26l-seg.pt,MOTS20-05,285,9,1,42,8,0,1,1.0,0.8888888888888888,0.9411764705882353,0.890280766910169,0.9411199660535454,0,8
yolo26l-seg.pt,MOTS20-05,286,9,1,48,8,0,1,1.0,0.8888888888888888,0.9411764705882353,0.8924872895396099,0.9423822068647435,0,8
yolo26l-seg.pt,MOTS20-05,287,9,1,52,9,0,0,1.0,1.0,1.0,0.8848070790039132,0.9372940235741356,0,9
yolo26l-seg.pt,MOTS20-05,288,9,1,65,9,0,0,1.0,1.0,1.0,0.90045708443496,0.9469570342431882,2,11
yolo26l-seg.pt,MOTS20-05,289,8,1,58,8,0,0,1.0,1.0,1.0,0.8900951260161655,0.9414550615227459,2,10
yolo26l-seg.pt,MOTS20-05,290,8,1,72,8,1,0,0.8888888888888888,1.0,0.9411764705882353,0.8759206382494514,0.932727527003472,3,12
yolo26l-seg.pt,MOTS20-05,291,8,1,68,8,0,0,1.0,1.0,1.0,0.859429921707181,0.9216003470144836,2,10
yolo26l-seg.pt,MOTS20-05,292,8,1,61,8,0,0,1.0,1.0,1.0,0.8406201205140671,0.9075491969783858,2,10
yolo26l-seg.pt,MOTS20-05,293,9,1,56,8,0,1,1.0,0.8888888888888888,0.9411764705882353,0.8552536626642427,0.9163098592596474,1,9
yolo26l-seg.pt,MOTS20-05,294,9,1,53,8,0,1,1.0,0.8888888888888888,0.9411764705882353,0.9023493992479603,0.9478594785945194,2,10
yolo26l-seg.pt,MOTS20-05,295,10,1,45,8,0,2,1.0,0.8,0.8888888888888888,0.9051807339206075,0.9495117533837677,0,8
yolo26l-seg.pt,MOTS20-05,296,10,1,47,8,0,2,1.0,0.8,0.8888888888888888,0.9098476533660124,0.9523415012445025,0,8
yolo26l-seg.pt,MOTS20-05,297,10,1,57,8,0,2,1.0,0.8,0.8888888888888888,0.9064711344567407,0.9500860531690785,0,8
yolo26l-seg.pt,MOTS20-05,298,10,1,59,8,2,2,0.8,0.8,0.8,0.8642696253739923,0.9243200915810794,0,10
yolo26l-seg.pt,MOTS20-05,299,10,1,47,8,0,2,1.0,0.8,0.8888888888888888,0.8800822432645568,0.9348317627474005,0,8
yolo26l-seg.pt,MOTS20-05,300,9,1,40,9,0,0,1.0,1.0,1.0,0.8606598181001703,0.9234912359516331,0,9
yolo26l-seg.pt,MOTS20-05,301,9,1,46,8,1,1,0.8888888888888888,0.8888888888888888,0.8888888888888888,0.8674351303120899,0.9271060465838594,1,10
yolo26l-seg.pt,MOTS20-05,302,10,0,71,10,1,0,0.9090909090909091,1.0,0.9523809523809523,0.8420473702003305,0.9105185588747414,0,11
yolo26l-seg.pt,MOTS20-05,303,12,1,77,11,0,1,1.0,0.9166666666666666,0.9565217391304348,0.7991043379887681,0.8822064712720881,0,11
yolo26l-seg.pt,MOTS20-05,304,14,1,75,11,0,3,1.0,0.7857142857142857,0.88,0.7993348686428369,0.8832261992695843,0,11
yolo26l-seg.pt,MOTS20-05,305,13,1,76,11,0,2,1.0,0.8461538461538461,0.9166666666666666,0.8109141586499707,0.8911796705620028,0,11
yolo26l-seg.pt,MOTS20-05,306,13,1,96,10,1,3,0.9090909090909091,0.7692307692307693,0.8333333333333334,0.7940580923631202,0.8802370775347883,1,12
yolo26l-seg.pt,MOTS20-05,307,12,1,90,9,0,3,1.0,0.75,0.8571428571428571,0.7853134186389122,0.8744884127184867,2,11
yolo26l-seg.pt,MOTS20-05,308,12,1,72,9,1,3,0.9,0.75,0.8181818181818182,0.80699398867289,0.8889937361221288,0,10
yolo26l-seg.pt,MOTS20-05,309,12,1,102,10,1,2,0.9090909090909091,0.8333333333333334,0.8695652173913043,0.7614502487629602,0.857876468506167,0,11
yolo26l-seg.pt,MOTS20-05,310,11,1,68,10,0,1,1.0,0.9090909090909091,0.9523809523809523,0.7549239428329908,0.8541882140677733,0,10
yolo26l-seg.pt,MOTS20-05,311,11,1,77,9,1,2,0.9,0.8181818181818182,0.8571428571428571,0.7833271253159855,0.8733206496133508,1,11
yolo26l-seg.pt,MOTS20-05,312,10,1,77,8,0,2,1.0,0.8,0.8888888888888888,0.8007026733756206,0.8851173770068852,1,9
yolo26l-seg.pt,MOTS20-05,313,11,1,69,8,0,3,1.0,0.7272727272727273,0.8421052631578947,0.8089763558015277,0.8908169694957111,1,9
yolo26l-seg.pt,MOTS20-05,314,11,1,73,9,0,2,1.0,0.8181818181818182,0.9,0.8259882517649312,0.9015164695031912,1,10
yolo26l-seg.pt,MOTS20-05,315,11,1,72,8,0,3,1.0,0.7272727272727273,0.8421052631578947,0.826680809146644,0.9023044169432947,2,10
yolo26l-seg.pt,MOTS20-05,316,9,1,68,8,0,1,1.0,0.8888888888888888,0.9411764705882353,0.8013945172616836,0.8864472787475972,1,9
yolo26l-seg.pt,MOTS20-05,317,8,1,40,7,1,1,0.875,0.875,0.875,0.805671629421462,0.8878634080950879,2,10
yolo26l-seg.pt,MOTS20-05,318,8,1,37,7,0,1,1.0,0.875,0.9333333333333333,0.8015337695914379,0.8858002578034441,2,9
yolo26l-seg.pt,MOTS20-05,319,7,1,39,7,0,0,1.0,1.0,1.0,0.8349914965326354,0.9066333024198217,2,9
yolo26l-seg.pt,MOTS20-05,320,8,1,65,8,0,0,1.0,1.0,1.0,0.8376555425087967,0.9089133907660534,0,8
yolo26l-seg.pt,MOTS20-05,321,10,1,89,10,1,0,0.9090909090909091,1.0,0.9523809523809523,0.830091337663094,0.9038535613662401,0,11
yolo26l-seg.pt,MOTS20-05,322,10,1,73,10,3,0,0.7692307692307693,1.0,0.8695652173913043,0.8258089512813754,0.901480213378935,0,13
yolo26l-seg.pt,MOTS20-05,323,9,1,79,8,2,1,0.8,0.8888888888888888,0.8421052631578947,0.829465056652525,0.9039458698399309,2,12
yolo26l-seg.pt,MOTS20-05,324,10,1,86,7,3,3,0.7,0.7,0.7,0.8356002661337849,0.9080488849950069,2,12
yolo26l-seg.pt,MOTS20-05,325,10,1,79,9,0,1,1.0,0.9,0.9473684210526315,0.8169890960018313,0.8956137557058965,2,11
yolo26l-seg.pt,MOTS20-05,326,11,1,64,9,1,2,0.9,0.8181818181818182,0.8571428571428571,0.8214168129989338,0.8993779786747886,1,11
yolo26l-seg.pt,MOTS20-05,327,9,1,82,8,1,1,0.8888888888888888,0.8888888888888888,0.8888888888888888,0.8750457363333163,0.9320888142522838,1,10
yolo26l-seg.pt,MOTS20-05,328,9,1,77,9,0,0,1.0,1.0,1.0,0.8484792648052706,0.9165501504679168,1,10
yolo26l-seg.pt,MOTS20-05,329,10,1,62,9,2,1,0.8181818181818182,0.9,0.8571428571428571,0.8513063497820184,0.9174897171778351,1,12
yolo26l-seg.pt,MOTS20-05,330,11,1,55,8,2,3,0.8,0.7272727272727273,0.7619047619047619,0.8642795526543732,0.9259242674948254,1,11
yolo26l-seg.pt,MOTS20-05,331,10,1,61,8,1,2,0.8888888888888888,0.8,0.8421052631578947,0.8630133112011094,0.924716077456733,1,10
yolo26l-seg.pt,MOTS20-05,332,11,1,65,8,0,3,1.0,0.7272727272727273,0.8421052631578947,0.8220791566725394,0.897137616182059,1,9
yolo26l-seg.pt,MOTS20-05,333,8,1,72,6,0,2,1.0,0.75,0.8571428571428571,0.898820170334497,0.9459600951375083,2,8
yolo26l-seg.pt,MOTS20-05,334,8,1,67,7,0,1,1.0,0.875,0.9333333333333333,0.824802198659999,0.8999188022971296,3,10
yolo26l-seg.pt,MOTS20-05,335,9,1,67,8,0,1,1.0,0.8888888888888888,0.9411764705882353,0.8548469460951766,0.9198477408534758,1,9
yolo26l-seg.pt,MOTS20-05,336,9,1,81,8,2,1,0.8,0.8888888888888888,0.8421052631578947,0.8321766740200098,0.9058136397432053,0,10
yolo26l-seg.pt,MOTS20-05,337,8,1,73,7,1,1,0.875,0.875,0.875,0.8324001011479092,0.9056136467020721,2,10
yolo26l-seg.pt,MOTS20-05,338,9,1,71,7,0,2,1.0,0.7777777777777778,0.875,0.8188406197472957,0.8975284655136303,1,8
yolo26l-seg.pt,MOTS20-05,339,9,1,74,9,0,0,1.0,1.0,1.0,0.8159630592414446,0.8969211417620466,1,10
yolo26l-seg.pt,MOTS20-05,340,9,1,70,9,0,0,1.0,1.0,1.0,0.796883912970586,0.8834577774376388,0,9
yolo26l-seg.pt,MOTS20-05,341,9,1,70,9,1,0,0.9,1.0,0.9473684210526315,0.8176411891834786,0.897269304666477,0,10
yolo26l-seg.pt,MOTS20-05,342,8,1,68,8,0,0,1.0,1.0,1.0,0.8480463694191961,0.9151367949585509,1,9
yolo26l-seg.pt,MOTS20-05,343,8,1,63,8,0,0,1.0,1.0,1.0,0.8553630577156468,0.9203905051072294,0,8
yolo26l-seg.pt,MOTS20-05,344,8,1,45,8,0,0,1.0,1.0,1.0,0.8415612764814471,0.9117720727566337,0,8
yolo26l-seg.pt,MOTS20-05,345,8,1,49,8,0,0,1.0,1.0,1.0,0.8135555247085855,0.894655954264274,0,8
yolo26l-seg.pt,MOTS20-05,346,8,1,53,8,0,0,1.0,1.0,1.0,0.8498687950105213,0.9174601516196406,0,8
yolo26l-seg.pt,MOTS20-05,347,7,1,78,7,0,0,1.0,1.0,1.0,0.8239369913599818,0.8997321810757138,3,10
yolo26l-seg.pt,MOTS20-05,348,7,1,65,6,0,1,1.0,0.8571428571428571,0.9230769230769231,0.8762466155626764,0.9329228996979783,1,7
yolo26l-seg.pt,MOTS20-05,349,7,1,52,6,0,1,1.0,0.8571428571428571,0.9230769230769231,0.8938775929629843,0.9426261479592939,1,7
yolo26l-seg.pt,MOTS20-05,350,7,1,58,6,0,1,1.0,0.8571428571428571,0.9230769230769231,0.885541495168707,0.9382059600504319,3,9
yolo26l-seg.pt,MOTS20-05,351,5,1,70,5,0,0,1.0,1.0,1.0,0.8882375146313883,0.9395159396899494,3,8
yolo26l-seg.pt,MOTS20-05,352,5,1,44,5,0,0,1.0,1.0,1.0,0.9123875517961789,0.9538497263162042,3,8
yolo26l-seg.pt,MOTS20-05,353,7,1,61,7,0,0,1.0,1.0,1.0,0.8228408677049744,0.8957965822661013,0,7
yolo26l-seg.pt,MOTS20-05,354,7,1,65,6,1,1,0.8571428571428571,0.8571428571428571,0.8571428571428571,0.8801736000818803,0.9344731224416921,0,7
yolo26l-seg.pt,MOTS20-05,355,7,1,52,7,1,0,0.875,1.0,0.9333333333333333,0.8514227820571607,0.9167275057391897,0,8
yolo26l-seg.pt,MOTS20-05,356,7,1,46,6,0,1,1.0,0.8571428571428571,0.9230769230769231,0.8869817841515557,0.9383722460143008,0,6
yolo26l-seg.pt,MOTS20-05,357,7,1,41,6,0,1,1.0,0.8571428571428571,0.9230769230769231,0.895515283033624,0.9437934145176993,0,6
yolo26l-seg.pt,MOTS20-05,358,7,1,45,7,0,0,1.0,1.0,1.0,0.8639054513573566,0.9231345521839411,0,7
yolo26l-seg.pt,MOTS20-05,359,7,1,41,7,0,0,1.0,1.0,1.0,0.8944981999437066,0.9431506118912836,0,7
yolo26l-seg.pt,MOTS20-05,360,7,1,67,6,1,1,0.8571428571428571,0.8571428571428571,0.8571428571428571,0.884056641413736,0.9379594022715599,0,7
yolo26l-seg.pt,MOTS20-05,361,7,1,56,6,1,1,0.8571428571428571,0.8571428571428571,0.8571428571428571,0.8632821400001389,0.9221243559514818,0,7
yolo26l-seg.pt,MOTS20-05,362,7,1,56,6,0,1,1.0,0.8571428571428571,0.9230769230769231,0.8863456481036018,0.9390765336052388,0,6
yolo26l-seg.pt,MOTS20-05,363,7,1,46,6,0,1,1.0,0.8571428571428571,0.9230769230769231,0.8749309346467203,0.932159733016266,0,6
yolo26l-seg.pt,MOTS20-05,364,6,1,38,6,0,0,1.0,1.0,1.0,0.9027642358331751,0.9478573243223597,0,6
yolo26l-seg.pt,MOTS20-05,365,6,1,45,6,0,0,1.0,1.0,1.0,0.8801349276530926,0.9352568310481907,0,6
yolo26l-seg.pt,MOTS20-05,366,7,1,58,6,0,1,1.0,0.8571428571428571,0.9230769230769231,0.8744436484702574,0.9314469852737242,0,6
yolo26l-seg.pt,MOTS20-05,367,7,1,84,6,1,1,0.8571428571428571,0.8571428571428571,0.8571428571428571,0.8490371364909541,0.9140133122402546,0,7
yolo26l-seg.pt,MOTS20-05,368,6,1,29,4,1,2,0.8,0.6666666666666666,0.7272727272727273,0.9042271869106178,0.9485457365830998,0,5
yolo26l-seg.pt,MOTS20-05,369,6,1,41,4,1,2,0.8,0.6666666666666666,0.7272727272727273,0.9198313187530339,0.9579658458430153,0,5
yolo26l-seg.pt,MOTS20-05,370,7,1,49,6,0,1,1.0,0.8571428571428571,0.9230769230769231,0.8193732761725524,0.8938753679175336,0,6
yolo26l-seg.pt,MOTS20-05,371,7,1,48,6,0,1,1.0,0.8571428571428571,0.9230769230769231,0.8509938638559946,0.9169657987997956,0,6
yolo26l-seg.pt,MOTS20-05,372,6,1,45,5,0,1,1.0,0.8333333333333334,0.9090909090909091,0.8795847305979523,0.9343334186896968,1,6
yolo26l-seg.pt,MOTS20-05,373,8,1,36,6,0,2,1.0,0.75,0.8571428571428571,0.8721035536708502,0.9299306208310923,0,6
yolo26l-seg.pt,MOTS20-05,374,8,1,53,7,0,1,1.0,0.875,0.9333333333333333,0.8524295511280107,0.9170673444039495,0,7
yolo26l-seg.pt,MOTS20-05,375,8,1,58,7,1,1,0.875,0.875,0.875,0.8493810004437946,0.9148588107965916,0,8
yolo26l-seg.pt,MOTS20-05,376,10,1,56,8,1,2,0.8888888888888888,0.8,0.8421052631578947,0.7996642547468829,0.8808646589310715,0,9
yolo26l-seg.pt,MOTS20-05,377,10,1,57,10,1,0,0.9090909090909091,1.0,0.9523809523809523,0.7533600352265877,0.8553031082569476,0,11
yolo26l-seg.pt,MOTS20-05,378,11,1,69,9,2,2,0.8181818181818182,0.8181818181818182,0.8181818181818182,0.7860572245495716,0.8766247827287539,0,11
yolo26l-seg.pt,MOTS20-05,379,11,1,62,10,2,1,0.8333333333333334,0.9090909090909091,0.8695652173913043,0.7999782890559483,0.8861793514698937,0,12
yolo26l-seg.pt,MOTS20-05,380,11,1,68,11,1,0,0.9166666666666666,1.0,0.9565217391304348,0.789655836014497,0.8760199368714919,0,12
yolo26l-seg.pt,MOTS20-05,381,11,1,69,10,1,1,0.9090909090909091,0.9090909090909091,0.9090909090909091,0.7736943555254275,0.8676183416372487,0,11
yolo26l-seg.pt,MOTS20-05,382,10,1,74,10,0,0,1.0,1.0,1.0,0.790836223960118,0.8799764430424014,1,11
yolo26l-seg.pt,MOTS20-05,383,10,1,65,10,2,0,0.8333333333333334,1.0,0.9090909090909091,0.7932714366848053,0.8809559158932515,0,12
yolo26l-seg.pt,MOTS20-05,384,9,1,71,9,0,0,1.0,1.0,1.0,0.7896765504628286,0.8784541030506985,1,10
yolo26l-seg.pt,MOTS20-05,385,9,1,69,9,0,0,1.0,1.0,1.0,0.7910591123618289,0.8781729183970383,2,11
yolo26l-seg.pt,MOTS20-05,386,9,1,67,9,0,0,1.0,1.0,1.0,0.8006102841149073,0.8843918007847414,0,9
yolo26l-seg.pt,MOTS20-05,387,9,1,57,9,1,0,0.9,1.0,0.9473684210526315,0.8004832679299636,0.8852508270342996,0,10
yolo26l-seg.pt,MOTS20-05,388,9,1,62,9,0,0,1.0,1.0,1.0,0.831106726988333,0.9039013530598837,1,10
yolo26l-seg.pt,MOTS20-05,389,9,1,63,9,1,0,0.9,1.0,0.9473684210526315,0.7809037677640793,0.8695111322855221,1,11
yolo26l-seg.pt,MOTS20-05,390,9,1,68,9,0,0,1.0,1.0,1.0,0.7971505285643201,0.8816256733975338,1,10
yolo26l-seg.pt,MOTS20-05,391,9,1,71,9,0,0,1.0,1.0,1.0,0.7762110184359752,0.8664334579886012,1,10
yolo26l-seg.pt,MOTS20-05,392,9,1,85,9,0,0,1.0,1.0,1.0,0.8237894065019702,0.9004243762158785,1,10
yolo26l-seg.pt,MOTS20-05,393,9,1,83,9,1,0,0.9,1.0,0.9473684210526315,0.7941105543904142,0.8829005239968918,1,11
yolo26l-seg.pt,MOTS20-05,394,9,1,91,9,1,0,0.9,1.0,0.9473684210526315,0.7911064720094165,0.8802961425697331,1,11
yolo26l-seg.pt,MOTS20-05,395,9,1,64,8,3,1,0.7272727272727273,0.8888888888888888,0.8,0.780257357032734,0.8718362555845933,1,12
yolo26l-seg.pt,MOTS20-05,396,9,1,81,8,2,1,0.8,0.8888888888888888,0.8421052631578947,0.7580798947811318,0.8562276518735551,0,10
yolo26l-seg.pt,MOTS20-05,397,8,1,89,8,1,0,0.8888888888888888,1.0,0.9411764705882353,0.7744828334360377,0.8691658435898447,3,12
yolo26l-seg.pt,MOTS20-05,398,8,1,69,8,1,0,0.8888888888888888,1.0,0.9411764705882353,0.737247000459524,0.8441805712957275,1,10
yolo26l-seg.pt,MOTS20-05,399,8,1,66,7,0,1,1.0,0.875,0.9333333333333333,0.7502028997523646,0.8521236296020396,1,8
yolo26l-seg.pt,MOTS20-05,400,7,1,69,7,1,0,0.875,1.0,0.9333333333333333,0.7728072522807226,0.8673874919824592,2,10
yolo26l-seg.pt,MOTS20-05,401,7,1,67,6,1,1,0.8571428571428571,0.8571428571428571,0.8571428571428571,0.7907369549600646,0.877815769232177,4,11
yolo26l-seg.pt,MOTS20-05,402,7,1,75,7,1,0,0.875,1.0,0.9333333333333333,0.7841791438851653,0.8757221540034585,2,10
yolo26l-seg.pt,MOTS20-05,403,6,1,73,6,1,0,0.8571428571428571,1.0,0.9230769230769231,0.7932642829238374,0.8811748796394042,4,11
yolo26l-seg.pt,MOTS20-05,404,6,1,70,6,0,0,1.0,1.0,1.0,0.7659865459089881,0.8613713397691463,2,8
yolo26l-seg.pt,MOTS20-05,405,5,1,74,5,0,0,1.0,1.0,1.0,0.7577345921347788,0.8569053098760999,3,8
yolo26l-seg.pt,MOTS20-05,406,4,1,57,4,0,0,1.0,1.0,1.0,0.7446390223646824,0.8413007924393519,4,8
yolo26l-seg.pt,MOTS20-05,407,4,1,45,3,0,1,1.0,0.75,0.8571428571428571,0.8130691017465721,0.8875514458965315,3,6
yolo26l-seg.pt,MOTS20-05,408,4,1,52,3,1,1,0.75,0.75,0.75,0.816342378126746,0.8919524127332696,0,4
yolo26l-seg.pt,MOTS20-05,409,4,1,54,3,1,1,0.75,0.75,0.75,0.8338930430675587,0.9036459169747441,1,5
yolo26l-seg.pt,MOTS20-05,410,4,1,59,4,0,0,1.0,1.0,1.0,0.7857024647017695,0.8742111965649626,2,6
yolo26l-seg.pt,MOTS20-05,411,4,1,62,4,0,0,1.0,1.0,1.0,0.7502432789883514,0.848717512513611,2,6
yolo26l-seg.pt,MOTS20-05,412,4,1,58,4,2,0,0.6666666666666666,1.0,0.8,0.7868979834050686,0.8764159225911132,2,8
yolo26l-seg.pt,MOTS20-05,413,4,1,68,4,0,0,1.0,1.0,1.0,0.7417786798950916,0.8429079871883882,1,5
yolo26l-seg.pt,MOTS20-05,414,5,1,73,5,0,0,1.0,1.0,1.0,0.7767364388876412,0.8701425595648713,1,6
yolo26l-seg.pt,MOTS20-05,415,6,1,63,5,0,1,1.0,0.8333333333333334,0.9090909090909091,0.7573979396366688,0.8569451777163621,1,6
yolo26l-seg.pt,MOTS20-05,416,6,1,96,5,0,1,1.0,0.8333333333333334,0.9090909090909091,0.8124173712005215,0.8922223636522529,0,5
yolo26l-seg.pt,MOTS20-05,417,6,1,71,5,0,1,1.0,0.8333333333333334,0.9090909090909091,0.8488049305784499,0.9159960435268133,2,7
yolo26l-seg.pt,MOTS20-05,418,6,1,80,5,1,1,0.8333333333333334,0.8333333333333334,0.8333333333333334,0.7547424285849078,0.8505962558002145,2,8
yolo26l-seg.pt,MOTS20-05,419,6,1,50,5,0,1,1.0,0.8333333333333334,0.9090909090909091,0.7965813799281646,0.8809042081860692,2,7
yolo26l-seg.pt,MOTS20-05,420,6,1,59,4,0,2,1.0,0.6666666666666666,0.8,0.8356173653153323,0.9064944033081965,0,4
yolo26l-seg.pt,MOTS20-05,421,6,1,59,4,0,2,1.0,0.6666666666666666,0.8,0.8513449103053337,0.9168449824635112,2,6
yolo26l-seg.pt,MOTS20-05,422,5,1,69,5,0,0,1.0,1.0,1.0,0.8078663050754518,0.8889831183059819,1,6
yolo26l-seg.pt,MOTS20-05,423,6,1,56,5,0,1,1.0,0.8333333333333334,0.9090909090909091,0.800428811445365,0.8831676054443489,0,5
yolo26l-seg.pt,MOTS20-05,424,5,1,52,5,0,0,1.0,1.0,1.0,0.8100175501704513,0.8868852444670969,1,6
yolo26l-seg.pt,MOTS20-05,425,6,1,61,5,0,1,1.0,0.8333333333333334,0.9090909090909091,0.8327146002112562,0.9066045916468685,1,6
yolo26l-seg.pt,MOTS20-05,426,6,1,87,5,0,1,1.0,0.8333333333333334,0.9090909090909091,0.7944847257175061,0.8796753521967163,3,8
yolo26l-seg.pt,MOTS20-05,427,6,1,81,4,2,2,0.6666666666666666,0.6666666666666666,0.6666666666666666,0.8383371141881909,0.9094607300051377,1,7
yolo26l-seg.pt,MOTS20-05,428,7,1,104,6,1,1,0.8571428571428571,0.8571428571428571,0.8571428571428571,0.8169295733969304,0.893979042424473,0,7
yolo26l-seg.pt,MOTS20-05,429,7,1,64,6,0,1,1.0,0.8571428571428571,0.9230769230769231,0.8084948161631894,0.8888787178215178,2,8
yolo26l-seg.pt,MOTS20-05,430,7,1,54,7,1,0,0.875,1.0,0.9333333333333333,0.7983314385953226,0.8810166200006257,0,8
yolo26l-seg.pt,MOTS20-05,431,8,1,66,6,2,2,0.75,0.75,0.75,0.878615761352861,0.9328901170021252,0,8
yolo26l-seg.pt,MOTS20-05,432,8,1,63,6,0,2,1.0,0.75,0.8571428571428571,0.8514100262007004,0.917167758421127,0,6
yolo26l-seg.pt,MOTS20-05,433,7,1,63,6,0,1,1.0,0.8571428571428571,0.9230769230769231,0.8736759294880815,0.9292669877231399,2,8
yolo26l-seg.pt,MOTS20-05,434,7,1,51,7,0,0,1.0,1.0,1.0,0.8163348693098895,0.8946925849369584,1,8
yolo26l-seg.pt,MOTS20-05,435,7,1,62,7,0,0,1.0,1.0,1.0,0.8501671595022949,0.9168630201617644,1,8
yolo26l-seg.pt,MOTS20-05,436,7,1,85,7,1,0,0.875,1.0,0.9333333333333333,0.8175120161731887,0.8962642509580657,2,10
yolo26l-seg.pt,MOTS20-05,437,8,1,78,7,1,1,0.875,0.875,0.875,0.8086010525921985,0.887372375523533,0,8
yolo26l-seg.pt,MOTS20-05,438,9,1,85,8,1,1,0.8888888888888888,0.8888888888888888,0.8888888888888888,0.8220248359409643,0.8990241694490926,0,9
yolo26l-seg.pt,MOTS20-05,439,7,1,77,7,1,0,0.875,1.0,0.9333333333333333,0.8498305674465867,0.9171990206526732,0,8
yolo26l-seg.pt,MOTS20-05,440,6,1,58,6,0,0,1.0,1.0,1.0,0.8835419783941166,0.9366514587635107,0,6
yolo26l-seg.pt,MOTS20-05,441,6,0,52,5,3,1,0.625,0.8333333333333334,0.7142857142857143,0.8604575871546281,0.9232455090973571,0,8
yolo26l-seg.pt,MOTS20-05,442,6,0,35,5,0,1,1.0,0.8333333333333334,0.9090909090909091,0.872307017510991,0.9304518778849333,0,5
yolo26l-seg.pt,MOTS20-05,443,5,0,31,5,1,0,0.8333333333333334,1.0,0.9090909090909091,0.9043189316664263,0.948443468562574,0,6
yolo26l-seg.pt,MOTS20-05,444,8,1,47,8,1,0,0.8888888888888888,1.0,0.9411764705882353,0.837911590213873,0.9078591252481237,0,9
yolo26l-seg.pt,MOTS20-05,445,9,1,50,9,0,0,1.0,1.0,1.0,0.8165152347079592,0.8929069358687847,0,9
yolo26l-seg.pt,MOTS20-05,446,9,1,58,8,2,1,0.8,0.8888888888888888,0.8421052631578947,0.8548105483388084,0.9187875582131441,0,10
yolo26l-seg.pt,MOTS20-05,447,9,1,67,9,0,0,1.0,1.0,1.0,0.8186760899010227,0.8968455431217106,0,9
yolo26l-seg.pt,MOTS20-05,448,9,1,52,9,0,0,1.0,1.0,1.0,0.8480490216100531,0.9152686400218888,0,9
yolo26l-seg.pt,MOTS20-05,449,9,1,50,9,0,0,1.0,1.0,1.0,0.8492618705323076,0.9167749977899674,0,9
yolo26l-seg.pt,MOTS20-05,450,9,1,65,9,0,0,1.0,1.0,1.0,0.850893500427847,0.9169678943576804,0,9
yolo26l-seg.pt,MOTS20-05,451,9,1,56,9,1,0,0.9,1.0,0.9473684210526315,0.8307734513410109,0.9012626207440841,0,10
yolo26l-seg.pt,MOTS20-05,452,9,1,58,7,0,2,1.0,0.7777777777777778,0.875,0.8951143601045505,0.9442247795629878,0,7
yolo26l-seg.pt,MOTS20-05,453,9,1,43,9,0,0,1.0,1.0,1.0,0.813411463387361,0.8905548098203341,0,9
yolo26l-seg.pt,MOTS20-05,454,9,1,49,9,0,0,1.0,1.0,1.0,0.8370952858804124,0.9075996325418223,0,9
yolo26l-seg.pt,MOTS20-05,455,9,1,41,8,2,1,0.8,0.8888888888888888,0.8421052631578947,0.8523315630486342,0.9174669906041548,0,10
yolo26l-seg.pt,MOTS20-05,456,9,1,39,8,1,1,0.8888888888888888,0.8888888888888888,0.8888888888888888,0.8379197712392792,0.9076542572786563,0,9
yolo26l-seg.pt,MOTS20-05,457,9,1,34,7,1,2,0.875,0.7777777777777778,0.8235294117647058,0.8703139232127536,0.928512239137663,0,8
yolo26l-seg.pt,MOTS20-05,458,9,1,36,8,1,1,0.8888888888888888,0.8888888888888888,0.8888888888888888,0.8610093931232243,0.9226800124518544,0,9
yolo26l-seg.pt,MOTS20-05,459,9,1,44,8,1,1,0.8888888888888888,0.8888888888888888,0.8888888888888888,0.8605192141346876,0.9230514915376795,0,9
yolo26l-seg.pt,MOTS20-05,460,9,1,35,7,1,2,0.875,0.7777777777777778,0.8235294117647058,0.8713053948031116,0.9297532389980063,0,8
yolo26l-seg.pt,MOTS20-05,461,8,1,37,6,0,2,1.0,0.75,0.8571428571428571,0.9115376307315423,0.9535329163827037,0,6
yolo26l-seg.pt,MOTS20-05,462,8,1,49,6,0,2,1.0,0.75,0.8571428571428571,0.8966940844900352,0.9452885120193635,1,7
yolo26l-seg.pt,MOTS20-05,463,8,1,41,6,0,2,1.0,0.75,0.8571428571428571,0.8983281692669812,0.9457493949291697,0,6
yolo26l-seg.pt,MOTS20-05,464,8,1,38,6,0,2,1.0,0.75,0.8571428571428571,0.8971669801392586,0.9447843773105821,0,6
yolo26l-seg.pt,MOTS20-05,465,7,1,38,6,0,1,1.0,0.8571428571428571,0.9230769230769231,0.9075399215758925,0.9511812402858696,0,6
yolo26l-seg.pt,MOTS20-05,466,7,1,31,6,0,1,1.0,0.8571428571428571,0.9230769230769231,0.9096627139328494,0.9514233468722612,0,6
yolo26l-seg.pt,MOTS20-05,467,7,1,40,6,0,1,1.0,0.8571428571428571,0.9230769230769231,0.8643853782136791,0.9231347326877022,0,6
yolo26l-seg.pt,MOTS20-05,468,7,1,56,6,0,1,1.0,0.8571428571428571,0.9230769230769231,0.8604394676146733,0.9210982977251629,1,7
yolo26l-seg.pt,MOTS20-05,469,6,1,45,6,0,0,1.0,1.0,1.0,0.8634542951538428,0.9231995553754277,0,6
yolo26l-seg.pt,MOTS20-05,470,6,1,29,6,0,0,1.0,1.0,1.0,0.8421451685781532,0.9086475984212021,0,6
yolo26l-seg.pt,MOTS20-05,471,6,1,30,6,0,0,1.0,1.0,1.0,0.8820015843942574,0.934794139441072,0,6
yolo26l-seg.pt,MOTS20-05,472,6,1,39,6,1,0,0.8571428571428571,1.0,0.9230769230769231,0.8408195852860034,0.9063052488195708,0,7
yolo26l-seg.pt,MOTS20-05,473,5,1,36,5,0,0,1.0,1.0,1.0,0.9063002597440418,0.9502777773207957,0,5
yolo26l-seg.pt,MOTS20-05,474,5,1,32,5,0,0,1.0,1.0,1.0,0.9222655285988377,0.9593311965736808,0,5
yolo26l-seg.pt,MOTS20-05,475,5,1,47,5,0,0,1.0,1.0,1.0,0.9154299988265573,0.9556101368034824,0,5
yolo26l-seg.pt,MOTS20-05,476,5,1,38,5,0,0,1.0,1.0,1.0,0.9163875514108945,0.9557826350338218,1,6
yolo26l-seg.pt,MOTS20-05,477,5,1,48,5,2,0,0.7142857142857143,1.0,0.8333333333333334,0.8842180757392158,0.9367393966964592,1,8
yolo26l-seg.pt,MOTS20-05,478,5,1,58,5,0,0,1.0,1.0,1.0,0.8980779096756544,0.9455077376337554,0,5
yolo26l-seg.pt,MOTS20-05,479,5,1,51,5,0,0,1.0,1.0,1.0,0.8955194342124326,0.9437382517865982,0,5
yolo26l-seg.pt,MOTS20-05,480,5,1,36,5,0,0,1.0,1.0,1.0,0.86344657339646,0.9226181584890807,1,6
yolo26l-seg.pt,MOTS20-05,481,5,1,47,4,1,1,0.8,0.8,0.8,0.9148151347153708,0.9554202190476951,1,6
yolo26l-seg.pt,MOTS20-05,482,5,1,45,4,1,1,0.8,0.8,0.8,0.9343153120587172,0.965964834463224,1,6
yolo26l-seg.pt,MOTS20-05,483,5,1,48,4,1,1,0.8,0.8,0.8,0.9261479060991173,0.9615801458574633,1,6
yolo26l-seg.pt,MOTS20-05,484,5,1,70,4,2,1,0.6666666666666666,0.8,0.7272727272727273,0.9256767422051326,0.9613587833480205,1,7
yolo26l-seg.pt,MOTS20-05,485,5,1,44,4,0,1,1.0,0.8,0.8888888888888888,0.9216948935780123,0.95924130085312,2,6
yolo26l-seg.pt,MOTS20-05,486,5,1,29,4,0,1,1.0,0.8,0.8888888888888888,0.9269318865485769,0.9620477921158997,1,5
yolo26l-seg.pt,MOTS20-05,487,5,1,28,4,0,1,1.0,0.8,0.8888888888888888,0.9238109910226053,0.960371811990444,1,5
yolo26l-seg.pt,MOTS20-05,488,5,1,41,4,0,1,1.0,0.8,0.8888888888888888,0.9147478591448044,0.9554719713888202,2,6
yolo26l-seg.pt,MOTS20-05,489,5,1,47,4,0,1,1.0,0.8,0.8888888888888888,0.898962583816667,0.9467736822178794,2,6
yolo26l-seg.pt,MOTS20-05,490,5,1,65,4,0,1,1.0,0.8,0.8888888888888888,0.8980901323318613,0.946132805693296,2,6
yolo26l-seg.pt,MOTS20-05,491,5,1,79,4,0,1,1.0,0.8,0.8888888888888888,0.8971305581719249,0.9455590724638723,1,5
yolo26l-seg.pt,MOTS20-05,492,5,1,81,4,0,1,1.0,0.8,0.8888888888888888,0.9004782423806914,0.9473897937355982,1,5
yolo26l-seg.pt,MOTS20-05,493,5,1,80,4,0,1,1.0,0.8,0.8888888888888888,0.8918602673101597,0.9422880779672506,0,4
yolo26l-seg.pt,MOTS20-05,494,5,1,66,4,0,1,1.0,0.8,0.8888888888888888,0.8992732521114586,0.9463981041657517,0,4
yolo26l-seg.pt,MOTS20-05,495,5,1,81,5,1,0,0.8333333333333334,1.0,0.9090909090909091,0.8492945845337033,0.915944388984455,0,6
yolo26l-seg.pt,MOTS20-05,496,5,1,50,5,2,0,0.7142857142857143,1.0,0.8333333333333334,0.846347396663886,0.9109261028231088,0,7
yolo26l-seg.pt,MOTS20-05,497,5,1,48,5,1,0,0.8333333333333334,1.0,0.9090909090909091,0.8557685559243497,0.914712208694634,0,6
yolo26l-seg.pt,MOTS20-05,498,5,1,23,5,1,0,0.8333333333333334,1.0,0.9090909090909091,0.8945464548960862,0.9426946849492104,0,6
yolo26l-seg.pt,MOTS20-05,499,5,1,46,5,2,0,0.7142857142857143,1.0,0.8333333333333334,0.8367051400254383,0.9034739461564267,0,7
yolo26l-seg.pt,MOTS20-05,500,5,1,34,5,0,0,1.0,1.0,1.0,0.8809728311669064,0.9353584499503695,0,5
yolo26l-seg.pt,MOTS20-05,501,5,1,55,5,0,0,1.0,1.0,1.0,0.8224522349836667,0.8941271941364495,0,5
yolo26l-seg.pt,MOTS20-05,502,5,1,49,5,0,0,1.0,1.0,1.0,0.8233010596267496,0.8959173228248213,1,6
yolo26l-seg.pt,MOTS20-05,503,6,1,40,6,0,0,1.0,1.0,1.0,0.7895323595357434,0.8765428802851233,0,6
yolo26l-seg.pt,MOTS20-05,504,6,0,42,6,0,0,1.0,1.0,1.0,0.8353304699036429,0.9030366698592026,0,6
yolo26l-seg.pt,MOTS20-05,505,6,0,34,4,0,2,1.0,0.6666666666666666,0.8,0.9148286597741245,0.9552892941073123,0,4
yolo26l-seg.pt,MOTS20-05,506,6,0,16,4,0,2,1.0,0.6666666666666666,0.8,0.9232825760038316,0.9600344763770963,0,4
yolo26l-seg.pt,MOTS20-05,507,6,0,19,5,0,1,1.0,0.8333333333333334,0.9090909090909091,0.890965667307313,0.9415816415731182,0,5
yolo26l-seg.pt,MOTS20-05,508,6,0,32,5,0,1,1.0,0.8333333333333334,0.9090909090909091,0.891163352549689,0.9414953558050163,0,5
yolo26l-seg.pt,MOTS20-05,509,5,1,28,5,0,0,1.0,1.0,1.0,0.8831534132649562,0.9368393891630833,0,5
yolo26l-seg.pt,MOTS20-05,510,5,1,33,5,0,0,1.0,1.0,1.0,0.8861310151600718,0.9392929839997569,1,6
yolo26l-seg.pt,MOTS20-05,511,7,0,24,6,1,1,0.8571428571428571,0.8571428571428571,0.8571428571428571,0.8245728381964632,0.8981845972171265,0,7
yolo26l-seg.pt,MOTS20-05,512,7,0,28,5,0,2,1.0,0.7142857142857143,0.8333333333333334,0.900479056679972,0.9473871047633133,0,5
yolo26l-seg.pt,MOTS20-05,513,7,0,14,5,0,2,1.0,0.7142857142857143,0.8333333333333334,0.9160346004686474,0.9560688085228936,0,5
yolo26l-seg.pt,MOTS20-05,514,7,0,11,5,0,2,1.0,0.7142857142857143,0.8333333333333334,0.8949844786196997,0.9442842108475226,0,5
yolo26l-seg.pt,MOTS20-05,515,6,1,28,5,0,1,1.0,0.8333333333333334,0.9090909090909091,0.8959115472704579,0.9448723681093304,0,5
yolo26l-seg.pt,MOTS20-05,516,6,0,37,6,0,0,1.0,1.0,1.0,0.8575061519367622,0.9184813895889824,0,6
yolo26l-seg.pt,MOTS20-05,517,6,1,30,5,0,1,1.0,0.8333333333333334,0.9090909090909091,0.9154974413463955,0.9558237044508358,0,5
yolo26l-seg.pt,MOTS20-05,518,6,1,11,5,0,1,1.0,0.8333333333333334,0.9090909090909091,0.8639077651956348,0.9267138574486911,0,5
yolo26l-seg.pt,MOTS20-05,519,4,1,24,4,0,0,1.0,1.0,1.0,0.8417249000627406,0.9126309377370996,0,4
yolo26l-seg.pt,MOTS20-05,520,4,1,24,3,0,1,1.0,0.75,0.8571428571428571,0.86796348696726,0.928652422470928,0,3
yolo26l-seg.pt,MOTS20-05,521,4,1,23,3,0,1,1.0,0.75,0.8571428571428571,0.8854302215703874,0.9389601949567149,0,3
yolo26l-seg.pt,MOTS20-05,522,4,1,27,3,0,1,1.0,0.75,0.8571428571428571,0.9102126142877381,0.95264467308207,0,3
yolo26l-seg.pt,MOTS20-05,523,4,1,26,3,0,1,1.0,0.75,0.8571428571428571,0.9155442114087594,0.9556566831551573,1,4
yolo26l-seg.pt,MOTS20-05,524,4,1,32,3,0,1,1.0,0.75,0.8571428571428571,0.9171105973345827,0.9564638636457445,1,4
yolo26l-seg.pt,MOTS20-05,525,4,1,24,4,0,0,1.0,1.0,1.0,0.867699916318629,0.9248511400441253,0,4
yolo26l-seg.pt,MOTS20-05,526,5,1,25,4,0,1,1.0,0.8,0.8888888888888888,0.8975297312641479,0.9442673068556766,0,4
yolo26l-seg.pt,MOTS20-05,527,5,1,43,5,0,0,1.0,1.0,1.0,0.8945233318004903,0.9435851069244279,0,5
yolo26l-seg.pt,MOTS20-05,528,5,1,11,5,0,0,1.0,1.0,1.0,0.9057936053287629,0.9488611133120826,0,5
yolo26l-seg.pt,MOTS20-05,529,6,1,15,5,0,1,1.0,0.8333333333333334,0.9090909090909091,0.9133608090536747,0.9541639061008713,0,5
yolo26l-seg.pt,MOTS20-05,530,7,1,35,5,0,2,1.0,0.7142857142857143,0.8333333333333334,0.8908316028316932,0.9412767637161323,0,5
yolo26l-seg.pt,MOTS20-05,531,8,1,47,6,1,2,0.8571428571428571,0.75,0.8,0.883422781380225,0.937299080665109,0,7
yolo26l-seg.pt,MOTS20-05,532,8,1,29,7,0,1,1.0,0.875,0.9333333333333333,0.8386857944667225,0.9071481838352875,0,7
yolo26l-seg.pt,MOTS20-05,533,8,1,30,7,0,1,1.0,0.875,0.9333333333333333,0.8504416405050153,0.9171945053525151,1,8
yolo26l-seg.pt,MOTS20-05,534,8,1,28,7,0,1,1.0,0.875,0.9333333333333333,0.8589249640067205,0.921085180850674,0,7
yolo26l-seg.pt,MOTS20-05,535,8,1,42,6,0,2,1.0,0.75,0.8571428571428571,0.8969073708824183,0.9446887424179451,0,6
yolo26l-seg.pt,MOTS20-05,536,8,1,58,8,0,0,1.0,1.0,1.0,0.8554770526511604,0.9177441323798763,0,8
yolo26l-seg.pt,MOTS20-05,537,9,1,72,8,0,1,1.0,0.8888888888888888,0.9411764705882353,0.8731506385869341,0.9314880112145651,0,8
yolo26l-seg.pt,MOTS20-05,538,9,0,43,8,2,1,0.8,0.8888888888888888,0.8421052631578947,0.876810866920613,0.9332791943596013,0,10
yolo26l-seg.pt,MOTS20-05,539,9,0,29,8,0,1,1.0,0.8888888888888888,0.9411764705882353,0.8779406850862951,0.9339780351961011,0,8
yolo26l-seg.pt,MOTS20-05,540,9,1,22,8,0,1,1.0,0.8888888888888888,0.9411764705882353,0.86492998413879,0.9261699555623291,0,8
yolo26l-seg.pt,MOTS20-05,541,9,1,42,9,0,0,1.0,1.0,1.0,0.8582903640790192,0.9218610484898417,0,9
yolo26l-seg.pt,MOTS20-05,542,9,1,42,9,0,0,1.0,1.0,1.0,0.8729957524505997,0.9315156339968406,0,9
yolo26l-seg.pt,MOTS20-05,543,9,1,66,9,0,0,1.0,1.0,1.0,0.8675838518653296,0.9274849502870565,0,9
yolo26l-seg.pt,MOTS20-05,544,8,1,79,8,1,0,0.8888888888888888,1.0,0.9411764705882353,0.8372059593783029,0.9085226860081277,1,10
yolo26l-seg.pt,MOTS20-05,545,8,1,72,7,1,1,0.875,0.875,0.875,0.8748255813004348,0.9326771588821048,0,8
yolo26l-seg.pt,MOTS20-05,546,8,1,66,8,1,0,0.8888888888888888,1.0,0.9411764705882353,0.8336597268827559,0.9055131608845925,0,9
yolo26l-seg.pt,MOTS20-05,547,7,1,67,7,0,0,1.0,1.0,1.0,0.8326837918744376,0.9048480185629239,1,8
yolo26l-seg.pt,MOTS20-05,548,7,1,66,7,0,0,1.0,1.0,1.0,0.8668826912947134,0.9283263901651199,0,7
yolo26l-seg.pt,MOTS20-05,549,7,1,62,7,0,0,1.0,1.0,1.0,0.8617932238892269,0.925195729024784,1,8
yolo26l-seg.pt,MOTS20-05,550,7,1,63,7,0,0,1.0,1.0,1.0,0.8564386850530644,0.9199425444847019,0,7
yolo26l-seg.pt,MOTS20-05,551,7,1,64,7,0,0,1.0,1.0,1.0,0.8859903421743276,0.9390870321477988,0,7
yolo26l-seg.pt,MOTS20-05,552,8,1,65,7,0,1,1.0,0.875,0.9333333333333333,0.8567946923146617,0.9206682333935255,0,7
yolo26l-seg.pt,MOTS20-05,553,8,1,61,6,0,2,1.0,0.75,0.8571428571428571,0.8886222208985651,0.9404970946247749,0,6
yolo26l-seg.pt,MOTS20-05,554,9,1,75,7,0,2,1.0,0.7777777777777778,0.875,0.8532741708398361,0.9174530206439383,0,7
yolo26l-seg.pt,MOTS20-05,555,9,1,63,7,0,2,1.0,0.7777777777777778,0.875,0.8036234320475554,0.8800364828605239,0,7
yolo26l-seg.pt,MOTS20-05,556,9,1,67,6,1,3,0.8571428571428571,0.6666666666666666,0.75,0.8606400850113541,0.9208123509778328,0,7
yolo26l-seg.pt,MOTS20-05,557,9,1,66,6,0,3,1.0,0.6666666666666666,0.8,0.8946708540184279,0.9441119515365132,0,6
yolo26l-seg.pt,MOTS20-05,558,9,1,71,6,1,3,0.8571428571428571,0.6666666666666666,0.75,0.9085110041305494,0.9519528508605938,0,7
yolo26l-seg.pt,MOTS20-05,559,9,1,65,6,0,3,1.0,0.6666666666666666,0.8,0.9053296728222852,0.9498499411495781,0,6
yolo26l-seg.pt,MOTS20-05,560,9,1,56,6,0,3,1.0,0.6666666666666666,0.8,0.9125700030162038,0.9541752047309803,0,6
yolo26l-seg.pt,MOTS20-05,561,9,1,41,7,0,2,1.0,0.7777777777777778,0.875,0.8873793895603653,0.9394827790191546,0,7
yolo26l-seg.pt,MOTS20-05,562,9,1,56,7,1,2,0.875,0.7777777777777778,0.8235294117647058,0.8524597695258457,0.9158740277155518,0,8
yolo26l-seg.pt,MOTS20-05,563,9,1,42,6,1,3,0.8571428571428571,0.6666666666666666,0.75,0.8698192530407569,0.9287762965317974,0,7
yolo26l-seg.pt,MOTS20-05,564,7,1,69,5,0,2,1.0,0.7142857142857143,0.8333333333333334,0.8993328533165459,0.9468111197008499,1,6
yolo26l-seg.pt,MOTS20-05,565,7,1,60,5,1,2,0.8333333333333334,0.7142857142857143,0.7692307692307693,0.8475203218814882,0.9126984394448583,0,6
yolo26l-seg.pt,MOTS20-05,566,6,1,26,4,0,2,1.0,0.6666666666666666,0.8,0.9323036485716365,0.9649281334675126,0,4
yolo26l-seg.pt,MOTS20-05,567,5,1,53,3,0,2,1.0,0.6,0.75,0.9283666515205938,0.9628439896417982,1,4
yolo26l-seg.pt,MOTS20-05,568,7,1,60,4,1,3,0.8,0.5714285714285714,0.6666666666666666,0.8379914743805148,0.9038498716753574,1,6
yolo26l-seg.pt,MOTS20-05,569,7,1,54,4,1,3,0.8,0.5714285714285714,0.6666666666666666,0.9229890444004265,0.9596613622460946,0,5
yolo26l-seg.pt,MOTS20-05,570,6,1,50,4,0,2,1.0,0.6666666666666666,0.8,0.9237784549676684,0.9600588865875819,0,4
yolo26l-seg.pt,MOTS20-05,571,6,1,14,4,0,2,1.0,0.6666666666666666,0.8,0.9438300081291645,0.9710805348789068,0,4
yolo26l-seg.pt,MOTS20-05,572,6,1,20,4,0,2,1.0,0.6666666666666666,0.8,0.948334959221373,0.9734455182005168,0,4
yolo26l-seg.pt,MOTS20-05,573,6,1,30,4,1,2,0.8,0.6666666666666666,0.7272727272727273,0.9371265746782433,0.967388030624613,0,5
yolo26l-seg.pt,MOTS20-05,574,5,1,59,2,0,3,1.0,0.4,0.5714285714285714,0.9359338348360227,0.966829851700113,2,4
yolo26l-seg.pt,MOTS20-05,575,5,1,32,2,0,3,1.0,0.4,0.5714285714285714,0.9493222279204296,0.9740019322549651,0,2
yolo26l-seg.pt,MOTS20-05,576,5,1,33,2,0,3,1.0,0.4,0.5714285714285714,0.9470083769966064,0.972781693721927,0,2
yolo26l-seg.pt,MOTS20-05,577,4,1,30,2,0,2,1.0,0.5,0.6666666666666666,0.9472969282795918,0.9729352198165785,0,2
yolo26l-seg.pt,MOTS20-05,578,5,1,41,2,1,3,0.6666666666666666,0.4,0.5,0.9564839920180203,0.9777579934359311,0,3
yolo26l-seg.pt,MOTS20-05,579,5,1,67,4,1,1,0.8,0.8,0.8,0.8790934917897959,0.9335645066709244,0,5
yolo26l-seg.pt,MOTS20-05,580,5,1,68,3,0,2,1.0,0.6,0.75,0.89396755200525,0.9434412926671684,1,4
yolo26l-seg.pt,MOTS20-05,581,5,1,51,4,0,1,1.0,0.8,0.8888888888888888,0.8762121184495968,0.9325127670709366,0,4
yolo26l-seg.pt,MOTS20-05,582,6,1,54,4,1,2,0.8,0.6666666666666666,0.7272727272727273,0.8564289021716971,0.920271931184667,0,5
yolo26l-seg.pt,MOTS20-05,583,5,1,30,4,1,1,0.8,0.8,0.8,0.8795100972142503,0.9341987009293212,0,5
yolo26l-seg.pt,MOTS20-05,584,5,1,39,4,1,1,0.8,0.8,0.8,0.8229292568315327,0.9014615303362967,0,5
yolo26l-seg.pt,MOTS20-05,585,6,1,47,6,1,0,0.8571428571428571,1.0,0.9230769230769231,0.8047168061608875,0.8867925844047096,0,7
yolo26l-seg.pt,MOTS20-05,586,6,1,39,5,1,1,0.8333333333333334,0.8333333333333334,0.8333333333333334,0.8172239720292286,0.8962783815027408,0,6
yolo26l-seg.pt,MOTS20-05,587,6,1,53,5,0,1,1.0,0.8333333333333334,0.9090909090909091,0.8353536495918193,0.9073857901386434,0,5
yolo26l-seg.pt,MOTS20-05,588,5,1,47,5,0,0,1.0,1.0,1.0,0.8171306667557742,0.8964401067262445,0,5
yolo26l-seg.pt,MOTS20-05,589,6,1,68,6,1,0,0.8571428571428571,1.0,0.9230769230769231,0.8109090910487543,0.8922729897201288,0,7
yolo26l-seg.pt,MOTS20-05,590,6,1,78,5,1,1,0.8333333333333334,0.8333333333333334,0.8333333333333334,0.8209225911486738,0.8980358802988816,0,6
yolo26l-seg.pt,MOTS20-05,591,6,1,72,5,0,1,1.0,0.8333333333333334,0.9090909090909091,0.78612187625342,0.8744782462491534,1,6
yolo26l-seg.pt,MOTS20-05,592,6,1,43,6,0,0,1.0,1.0,1.0,0.798553860688184,0.883206309756248,1,7
yolo26l-seg.pt,MOTS20-05,593,6,1,52,5,0,1,1.0,0.8333333333333334,0.9090909090909091,0.8518297424778118,0.9145315582989607,1,6
yolo26l-seg.pt,MOTS20-05,594,6,1,48,5,0,1,1.0,0.8333333333333334,0.9090909090909091,0.8675737283564114,0.9284486911475188,2,7
yolo26l-seg.pt,MOTS20-05,595,6,1,43,5,1,1,0.8333333333333334,0.8333333333333334,0.8333333333333334,0.8438927665877856,0.9116603968520873,2,8
yolo26l-seg.pt,MOTS20-05,596,6,1,58,5,2,1,0.7142857142857143,0.8333333333333334,0.7692307692307693,0.838067670824935,0.9100886789679506,2,9
yolo26l-seg.pt,MOTS20-05,597,6,1,49,6,1,0,0.8571428571428571,1.0,0.9230769230769231,0.811118092853837,0.892140271797018,1,8
yolo26l-seg.pt,MOTS20-05,598,5,1,60,5,0,0,1.0,1.0,1.0,0.7853274234957797,0.8708733081891232,4,9
yolo26l-seg.pt,MOTS20-05,599,5,1,50,5,0,0,1.0,1.0,1.0,0.7814231824022725,0.8711607095462188,3,8
yolo26l-seg.pt,MOTS20-05,600,5,1,51,3,0,2,1.0,0.6,0.75,0.8285546971663393,0.9035017918943954,1,4
yolo26l-seg.pt,MOTS20-05,601,5,1,46,5,0,0,1.0,1.0,1.0,0.795101257978226,0.8806038186007374,0,5
yolo26l-seg.pt,MOTS20-05,602,5,1,49,5,1,0,0.8333333333333334,1.0,0.9090909090909091,0.7816196631180746,0.8697366238951225,0,6
yolo26l-seg.pt,MOTS20-05,603,5,1,46,3,3,2,0.5,0.6,0.5454545454545454,0.8798340207393721,0.9351149121498833,0,6
yolo26l-seg.pt,MOTS20-05,604,6,1,42,3,1,3,0.75,0.5,0.6,0.9283591307400174,0.962624144387636,0,4
yolo26l-seg.pt,MOTS20-05,605,6,1,43,5,0,1,1.0,0.8333333333333334,0.9090909090909091,0.8419788185035465,0.9096889339782915,0,5
yolo26l-seg.pt,MOTS20-05,606,6,1,34,5,1,1,0.8333333333333334,0.8333333333333334,0.8333333333333334,0.8612434250581874,0.9228394315064588,0,6
yolo26l-seg.pt,MOTS20-05,607,6,1,43,6,1,0,0.8571428571428571,1.0,0.9230769230769231,0.8503144684902195,0.9173851195858251,0,7
yolo26l-seg.pt,MOTS20-05,608,6,1,46,5,0,1,1.0,0.8333333333333334,0.9090909090909091,0.8414190902995318,0.9122283304051871,0,5
yolo26l-seg.pt,MOTS20-05,609,5,1,68,4,0,1,1.0,0.8,0.8888888888888888,0.8282811139399768,0.9021410249548593,0,4
yolo26l-seg.pt,MOTS20-05,610,6,1,51,5,0,1,1.0,0.8333333333333334,0.9090909090909091,0.8107181609801737,0.8917172210415542,0,5
yolo26l-seg.pt,MOTS20-05,611,6,1,53,5,2,1,0.7142857142857143,0.8333333333333334,0.7692307692307693,0.8577108405873254,0.921845138530869,0,7
yolo26l-seg.pt,MOTS20-05,612,6,1,40,5,0,1,1.0,0.8333333333333334,0.9090909090909091,0.8557596764330041,0.9214401066831275,0,5
yolo26l-seg.pt,MOTS20-05,613,6,1,48,5,1,1,0.8333333333333334,0.8333333333333334,0.8333333333333334,0.8594240275252849,0.9235536129652548,0,6
yolo26l-seg.pt,MOTS20-05,614,5,1,33,5,0,0,1.0,1.0,1.0,0.8853005563285616,0.938787004785272,0,5
yolo26l-seg.pt,MOTS20-05,615,5,1,42,5,0,0,1.0,1.0,1.0,0.9010704715525633,0.9477059186828178,1,6
yolo26l-seg.pt,MOTS20-05,616,7,1,35,7,1,0,0.875,1.0,0.9333333333333333,0.8105472839729091,0.889185124431866,0,8
yolo26l-seg.pt,MOTS20-05,617,7,1,26,7,0,0,1.0,1.0,1.0,0.8560159920503908,0.9212559107619359,0,7
yolo26l-seg.pt,MOTS20-05,618,7,1,28,7,0,0,1.0,1.0,1.0,0.8946248407149465,0.9438622438277424,0,7
yolo26l-seg.pt,MOTS20-05,619,7,0,35,6,0,1,1.0,0.8571428571428571,0.9230769230769231,0.9022704662046536,0.9479603555100491,0,6
yolo26l-seg.pt,MOTS20-05,620,6,0,24,6,0,0,1.0,1.0,1.0,0.9125523491870489,0.9540872070892128,0,6
yolo26l-seg.pt,MOTS20-05,621,6,0,14,6,0,0,1.0,1.0,1.0,0.9154255871136391,0.9556550275726533,0,6
yolo26l-seg.pt,MOTS20-05,622,6,0,12,6,0,0,1.0,1.0,1.0,0.9199178268368277,0.9581458832337427,0,6
yolo26l-seg.pt,MOTS20-05,623,6,1,22,6,0,0,1.0,1.0,1.0,0.917917772585954,0.9570255309424492,0,6
yolo26l-seg.pt,MOTS20-05,624,6,1,30,6,0,0,1.0,1.0,1.0,0.9091981897746222,0.9522100135472845,0,6
yolo26l-seg.pt,MOTS20-05,625,7,1,38,5,1,2,0.8333333333333334,0.7142857142857143,0.7692307692307693,0.895442590219454,0.944075685265946,0,6
yolo26l-seg.pt,MOTS20-05,626,7,1,47,5,0,2,1.0,0.7142857142857143,0.8333333333333334,0.8879160084408525,0.9394535243936826,0,5
yolo26l-seg.pt,MOTS20-05,627,6,1,44,4,0,2,1.0,0.6666666666666666,0.8,0.9070872776541353,0.9506113182280385,0,4
yolo26l-seg.pt,MOTS20-05,628,7,1,39,5,1,2,0.8333333333333334,0.7142857142857143,0.7692307692307693,0.8620671965765172,0.9203589457377278,0,6
yolo26l-seg.pt,MOTS20-05,629,7,0,36,5,0,2,1.0,0.7142857142857143,0.8333333333333334,0.8937301877491682,0.9425777802272712,0,5
yolo26l-seg.pt,MOTS20-05,630,7,1,53,6,0,1,1.0,0.8571428571428571,0.9230769230769231,0.8846165092819502,0.9381218904458953,0,6
yolo26l-seg.pt,MOTS20-05,631,8,0,36,6,0,2,1.0,0.75,0.8571428571428571,0.8419689624121771,0.9121907760727014,0,6
yolo26l-seg.pt,MOTS20-05,632,8,0,34,7,0,1,1.0,0.875,0.9333333333333333,0.891564787635092,0.9422738608269768,0,7
yolo26l-seg.pt,MOTS20-05,633,8,0,52,7,0,1,1.0,0.875,0.9333333333333333,0.8836874332844961,0.937561367072768,0,7
yolo26l-seg.pt,MOTS20-05,634,8,0,66,7,1,1,0.875,0.875,0.875,0.9027359052748712,0.9481753808279355,0,8
yolo26l-seg.pt,MOTS20-05,635,8,1,69,6,1,2,0.8571428571428571,0.75,0.8,0.8944429878406476,0.9437517188385338,0,7
yolo26l-seg.pt,MOTS20-05,636,7,1,47,5,0,2,1.0,0.7142857142857143,0.8333333333333334,0.9126656567268118,0.9541773803291255,1,6
yolo26l-seg.pt,MOTS20-05,637,6,1,47,5,0,1,1.0,0.8333333333333334,0.9090909090909091,0.9125934309142181,0.9540740903661303,0,5
yolo26l-seg.pt,MOTS20-05,638,6,1,63,5,0,1,1.0,0.8333333333333334,0.9090909090909091,0.9216125548444196,0.9589996058549233,0,5
yolo26l-seg.pt,MOTS20-05,639,6,1,60,6,0,0,1.0,1.0,1.0,0.902889020154482,0.9483907690240364,0,6
yolo26l-seg.pt,MOTS20-05,640,6,1,70,6,0,0,1.0,1.0,1.0,0.8883971258783468,0.939740581161287,0,6
yolo26l-seg.pt,MOTS20-05,641,6,1,58,6,0,0,1.0,1.0,1.0,0.8540393440488065,0.9197349049700093,0,6
yolo26l-seg.pt,MOTS20-05,642,6,1,61,6,0,0,1.0,1.0,1.0,0.8854586602077325,0.9387664178444503,0,6
yolo26l-seg.pt,MOTS20-05,643,6,1,71,6,0,0,1.0,1.0,1.0,0.8931520355451795,0.9429910884441378,0,6
yolo26l-seg.pt,MOTS20-05,644,6,1,45,6,1,0,0.8571428571428571,1.0,0.9230769230769231,0.905071698202415,0.9498250685411481,0,7
yolo26l-seg.pt,MOTS20-05,645,6,1,51,5,0,1,1.0,0.8333333333333334,0.9090909090909091,0.8987140106741917,0.945891180117685,0,5
yolo26l-seg.pt,MOTS20-05,646,5,1,65,5,0,0,1.0,1.0,1.0,0.8873174299613676,0.9392886459955966,0,5
yolo26l-seg.pt,MOTS20-05,647,5,1,47,5,0,0,1.0,1.0,1.0,0.874937170126125,0.9323177122631323,0,5
yolo26l-seg.pt,MOTS20-05,648,5,1,61,5,0,0,1.0,1.0,1.0,0.866327829456021,0.9267214220950205,0,5
yolo26l-seg.pt,MOTS20-05,649,5,1,76,5,1,0,0.8333333333333334,1.0,0.9090909090909091,0.8625777315621532,0.9235968259684324,0,6
yolo26l-seg.pt,MOTS20-05,650,5,1,72,5,0,0,1.0,1.0,1.0,0.8815109097602303,0.9362467316926969,0,5
yolo26l-seg.pt,MOTS20-05,651,5,1,74,5,0,0,1.0,1.0,1.0,0.8772822994024374,0.9321841733674437,1,6
yolo26l-seg.pt,MOTS20-05,652,5,1,81,5,0,0,1.0,1.0,1.0,0.8569978210804683,0.9190148537148397,0,5
yolo26l-seg.pt,MOTS20-05,653,5,1,65,4,1,1,0.8,0.8,0.8,0.9043908863117087,0.949296888794541,0,5
yolo26l-seg.pt,MOTS20-05,654,5,1,75,5,0,0,1.0,1.0,1.0,0.8390546044033019,0.9033585194990155,0,5
yolo26l-seg.pt,MOTS20-05,655,6,1,66,5,0,1,1.0,0.8333333333333334,0.9090909090909091,0.8399341253941077,0.9050808812752994,0,5
yolo26l-seg.pt,MOTS20-05,656,6,1,71,5,0,1,1.0,0.8333333333333334,0.9090909090909091,0.8491866022126903,0.9113093112132207,0,5
yolo26l-seg.pt,MOTS20-05,657,6,1,77,5,1,1,0.8333333333333334,0.8333333333333334,0.8333333333333334,0.9049793807281847,0.9497883439803972,0,6
yolo26l-seg.pt,MOTS20-05,658,6,1,73,5,1,1,0.8333333333333334,0.8333333333333334,0.8333333333333334,0.9077546011730455,0.9513974783724196,0,6
yolo26l-seg.pt,MOTS20-05,659,7,1,63,5,0,2,1.0,0.7142857142857143,0.8333333333333334,0.833378315548899,0.9063252778235281,0,5
yolo26l-seg.pt,MOTS20-05,660,6,1,62,5,1,1,0.8333333333333334,0.8333333333333334,0.8333333333333334,0.8519915338543689,0.9167885975505197,1,7
yolo26l-seg.pt,MOTS20-05,661,5,1,76,5,0,0,1.0,1.0,1.0,0.8736049469108963,0.931320768069431,0,5
yolo26l-seg.pt,MOTS20-05,662,5,1,78,5,1,0,0.8333333333333334,1.0,0.9090909090909091,0.9017579874706472,0.9480763942580783,0,6
yolo26l-seg.pt,MOTS20-05,663,5,1,70,5,0,0,1.0,1.0,1.0,0.8985205462868937,0.9461814934095948,0,5
yolo26l-seg.pt,MOTS20-05,664,5,1,63,5,0,0,1.0,1.0,1.0,0.9028257579673774,0.9488287174047398,0,5
yolo26l-seg.pt,MOTS20-05,665,6,1,62,5,0,1,1.0,0.8333333333333334,0.9090909090909091,0.9031075419106976,0.9488625230928565,1,6
yolo26l-seg.pt,MOTS20-05,666,6,1,54,5,1,1,0.8333333333333334,0.8333333333333334,0.8333333333333334,0.915941793083411,0.9560101002899607,1,7
yolo26l-seg.pt,MOTS20-05,667,7,1,54,7,0,0,1.0,1.0,1.0,0.8695328907806666,0.9283072571587176,0,7
yolo26l-seg.pt,MOTS20-05,668,7,1,59,7,0,0,1.0,1.0,1.0,0.9038743506812098,0.9492512116800589,0,7
yolo26l-seg.pt,MOTS20-05,669,8,1,33,7,0,1,1.0,0.875,0.9333333333333333,0.9018978340138253,0.9480143694150954,0,7
yolo26l-seg.pt,MOTS20-05,670,8,1,50,7,0,1,1.0,0.875,0.9333333333333333,0.8798603630353983,0.9352121601042713,0,7
yolo26l-seg.pt,MOTS20-05,671,7,1,62,7,0,0,1.0,1.0,1.0,0.8900164447093545,0.9415358298257483,0,7
yolo26l-seg.pt,MOTS20-05,672,8,1,83,7,0,1,1.0,0.875,0.9333333333333333,0.872181688656921,0.9305867626904637,0,7
yolo26l-seg.pt,MOTS20-05,673,7,1,66,6,0,1,1.0,0.8571428571428571,0.9230769230769231,0.8997912282681994,0.947031960984782,0,6
yolo26l-seg.pt,MOTS20-05,674,7,1,60,7,0,0,1.0,1.0,1.0,0.8780185726767428,0.9326578565200839,0,7
yolo26l-seg.pt,MOTS20-05,675,7,1,52,7,0,0,1.0,1.0,1.0,0.8355711413414982,0.9053695196496623,0,7
yolo26l-seg.pt,MOTS20-05,676,7,1,31,6,0,1,1.0,0.8571428571428571,0.9230769230769231,0.842508597142599,0.9075224775056707,0,6
yolo26l-seg.pt,MOTS20-05,677,9,1,48,6,0,3,1.0,0.6666666666666666,0.8,0.8256621556739462,0.8964094530626175,0,6
yolo26l-seg.pt,MOTS20-05,678,8,1,72,7,0,1,1.0,0.875,0.9333333333333333,0.8399060513640546,0.9080864818983436,1,8
yolo26l-seg.pt,MOTS20-05,679,8,1,62,7,1,1,0.875,0.875,0.875,0.845127506526779,0.9143760115356113,0,8
yolo26l-seg.pt,MOTS20-05,680,8,1,62,7,1,1,0.875,0.875,0.875,0.8580929271611335,0.9217029432128132,0,8
yolo26l-seg.pt,MOTS20-05,681,9,1,80,8,0,1,1.0,0.8888888888888888,0.9411764705882353,0.8419084847113232,0.9100197877412659,0,8
yolo26l-seg.pt,MOTS20-05,682,9,1,75,7,1,2,0.875,0.7777777777777778,0.8235294117647058,0.907731546030173,0.9515184752416371,0,8
yolo26l-seg.pt,MOTS20-05,683,8,1,67,7,1,1,0.875,0.875,0.875,0.9136935726915568,0.954712708949347,0,8
yolo26l-seg.pt,MOTS20-05,684,7,1,69,6,1,1,0.8571428571428571,0.8571428571428571,0.8571428571428571,0.9071490093120804,0.9510373115315519,0,7
yolo26l-seg.pt,MOTS20-05,685,7,1,67,6,1,1,0.8571428571428571,0.8571428571428571,0.8571428571428571,0.8928685284350949,0.9430074899896715,0,7
yolo26l-seg.pt,MOTS20-05,686,8,1,79,6,1,2,0.8571428571428571,0.75,0.8,0.9186553552845121,0.9573781584442429,0,7
yolo26l-seg.pt,MOTS20-05,687,8,1,92,6,3,2,0.6666666666666666,0.75,0.7058823529411765,0.9038741164776353,0.949220174112592,0,9
yolo26l-seg.pt,MOTS20-05,688,9,1,105,7,2,2,0.7777777777777778,0.7777777777777778,0.7777777777777778,0.8901126609173919,0.9413583589943697,0,9
yolo26l-seg.pt,MOTS20-05,689,9,1,103,7,2,2,0.7777777777777778,0.7777777777777778,0.7777777777777778,0.8803423775442851,0.9336675392828809,0,9
yolo26l-seg.pt,MOTS20-05,690,9,1,109,9,3,0,0.75,1.0,0.8571428571428571,0.8649226829610515,0.9262242424277526,0,12
yolo26l-seg.pt,MOTS20-05,691,9,1,76,8,3,1,0.7272727272727273,0.8888888888888888,0.8,0.876038069466375,0.9323996980106819,0,11
yolo26l-seg.pt,MOTS20-05,692,9,1,68,8,0,1,1.0,0.8888888888888888,0.9411764705882353,0.8534339658164398,0.9182532987550609,0,8
yolo26l-seg.pt,MOTS20-05,693,11,0,76,9,1,2,0.9,0.8181818181818182,0.8571428571428571,0.8644670551373672,0.924339552712562,0,10
yolo26l-seg.pt,MOTS20-05,694,10,1,66,8,0,2,1.0,0.8,0.8888888888888888,0.9000662237292822,0.9465527791722836,0,8
yolo26l-seg.pt,MOTS20-05,695,10,1,63,8,0,2,1.0,0.8,0.8888888888888888,0.8334324957795411,0.9026646529493046,0,8
yolo26l-seg.pt,MOTS20-05,696,9,1,67,7,0,2,1.0,0.7777777777777778,0.875,0.8973677887735639,0.9456978187766628,0,7
yolo26l-seg.pt,MOTS20-05,697,8,1,79,8,0,0,1.0,1.0,1.0,0.8577943960617411,0.9215010440904376,0,8
yolo26l-seg.pt,MOTS20-05,698,9,1,68,7,0,2,1.0,0.7777777777777778,0.875,0.8727177146209842,0.9314577828236078,0,7
yolo26l-seg.pt,MOTS20-05,699,8,1,64,7,0,1,1.0,0.875,0.9333333333333333,0.8872300884391499,0.939665146984531,0,7
yolo26l-seg.pt,MOTS20-05,700,10,1,55,8,1,2,0.8888888888888888,0.8,0.8421052631578947,0.817596938102368,0.8950483037997876,1,10
yolo26l-seg.pt,MOTS20-05,701,11,0,57,10,1,1,0.9090909090909091,0.9090909090909091,0.9090909090909091,0.8454532795258769,0.9143598313481377,0,11
yolo26l-seg.pt,MOTS20-05,702,10,1,67,10,1,0,0.9090909090909091,1.0,0.9523809523809523,0.833751586511001,0.9073137860473984,1,12
yolo26l-seg.pt,MOTS20-05,703,10,1,56,10,1,0,0.9090909090909091,1.0,0.9523809523809523,0.842488745404431,0.912340681944238,1,12
yolo26l-seg.pt,MOTS20-05,704,10,0,43,10,0,0,1.0,1.0,1.0,0.842866383392964,0.910247480267494,0,10
yolo26l-seg.pt,MOTS20-05,705,8,1,55,7,0,1,1.0,0.875,0.9333333333333333,0.8908203997553883,0.9414096153909025,2,9
yolo26l-seg.pt,MOTS20-05,706,8,1,53,7,0,1,1.0,0.875,0.9333333333333333,0.892645922900605,0.9414464793138333,2,9
yolo26l-seg.pt,MOTS20-05,707,8,1,44,7,1,1,0.875,0.875,0.875,0.8634452929485615,0.9215364869919654,1,9
yolo26l-seg.pt,MOTS20-05,708,8,1,57,6,0,2,1.0,0.75,0.8571428571428571,0.8869235261242326,0.9391639328296071,0,6
yolo26l-seg.pt,MOTS20-05,709,7,1,63,5,0,2,1.0,0.7142857142857143,0.8333333333333334,0.9065227751192225,0.950380190014941,1,6
yolo26l-seg.pt,MOTS20-05,710,7,1,70,6,0,1,1.0,0.8571428571428571,0.9230769230769231,0.8381877386888394,0.9083090178812153,0,6
yolo26l-seg.pt,MOTS20-05,711,8,1,65,6,0,2,1.0,0.75,0.8571428571428571,0.8916140225399606,0.9418911245465641,0,6
yolo26l-seg.pt,MOTS20-05,712,7,1,56,6,1,1,0.8571428571428571,0.8571428571428571,0.8571428571428571,0.9033610155736395,0.9487033272906887,0,7
yolo26l-seg.pt,MOTS20-05,713,7,1,51,6,0,1,1.0,0.8571428571428571,0.9230769230769231,0.8895099442056805,0.9406212085268592,0,6
yolo26l-seg.pt,MOTS20-05,714,8,1,52,6,0,2,1.0,0.75,0.8571428571428571,0.8853396811725686,0.9383076288907887,0,6
yolo26l-seg.pt,MOTS20-05,715,8,0,78,6,1,2,0.8571428571428571,0.75,0.8,0.8812310281725287,0.9359001292594121,0,7
yolo26l-seg.pt,MOTS20-05,716,8,1,46,8,0,0,1.0,1.0,1.0,0.8402861765000651,0.9088503489859573,0,8
yolo26l-seg.pt,MOTS20-05,717,7,1,44,6,1,1,0.8571428571428571,0.8571428571428571,0.8571428571428571,0.8884233187301174,0.9388004818904441,1,8
yolo26l-seg.pt,MOTS20-05,718,6,1,62,6,0,0,1.0,1.0,1.0,0.8556044914027852,0.9185046341319527,1,7
yolo26l-seg.pt,MOTS20-05,719,6,1,61,6,0,0,1.0,1.0,1.0,0.8588408633755599,0.9175399779606463,1,7
yolo26l-seg.pt,MOTS20-05,720,7,1,79,5,0,2,1.0,0.7142857142857143,0.8333333333333334,0.9012620085487738,0.9476946990920432,1,6
yolo26l-seg.pt,MOTS20-05,721,8,1,57,7,0,1,1.0,0.875,0.9333333333333333,0.8629152129277757,0.9201598120751964,0,7
yolo26l-seg.pt,MOTS20-05,722,8,1,54,7,0,1,1.0,0.875,0.9333333333333333,0.8712891977725385,0.9279577398276727,1,8
yolo26l-seg.pt,MOTS20-05,723,9,1,51,8,0,1,1.0,0.8888888888888888,0.9411764705882353,0.8440016703100945,0.9112372045495082,0,8
yolo26l-seg.pt,MOTS20-05,724,9,1,43,9,0,0,1.0,1.0,1.0,0.8447774529221588,0.912137332501795,0,9
yolo26l-seg.pt,MOTS20-05,725,9,1,54,9,0,0,1.0,1.0,1.0,0.8339078198882326,0.90656210026135,0,9
yolo26l-seg.pt,MOTS20-05,726,9,1,58,9,0,0,1.0,1.0,1.0,0.8589337415360048,0.9215890852502242,0,9
yolo26l-seg.pt,MOTS20-05,727,9,1,56,9,0,0,1.0,1.0,1.0,0.8204115886041102,0.8948590253409916,0,9
yolo26l-seg.pt,MOTS20-05,728,9,1,51,9,0,0,1.0,1.0,1.0,0.831977278218935,0.9040158504959028,1,10
yolo26l-seg.pt,MOTS20-05,729,9,1,53,9,0,0,1.0,1.0,1.0,0.8281946509031598,0.9004351315030904,1,10
yolo26l-seg.pt,MOTS20-05,730,8,1,79,8,0,0,1.0,1.0,1.0,0.8216426042647205,0.8965231026459239,3,11
yolo26l-seg.pt,MOTS20-05,731,9,1,65,9,0,0,1.0,1.0,1.0,0.7767983573474219,0.8667271048399301,1,10
yolo26l-seg.pt,MOTS20-05,732,8,1,71,7,0,1,1.0,0.875,0.9333333333333333,0.8034202806058657,0.8828162558871708,1,8
yolo26l-seg.pt,MOTS20-05,733,9,1,70,8,0,1,1.0,0.8888888888888888,0.9411764705882353,0.8167972288681032,0.8939455642467662,0,8
yolo26l-seg.pt,MOTS20-05,734,9,1,55,9,1,0,0.9,1.0,0.9473684210526315,0.8071298666639031,0.8885969356218703,0,10
yolo26l-seg.pt,MOTS20-05,735,9,1,42,9,0,0,1.0,1.0,1.0,0.8194953680519024,0.8977507016902386,1,10
yolo26l-seg.pt,MOTS20-05,736,8,1,50,8,1,0,0.8888888888888888,1.0,0.9411764705882353,0.884508266204009,0.9376691826689926,1,10
yolo26l-seg.pt,MOTS20-05,737,7,1,50,7,0,0,1.0,1.0,1.0,0.8385960299621024,0.9083859686805703,2,9
yolo26l-seg.pt,MOTS20-05,738,7,1,63,7,0,0,1.0,1.0,1.0,0.8253886316354173,0.8981529640288682,2,9
yolo26l-seg.pt,MOTS20-05,739,7,1,40,7,0,0,1.0,1.0,1.0,0.8468351018478474,0.914821579068458,2,9
yolo26l-seg.pt,MOTS20-05,740,7,1,38,7,1,0,0.875,1.0,0.9333333333333333,0.8451690093537556,0.9133791312579166,1,9
yolo26l-seg.pt,MOTS20-05,741,8,1,49,8,1,0,0.8888888888888888,1.0,0.9411764705882353,0.8126903077399705,0.8929739128153207,1,10
yolo26l-seg.pt,MOTS20-05,742,8,1,29,8,0,0,1.0,1.0,1.0,0.8514508626496067,0.9185067769785584,0,8
yolo26l-seg.pt,MOTS20-05,743,8,1,33,8,0,0,1.0,1.0,1.0,0.8783958812931154,0.9342131459287428,1,9
yolo26l-seg.pt,MOTS20-05,744,8,1,27,8,0,0,1.0,1.0,1.0,0.8474125014471856,0.9143429323118001,1,9
yolo26l-seg.pt,MOTS20-05,745,8,1,32,8,0,0,1.0,1.0,1.0,0.8641845405639181,0.9254057024373494,0,8
yolo26l-seg.pt,MOTS20-05,746,8,1,43,8,0,0,1.0,1.0,1.0,0.8590092109270968,0.9219446146583076,1,9
yolo26l-seg.pt,MOTS20-05,747,9,1,43,7,1,2,0.875,0.7777777777777778,0.8235294117647058,0.8691685160698702,0.9278420229059007,0,8
yolo26l-seg.pt,MOTS20-05,748,8,1,53,8,2,0,0.8,1.0,0.8888888888888888,0.8646668049980031,0.9230850641552829,0,10
yolo26l-seg.pt,MOTS20-05,749,8,1,35,8,0,0,1.0,1.0,1.0,0.8598503301403013,0.9205022608308031,0,8
yolo26l-seg.pt,MOTS20-05,750,8,1,19,7,0,1,1.0,0.875,0.9333333333333333,0.881918663699533,0.9354283838769751,0,7
yolo26l-seg.pt,MOTS20-05,751,8,1,35,7,0,1,1.0,0.875,0.9333333333333333,0.883065908019586,0.9364957449902306,0,7
yolo26l-seg.pt,MOTS20-05,752,9,1,39,7,0,2,1.0,0.7777777777777778,0.875,0.8822268113131296,0.9368383370480652,0,7
yolo26l-seg.pt,MOTS20-05,753,8,1,59,6,0,2,1.0,0.75,0.8571428571428571,0.8745788850351789,0.931586032862311,2,8
yolo26l-seg.pt,MOTS20-05,754,10,1,63,10,0,0,1.0,1.0,1.0,0.8261936744885843,0.9009711814364672,1,11
yolo26l-seg.pt,MOTS20-05,755,10,1,60,9,0,1,1.0,0.9,0.9473684210526315,0.8187704264282442,0.8943845469857629,0,9
yolo26l-seg.pt,MOTS20-05,756,10,1,53,9,0,1,1.0,0.9,0.9473684210526315,0.8383913467918129,0.9086175223917101,0,9
yolo26l-seg.pt,MOTS20-05,757,9,1,60,8,1,1,0.8888888888888888,0.8888888888888888,0.8888888888888888,0.857540450834547,0.920473131609485,1,10
yolo26l-seg.pt,MOTS20-05,758,8,1,50,7,1,1,0.875,0.875,0.875,0.9027268553762624,0.9483615676618263,2,10
yolo26l-seg.pt,MOTS20-05,759,8,1,48,8,0,0,1.0,1.0,1.0,0.8539684205333147,0.9184483746767464,0,8
yolo26l-seg.pt,MOTS20-05,760,9,1,57,8,0,1,1.0,0.8888888888888888,0.9411764705882353,0.8370763253830842,0.9081949314171449,0,8
yolo26l-seg.pt,MOTS20-05,761,10,1,64,10,0,0,1.0,1.0,1.0,0.8197190197600122,0.896807798132597,1,11
yolo26l-seg.pt,MOTS20-05,762,10,1,57,9,0,1,1.0,0.9,0.9473684210526315,0.8331120068913588,0.9047201159010267,1,10
yolo26l-seg.pt,MOTS20-05,763,11,1,56,9,0,2,1.0,0.8181818181818182,0.9,0.851775529465723,0.9173873250023159,1,10
yolo26l-seg.pt,MOTS20-05,764,11,1,81,9,0,2,1.0,0.8181818181818182,0.9,0.8433400113414669,0.9117882787817199,1,10
yolo26l-seg.pt,MOTS20-05,765,11,1,78,9,0,2,1.0,0.8181818181818182,0.9,0.8408772673519139,0.9114864229767369,1,10
yolo26l-seg.pt,MOTS20-05,766,12,1,68,9,0,3,1.0,0.75,0.8571428571428571,0.8516720066595571,0.9176014660210695,0,9
yolo26l-seg.pt,MOTS20-05,767,12,1,73,9,0,3,1.0,0.75,0.8571428571428571,0.8097208988197753,0.8899258945912093,0,9
yolo26l-seg.pt,MOTS20-05,768,11,1,55,9,1,2,0.9,0.8181818181818182,0.8571428571428571,0.8310242539585345,0.902931182248239,0,10
yolo26l-seg.pt,MOTS20-05,769,12,1,81,8,0,4,1.0,0.6666666666666666,0.8,0.830968565369124,0.9019942017464666,0,8
yolo26l-seg.pt,MOTS20-05,770,12,1,86,7,3,5,0.7,0.5833333333333334,0.6363636363636364,0.8859267600666405,0.9393751421313129,0,10
yolo26l-seg.pt,MOTS20-05,771,11,1,90,6,5,5,0.5454545454545454,0.5454545454545454,0.5454545454545454,0.8956790046586783,0.944624273184666,0,11
yolo26l-seg.pt,MOTS20-05,772,10,1,101,6,1,4,0.8571428571428571,0.6,0.7058823529411765,0.8597862800915395,0.9205641869962138,1,8
yolo26l-seg.pt,MOTS20-05,773,12,1,102,6,3,6,0.6666666666666666,0.5,0.5714285714285714,0.8490033690800094,0.9137009330042957,1,10
yolo26l-seg.pt,MOTS20-05,774,11,1,86,8,1,3,0.8888888888888888,0.7272727272727273,0.8,0.7716731494278746,0.8645858956162883,1,10
yolo26l-seg.pt,MOTS20-05,775,11,1,49,7,1,4,0.875,0.6363636363636364,0.7368421052631579,0.8656806958541514,0.9273447891473939,0,8
yolo26l-seg.pt,MOTS20-05,776,11,1,44,7,0,4,1.0,0.6363636363636364,0.7777777777777778,0.8422026116823498,0.9126278923777721,1,8
yolo26l-seg.pt,MOTS20-05,777,14,1,54,8,0,6,1.0,0.5714285714285714,0.7272727272727273,0.8738917862870614,0.932202754773257,0,8
yolo26l-seg.pt,MOTS20-05,778,14,1,57,9,0,5,1.0,0.6428571428571429,0.782608695652174,0.8693542217782287,0.9291067992261053,0,9
yolo26l-seg.pt,MOTS20-05,779,14,1,64,10,0,4,1.0,0.7142857142857143,0.8333333333333334,0.8531411172455918,0.9152435289552117,0,10
yolo26l-seg.pt,MOTS20-05,780,14,1,65,9,1,5,0.9,0.6428571428571429,0.75,0.8861100397760238,0.9391628705286793,0,10
yolo26l-seg.pt,MOTS20-05,781,13,1,69,11,1,2,0.9166666666666666,0.8461538461538461,0.88,0.8422175213674773,0.9120708466756593,0,12
yolo26l-seg.pt,MOTS20-05,782,13,1,56,11,0,2,1.0,0.8461538461538461,0.9166666666666666,0.854129821286305,0.9199610169372076,0,11
yolo26l-seg.pt,MOTS20-05,783,13,1,58,10,0,3,1.0,0.7692307692307693,0.8695652173913043,0.841151567037218,0.9108797153759796,0,10
yolo26l-seg.pt,MOTS20-05,784,14,1,61,10,1,4,0.9090909090909091,0.7142857142857143,0.8,0.8553449114495214,0.9208913659257693,0,11
yolo26l-seg.pt,MOTS20-05,785,12,1,61,10,0,2,1.0,0.8333333333333334,0.9090909090909091,0.8373114362282351,0.9095502850902051,1,11
yolo26l-seg.pt,MOTS20-05,786,10,1,65,9,0,1,1.0,0.9,0.9473684210526315,0.8717450651972327,0.9296901283065897,1,10
yolo26l-seg.pt,MOTS20-05,787,8,1,71,8,0,0,1.0,1.0,1.0,0.8437500558731348,0.9125320332255875,1,9
yolo26l-seg.pt,MOTS20-05,788,9,1,85,7,2,2,0.7777777777777778,0.7777777777777778,0.7777777777777778,0.8660464866094654,0.9264223160979906,0,9
yolo26l-seg.pt,MOTS20-05,789,9,1,46,9,0,0,1.0,1.0,1.0,0.8620625856882556,0.9223949170163173,1,10
yolo26l-seg.pt,MOTS20-05,790,9,1,65,9,0,0,1.0,1.0,1.0,0.8711295065965491,0.9293198529625408,0,9
yolo26l-seg.pt,MOTS20-05,791,10,1,45,8,0,2,1.0,0.8,0.8888888888888888,0.880864031719952,0.9354071790140961,1,9
yolo26l-seg.pt,MOTS20-05,792,9,1,38,7,0,2,1.0,0.7777777777777778,0.875,0.8923019575862909,0.9425888217647875,1,8
yolo26l-seg.pt,MOTS20-05,793,11,1,37,9,0,2,1.0,0.8181818181818182,0.9,0.8795819755706553,0.9352959324026044,0,9
yolo26l-seg.pt,MOTS20-05,794,11,1,38,8,0,3,1.0,0.7272727272727273,0.8421052631578947,0.88170556576406,0.9363121967616139,0,8
yolo26l-seg.pt,MOTS20-05,795,10,1,48,8,1,2,0.8888888888888888,0.8,0.8421052631578947,0.846766075705075,0.9102771432443719,0,9
yolo26l-seg.pt,MOTS20-05,796,9,0,45,7,0,2,1.0,0.7777777777777778,0.875,0.9045665018723217,0.9494480481127268,0,7
yolo26l-seg.pt,MOTS20-05,797,11,0,53,9,0,2,1.0,0.8181818181818182,0.9,0.8827170301485482,0.9367787757517942,0,9
yolo26l-seg.pt,MOTS20-05,798,12,1,43,9,1,3,0.9,0.75,0.8181818181818182,0.8248634959152522,0.8984447584073012,0,10
yolo26l-seg.pt,MOTS20-05,799,11,1,69,9,0,2,1.0,0.8181818181818182,0.9,0.866868266168301,0.9277184511161902,1,10
yolo26l-seg.pt,MOTS20-05,800,11,1,45,10,0,1,1.0,0.9090909090909091,0.9523809523809523,0.8808403380678484,0.9361423366686872,0,10
yolo26l-seg.pt,MOTS20-05,801,11,1,42,11,0,0,1.0,1.0,1.0,0.8628008315535932,0.9250348949693226,0,11
yolo26l-seg.pt,MOTS20-05,802,11,1,45,9,0,2,1.0,0.8181818181818182,0.9,0.8716803994423453,0.9304236377230536,0,9
yolo26l-seg.pt,MOTS20-05,803,11,1,62,9,0,2,1.0,0.8181818181818182,0.9,0.8627677784669838,0.9259817601283566,0,9
yolo26l-seg.pt,MOTS20-05,804,11,1,73,10,0,1,1.0,0.9090909090909091,0.9523809523809523,0.8211939326939085,0.8982904016264351,0,10
yolo26l-seg.pt,MOTS20-05,805,12,1,76,9,1,3,0.9,0.75,0.8181818181818182,0.8539886422124262,0.9203713815977402,1,11
yolo26l-seg.pt,MOTS20-05,806,11,1,71,9,0,2,1.0,0.8181818181818182,0.9,0.8250836317930728,0.9003632117492426,0,9
yolo26l-seg.pt,MOTS20-05,807,11,1,59,8,0,3,1.0,0.7272727272727273,0.8421052631578947,0.867962903914069,0.9277442960084641,1,9
yolo26l-seg.pt,MOTS20-05,808,11,1,59,9,1,2,0.9,0.8181818181818182,0.8571428571428571,0.8120182989787205,0.8903079176479243,0,10
yolo26l-seg.pt,MOTS20-05,809,10,1,73,8,1,2,0.8888888888888888,0.8,0.8421052631578947,0.8454954368893566,0.9155077034853059,1,10
yolo26l-seg.pt,MOTS20-05,810,10,1,83,8,0,2,1.0,0.8,0.8888888888888888,0.8697629460996636,0.9299540877411567,1,9
yolo26l-seg.pt,MOTS20-05,811,10,1,84,8,0,2,1.0,0.8,0.8888888888888888,0.8742985607499068,0.9322757031900004,0,8
yolo26l-seg.pt,MOTS20-05,812,10,1,62,8,0,2,1.0,0.8,0.8888888888888888,0.8432554295086324,0.9138269091297787,0,8
yolo26l-seg.pt,MOTS20-05,813,12,1,67,8,0,4,1.0,0.6666666666666666,0.8,0.8501709884860538,0.917513966072274,0,8
yolo26l-seg.pt,MOTS20-05,814,12,1,71,9,0,3,1.0,0.75,0.8571428571428571,0.8598736749714325,0.9232761507001922,0,9
yolo26l-seg.pt,MOTS20-05,815,12,0,63,10,0,2,1.0,0.8333333333333334,0.9090909090909091,0.8308101885693399,0.9053361512538537,0,10
yolo26l-seg.pt,MOTS20-05,816,12,0,57,11,1,1,0.9166666666666666,0.9166666666666666,0.9166666666666666,0.8548339142338359,0.9208502307094997,0,12
yolo26l-seg.pt,MOTS20-05,817,12,0,69,12,0,0,1.0,1.0,1.0,0.8340992052066772,0.9061048274161633,0,12
yolo26l-seg.pt,MOTS20-05,818,13,0,80,13,1,0,0.9285714285714286,1.0,0.9629629629629629,0.832281937504841,0.9053826283220358,0,14
yolo26l-seg.pt,MOTS20-05,819,13,1,76,13,0,0,1.0,1.0,1.0,0.827600551962348,0.9034858573673836,0,13
yolo26l-seg.pt,MOTS20-05,820,13,1,62,13,0,0,1.0,1.0,1.0,0.8172635275611163,0.894821378426202,0,13
yolo26l-seg.pt,MOTS20-05,821,13,1,65,12,1,1,0.9230769230769231,0.9230769230769231,0.9230769230769231,0.8584241627980481,0.9218896291875532,0,13
yolo26l-seg.pt,MOTS20-05,822,12,1,66,10,3,2,0.7692307692307693,0.8333333333333334,0.8,0.8746358624978141,0.9320897573753542,1,14
yolo26l-seg.pt,MOTS20-05,823,12,1,55,11,1,1,0.9166666666666666,0.9166666666666666,0.9166666666666666,0.8516643364676145,0.9178378425931008,0,12
yolo26l-seg.pt,MOTS20-05,824,12,1,52,11,2,1,0.8461538461538461,0.9166666666666666,0.88,0.8574637490332928,0.9218517003519371,1,14
yolo26l-seg.pt,MOTS20-05,825,13,1,51,12,1,1,0.9230769230769231,0.9230769230769231,0.9230769230769231,0.8415213970361384,0.9109433107555099,0,13
yolo26l-seg.pt,MOTS20-05,826,13,1,53,12,1,1,0.9230769230769231,0.9230769230769231,0.9230769230769231,0.8307934777927155,0.9045949919315627,0,13
yolo26l-seg.pt,MOTS20-05,827,12,1,62,11,0,1,1.0,0.9166666666666666,0.9565217391304348,0.8315209645383503,0.9031194767474694,1,12
yolo26l-seg.pt,MOTS20-05,828,11,1,61,11,0,0,1.0,1.0,1.0,0.838874360727532,0.9076546302974962,0,11
yolo26l-seg.pt,MOTS20-05,829,10,1,74,9,0,1,1.0,0.9,0.9473684210526315,0.8551619630394591,0.9197808542601131,1,10
yolo26l-seg.pt,MOTS20-05,830,11,1,73,9,0,2,1.0,0.8181818181818182,0.9,0.8458118254621242,0.9129702988381708,1,10
yolo26l-seg.pt,MOTS20-05,831,10,1,73,8,2,2,0.8,0.8,0.8,0.8596645466838406,0.9229756466229835,0,10
yolo26l-seg.pt,MOTS20-05,832,9,1,64,8,1,1,0.8888888888888888,0.8888888888888888,0.8888888888888888,0.868740124270813,0.9290378340016525,1,10
yolo26l-seg.pt,MOTS20-05,833,10,1,39,8,0,2,1.0,0.8,0.8888888888888888,0.854267615975004,0.92021423161434,1,9
yolo26l-seg.pt,MOTS20-05,834,10,1,58,8,0,2,1.0,0.8,0.8888888888888888,0.8733983873809297,0.9320368787216464,1,9
yolo26l-seg.pt,MOTS20-05,835,10,1,82,9,1,1,0.9,0.9,0.9,0.8504868710419042,0.918100621243289,0,10
yolo26l-seg.pt,MOTS20-05,836,9,1,67,8,1,1,0.8888888888888888,0.8888888888888888,0.8888888888888888,0.8288644350396075,0.9026918985014428,1,10
yolo26l-seg.pt,MOTS20-05,837,9,1,38,8,1,1,0.8888888888888888,0.8888888888888888,0.8888888888888888,0.8243097714472123,0.90057388142583,1,10
yolo26l-seg.pt,MOTS20-09,1,6,1,67,6,0,0,1.0,1.0,1.0,0.8009729400934024,0.8885081455590916,1,7
yolo26l-seg.pt,MOTS20-09,2,6,1,48,6,0,0,1.0,1.0,1.0,0.784460238959379,0.8766334888228555,1,7
yolo26l-seg.pt,MOTS20-09,3,6,1,46,6,0,0,1.0,1.0,1.0,0.791487251647523,0.8810205808641954,1,7
yolo26l-seg.pt,MOTS20-09,4,6,1,62,6,0,0,1.0,1.0,1.0,0.7947831947729753,0.8829068214251358,1,7
yolo26l-seg.pt,MOTS20-09,5,6,1,49,6,0,0,1.0,1.0,1.0,0.7900627297663202,0.8808287387317176,1,7
yolo26l-seg.pt,MOTS20-09,6,6,1,46,6,0,0,1.0,1.0,1.0,0.7972984629538087,0.8854141836342623,1,7
yolo26l-seg.pt,MOTS20-09,7,6,1,54,6,0,0,1.0,1.0,1.0,0.8232137686873484,0.9020256028440731,1,7
yolo26l-seg.pt,MOTS20-09,8,6,1,45,6,0,0,1.0,1.0,1.0,0.826488942206236,0.9040897258507906,1,7
yolo26l-seg.pt,MOTS20-09,9,7,1,46,6,0,1,1.0,0.8571428571428571,0.9230769230769231,0.8226755621986267,0.9018949948837633,1,7
yolo26l-seg.pt,MOTS20-09,10,7,1,47,6,0,1,1.0,0.8571428571428571,0.9230769230769231,0.8206037422991291,0.9000939657534465,1,7
yolo26l-seg.pt,MOTS20-09,11,7,1,51,6,0,1,1.0,0.8571428571428571,0.9230769230769231,0.8163295046169483,0.8974909913310966,1,7
yolo26l-seg.pt,MOTS20-09,12,7,1,42,7,1,0,0.875,1.0,0.9333333333333333,0.7806586682107326,0.8718855817356241,1,9
yolo26l-seg.pt,MOTS20-09,13,7,1,47,7,1,0,0.875,1.0,0.9333333333333333,0.804129842003764,0.8892843255660086,1,9
yolo26l-seg.pt,MOTS20-09,14,7,1,53,7,2,0,0.7777777777777778,1.0,0.875,0.8173924736268433,0.8983108481288254,1,10
yolo26l-seg.pt,MOTS20-09,15,7,1,47,7,0,0,1.0,1.0,1.0,0.8027821306957249,0.8883674996964205,1,8
yolo26l-seg.pt,MOTS20-09,16,7,1,55,7,1,0,0.875,1.0,0.9333333333333333,0.8147037381199463,0.8959353818411712,1,9
yolo26l-seg.pt,MOTS20-09,17,7,1,51,7,0,0,1.0,1.0,1.0,0.8190801926237735,0.8988341758801008,1,8
yolo26l-seg.pt,MOTS20-09,18,7,1,56,7,0,0,1.0,1.0,1.0,0.8242730028359512,0.9029761547569463,1,8
yolo26l-seg.pt,MOTS20-09,19,7,1,62,7,0,0,1.0,1.0,1.0,0.840461650859147,0.9126785141905164,0,7
yolo26l-seg.pt,MOTS20-09,20,7,1,54,7,1,0,0.875,1.0,0.9333333333333333,0.835969997513932,0.9098318072268202,0,8
yolo26l-seg.pt,MOTS20-09,21,7,1,46,7,0,0,1.0,1.0,1.0,0.8257916714400556,0.9034394018184236,1,8
yolo26l-seg.pt,MOTS20-09,22,7,1,44,7,0,0,1.0,1.0,1.0,0.8208043387290912,0.9005491543054758,0,7
yolo26l-seg.pt,MOTS20-09,23,7,1,51,7,0,0,1.0,1.0,1.0,0.8338696375141181,0.9087057434266663,0,7
yolo26l-seg.pt,MOTS20-09,24,7,1,45,7,0,0,1.0,1.0,1.0,0.8396171353864718,0.9120297126436857,0,7
yolo26l-seg.pt,MOTS20-09,25,7,1,36,7,0,0,1.0,1.0,1.0,0.8258282654535699,0.9034539050031773,0,7
yolo26l-seg.pt,MOTS20-09,26,7,1,52,7,0,0,1.0,1.0,1.0,0.8238343227908987,0.9013918029863023,0,7
yolo26l-seg.pt,MOTS20-09,27,7,1,61,6,0,1,1.0,0.8571428571428571,0.9230769230769231,0.8476113966765603,0.9169700345538363,0,6
yolo26l-seg.pt,MOTS20-09,28,7,1,55,6,0,1,1.0,0.8571428571428571,0.9230769230769231,0.820910210987689,0.8984596539040504,0,6
yolo26l-seg.pt,MOTS20-09,29,6,1,77,6,0,0,1.0,1.0,1.0,0.8075654398070736,0.887837758170905,0,6
yolo26l-seg.pt,MOTS20-09,30,6,1,65,6,0,0,1.0,1.0,1.0,0.8058830573702203,0.8874136786477965,0,6
yolo26l-seg.pt,MOTS20-09,31,6,1,60,6,0,0,1.0,1.0,1.0,0.8155791297261739,0.8955922309970127,0,6
yolo26l-seg.pt,MOTS20-09,32,6,1,66,6,0,0,1.0,1.0,1.0,0.8217323972937888,0.8998329858681912,0,6
yolo26l-seg.pt,MOTS20-09,33,6,1,58,6,0,0,1.0,1.0,1.0,0.8173209108537159,0.8969196148596278,0,6
yolo26l-seg.pt,MOTS20-09,34,6,1,67,6,0,0,1.0,1.0,1.0,0.8215269506080777,0.899370483869371,0,6
yolo26l-seg.pt,MOTS20-09,35,6,1,58,6,0,0,1.0,1.0,1.0,0.8336792047098628,0.9074466074871183,1,7
yolo26l-seg.pt,MOTS20-09,36,6,1,55,6,0,0,1.0,1.0,1.0,0.842609995553128,0.9131805242862664,1,7
yolo26l-seg.pt,MOTS20-09,37,6,1,58,5,0,1,1.0,0.8333333333333334,0.9090909090909091,0.8468217633431309,0.9156634417791079,1,6
yolo26l-seg.pt,MOTS20-09,38,6,1,60,5,0,1,1.0,0.8333333333333334,0.9090909090909091,0.8549309613043068,0.9203592104124979,1,6
yolo26l-seg.pt,MOTS20-09,39,6,1,62,5,0,1,1.0,0.8333333333333334,0.9090909090909091,0.8654536632364769,0.9268432434439058,1,6
yolo26l-seg.pt,MOTS20-09,40,6,1,61,5,0,1,1.0,0.8333333333333334,0.9090909090909091,0.865427688519053,0.9267633790338445,1,6
yolo26l-seg.pt,MOTS20-09,41,7,1,56,5,0,2,1.0,0.7142857142857143,0.8333333333333334,0.8588701949805817,0.9226497594512783,1,6
yolo26l-seg.pt,MOTS20-09,42,7,1,56,5,0,2,1.0,0.7142857142857143,0.8333333333333334,0.8640693289877304,0.9256519172849295,2,7
yolo26l-seg.pt,MOTS20-09,43,6,1,63,5,0,1,1.0,0.8333333333333334,0.9090909090909091,0.8706944375181557,0.9297699293855143,1,6
yolo26l-seg.pt,MOTS20-09,44,6,1,49,5,0,1,1.0,0.8333333333333334,0.9090909090909091,0.8749176759548287,0.9323039815965213,1,6
yolo26l-seg.pt,MOTS20-09,45,7,1,64,6,1,1,0.8571428571428571,0.8571428571428571,0.8571428571428571,0.8355288384955264,0.907675856590965,1,8
yolo26l-seg.pt,MOTS20-09,46,7,1,58,6,0,1,1.0,0.8571428571428571,0.9230769230769231,0.83110064338113,0.904298394596037,1,7
yolo26l-seg.pt,MOTS20-09,47,7,1,54,6,0,1,1.0,0.8571428571428571,0.9230769230769231,0.8430842109700082,0.9123280080727415,1,7
yolo26l-seg.pt,MOTS20-09,48,7,1,50,6,1,1,0.8571428571428571,0.8571428571428571,0.8571428571428571,0.8434459849193345,0.912922660217356,1,8
yolo26l-seg.pt,MOTS20-09,49,7,1,59,6,1,1,0.8571428571428571,0.8571428571428571,0.8571428571428571,0.8493187665981702,0.9167453145203011,1,8
yolo26l-seg.pt,MOTS20-09,50,7,1,60,6,2,1,0.75,0.8571428571428571,0.8,0.8461326849816907,0.9148042583815051,1,9
yolo26l-seg.pt,MOTS20-09,51,7,1,56,6,2,1,0.75,0.8571428571428571,0.8,0.8411151781146636,0.9118008849288454,1,9
yolo26l-seg.pt,MOTS20-09,52,7,1,54,6,2,1,0.75,0.8571428571428571,0.8,0.8368759001661452,0.9091144645183276,1,9
yolo26l-seg.pt,MOTS20-09,53,7,1,61,6,2,1,0.75,0.8571428571428571,0.8,0.8355242646349978,0.9084953966337127,2,10
yolo26l-seg.pt,MOTS20-09,54,7,1,55,7,1,0,0.875,1.0,0.9333333333333333,0.8204640311215375,0.8992528441469323,1,9
yolo26l-seg.pt,MOTS20-09,55,7,1,51,7,0,0,1.0,1.0,1.0,0.8270643301561594,0.9031821971769893,2,9
yolo26l-seg.pt,MOTS20-09,56,7,1,52,7,0,0,1.0,1.0,1.0,0.8262819341852569,0.9023371854289951,3,10
yolo26l-seg.pt,MOTS20-09,57,7,1,44,7,0,0,1.0,1.0,1.0,0.8358616254636294,0.9089741448803172,2,9
yolo26l-seg.pt,MOTS20-09,58,7,1,43,7,1,0,0.875,1.0,0.9333333333333333,0.8176706662903676,0.8970312047744249,2,10
yolo26l-seg.pt,MOTS20-09,59,7,1,49,7,1,0,0.875,1.0,0.9333333333333333,0.8063263768004499,0.8880302049510055,3,11
yolo26l-seg.pt,MOTS20-09,60,7,1,47,6,0,1,1.0,0.8571428571428571,0.9230769230769231,0.852238116681384,0.9189285325838196,3,9
yolo26l-seg.pt,MOTS20-09,61,6,1,45,6,0,0,1.0,1.0,1.0,0.8478762427628976,0.9163732754496658,3,9
yolo26l-seg.pt,MOTS20-09,62,6,1,44,6,0,0,1.0,1.0,1.0,0.8478158706410205,0.9161587829555357,4,10
yolo26l-seg.pt,MOTS20-09,63,6,1,51,6,0,0,1.0,1.0,1.0,0.8447048175304462,0.914608316709888,4,10
yolo26l-seg.pt,MOTS20-09,64,6,1,54,6,0,0,1.0,1.0,1.0,0.8563874940803012,0.9215498167201011,3,9
yolo26l-seg.pt,MOTS20-09,65,6,1,59,6,0,0,1.0,1.0,1.0,0.8584785168594599,0.9227761233240191,3,9
yolo26l-seg.pt,MOTS20-09,66,6,1,54,6,0,0,1.0,1.0,1.0,0.8540915586724481,0.9202492846747282,3,9
yolo26l-seg.pt,MOTS20-09,67,7,1,49,7,0,0,1.0,1.0,1.0,0.8141765974088677,0.8914298915040194,3,10
yolo26l-seg.pt,MOTS20-09,68,7,1,55,7,0,0,1.0,1.0,1.0,0.8316796122994266,0.9056669450487412,2,9
yolo26l-seg.pt,MOTS20-09,69,7,1,53,7,0,0,1.0,1.0,1.0,0.8356023133155306,0.9079293300714266,2,9
yolo26l-seg.pt,MOTS20-09,70,8,1,45,8,0,0,1.0,1.0,1.0,0.8135440791477363,0.8933231453707289,2,10
yolo26l-seg.pt,MOTS20-09,71,8,1,49,7,0,1,1.0,0.875,0.9333333333333333,0.8411226303796308,0.9120532234886553,2,9
yolo26l-seg.pt,MOTS20-09,72,8,1,47,7,0,1,1.0,0.875,0.9333333333333333,0.8398760747929584,0.911090263549565,2,9
yolo26l-seg.pt,MOTS20-09,73,8,1,47,7,0,1,1.0,0.875,0.9333333333333333,0.8362130257089232,0.9082057500613183,2,9
yolo26l-seg.pt,MOTS20-09,74,8,1,48,7,0,1,1.0,0.875,0.9333333333333333,0.8306085688431853,0.9045280376006958,3,10
yolo26l-seg.pt,MOTS20-09,75,8,1,44,7,0,1,1.0,0.875,0.9333333333333333,0.8436180872203438,0.913394289364538,2,9
yolo26l-seg.pt,MOTS20-09,76,8,1,53,7,0,1,1.0,0.875,0.9333333333333333,0.8456412338003192,0.9148414167107045,3,10
yolo26l-seg.pt,MOTS20-09,77,8,1,40,7,0,1,1.0,0.875,0.9333333333333333,0.847328679631404,0.9158830849443499,2,9
yolo26l-seg.pt,MOTS20-09,78,8,1,43,7,0,1,1.0,0.875,0.9333333333333333,0.8335368233196514,0.9070842859279625,2,9
yolo26l-seg.pt,MOTS20-09,79,8,1,41,7,0,1,1.0,0.875,0.9333333333333333,0.8444138197867957,0.9143251606176678,3,10
yolo26l-seg.pt,MOTS20-09,80,8,1,53,7,0,1,1.0,0.875,0.9333333333333333,0.8449388864044776,0.9147377877748116,3,10
yolo26l-seg.pt,MOTS20-09,81,7,1,51,7,0,0,1.0,1.0,1.0,0.8399168103778669,0.9118265659011946,2,9
yolo26l-seg.pt,MOTS20-09,82,7,1,47,7,0,0,1.0,1.0,1.0,0.8399535867513157,0.91124698392562,2,9
yolo26l-seg.pt,MOTS20-09,83,7,1,56,7,0,0,1.0,1.0,1.0,0.8518224530167618,0.9189973862087882,1,8
yolo26l-seg.pt,MOTS20-09,84,7,1,53,7,0,0,1.0,1.0,1.0,0.846528281577588,0.9156737140732302,2,9
yolo26l-seg.pt,MOTS20-09,85,7,1,54,7,0,0,1.0,1.0,1.0,0.8506270661821073,0.9183490010483134,2,9
yolo26l-seg.pt,MOTS20-09,86,7,1,49,7,0,0,1.0,1.0,1.0,0.8504086840255418,0.918175245724117,2,9
yolo26l-seg.pt,MOTS20-09,87,7,1,53,7,0,0,1.0,1.0,1.0,0.8491777208889254,0.9173345444910147,2,9
yolo26l-seg.pt,MOTS20-09,88,7,1,46,7,0,0,1.0,1.0,1.0,0.8454970379277912,0.9150736229164156,2,9
yolo26l-seg.pt,MOTS20-09,89,7,1,53,7,0,0,1.0,1.0,1.0,0.8510421191996819,0.9184266966876281,2,9
yolo26l-seg.pt,MOTS20-09,90,7,1,56,7,0,0,1.0,1.0,1.0,0.8489794497099877,0.9170107559282108,2,9
yolo26l-seg.pt,MOTS20-09,91,7,1,61,7,0,0,1.0,1.0,1.0,0.8407604554711996,0.9116553533525227,2,9
yolo26l-seg.pt,MOTS20-09,92,7,1,57,7,1,0,0.875,1.0,0.9333333333333333,0.83247577586463,0.9054011732356938,3,11
yolo26l-seg.pt,MOTS20-09,93,7,1,66,7,1,0,0.875,1.0,0.9333333333333333,0.855006005633899,0.9209637476414398,1,9
yolo26l-seg.pt,MOTS20-09,94,7,1,59,7,1,0,0.875,1.0,0.9333333333333333,0.8568040529353439,0.9219510953421116,1,9
yolo26l-seg.pt,MOTS20-09,95,7,1,60,7,1,0,0.875,1.0,0.9333333333333333,0.8550085407246221,0.9209112944779371,1,9
yolo26l-seg.pt,MOTS20-09,96,7,1,55,7,1,0,0.875,1.0,0.9333333333333333,0.8583614829759124,0.9228132813600162,2,10
yolo26l-seg.pt,MOTS20-09,97,7,1,50,7,0,0,1.0,1.0,1.0,0.8648153797981156,0.9267092403680323,2,9
yolo26l-seg.pt,MOTS20-09,98,7,1,57,7,0,0,1.0,1.0,1.0,0.8641810305729598,0.9263005126338504,2,9
yolo26l-seg.pt,MOTS20-09,99,7,1,60,7,0,0,1.0,1.0,1.0,0.8650284861900344,0.9269158448336459,2,9
yolo26l-seg.pt,MOTS20-09,100,7,1,56,7,0,0,1.0,1.0,1.0,0.8620961017512935,0.9252832355572025,2,9
yolo26l-seg.pt,MOTS20-09,101,7,1,62,7,1,0,0.875,1.0,0.9333333333333333,0.8641515863666122,0.9262875301745289,2,10
yolo26l-seg.pt,MOTS20-09,102,7,1,63,7,0,0,1.0,1.0,1.0,0.8362444819303388,0.9078355373928166,2,9
yolo26l-seg.pt,MOTS20-09,103,7,1,64,7,0,0,1.0,1.0,1.0,0.8529691309252037,0.9191495314232883,3,10
yolo26l-seg.pt,MOTS20-09,104,7,1,66,6,0,1,1.0,0.8571428571428571,0.9230769230769231,0.8718388461718862,0.9308911310263106,3,9
yolo26l-seg.pt,MOTS20-09,105,7,1,65,6,0,1,1.0,0.8571428571428571,0.9230769230769231,0.8703078615239459,0.9299987654943086,3,9
yolo26l-seg.pt,MOTS20-09,106,7,1,62,6,0,1,1.0,0.8571428571428571,0.9230769230769231,0.8728632755592685,0.931386540473666,3,9
yolo26l-seg.pt,MOTS20-09,107,7,1,69,5,0,2,1.0,0.7142857142857143,0.8333333333333334,0.8858993101879117,0.9390172297618898,3,8
yolo26l-seg.pt,MOTS20-09,108,6,1,63,5,0,1,1.0,0.8333333333333334,0.9090909090909091,0.8851179868945291,0.9385994694669367,3,8
yolo26l-seg.pt,MOTS20-09,109,6,1,65,5,0,1,1.0,0.8333333333333334,0.9090909090909091,0.8865333929312657,0.9393823653418021,2,7
yolo26l-seg.pt,MOTS20-09,110,6,1,55,5,0,1,1.0,0.8333333333333334,0.9090909090909091,0.8886179693507927,0.9405291248786583,3,8
yolo26l-seg.pt,MOTS20-09,111,6,1,50,5,0,1,1.0,0.8333333333333334,0.9090909090909091,0.8947965728999148,0.9440371470389788,3,8
yolo26l-seg.pt,MOTS20-09,112,5,1,47,5,0,0,1.0,1.0,1.0,0.8797926942502947,0.9355057983620678,2,7
yolo26l-seg.pt,MOTS20-09,113,5,1,42,5,0,0,1.0,1.0,1.0,0.8812599807595944,0.9363066891650783,3,8
yolo26l-seg.pt,MOTS20-09,114,5,1,50,5,0,0,1.0,1.0,1.0,0.8650037226954982,0.9261254030447306,1,6
yolo26l-seg.pt,MOTS20-09,115,5,1,54,5,0,0,1.0,1.0,1.0,0.8696258787077757,0.9291924972371526,1,6
yolo26l-seg.pt,MOTS20-09,116,5,1,45,5,0,0,1.0,1.0,1.0,0.848333567671798,0.914987414975865,1,6
yolo26l-seg.pt,MOTS20-09,117,5,1,54,5,0,0,1.0,1.0,1.0,0.867082895605851,0.9275539363094654,2,7
yolo26l-seg.pt,MOTS20-09,118,5,1,55,4,1,1,0.8,0.8,0.8,0.8981588363584571,0.9459083928759949,1,6
yolo26l-seg.pt,MOTS20-09,119,5,1,45,4,0,1,1.0,0.8,0.8888888888888888,0.8959117529362548,0.9447239218012099,2,6
yolo26l-seg.pt,MOTS20-09,120,5,1,44,4,0,1,1.0,0.8,0.8888888888888888,0.9004057023300367,0.9473557299962103,1,5
yolo26l-seg.pt,MOTS20-09,121,4,1,48,4,0,0,1.0,1.0,1.0,0.9045700006534875,0.949545399560475,2,6
yolo26l-seg.pt,MOTS20-09,122,4,1,41,4,0,0,1.0,1.0,1.0,0.8986085470483034,0.9461229122407147,2,6
yolo26l-seg.pt,MOTS20-09,123,4,1,42,4,0,0,1.0,1.0,1.0,0.9012554354726812,0.9476688155460499,2,6
yolo26l-seg.pt,MOTS20-09,124,4,1,44,4,0,0,1.0,1.0,1.0,0.8970046587445101,0.9452147841596277,1,5
yolo26l-seg.pt,MOTS20-09,125,4,1,54,4,0,0,1.0,1.0,1.0,0.8970860074267878,0.9454467213831664,1,5
yolo26l-seg.pt,MOTS20-09,126,5,1,58,4,0,1,1.0,0.8,0.8888888888888888,0.8960219269743773,0.9448211440871944,2,6
yolo26l-seg.pt,MOTS20-09,127,5,1,59,4,0,1,1.0,0.8,0.8888888888888888,0.8982809927086473,0.9461849646227252,1,5
yolo26l-seg.pt,MOTS20-09,128,5,1,57,5,0,0,1.0,1.0,1.0,0.8676200686800659,0.9278876819148312,1,6
yolo26l-seg.pt,MOTS20-09,129,5,1,64,5,0,0,1.0,1.0,1.0,0.8716489199503374,0.9300744108229295,1,6
yolo26l-seg.pt,MOTS20-09,130,5,1,71,5,0,0,1.0,1.0,1.0,0.875095107029986,0.9318025897001958,2,7
yolo26l-seg.pt,MOTS20-09,131,5,1,62,5,0,0,1.0,1.0,1.0,0.8948734446827101,0.9439870106687177,2,7
yolo26l-seg.pt,MOTS20-09,132,5,1,73,5,0,0,1.0,1.0,1.0,0.8813820455772122,0.9358584121145788,2,7
yolo26l-seg.pt,MOTS20-09,133,5,1,61,5,0,0,1.0,1.0,1.0,0.8774682180535199,0.9334899717256775,2,7
yolo26l-seg.pt,MOTS20-09,134,5,1,72,4,1,1,0.8,0.8,0.8,0.9035018613196503,0.9488959032540275,3,8
yolo26l-seg.pt,MOTS20-09,135,6,1,77,5,1,1,0.8333333333333334,0.8333333333333334,0.8333333333333334,0.8850613670187158,0.9385184634173838,3,9
yolo26l-seg.pt,MOTS20-09,136,6,1,61,5,0,1,1.0,0.8333333333333334,0.9090909090909091,0.8912300703663311,0.9420295793142104,3,8
yolo26l-seg.pt,MOTS20-09,137,7,1,60,5,0,2,1.0,0.7142857142857143,0.8333333333333334,0.8921762639354757,0.9425577691621209,3,8
yolo26l-seg.pt,MOTS20-09,138,7,1,51,6,0,1,1.0,0.8571428571428571,0.9230769230769231,0.8552399340433251,0.9198613122311993,3,9
yolo26l-seg.pt,MOTS20-09,139,6,1,52,6,0,0,1.0,1.0,1.0,0.8748603180136233,0.9323769694217717,3,9
yolo26l-seg.pt,MOTS20-09,140,6,1,45,6,0,0,1.0,1.0,1.0,0.8896493022205866,0.9410849501284079,2,8
yolo26l-seg.pt,MOTS20-09,141,6,1,55,6,0,0,1.0,1.0,1.0,0.9007907413095638,0.9474716471609553,2,8
yolo26l-seg.pt,MOTS20-09,142,6,1,54,6,0,0,1.0,1.0,1.0,0.9037581934183679,0.9491348741961584,2,8
yolo26l-seg.pt,MOTS20-09,143,6,1,50,6,0,0,1.0,1.0,1.0,0.8996596675444003,0.9469409526262315,2,8
yolo26l-seg.pt,MOTS20-09,144,7,1,45,7,1,0,0.875,1.0,0.9333333333333333,0.8813639094875791,0.9363475785820522,2,10
yolo26l-seg.pt,MOTS20-09,145,7,1,40,6,0,1,1.0,0.8571428571428571,0.9230769230769231,0.896637130200652,0.9451988563231172,1,7
yolo26l-seg.pt,MOTS20-09,146,8,1,40,6,0,2,1.0,0.75,0.8571428571428571,0.8959940229441482,0.944846415292687,1,7
yolo26l-seg.pt,MOTS20-09,147,8,1,41,6,0,2,1.0,0.75,0.8571428571428571,0.9005571460236398,0.9473918616642353,1,7
yolo26l-seg.pt,MOTS20-09,148,9,1,59,6,0,3,1.0,0.6666666666666666,0.8,0.9033092227178076,0.9489114383229164,1,7
yolo26l-seg.pt,MOTS20-09,149,8,1,62,6,0,2,1.0,0.75,0.8571428571428571,0.9010127067270952,0.9476195673858925,1,7
yolo26l-seg.pt,MOTS20-09,150,8,1,71,6,0,2,1.0,0.75,0.8571428571428571,0.8982902541250831,0.9460956500905318,1,7
yolo26l-seg.pt,MOTS20-09,151,8,1,40,7,0,1,1.0,0.875,0.9333333333333333,0.8650905248561598,0.9252368509412358,1,8
yolo26l-seg.pt,MOTS20-09,152,8,1,60,7,0,1,1.0,0.875,0.9333333333333333,0.8601956271646881,0.9228241529986038,1,8
yolo26l-seg.pt,MOTS20-09,153,7,1,51,7,0,0,1.0,1.0,1.0,0.8631256254768506,0.9243832363069523,1,8
yolo26l-seg.pt,MOTS20-09,154,7,1,56,7,0,0,1.0,1.0,1.0,0.8653641877126973,0.9255874183984941,1,8
yolo26l-seg.pt,MOTS20-09,155,7,1,51,7,0,0,1.0,1.0,1.0,0.8616767921232167,0.9235095438481304,1,8
yolo26l-seg.pt,MOTS20-09,156,7,1,47,7,0,0,1.0,1.0,1.0,0.8346451410756354,0.9040258256161672,2,9
yolo26l-seg.pt,MOTS20-09,157,7,1,55,6,0,1,1.0,0.8571428571428571,0.9230769230769231,0.8942208653234519,0.9434991187780408,1,7
yolo26l-seg.pt,MOTS20-09,158,7,1,54,6,0,1,1.0,0.8571428571428571,0.9230769230769231,0.8982771352186895,0.9459965846168847,2,8
yolo26l-seg.pt,MOTS20-09,159,7,1,69,6,0,1,1.0,0.8571428571428571,0.9230769230769231,0.8918447185573942,0.9423377084035073,2,8
yolo26l-seg.pt,MOTS20-09,160,7,1,64,6,0,1,1.0,0.8571428571428571,0.9230769230769231,0.8766249179691695,0.9336134219839604,3,9
yolo26l-seg.pt,MOTS20-09,161,7,1,57,6,0,1,1.0,0.8571428571428571,0.9230769230769231,0.8932318247910577,0.9432033212126313,2,8
yolo26l-seg.pt,MOTS20-09,162,7,1,59,6,0,1,1.0,0.8571428571428571,0.9230769230769231,0.8858087137168061,0.9390434620304376,2,8
yolo26l-seg.pt,MOTS20-09,163,7,1,61,6,0,1,1.0,0.8571428571428571,0.9230769230769231,0.8894017859525868,0.9412102088284975,2,8
yolo26l-seg.pt,MOTS20-09,164,8,1,82,6,0,2,1.0,0.75,0.8571428571428571,0.8886996900756142,0.9407668369534772,2,8
yolo26l-seg.pt,MOTS20-09,165,8,1,91,6,0,2,1.0,0.75,0.8571428571428571,0.876537444169753,0.9333829505440944,3,9
yolo26l-seg.pt,MOTS20-09,166,8,1,80,7,0,1,1.0,0.875,0.9333333333333333,0.804766000198407,0.8850793541070053,3,10
yolo26l-seg.pt,MOTS20-09,167,8,1,73,6,0,2,1.0,0.75,0.8571428571428571,0.8359696919559894,0.9038358106446451,3,9
yolo26l-seg.pt,MOTS20-09,168,8,1,59,6,0,2,1.0,0.75,0.8571428571428571,0.8575910513328368,0.9212051541357392,3,9
yolo26l-seg.pt,MOTS20-09,169,10,1,56,6,0,4,1.0,0.6,0.75,0.8634651113268935,0.9253134775775808,3,9
yolo26l-seg.pt,MOTS20-09,170,10,1,58,6,1,4,0.8571428571428571,0.6,0.7058823529411765,0.8588363836742968,0.9226806926678096,3,10
yolo26l-seg.pt,MOTS20-09,171,10,1,70,8,0,2,1.0,0.8,0.8888888888888888,0.8184714925410043,0.8975523932049742,2,10
yolo26l-seg.pt,MOTS20-09,172,10,1,81,8,0,2,1.0,0.8,0.8888888888888888,0.8451105564027339,0.9141899422364725,3,11
yolo26l-seg.pt,MOTS20-09,173,10,1,91,8,0,2,1.0,0.8,0.8888888888888888,0.8436664525673587,0.913875620881816,4,12
yolo26l-seg.pt,MOTS20-09,174,10,1,89,8,1,2,0.8888888888888888,0.8,0.8421052631578947,0.8107017976574762,0.8913434819754016,5,14
yolo26l-seg.pt,MOTS20-09,175,10,1,84,7,1,3,0.875,0.7,0.7777777777777778,0.8413920875157747,0.9124860844276677,6,14
yolo26l-seg.pt,MOTS20-09,176,9,1,73,7,1,2,0.875,0.7777777777777778,0.8235294117647058,0.8527348762305553,0.919144421990965,6,14
yolo26l-seg.pt,MOTS20-09,177,9,1,79,7,0,2,1.0,0.7777777777777778,0.875,0.8448517874489474,0.9143443035831892,6,13
yolo26l-seg.pt,MOTS20-09,178,9,1,84,6,0,3,1.0,0.6666666666666666,0.8,0.8567128399996179,0.9216574063420939,6,12
yolo26l-seg.pt,MOTS20-09,179,7,1,85,6,0,1,1.0,0.8571428571428571,0.9230769230769231,0.8572873560283608,0.9217362632543575,6,12
yolo26l-seg.pt,MOTS20-09,180,8,1,85,6,1,2,0.8571428571428571,0.75,0.8,0.8537565938700213,0.9200419092347722,3,10
yolo26l-seg.pt,MOTS20-09,181,9,1,84,9,0,0,1.0,1.0,1.0,0.785839437528473,0.8746101224816057,2,11
yolo26l-seg.pt,MOTS20-09,182,9,1,70,7,1,2,0.875,0.7777777777777778,0.8235294117647058,0.8419371574911355,0.9115685560349603,2,10
yolo26l-seg.pt,MOTS20-09,183,9,1,60,7,1,2,0.875,0.7777777777777778,0.8235294117647058,0.851944434333787,0.9189002068516187,2,10
yolo26l-seg.pt,MOTS20-09,184,9,1,72,7,1,2,0.875,0.7777777777777778,0.8235294117647058,0.8719104919769073,0.9304945639458729,1,9
yolo26l-seg.pt,MOTS20-09,185,9,1,68,8,1,1,0.8888888888888888,0.8888888888888888,0.8888888888888888,0.8508531609005896,0.9183375135435095,1,10
yolo26l-seg.pt,MOTS20-09,186,11,1,64,8,1,3,0.8888888888888888,0.7272727272727273,0.8,0.8655682182968867,0.9267868696882133,1,10
yolo26l-seg.pt,MOTS20-09,187,11,1,64,10,2,1,0.8333333333333334,0.9090909090909091,0.8695652173913043,0.8421847701792406,0.9128092455352306,1,13
yolo26l-seg.pt,MOTS20-09,188,12,1,62,10,3,2,0.7692307692307693,0.8333333333333334,0.8,0.8406478106679088,0.9118990721144276,1,14
yolo26l-seg.pt,MOTS20-09,189,12,1,68,10,3,2,0.7692307692307693,0.8333333333333334,0.8,0.8490960710897623,0.9166398372255884,0,13
yolo26l-seg.pt,MOTS20-09,190,12,1,50,10,2,2,0.8333333333333334,0.8333333333333334,0.8333333333333334,0.8422672525729435,0.9127499419280293,0,12
yolo26l-seg.pt,MOTS20-09,191,12,1,66,10,0,2,1.0,0.8333333333333334,0.9090909090909091,0.8304929000456134,0.9045267336307703,0,10
yolo26l-seg.pt,MOTS20-09,192,12,1,63,10,0,2,1.0,0.8333333333333334,0.9090909090909091,0.8055354731948396,0.887712134897346,0,10
yolo26l-seg.pt,MOTS20-09,193,12,1,62,9,1,3,0.9,0.75,0.8181818181818182,0.8376892922470719,0.9089899363349898,0,10
yolo26l-seg.pt,MOTS20-09,194,11,1,57,8,0,3,1.0,0.7272727272727273,0.8421052631578947,0.8046577991140087,0.8878841049736879,0,8
yolo26l-seg.pt,MOTS20-09,195,11,1,59,9,2,2,0.8181818181818182,0.8181818181818182,0.8181818181818182,0.801597650158883,0.886039963087513,0,11
yolo26l-seg.pt,MOTS20-09,196,11,1,59,10,1,1,0.9090909090909091,0.9090909090909091,0.9090909090909091,0.7812524463305449,0.873410208464229,0,11
yolo26l-seg.pt,MOTS20-09,197,11,1,52,10,0,1,1.0,0.9090909090909091,0.9523809523809523,0.7792775623055989,0.869691857363694,0,10
yolo26l-seg.pt,MOTS20-09,198,11,1,54,9,0,2,1.0,0.8181818181818182,0.9,0.8039183470599236,0.8859055101547312,0,9
yolo26l-seg.pt,MOTS20-09,199,10,1,54,9,1,1,0.9,0.9,0.9,0.8144983789311735,0.8928122727791218,0,10
yolo26l-seg.pt,MOTS20-09,200,10,1,56,10,0,0,1.0,1.0,1.0,0.8265830343806584,0.9012446635579321,0,10
yolo26l-seg.pt,MOTS20-09,201,10,1,53,10,0,0,1.0,1.0,1.0,0.811068058678547,0.8913797978293264,0,10
yolo26l-seg.pt,MOTS20-09,202,10,1,62,10,0,0,1.0,1.0,1.0,0.8448846322432418,0.9127189518197649,0,10
yolo26l-seg.pt,MOTS20-09,203,10,1,55,10,0,0,1.0,1.0,1.0,0.8186285442550801,0.8943101550835797,0,10
yolo26l-seg.pt,MOTS20-09,204,10,1,63,9,0,1,1.0,0.9,0.9473684210526315,0.7998068064147311,0.8819654684793767,0,9
yolo26l-seg.pt,MOTS20-09,205,10,1,60,9,0,1,1.0,0.9,0.9473684210526315,0.7888835961846749,0.87575237692471,0,9
yolo26l-seg.pt,MOTS20-09,206,10,1,59,9,0,1,1.0,0.9,0.9473684210526315,0.8034355678534204,0.8865576685239273,1,10
yolo26l-seg.pt,MOTS20-09,207,12,1,62,9,1,3,0.9,0.75,0.8181818181818182,0.7937125472263382,0.8807930265996314,1,11
yolo26l-seg.pt,MOTS20-09,208,10,1,51,10,0,0,1.0,1.0,1.0,0.8049174688377139,0.8874645710827511,0,10
yolo26l-seg.pt,MOTS20-09,209,11,1,73,10,1,1,0.9090909090909091,0.9090909090909091,0.9090909090909091,0.8199685108081006,0.8968751179452917,0,11
yolo26l-seg.pt,MOTS20-09,210,12,1,68,9,2,3,0.8181818181818182,0.75,0.782608695652174,0.841239946030004,0.9123422763212223,0,11
yolo26l-seg.pt,MOTS20-09,211,12,1,57,10,0,2,1.0,0.8333333333333334,0.9090909090909091,0.7995752363053703,0.8835549839509991,1,11
yolo26l-seg.pt,MOTS20-09,212,12,1,58,11,1,1,0.9166666666666666,0.9166666666666666,0.9166666666666666,0.814776140434828,0.8937735073041018,1,13
yolo26l-seg.pt,MOTS20-09,213,13,1,47,11,1,2,0.9166666666666666,0.8461538461538461,0.88,0.8203339767414076,0.8981681030539004,0,12
yolo26l-seg.pt,MOTS20-09,214,13,1,59,10,0,3,1.0,0.7692307692307693,0.8695652173913043,0.8107936700008705,0.8918578990095949,1,11
yolo26l-seg.pt,MOTS20-09,215,12,1,50,10,0,2,1.0,0.8333333333333334,0.9090909090909091,0.8060296710210177,0.8891761994659422,1,11
yolo26l-seg.pt,MOTS20-09,216,12,1,65,11,1,1,0.9166666666666666,0.9166666666666666,0.9166666666666666,0.7830630767631991,0.8734041572116883,1,13
yolo26l-seg.pt,MOTS20-09,217,12,1,50,11,1,1,0.9166666666666666,0.9166666666666666,0.9166666666666666,0.7934824655064968,0.8792757486508439,1,13
yolo26l-seg.pt,MOTS20-09,218,13,1,48,11,1,2,0.9166666666666666,0.8461538461538461,0.88,0.794630971122156,0.879620487453441,1,13
yolo26l-seg.pt,MOTS20-09,219,13,1,65,11,0,2,1.0,0.8461538461538461,0.9166666666666666,0.8104561681242223,0.8917348171403543,1,12
yolo26l-seg.pt,MOTS20-09,220,12,1,77,12,1,0,0.9230769230769231,1.0,0.96,0.8194393888889748,0.8980624097490367,1,14
yolo26l-seg.pt,MOTS20-09,221,11,1,73,11,3,0,0.7857142857142857,1.0,0.88,0.8049789458276614,0.8868450746877587,1,15
yolo26l-seg.pt,MOTS20-09,222,12,1,100,11,1,1,0.9166666666666666,0.9166666666666666,0.9166666666666666,0.8073558169338597,0.887058743750627,0,12
yolo26l-seg.pt,MOTS20-09,223,13,1,71,11,1,2,0.9166666666666666,0.8461538461538461,0.88,0.7954709728177601,0.8784458367895035,0,12
yolo26l-seg.pt,MOTS20-09,224,13,1,70,11,2,2,0.8461538461538461,0.8461538461538461,0.8461538461538461,0.7989195881146117,0.8827789683536025,0,13
yolo26l-seg.pt,MOTS20-09,225,13,1,78,11,1,2,0.9166666666666666,0.8461538461538461,0.88,0.810380158653279,0.890506328218894,0,12
yolo26l-seg.pt,MOTS20-09,226,13,1,63,11,0,2,1.0,0.8461538461538461,0.9166666666666666,0.8108009978920194,0.8903124853664667,0,11
yolo26l-seg.pt,MOTS20-09,227,13,1,71,11,2,2,0.8461538461538461,0.8461538461538461,0.8461538461538461,0.8000481191794692,0.8821316736625057,0,13
yolo26l-seg.pt,MOTS20-09,228,13,1,67,12,1,1,0.9230769230769231,0.9230769230769231,0.9230769230769231,0.7718103839419124,0.8641199751424318,0,13
yolo26l-seg.pt,MOTS20-09,229,13,1,63,12,1,1,0.9230769230769231,0.9230769230769231,0.9230769230769231,0.7919806525352485,0.878398101109541,0,13
yolo26l-seg.pt,MOTS20-09,230,13,1,57,11,0,2,1.0,0.8461538461538461,0.9166666666666666,0.794378019963064,0.8789102269050777,0,11
yolo26l-seg.pt,MOTS20-09,231,13,1,75,11,1,2,0.9166666666666666,0.8461538461538461,0.88,0.8203976294608161,0.8981634310386778,2,14
yolo26l-seg.pt,MOTS20-09,232,13,1,80,10,1,3,0.9090909090909091,0.7692307692307693,0.8333333333333334,0.8254536805704632,0.9013998286120748,2,13
yolo26l-seg.pt,MOTS20-09,233,13,1,78,11,3,2,0.7857142857142857,0.8461538461538461,0.8148148148148148,0.8057369764600696,0.888428613230428,2,16
yolo26l-seg.pt,MOTS20-09,234,13,1,82,11,0,2,1.0,0.8461538461538461,0.9166666666666666,0.7981319201186546,0.8821377099401999,2,13
yolo26l-seg.pt,MOTS20-09,235,13,1,74,11,1,2,0.9166666666666666,0.8461538461538461,0.88,0.7886663725798754,0.8749930577917904,2,14
yolo26l-seg.pt,MOTS20-09,236,13,1,79,10,0,3,1.0,0.7692307692307693,0.8695652173913043,0.8016154132627579,0.8836030269482373,2,12
yolo26l-seg.pt,MOTS20-09,237,13,1,84,11,0,2,1.0,0.8461538461538461,0.9166666666666666,0.7778303185493892,0.866195080563286,2,13
yolo26l-seg.pt,MOTS20-09,238,13,1,83,11,0,2,1.0,0.8461538461538461,0.9166666666666666,0.7878846356236813,0.8751819008950842,3,14
yolo26l-seg.pt,MOTS20-09,239,13,1,81,11,1,2,0.9166666666666666,0.8461538461538461,0.88,0.7811798107279645,0.869541796447627,3,15
yolo26l-seg.pt,MOTS20-09,240,13,1,87,11,2,2,0.8461538461538461,0.8461538461538461,0.8461538461538461,0.7767201712057045,0.8669073853711192,2,15
yolo26l-seg.pt,MOTS20-09,241,12,1,78,10,2,2,0.8333333333333334,0.8333333333333334,0.8333333333333334,0.8105566293938168,0.8913470790588018,3,15
yolo26l-seg.pt,MOTS20-09,242,13,1,72,11,1,2,0.9166666666666666,0.8461538461538461,0.88,0.7918214469343291,0.8771098895578919,3,15
yolo26l-seg.pt,MOTS20-09,243,12,1,76,11,0,1,1.0,0.9166666666666666,0.9565217391304348,0.7960088199036041,0.8800827587904675,2,13
yolo26l-seg.pt,MOTS20-09,244,12,1,75,10,2,2,0.8333333333333334,0.8333333333333334,0.8333333333333334,0.824027240949499,0.899568980949144,2,14
yolo26l-seg.pt,MOTS20-09,245,12,1,74,10,2,2,0.8333333333333334,0.8333333333333334,0.8333333333333334,0.8333269479581707,0.905840305488954,2,14
yolo26l-seg.pt,MOTS20-09,246,13,1,69,10,1,3,0.9090909090909091,0.7692307692307693,0.8333333333333334,0.8242920367876734,0.8990393158248977,2,13
yolo26l-seg.pt,MOTS20-09,247,13,1,76,9,2,4,0.8181818181818182,0.6923076923076923,0.75,0.8524440701620711,0.919559534638302,3,14
yolo26l-seg.pt,MOTS20-09,248,13,1,69,9,2,4,0.8181818181818182,0.6923076923076923,0.75,0.8518091644376827,0.919406557846532,1,12
yolo26l-seg.pt,MOTS20-09,249,13,1,79,9,3,4,0.75,0.6923076923076923,0.72,0.8476756229349035,0.9166803844651573,3,15
yolo26l-seg.pt,MOTS20-09,250,13,1,66,9,2,4,0.8181818181818182,0.6923076923076923,0.75,0.8505839533015952,0.9184869417134878,2,13
yolo26l-seg.pt,MOTS20-09,251,13,1,85,9,2,4,0.8181818181818182,0.6923076923076923,0.75,0.856905481693038,0.9225005613922173,2,13
yolo26l-seg.pt,MOTS20-09,252,13,1,82,9,1,4,0.9,0.6923076923076923,0.782608695652174,0.8537652299137012,0.9206849063540348,2,12
yolo26l-seg.pt,MOTS20-09,253,13,1,82,10,2,3,0.8333333333333334,0.7692307692307693,0.8,0.8441118086370001,0.9145494293231724,2,14
yolo26l-seg.pt,MOTS20-09,254,13,1,93,11,0,2,1.0,0.8461538461538461,0.9166666666666666,0.8030816404653226,0.8859797733323234,2,13
yolo26l-seg.pt,MOTS20-09,255,12,1,84,11,0,1,1.0,0.9166666666666666,0.9565217391304348,0.8057306021004162,0.8883023729410855,2,13
yolo26l-seg.pt,MOTS20-09,256,12,1,77,11,0,1,1.0,0.9166666666666666,0.9565217391304348,0.8055312543527141,0.8888785821667674,2,13
yolo26l-seg.pt,MOTS20-09,257,13,1,73,11,0,2,1.0,0.8461538461538461,0.9166666666666666,0.7936576246645862,0.880113669409846,2,13
yolo26l-seg.pt,MOTS20-09,258,13,1,65,10,1,3,0.9090909090909091,0.7692307692307693,0.8333333333333334,0.811030594160424,0.8923605801590453,2,13
yolo26l-seg.pt,MOTS20-09,259,13,1,67,9,1,4,0.9,0.6923076923076923,0.782608695652174,0.804043670906776,0.8840289306605009,2,12
yolo26l-seg.pt,MOTS20-09,260,13,1,65,10,2,3,0.8333333333333334,0.7692307692307693,0.8,0.8156325250162639,0.8934615313738377,2,14
yolo26l-seg.pt,MOTS20-09,261,13,1,77,9,1,4,0.9,0.6923076923076923,0.782608695652174,0.8402501955058506,0.9104599255071231,1,11
yolo26l-seg.pt,MOTS20-09,262,13,1,80,9,2,4,0.8181818181818182,0.6923076923076923,0.75,0.8354772865975029,0.9087001459337183,3,14
yolo26l-seg.pt,MOTS20-09,263,13,1,85,9,2,4,0.8181818181818182,0.6923076923076923,0.75,0.8255152236985431,0.9002836138204802,3,14
yolo26l-seg.pt,MOTS20-09,264,13,1,70,8,2,5,0.8,0.6153846153846154,0.6956521739130435,0.8289822365292248,0.9009380654698143,2,12
yolo26l-seg.pt,MOTS20-09,265,12,1,83,8,2,4,0.8,0.6666666666666666,0.7272727272727273,0.8374384899275846,0.9065799343766938,1,11
yolo26l-seg.pt,MOTS20-09,266,12,1,83,8,1,4,0.8888888888888888,0.6666666666666666,0.7619047619047619,0.8368416560173454,0.905656443278037,2,11
yolo26l-seg.pt,MOTS20-09,267,12,1,77,8,0,4,1.0,0.6666666666666666,0.8,0.8520090637183113,0.9171659611763434,3,11
yolo26l-seg.pt,MOTS20-09,268,12,1,79,8,0,4,1.0,0.6666666666666666,0.8,0.8484200375393511,0.9152241945691448,3,11
yolo26l-seg.pt,MOTS20-09,269,12,1,62,9,0,3,1.0,0.75,0.8571428571428571,0.8193027301552084,0.8964074241810918,3,12
yolo26l-seg.pt,MOTS20-09,270,12,1,65,9,0,3,1.0,0.75,0.8571428571428571,0.8238186129186755,0.8997045211083845,3,12
yolo26l-seg.pt,MOTS20-09,271,11,1,69,8,2,3,0.8,0.7272727272727273,0.7619047619047619,0.8595562189841668,0.9233920437427754,4,14
yolo26l-seg.pt,MOTS20-09,272,10,1,66,8,1,2,0.8888888888888888,0.8,0.8421052631578947,0.8385355699131088,0.9100386094077364,4,13
yolo26l-seg.pt,MOTS20-09,273,10,1,66,8,1,2,0.8888888888888888,0.8,0.8421052631578947,0.8347729681563841,0.9078288852610161,4,13
yolo26l-seg.pt,MOTS20-09,274,10,1,74,8,1,2,0.8888888888888888,0.8,0.8421052631578947,0.8248490241290785,0.9003461139378979,4,13
yolo26l-seg.pt,MOTS20-09,275,10,1,69,8,1,2,0.8888888888888888,0.8,0.8421052631578947,0.8171704852794319,0.8947925401017365,3,12
yolo26l-seg.pt,MOTS20-09,276,10,1,65,9,1,1,0.9,0.9,0.9,0.791855947871877,0.8773882336419118,3,13
yolo26l-seg.pt,MOTS20-09,277,10,1,69,8,1,2,0.8888888888888888,0.8,0.8421052631578947,0.8169138426916358,0.8966387167712726,4,13
yolo26l-seg.pt,MOTS20-09,278,11,1,66,9,0,2,1.0,0.8181818181818182,0.9,0.8006301255429101,0.8847336126729431,3,12
yolo26l-seg.pt,MOTS20-09,279,10,1,57,9,0,1,1.0,0.9,0.9473684210526315,0.8440551453342936,0.9141218785970082,4,13
yolo26l-seg.pt,MOTS20-09,280,10,1,60,9,0,1,1.0,0.9,0.9473684210526315,0.8339110862150575,0.9071025373007061,4,13
yolo26l-seg.pt,MOTS20-09,281,10,1,55,9,0,1,1.0,0.9,0.9473684210526315,0.8366527069255849,0.9089415940367205,4,13
yolo26l-seg.pt,MOTS20-09,282,10,1,74,9,0,1,1.0,0.9,0.9473684210526315,0.8450347232652723,0.9142707267853347,3,12
yolo26l-seg.pt,MOTS20-09,283,10,1,72,9,0,1,1.0,0.9,0.9473684210526315,0.8454731026870892,0.9146743625035375,2,11
yolo26l-seg.pt,MOTS20-09,284,10,1,70,9,0,1,1.0,0.9,0.9473684210526315,0.8405913329692924,0.9117530945497239,3,12
yolo26l-seg.pt,MOTS20-09,285,10,1,71,9,1,1,0.9,0.9,0.9,0.8276969719811702,0.903528371527853,3,13
yolo26l-seg.pt,MOTS20-09,286,10,1,65,9,0,1,1.0,0.9,0.9473684210526315,0.8241118951866073,0.901497240875559,2,11
yolo26l-seg.pt,MOTS20-09,287,10,1,65,9,1,1,0.9,0.9,0.9,0.8313580167061659,0.9060315683394475,3,13
yolo26l-seg.pt,MOTS20-09,288,10,1,73,9,0,1,1.0,0.9,0.9473684210526315,0.8333743811892191,0.9076976800816143,2,11
yolo26l-seg.pt,MOTS20-09,289,10,1,78,9,0,1,1.0,0.9,0.9473684210526315,0.8293112779210055,0.9052774695947979,3,12
yolo26l-seg.pt,MOTS20-09,290,9,1,83,9,0,0,1.0,1.0,1.0,0.8297054413733834,0.9052902747300673,3,12
yolo26l-seg.pt,MOTS20-09,291,9,1,90,9,1,0,0.9,1.0,0.9473684210526315,0.8406275766619462,0.912295972630808,3,13
yolo26l-seg.pt,MOTS20-09,292,9,1,92,9,1,0,0.9,1.0,0.9473684210526315,0.8315167966989523,0.9068066559096225,3,13
yolo26l-seg.pt,MOTS20-09,293,9,1,91,9,1,0,0.9,1.0,0.9473684210526315,0.8139836634836429,0.8952109540874924,3,13
yolo26l-seg.pt,MOTS20-09,294,9,1,86,9,1,0,0.9,1.0,0.9473684210526315,0.8020506527860883,0.8865869890474977,2,12
yolo26l-seg.pt,MOTS20-09,295,9,1,101,9,1,0,0.9,1.0,0.9473684210526315,0.790619552443197,0.8761871969893787,2,12
yolo26l-seg.pt,MOTS20-09,296,9,1,86,9,0,0,1.0,1.0,1.0,0.7984918405828164,0.8827375198625803,3,12
yolo26l-seg.pt,MOTS20-09,297,10,1,84,8,1,2,0.8888888888888888,0.8,0.8421052631578947,0.8180120257665451,0.8970978363431619,3,12
yolo26l-seg.pt,MOTS20-09,298,10,1,88,8,0,2,1.0,0.8,0.8888888888888888,0.8041542738438383,0.8860734881222101,3,11
yolo26l-seg.pt,MOTS20-09,299,10,1,102,9,1,1,0.9,0.9,0.9,0.8172632072216639,0.897806303925663,2,12
yolo26l-seg.pt,MOTS20-09,300,12,1,98,9,1,3,0.9,0.75,0.8181818181818182,0.8007091840289975,0.8844757290414638,3,13
yolo26l-seg.pt,MOTS20-09,301,12,1,89,9,1,3,0.9,0.75,0.8181818181818182,0.817054177801926,0.8969355080066467,3,13
yolo26l-seg.pt,MOTS20-09,302,12,1,94,9,0,3,1.0,0.75,0.8571428571428571,0.836539869782377,0.9099858122391318,3,12
yolo26l-seg.pt,MOTS20-09,303,12,1,90,9,0,3,1.0,0.75,0.8571428571428571,0.8145158028684037,0.8950494206123641,3,12
yolo26l-seg.pt,MOTS20-09,304,12,1,92,9,0,3,1.0,0.75,0.8571428571428571,0.820989023099426,0.8991684399429604,3,12
yolo26l-seg.pt,MOTS20-09,305,12,1,88,9,1,3,0.9,0.75,0.8181818181818182,0.8200632231822335,0.8989043662245693,2,12
yolo26l-seg.pt,MOTS20-09,306,12,1,95,8,1,4,0.8888888888888888,0.6666666666666666,0.7619047619047619,0.8060593200344515,0.8898530443533621,2,11
yolo26l-seg.pt,MOTS20-09,307,12,1,81,9,1,3,0.9,0.75,0.8181818181818182,0.7858113833701021,0.8756019841384204,2,12
yolo26l-seg.pt,MOTS20-09,308,11,1,72,9,0,2,1.0,0.8181818181818182,0.9,0.8121071362044835,0.8936748051154937,2,11
yolo26l-seg.pt,MOTS20-09,309,12,1,80,9,0,3,1.0,0.75,0.8571428571428571,0.8184994735885702,0.8984599611723881,2,11
yolo26l-seg.pt,MOTS20-09,310,12,1,85,9,0,3,1.0,0.75,0.8571428571428571,0.8316461092247444,0.9059457237054561,2,11
yolo26l-seg.pt,MOTS20-09,311,11,1,86,9,1,2,0.9,0.8181818181818182,0.8571428571428571,0.8236038315661651,0.8984106470825187,1,11
yolo26l-seg.pt,MOTS20-09,312,10,1,70,9,0,1,1.0,0.9,0.9473684210526315,0.8450320079951844,0.9145082828120648,1,10
yolo26l-seg.pt,MOTS20-09,313,10,1,86,9,0,1,1.0,0.9,0.9473684210526315,0.8402518416834984,0.910628398447743,1,10
yolo26l-seg.pt,MOTS20-09,314,12,1,92,9,1,3,0.9,0.75,0.8181818181818182,0.8215320188778626,0.8984108642533898,2,12
yolo26l-seg.pt,MOTS20-09,315,11,1,86,9,2,2,0.8181818181818182,0.8181818181818182,0.8181818181818182,0.8094666862571221,0.889891465785347,2,13
yolo26l-seg.pt,MOTS20-09,316,10,1,76,9,2,1,0.8181818181818182,0.9,0.8571428571428571,0.8241398619562071,0.9009480121375797,2,13
yolo26l-seg.pt,MOTS20-09,317,10,1,68,10,0,0,1.0,1.0,1.0,0.8107460925609425,0.8923340290715067,2,12
yolo26l-seg.pt,MOTS20-09,318,10,1,70,9,2,1,0.8181818181818182,0.9,0.8571428571428571,0.8432904910076789,0.9134164811430472,2,13
yolo26l-seg.pt,MOTS20-09,319,10,1,64,8,1,2,0.8888888888888888,0.8,0.8421052631578947,0.8388351767334172,0.9107684900756852,3,12
yolo26l-seg.pt,MOTS20-09,320,10,1,72,8,2,2,0.8,0.8,0.8,0.8387022751376709,0.9101726262974341,2,12
yolo26l-seg.pt,MOTS20-09,321,11,1,77,10,0,1,1.0,0.9090909090909091,0.9523809523809523,0.8083208746895897,0.8902852489816088,1,11
yolo26l-seg.pt,MOTS20-09,322,10,1,67,10,1,0,0.9090909090909091,1.0,0.9523809523809523,0.8097381403280413,0.8908023368355789,1,12
yolo26l-seg.pt,MOTS20-09,323,10,1,74,9,0,1,1.0,0.9,0.9473684210526315,0.8285820823389831,0.9031258341181473,2,11
yolo26l-seg.pt,MOTS20-09,324,10,1,68,9,0,1,1.0,0.9,0.9473684210526315,0.8369510936128735,0.9087522181056803,1,10
yolo26l-seg.pt,MOTS20-09,325,10,1,75,10,0,0,1.0,1.0,1.0,0.8119134112576649,0.8922316484671524,0,10
yolo26l-seg.pt,MOTS20-09,326,10,1,70,10,0,0,1.0,1.0,1.0,0.8087055378223308,0.8901875412773306,1,11
yolo26l-seg.pt,MOTS20-09,327,9,1,81,9,0,0,1.0,1.0,1.0,0.8227359963379448,0.8978888524928341,3,12
yolo26l-seg.pt,MOTS20-09,328,9,1,96,8,1,1,0.8888888888888888,0.8888888888888888,0.8888888888888888,0.8493189686741452,0.9170886659625718,1,10
yolo26l-seg.pt,MOTS20-09,329,9,1,89,8,1,1,0.8888888888888888,0.8888888888888888,0.8888888888888888,0.8426049148682087,0.9129424857032177,2,11
yolo26l-seg.pt,MOTS20-09,330,10,1,75,9,0,1,1.0,0.9,0.9473684210526315,0.8164400933812082,0.8951937559332498,2,11
yolo26l-seg.pt,MOTS20-09,331,10,1,82,9,0,1,1.0,0.9,0.9473684210526315,0.7949849283002656,0.8795586165519427,3,12
yolo26l-seg.pt,MOTS20-09,332,10,1,87,9,0,1,1.0,0.9,0.9473684210526315,0.8013421565896836,0.8844790948960728,3,12
yolo26l-seg.pt,MOTS20-09,333,9,1,81,9,0,0,1.0,1.0,1.0,0.8033736027262396,0.8860142432050756,1,10
yolo26l-seg.pt,MOTS20-09,334,9,1,69,9,0,0,1.0,1.0,1.0,0.8022931402948167,0.8848408966229895,2,11
yolo26l-seg.pt,MOTS20-09,335,9,1,67,8,0,1,1.0,0.8888888888888888,0.9411764705882353,0.8273432722375202,0.9021589137034633,2,10
yolo26l-seg.pt,MOTS20-09,336,9,1,68,8,0,1,1.0,0.8888888888888888,0.9411764705882353,0.8298830426461746,0.9051922695772371,2,10
yolo26l-seg.pt,MOTS20-09,337,9,1,60,8,0,1,1.0,0.8888888888888888,0.9411764705882353,0.8384562179972403,0.9105085332654932,2,10
yolo26l-seg.pt,MOTS20-09,338,8,1,68,8,0,0,1.0,1.0,1.0,0.8478126471275258,0.9171630307891958,2,10
yolo26l-seg.pt,MOTS20-09,339,8,1,80,8,0,0,1.0,1.0,1.0,0.8354408983090238,0.9094686660754239,1,9
yolo26l-seg.pt,MOTS20-09,340,8,1,86,8,0,0,1.0,1.0,1.0,0.8369354812797599,0.9101079878737324,1,9
yolo26l-seg.pt,MOTS20-09,341,9,1,78,9,1,0,0.9,1.0,0.9473684210526315,0.8250676037696318,0.9021960233105563,1,11
yolo26l-seg.pt,MOTS20-09,342,9,1,70,9,1,0,0.9,1.0,0.9473684210526315,0.8132221069345626,0.8934539068734606,1,11
yolo26l-seg.pt,MOTS20-09,343,9,1,91,9,1,0,0.9,1.0,0.9473684210526315,0.8278256057838138,0.9036204002258699,2,12
yolo26l-seg.pt,MOTS20-09,344,9,1,97,9,2,0,0.8181818181818182,1.0,0.9,0.821439004174334,0.8993148132643809,1,12
yolo26l-seg.pt,MOTS20-09,345,10,1,106,8,1,2,0.8888888888888888,0.8,0.8421052631578947,0.7803709753207584,0.8706021244266613,2,11
yolo26l-seg.pt,MOTS20-09,346,9,1,88,8,2,1,0.8,0.8888888888888888,0.8421052631578947,0.7790003233533489,0.8711023244112155,2,12
yolo26l-seg.pt,MOTS20-09,347,9,1,86,8,0,1,1.0,0.8888888888888888,0.9411764705882353,0.7975309605665727,0.8839007466808171,1,9
yolo26l-seg.pt,MOTS20-09,348,9,1,79,8,0,1,1.0,0.8888888888888888,0.9411764705882353,0.8124324674079813,0.8945834670439976,1,9
yolo26l-seg.pt,MOTS20-09,349,9,1,73,8,0,1,1.0,0.8888888888888888,0.9411764705882353,0.8088619823346791,0.8920621722845233,1,9
yolo26l-seg.pt,MOTS20-09,350,9,1,69,8,0,1,1.0,0.8888888888888888,0.9411764705882353,0.8145288770285549,0.8956008382134186,2,10
yolo26l-seg.pt,MOTS20-09,351,9,1,71,8,0,1,1.0,0.8888888888888888,0.9411764705882353,0.8199011838485402,0.8986939787909364,2,10
yolo26l-seg.pt,MOTS20-09,352,9,1,73,8,1,1,0.8888888888888888,0.8888888888888888,0.8888888888888888,0.8325813351140625,0.9071555807770146,2,11
yolo26l-seg.pt,MOTS20-09,353,9,1,80,8,0,1,1.0,0.8888888888888888,0.9411764705882353,0.8324756987203368,0.907247153299304,2,10
yolo26l-seg.pt,MOTS20-09,354,9,1,96,8,0,1,1.0,0.8888888888888888,0.9411764705882353,0.824177699154364,0.9020047111079075,2,10
yolo26l-seg.pt,MOTS20-09,355,9,1,72,9,0,0,1.0,1.0,1.0,0.8065875469305153,0.8899197020856737,2,11
yolo26l-seg.pt,MOTS20-09,356,9,1,82,9,0,0,1.0,1.0,1.0,0.8179350533917931,0.8976483257044414,2,11
yolo26l-seg.pt,MOTS20-09,357,9,1,80,9,0,0,1.0,1.0,1.0,0.8061403905741614,0.8899509655123714,2,11
yolo26l-seg.pt,MOTS20-09,358,9,1,90,9,0,0,1.0,1.0,1.0,0.7711580445610081,0.8650125987839083,1,10
yolo26l-seg.pt,MOTS20-09,359,9,1,82,9,0,0,1.0,1.0,1.0,0.7691824145441344,0.8646119928170257,2,11
yolo26l-seg.pt,MOTS20-09,360,9,1,77,8,1,1,0.8888888888888888,0.8888888888888888,0.8888888888888888,0.7983864343749076,0.8835039650534225,2,11
yolo26l-seg.pt,MOTS20-09,361,10,1,92,10,1,0,0.9090909090909091,1.0,0.9523809523809523,0.7801011225565938,0.8705288119524743,1,12
yolo26l-seg.pt,MOTS20-09,362,9,1,91,9,0,0,1.0,1.0,1.0,0.7834989903813978,0.8731456703314874,2,11
yolo26l-seg.pt,MOTS20-09,363,10,1,81,10,0,0,1.0,1.0,1.0,0.7812202100186207,0.8718048136780648,1,11
yolo26l-seg.pt,MOTS20-09,364,10,1,70,9,2,1,0.8181818181818182,0.9,0.8571428571428571,0.8323854208741129,0.9072013361058967,1,12
yolo26l-seg.pt,MOTS20-09,365,10,1,75,9,1,1,0.9,0.9,0.9,0.8034837019116527,0.887737918970586,1,11
yolo26l-seg.pt,MOTS20-09,366,10,1,80,9,1,1,0.9,0.9,0.9,0.8008886582945354,0.8867794415421338,1,11
yolo26l-seg.pt,MOTS20-09,367,10,1,64,10,0,0,1.0,1.0,1.0,0.7818266227401477,0.8715551630343376,0,10
yolo26l-seg.pt,MOTS20-09,368,10,1,68,10,0,0,1.0,1.0,1.0,0.8117358670997555,0.8923458059250227,0,10
yolo26l-seg.pt,MOTS20-09,369,10,1,68,10,0,0,1.0,1.0,1.0,0.8044829051412996,0.8876813266404892,0,10
yolo26l-seg.pt,MOTS20-09,370,10,1,65,9,0,1,1.0,0.9,0.9473684210526315,0.8142903095734639,0.896462050786893,1,10
yolo26l-seg.pt,MOTS20-09,371,11,1,69,9,1,2,0.9,0.8181818181818182,0.8571428571428571,0.8125923168221562,0.8940120393288845,1,11
yolo26l-seg.pt,MOTS20-09,372,10,1,62,10,1,0,0.9090909090909091,1.0,0.9523809523809523,0.8178810738308204,0.8983460607627048,0,11
yolo26l-seg.pt,MOTS20-09,373,10,1,64,10,0,0,1.0,1.0,1.0,0.8078058664436435,0.8914717499172753,0,10
yolo26l-seg.pt,MOTS20-09,374,10,1,56,10,0,0,1.0,1.0,1.0,0.8044591084991588,0.8891250184920028,0,10
yolo26l-seg.pt,MOTS20-09,375,10,1,64,10,1,0,0.9090909090909091,1.0,0.9523809523809523,0.8006087970410514,0.8850066471785561,2,13
yolo26l-seg.pt,MOTS20-09,376,10,1,69,10,0,0,1.0,1.0,1.0,0.7889417652771569,0.8790114776303577,2,12
yolo26l-seg.pt,MOTS20-09,377,10,1,71,10,0,0,1.0,1.0,1.0,0.8063962236363521,0.8907153693062314,2,12
yolo26l-seg.pt,MOTS20-09,378,10,1,79,10,0,0,1.0,1.0,1.0,0.8194534648977303,0.8989306623543118,2,12
yolo26l-seg.pt,MOTS20-09,379,10,1,81,10,0,0,1.0,1.0,1.0,0.8155953287410267,0.8966178933625517,2,12
yolo26l-seg.pt,MOTS20-09,380,10,1,79,10,3,0,0.7692307692307693,1.0,0.8695652173913043,0.7988845201942708,0.8857207236769288,1,14
yolo26l-seg.pt,MOTS20-09,381,10,1,79,10,1,0,0.9090909090909091,1.0,0.9523809523809523,0.7836798598395125,0.8752170462712338,1,12
yolo26l-seg.pt,MOTS20-09,382,10,1,81,9,1,1,0.9,0.9,0.9,0.7808635367278587,0.8731602953192291,3,13
yolo26l-seg.pt,MOTS20-09,383,10,1,90,8,1,2,0.8888888888888888,0.8,0.8421052631578947,0.817098958509412,0.8974180968317494,2,11
yolo26l-seg.pt,MOTS20-09,384,10,1,93,8,1,2,0.8888888888888888,0.8,0.8421052631578947,0.8137981055935779,0.8959725479755916,1,10
yolo26l-seg.pt,MOTS20-09,385,10,1,93,9,0,1,1.0,0.9,0.9473684210526315,0.7994791659898379,0.8850103042200064,2,11
yolo26l-seg.pt,MOTS20-09,386,10,1,89,9,0,1,1.0,0.9,0.9473684210526315,0.8002796888536028,0.8863522857953388,1,10
yolo26l-seg.pt,MOTS20-09,387,10,1,75,10,0,0,1.0,1.0,1.0,0.7741232892658204,0.8674627204660176,2,12
yolo26l-seg.pt,MOTS20-09,388,10,1,75,10,0,0,1.0,1.0,1.0,0.7779083015277548,0.8700476265128095,2,12
yolo26l-seg.pt,MOTS20-09,389,10,1,81,10,2,0,0.8333333333333334,1.0,0.9090909090909091,0.7728620806320353,0.8652287114063372,2,14
yolo26l-seg.pt,MOTS20-09,390,10,1,77,10,2,0,0.8333333333333334,1.0,0.9090909090909091,0.7511857971701585,0.8520397064904053,2,14
yolo26l-seg.pt,MOTS20-09,391,10,1,68,10,2,0,0.8333333333333334,1.0,0.9090909090909091,0.7579157916781831,0.8558696318556482,2,14
yolo26l-seg.pt,MOTS20-09,392,10,1,71,9,1,1,0.9,0.9,0.9,0.7924306270494896,0.8797243793448231,3,13
yolo26l-seg.pt,MOTS20-09,393,9,1,64,8,2,1,0.8,0.8888888888888888,0.8421052631578947,0.8026879873710628,0.8848549081460915,4,14
yolo26l-seg.pt,MOTS20-09,394,10,1,62,7,3,3,0.7,0.7,0.7,0.8148096843988137,0.8956188357543006,3,13
yolo26l-seg.pt,MOTS20-09,395,10,1,58,8,1,2,0.8888888888888888,0.8,0.8421052631578947,0.76470662818682,0.8590485771902967,3,12
yolo26l-seg.pt,MOTS20-09,396,10,1,54,7,1,3,0.875,0.7,0.7777777777777778,0.795524739177994,0.8794907700485892,3,11
yolo26l-seg.pt,MOTS20-09,397,9,1,54,7,0,2,1.0,0.7777777777777778,0.875,0.8203793688064865,0.8995053018716886,2,9
yolo26l-seg.pt,MOTS20-09,398,9,1,54,7,0,2,1.0,0.7777777777777778,0.875,0.8163879647296827,0.8972981285649365,3,10
yolo26l-seg.pt,MOTS20-09,399,8,1,57,7,1,1,0.875,0.875,0.875,0.8167344104639963,0.8970047839343709,4,12
yolo26l-seg.pt,MOTS20-09,400,8,1,66,7,1,1,0.875,0.875,0.875,0.8146026642086647,0.8959817701901065,2,10
yolo26l-seg.pt,MOTS20-09,401,8,1,64,7,1,1,0.875,0.875,0.875,0.8074164839910933,0.8909966537283885,2,10
yolo26l-seg.pt,MOTS20-09,402,9,1,59,7,1,2,0.875,0.7777777777777778,0.8235294117647058,0.8018894625197969,0.8877119279287887,4,12
yolo26l-seg.pt,MOTS20-09,403,9,1,66,7,1,2,0.875,0.7777777777777778,0.8235294117647058,0.813973048935595,0.8959827242704413,3,11
yolo26l-seg.pt,MOTS20-09,404,9,1,65,7,1,2,0.875,0.7777777777777778,0.8235294117647058,0.8162189105686487,0.8970419445757203,4,12
yolo26l-seg.pt,MOTS20-09,405,9,1,57,7,3,2,0.7,0.7777777777777778,0.7368421052631579,0.8260665832064774,0.9028214705716021,2,12
yolo26l-seg.pt,MOTS20-09,406,8,1,58,7,1,1,0.875,0.875,0.875,0.8133602812303834,0.8946226092133207,3,11
yolo26l-seg.pt,MOTS20-09,407,8,1,67,8,1,0,0.8888888888888888,1.0,0.9411764705882353,0.7826718142245723,0.8725524488783608,3,12
yolo26l-seg.pt,MOTS20-09,408,8,1,55,7,1,1,0.875,0.875,0.875,0.8292266955053896,0.9055406251508715,3,11
yolo26l-seg.pt,MOTS20-09,409,9,1,60,7,1,2,0.875,0.7777777777777778,0.8235294117647058,0.8210877360556149,0.9001881202488103,4,12
yolo26l-seg.pt,MOTS20-09,410,9,1,73,7,0,2,1.0,0.7777777777777778,0.875,0.8066073926070969,0.8901253848327364,4,11
yolo26l-seg.pt,MOTS20-09,411,9,1,83,8,0,1,1.0,0.8888888888888888,0.9411764705882353,0.7790966990420798,0.8725640993233039,4,12
yolo26l-seg.pt,MOTS20-09,412,9,1,75,8,0,1,1.0,0.8888888888888888,0.9411764705882353,0.7645595377343488,0.8626280354952632,3,11
yolo26l-seg.pt,MOTS20-09,413,9,1,81,8,0,1,1.0,0.8888888888888888,0.9411764705882353,0.768831220563257,0.8630170996796269,3,11
yolo26l-seg.pt,MOTS20-09,414,9,1,72,7,0,2,1.0,0.7777777777777778,0.875,0.775884060226985,0.8682780478445548,2,9
yolo26l-seg.pt,MOTS20-09,415,9,1,70,6,1,3,0.8571428571428571,0.6666666666666666,0.75,0.8213371249115368,0.9004162395428353,2,9
yolo26l-seg.pt,MOTS20-09,416,9,1,70,7,0,2,1.0,0.7777777777777778,0.875,0.7725769872904139,0.8655011727408376,2,9
yolo26l-seg.pt,MOTS20-09,417,9,1,56,8,0,1,1.0,0.8888888888888888,0.9411764705882353,0.7665916559660073,0.8626993023482656,2,10
yolo26l-seg.pt,MOTS20-09,418,9,1,61,8,1,1,0.8888888888888888,0.8888888888888888,0.8888888888888888,0.7601189340196006,0.858806438476168,2,11
yolo26l-seg.pt,MOTS20-09,419,9,1,57,8,0,1,1.0,0.8888888888888888,0.9411764705882353,0.75887428844276,0.8589435333330357,2,10
yolo26l-seg.pt,MOTS20-09,420,9,1,57,8,0,1,1.0,0.8888888888888888,0.9411764705882353,0.7899513527819984,0.879897347923542,2,10
yolo26l-seg.pt,MOTS20-09,421,9,1,59,8,0,1,1.0,0.8888888888888888,0.9411764705882353,0.7800561980742834,0.8729276981905035,2,10
yolo26l-seg.pt,MOTS20-09,422,9,1,73,9,1,0,0.9,1.0,0.9473684210526315,0.7832990872507849,0.8753496403138208,3,13
yolo26l-seg.pt,MOTS20-09,423,9,1,66,9,0,0,1.0,1.0,1.0,0.7627222251211199,0.8597823983551749,2,11
yolo26l-seg.pt,MOTS20-09,424,9,1,64,8,0,1,1.0,0.8888888888888888,0.9411764705882353,0.7995250056002887,0.885103575243343,2,10
yolo26l-seg.pt,MOTS20-09,425,10,1,68,8,1,2,0.8888888888888888,0.8,0.8421052631578947,0.7955581777889897,0.8825383606988915,2,11
yolo26l-seg.pt,MOTS20-09,426,10,1,70,8,0,2,1.0,0.8,0.8888888888888888,0.80944630004226,0.892835535992572,2,10
yolo26l-seg.pt,MOTS20-09,427,10,1,75,9,0,1,1.0,0.9,0.9473684210526315,0.8039039924893616,0.8896922997149752,1,10
yolo26l-seg.pt,MOTS20-09,428,10,1,65,9,1,1,0.9,0.9,0.9,0.7881197777857853,0.8786473130372018,1,11
yolo26l-seg.pt,MOTS20-09,429,9,1,65,9,0,0,1.0,1.0,1.0,0.8011627737117629,0.8863912693991836,2,11
yolo26l-seg.pt,MOTS20-09,430,9,1,85,9,0,0,1.0,1.0,1.0,0.8042508470413855,0.8880358755812146,1,10
yolo26l-seg.pt,MOTS20-09,431,9,1,80,8,1,1,0.8888888888888888,0.8888888888888888,0.8888888888888888,0.8419941134178466,0.9132018184798794,1,10
yolo26l-seg.pt,MOTS20-09,432,9,1,83,9,0,0,1.0,1.0,1.0,0.801893699665299,0.8853480224645186,2,11
yolo26l-seg.pt,MOTS20-09,433,9,1,70,9,2,0,0.8181818181818182,1.0,0.9,0.8090388902922894,0.8917346723790069,2,13
yolo26l-seg.pt,MOTS20-09,434,9,1,68,9,1,0,0.9,1.0,0.9473684210526315,0.821769305947688,0.9000783794193217,1,11
yolo26l-seg.pt,MOTS20-09,435,9,1,88,9,0,0,1.0,1.0,1.0,0.795437942310788,0.8833345646768439,1,10
yolo26l-seg.pt,MOTS20-09,436,9,1,83,9,0,0,1.0,1.0,1.0,0.790702814026792,0.8810525176341876,1,10
yolo26l-seg.pt,MOTS20-09,437,9,1,85,9,0,0,1.0,1.0,1.0,0.7887303414880238,0.8800181854689366,1,10
yolo26l-seg.pt,MOTS20-09,438,10,1,75,9,1,1,0.9,0.9,0.9,0.7773945231132084,0.872206874593329,1,11
yolo26l-seg.pt,MOTS20-09,439,10,1,63,9,0,1,1.0,0.9,0.9473684210526315,0.7994612877058324,0.8867484378350433,2,11
yolo26l-seg.pt,MOTS20-09,440,9,1,54,9,0,0,1.0,1.0,1.0,0.8048093418266576,0.8896666734701962,3,12
yolo26l-seg.pt,MOTS20-09,441,9,1,73,9,0,0,1.0,1.0,1.0,0.7972539867474533,0.884254764986072,3,12
yolo26l-seg.pt,MOTS20-09,442,10,1,61,10,0,0,1.0,1.0,1.0,0.7678756426736018,0.864713986652862,1,11
yolo26l-seg.pt,MOTS20-09,443,10,1,65,10,1,0,0.9090909090909091,1.0,0.9523809523809523,0.7662275901982952,0.8624086713190051,1,12
yolo26l-seg.pt,MOTS20-09,444,9,1,63,9,0,0,1.0,1.0,1.0,0.7951026127092994,0.8832719252820485,1,10
yolo26l-seg.pt,MOTS20-09,445,9,1,64,9,0,0,1.0,1.0,1.0,0.7998238126386561,0.8864198575967983,1,10
yolo26l-seg.pt,MOTS20-09,446,9,1,62,8,0,1,1.0,0.8888888888888888,0.9411764705882353,0.8304923400619044,0.9058815362479774,1,9
yolo26l-seg.pt,MOTS20-09,447,10,1,62,9,0,1,1.0,0.9,0.9473684210526315,0.8134534143566432,0.8951364111190583,1,10
yolo26l-seg.pt,MOTS20-09,448,9,1,67,9,1,0,0.9,1.0,0.9473684210526315,0.8044069834743064,0.8897964886590312,1,11
yolo26l-seg.pt,MOTS20-09,449,9,1,75,9,0,0,1.0,1.0,1.0,0.823642174616949,0.9023024808663043,1,10
yolo26l-seg.pt,MOTS20-09,450,9,1,66,8,0,1,1.0,0.8888888888888888,0.9411764705882353,0.8011575636745427,0.8878647379610503,1,9
yolo26l-seg.pt,MOTS20-09,451,9,1,76,8,0,1,1.0,0.8888888888888888,0.9411764705882353,0.8069541180266158,0.8914651454025556,1,9
yolo26l-seg.pt,MOTS20-09,452,8,1,91,8,0,0,1.0,1.0,1.0,0.7945304255006231,0.8836109218174463,1,9
yolo26l-seg.pt,MOTS20-09,453,10,1,77,7,0,3,1.0,0.7,0.8235294117647058,0.8110328747933242,0.8940812252911787,1,8
yolo26l-seg.pt,MOTS20-09,454,10,1,89,8,0,2,1.0,0.8,0.8888888888888888,0.7828421383341286,0.8740667084448702,1,9
yolo26l-seg.pt,MOTS20-09,455,10,1,79,7,0,3,1.0,0.7,0.8235294117647058,0.8223903154845186,0.90043791009576,1,8
yolo26l-seg.pt,MOTS20-09,456,10,1,77,6,0,4,1.0,0.6,0.75,0.8196801319719024,0.8982908921441831,1,7
yolo26l-seg.pt,MOTS20-09,457,8,1,61,6,1,2,0.8571428571428571,0.75,0.8,0.8092344561883329,0.8935924269200229,1,8
yolo26l-seg.pt,MOTS20-09,458,8,1,60,6,0,2,1.0,0.75,0.8571428571428571,0.832094829190387,0.9070048754248634,1,7
yolo26l-seg.pt,MOTS20-09,459,7,1,62,6,0,1,1.0,0.8571428571428571,0.9230769230769231,0.8417666555170947,0.9128446292131467,2,8
yolo26l-seg.pt,MOTS20-09,460,8,1,51,8,0,0,1.0,1.0,1.0,0.8130992698618047,0.894755797514901,1,9
yolo26l-seg.pt,MOTS20-09,461,9,1,64,8,0,1,1.0,0.8888888888888888,0.9411764705882353,0.817649704689252,0.8989046636948093,0,8
yolo26l-seg.pt,MOTS20-09,462,10,1,40,8,1,2,0.8888888888888888,0.8,0.8421052631578947,0.8225796238295101,0.9020323775904109,0,9
yolo26l-seg.pt,MOTS20-09,463,10,1,37,8,0,2,1.0,0.8,0.8888888888888888,0.8291211200113675,0.9057833146283545,0,8
yolo26l-seg.pt,MOTS20-09,464,10,1,45,8,0,2,1.0,0.8,0.8888888888888888,0.8059919583615265,0.8911525384851008,0,8
yolo26l-seg.pt,MOTS20-09,465,10,1,50,8,0,2,1.0,0.8,0.8888888888888888,0.8307934514592528,0.9067630909078617,0,8
yolo26l-seg.pt,MOTS20-09,466,10,1,43,9,1,1,0.9,0.9,0.9,0.7908515540655393,0.8801415796953729,0,10
yolo26l-seg.pt,MOTS20-09,467,11,1,51,9,0,2,1.0,0.8181818181818182,0.9,0.8195281119087839,0.8986020151268703,0,9
yolo26l-seg.pt,MOTS20-09,468,11,1,63,9,1,2,0.9,0.8181818181818182,0.8571428571428571,0.8115659439225164,0.8932550570221474,1,11
yolo26l-seg.pt,MOTS20-09,469,11,1,62,9,1,2,0.9,0.8181818181818182,0.8571428571428571,0.806553266210016,0.8891850724279448,1,11
yolo26l-seg.pt,MOTS20-09,470,11,1,68,9,1,2,0.9,0.8181818181818182,0.8571428571428571,0.8269636721776306,0.9040160096814043,1,11
yolo26l-seg.pt,MOTS20-09,471,12,1,65,9,1,3,0.9,0.75,0.8181818181818182,0.8134499860929574,0.8947651414867326,1,11
yolo26l-seg.pt,MOTS20-09,472,11,1,69,8,0,3,1.0,0.7272727272727273,0.8421052631578947,0.7977222954798546,0.8854277976309157,3,11
yolo26l-seg.pt,MOTS20-09,473,11,1,75,8,1,3,0.8888888888888888,0.7272727272727273,0.8,0.801684881809489,0.8876738244359893,4,13
yolo26l-seg.pt,MOTS20-09,474,11,1,68,8,0,3,1.0,0.7272727272727273,0.8421052631578947,0.8051045249770313,0.8900973456330146,1,9
yolo26l-seg.pt,MOTS20-09,475,10,1,77,8,0,2,1.0,0.8,0.8888888888888888,0.8066597727098851,0.8905876602767488,3,11
yolo26l-seg.pt,MOTS20-09,476,10,1,75,8,0,2,1.0,0.8,0.8888888888888888,0.809974419570289,0.892294154894038,1,9
yolo26l-seg.pt,MOTS20-09,477,10,1,75,8,0,2,1.0,0.8,0.8888888888888888,0.8143526482364565,0.8958062029246598,1,9
yolo26l-seg.pt,MOTS20-09,478,10,1,54,8,1,2,0.8888888888888888,0.8,0.8421052631578947,0.8125657399890052,0.8942873690350985,2,11
yolo26l-seg.pt,MOTS20-09,479,10,1,62,8,0,2,1.0,0.8,0.8888888888888888,0.7962825816100187,0.8841260600360499,2,10
yolo26l-seg.pt,MOTS20-09,480,10,1,70,8,0,2,1.0,0.8,0.8888888888888888,0.7922103760215226,0.881765397074972,2,10
yolo26l-seg.pt,MOTS20-09,481,10,1,73,7,0,3,1.0,0.7,0.8235294117647058,0.8052971821208956,0.8910111320328017,1,8
yolo26l-seg.pt,MOTS20-09,482,11,1,79,8,0,3,1.0,0.7272727272727273,0.8421052631578947,0.792906174304862,0.8827250178725782,1,9
yolo26l-seg.pt,MOTS20-09,483,10,1,64,8,0,2,1.0,0.8,0.8888888888888888,0.8162250570479597,0.897869497511375,2,10
yolo26l-seg.pt,MOTS20-09,484,10,1,63,8,0,2,1.0,0.8,0.8888888888888888,0.8272919911601913,0.9045622259324938,2,10
yolo26l-seg.pt,MOTS20-09,485,11,1,57,8,0,3,1.0,0.7272727272727273,0.8421052631578947,0.8219540477206546,0.9005263985441572,1,9
yolo26l-seg.pt,MOTS20-09,486,11,1,63,8,0,3,1.0,0.7272727272727273,0.8421052631578947,0.8255716452018749,0.9024242957257751,1,9
yolo26l-seg.pt,MOTS20-09,487,11,1,50,8,0,3,1.0,0.7272727272727273,0.8421052631578947,0.8247885233540719,0.9015976539747631,1,9
yolo26l-seg.pt,MOTS20-09,488,11,1,45,8,0,3,1.0,0.7272727272727273,0.8421052631578947,0.8163999219460581,0.8943474582815037,1,9
yolo26l-seg.pt,MOTS20-09,489,11,1,55,7,1,4,0.875,0.6363636363636364,0.7368421052631579,0.8484237287644152,0.9167899904401963,1,9
yolo26l-seg.pt,MOTS20-09,490,10,1,62,7,1,3,0.875,0.7,0.7777777777777778,0.8489608453112769,0.9174535539013482,1,9
yolo26l-seg.pt,MOTS20-09,491,10,1,71,7,0,3,1.0,0.7,0.8235294117647058,0.8287382710153055,0.9046673588365153,1,8
yolo26l-seg.pt,MOTS20-09,492,10,1,75,7,1,3,0.875,0.7,0.7777777777777778,0.8219328437766169,0.8995166620947611,1,9
yolo26l-seg.pt,MOTS20-09,493,10,1,73,8,0,2,1.0,0.8,0.8888888888888888,0.7767209673092672,0.8694970445349964,1,9
yolo26l-seg.pt,MOTS20-09,494,10,1,66,7,1,3,0.875,0.7,0.7777777777777778,0.8061594397294419,0.8893209332111517,2,10
yolo26l-seg.pt,MOTS20-09,495,9,1,80,8,2,1,0.8,0.8888888888888888,0.8421052631578947,0.8014147735481483,0.8859924235983447,3,13
yolo26l-seg.pt,MOTS20-09,496,9,1,66,8,1,1,0.8888888888888888,0.8888888888888888,0.8888888888888888,0.8267894184611436,0.9037101791400646,3,12
yolo26l-seg.pt,MOTS20-09,497,9,1,52,8,2,1,0.8,0.8888888888888888,0.8421052631578947,0.8287669091812712,0.904751298164538,3,13
yolo26l-seg.pt,MOTS20-09,498,9,1,57,8,0,1,1.0,0.8888888888888888,0.9411764705882353,0.8113978797813308,0.8927935648050513,2,10
yolo26l-seg.pt,MOTS20-09,499,9,1,65,8,0,1,1.0,0.8888888888888888,0.9411764705882353,0.8180678250066704,0.8974187328264591,2,10
yolo26l-seg.pt,MOTS20-09,500,9,1,68,9,0,0,1.0,1.0,1.0,0.7786559074323041,0.8715001420226569,3,12
yolo26l-seg.pt,MOTS20-09,501,9,1,67,9,0,0,1.0,1.0,1.0,0.7862344482953306,0.8769937964226265,3,12
yolo26l-seg.pt,MOTS20-09,502,9,1,66,9,0,0,1.0,1.0,1.0,0.7912197869102642,0.8796228763232847,3,12
yolo26l-seg.pt,MOTS20-09,503,9,1,74,9,0,0,1.0,1.0,1.0,0.7898623567739598,0.878101871489285,2,11
yolo26l-seg.pt,MOTS20-09,504,9,1,74,9,0,0,1.0,1.0,1.0,0.7862735004569374,0.87620257816832,3,12
yolo26l-seg.pt,MOTS20-09,505,10,1,65,9,0,1,1.0,0.9,0.9473684210526315,0.7740742916223814,0.8667398928462522,2,11
yolo26l-seg.pt,MOTS20-09,506,10,1,67,9,0,1,1.0,0.9,0.9473684210526315,0.782995533361933,0.8740209338441178,2,11
yolo26l-seg.pt,MOTS20-09,507,10,1,73,9,0,1,1.0,0.9,0.9473684210526315,0.7781200117066914,0.8711188645499153,3,12
yolo26l-seg.pt,MOTS20-09,508,10,1,64,9,0,1,1.0,0.9,0.9473684210526315,0.7735489801806028,0.8671641038411816,3,12
yolo26l-seg.pt,MOTS20-09,509,10,1,71,9,0,1,1.0,0.9,0.9473684210526315,0.7744597974341102,0.8684108512544058,4,13
yolo26l-seg.pt,MOTS20-09,510,9,1,76,7,0,2,1.0,0.7777777777777778,0.875,0.8083394862421542,0.8923297031541547,3,10
yolo26l-seg.pt,MOTS20-09,511,9,1,71,7,0,2,1.0,0.7777777777777778,0.875,0.7882310064453237,0.8789848916607145,3,10
yolo26l-seg.pt,MOTS20-09,512,10,1,75,8,0,2,1.0,0.8,0.8888888888888888,0.7916775496608266,0.8816008023527694,2,10
yolo26l-seg.pt,MOTS20-09,513,10,1,73,8,0,2,1.0,0.8,0.8888888888888888,0.797985601572393,0.8863992028871249,2,10
yolo26l-seg.pt,MOTS20-09,514,10,1,68,8,0,2,1.0,0.8,0.8888888888888888,0.7876782360263446,0.8793179959116263,1,9
yolo26l-seg.pt,MOTS20-09,515,10,1,56,8,0,2,1.0,0.8,0.8888888888888888,0.7861018338860122,0.8774653249828726,1,9
yolo26l-seg.pt,MOTS20-09,516,10,1,71,7,1,3,0.875,0.7,0.7777777777777778,0.8234261586434014,0.9020436116882627,2,10
yolo26l-seg.pt,MOTS20-09,517,10,1,66,7,1,3,0.875,0.7,0.7777777777777778,0.8043538107669457,0.8895500106321281,1,9
yolo26l-seg.pt,MOTS20-09,518,10,1,69,8,2,2,0.8,0.8,0.8,0.7681335737402034,0.8613560106255929,1,11
yolo26l-seg.pt,MOTS20-09,519,9,1,60,8,2,1,0.8,0.8888888888888888,0.8421052631578947,0.7568950818376331,0.8566483012195636,1,11
yolo26l-seg.pt,MOTS20-09,520,9,1,66,7,1,2,0.875,0.7777777777777778,0.8235294117647058,0.7922507911109975,0.8813727708418282,1,9
yolo26l-seg.pt,MOTS20-09,521,10,1,63,8,1,2,0.8888888888888888,0.8,0.8421052631578947,0.7461966070634183,0.8483695054545562,2,11
yolo26l-seg.pt,MOTS20-09,522,10,1,59,8,0,2,1.0,0.8,0.8888888888888888,0.7584732325871364,0.856589910787761,2,10
yolo26l-seg.pt,MOTS20-09,523,10,1,77,8,2,2,0.8,0.8,0.8,0.741675916040707,0.8438858904588122,2,12
yolo26l-seg.pt,MOTS20-09,524,10,1,65,7,3,3,0.7,0.7,0.7,0.7459429468434274,0.8461998198254849,2,12
yolo26l-seg.pt,MOTS20-09,525,10,1,79,7,1,3,0.875,0.7,0.7777777777777778,0.7547811509598333,0.8540624701584162,2,10
yolo26l-seg.pt,MOTS20-11,1,14,1,117,10,0,4,1.0,0.7142857142857143,0.8333333333333334,0.8077595852289772,0.8910348433101707,2,12
yolo26l-seg.pt,MOTS20-11,2,14,1,107,10,0,4,1.0,0.7142857142857143,0.8333333333333334,0.8087924644934258,0.8918335155947883,1,11
yolo26l-seg.pt,MOTS20-11,3,14,1,110,10,0,4,1.0,0.7142857142857143,0.8333333333333334,0.8201646631105944,0.8994716279085543,1,11
yolo26l-seg.pt,MOTS20-11,4,14,1,107,11,0,3,1.0,0.7857142857142857,0.88,0.8194247060856713,0.8989978122086739,1,12
yolo26l-seg.pt,MOTS20-11,5,14,1,114,11,0,3,1.0,0.7857142857142857,0.88,0.8126649780082278,0.8940550843853565,2,13
yolo26l-seg.pt,MOTS20-11,6,14,1,127,13,0,1,1.0,0.9285714285714286,0.9629629629629629,0.7930130833405784,0.8820899654499319,2,15
yolo26l-seg.pt,MOTS20-11,7,14,1,130,12,0,2,1.0,0.8571428571428571,0.9230769230769231,0.7913023301065746,0.8786937989134822,1,13
yolo26l-seg.pt,MOTS20-11,8,14,1,104,13,0,1,1.0,0.9285714285714286,0.9629629629629629,0.7968501558871022,0.8823535592550233,2,15
yolo26l-seg.pt,MOTS20-11,9,14,1,103,12,0,2,1.0,0.8571428571428571,0.9230769230769231,0.7830507269891593,0.8729316387318377,3,15
yolo26l-seg.pt,MOTS20-11,10,14,1,98,12,0,2,1.0,0.8571428571428571,0.9230769230769231,0.7846050245056283,0.8751103630898815,2,14
yolo26l-seg.pt,MOTS20-11,11,14,1,101,13,0,1,1.0,0.9285714285714286,0.9629629629629629,0.7751483324005201,0.8683957660912915,2,15
yolo26l-seg.pt,MOTS20-11,12,14,1,123,13,0,1,1.0,0.9285714285714286,0.9629629629629629,0.7768947748418946,0.8702676330387589,3,16
yolo26l-seg.pt,MOTS20-11,13,14,1,126,12,0,2,1.0,0.8571428571428571,0.9230769230769231,0.7747967436684665,0.8687718520838356,1,13
yolo26l-seg.pt,MOTS20-11,14,16,1,123,14,0,2,1.0,0.875,0.9333333333333333,0.7737687069682132,0.8678629057117685,3,17
yolo26l-seg.pt,MOTS20-11,15,16,1,132,12,0,4,1.0,0.75,0.8571428571428571,0.7870606857064112,0.8768076620641715,2,14
yolo26l-seg.pt,MOTS20-11,16,16,1,128,11,0,5,1.0,0.6875,0.8148148148148148,0.7633371474860632,0.860782271304699,2,13
yolo26l-seg.pt,MOTS20-11,17,14,1,130,10,0,4,1.0,0.7142857142857143,0.8333333333333334,0.7818011059341196,0.8710092266685775,2,12
yolo26l-seg.pt,MOTS20-11,18,14,1,108,10,1,4,0.9090909090909091,0.7142857142857143,0.8,0.8287630983067176,0.9039362786487605,2,13
yolo26l-seg.pt,MOTS20-11,19,11,1,112,10,0,1,1.0,0.9090909090909091,0.9523809523809523,0.7764291143443804,0.8681735144483389,1,11
yolo26l-seg.pt,MOTS20-11,20,11,1,106,9,1,2,0.9,0.8181818181818182,0.8571428571428571,0.7669027197898606,0.8607498702778935,1,11
yolo26l-seg.pt,MOTS20-11,21,10,1,96,8,1,2,0.8888888888888888,0.8,0.8421052631578947,0.7712087608920757,0.8651586239745088,1,10
yolo26l-seg.pt,MOTS20-11,22,12,1,95,9,1,3,0.9,0.75,0.8181818181818182,0.7486504551085477,0.8468130233847807,1,11
yolo26l-seg.pt,MOTS20-11,23,13,1,81,9,0,4,1.0,0.6923076923076923,0.8181818181818182,0.7732952171615307,0.8648091553531391,1,10
yolo26l-seg.pt,MOTS20-11,24,11,1,86,8,1,3,0.8888888888888888,0.7272727272727273,0.8,0.7992279077352722,0.8830382345044924,2,11
yolo26l-seg.pt,MOTS20-11,25,11,1,87,8,0,3,1.0,0.7272727272727273,0.8421052631578947,0.7880767257917725,0.8755620742705726,1,9
yolo26l-seg.pt,MOTS20-11,26,12,1,80,7,1,5,0.875,0.5833333333333334,0.7,0.8514174882006342,0.9188522288764103,1,9
yolo26l-seg.pt,MOTS20-11,27,12,1,97,8,0,4,1.0,0.6666666666666666,0.8,0.8111174878898282,0.8909063983592038,1,9
yolo26l-seg.pt,MOTS20-11,28,12,1,96,8,1,4,0.8888888888888888,0.6666666666666666,0.7619047619047619,0.8138609096255648,0.8932437238136596,0,9
yolo26l-seg.pt,MOTS20-11,29,12,1,96,10,2,2,0.8333333333333334,0.8333333333333334,0.8333333333333334,0.7934314229686835,0.8800199468171822,0,12
yolo26l-seg.pt,MOTS20-11,30,12,1,113,8,2,4,0.8,0.6666666666666666,0.7272727272727273,0.8160636236964862,0.895237854175422,0,10
yolo26l-seg.pt,MOTS20-11,31,12,1,109,9,1,3,0.9,0.75,0.8181818181818182,0.7904494353853225,0.8782825133690064,0,10
yolo26l-seg.pt,MOTS20-11,32,12,1,108,9,1,3,0.9,0.75,0.8181818181818182,0.7821523487087523,0.8721287895150847,0,10
yolo26l-seg.pt,MOTS20-11,33,12,1,103,8,1,4,0.8888888888888888,0.6666666666666666,0.7619047619047619,0.7914272878304134,0.8786702771083907,1,10
yolo26l-seg.pt,MOTS20-11,34,12,1,106,9,1,3,0.9,0.75,0.8181818181818182,0.8268310484165262,0.9019462776150474,1,11
yolo26l-seg.pt,MOTS20-11,35,11,1,103,9,1,2,0.9,0.8181818181818182,0.8571428571428571,0.8238244756046756,0.9003343492829257,1,11
yolo26l-seg.pt,MOTS20-11,36,11,1,113,8,1,3,0.8888888888888888,0.7272727272727273,0.8,0.8117982373038645,0.8910179256478503,1,10
yolo26l-seg.pt,MOTS20-11,37,11,1,108,10,0,1,1.0,0.9090909090909091,0.9523809523809523,0.7919606767414354,0.8780044909039286,1,11
yolo26l-seg.pt,MOTS20-11,38,11,1,109,9,0,2,1.0,0.8181818181818182,0.9,0.8314962007471269,0.9063170414538813,1,10
yolo26l-seg.pt,MOTS20-11,39,11,1,112,8,1,3,0.8888888888888888,0.7272727272727273,0.8,0.8428542290050197,0.9134845977192361,1,10
yolo26l-seg.pt,MOTS20-11,40,11,1,109,8,0,3,1.0,0.7272727272727273,0.8421052631578947,0.83459453380819,0.9083236964572206,4,12
yolo26l-seg.pt,MOTS20-11,41,11,1,110,8,0,3,1.0,0.7272727272727273,0.8421052631578947,0.8325590230857685,0.9068130085707369,1,9
yolo26l-seg.pt,MOTS20-11,42,12,1,100,8,0,4,1.0,0.6666666666666666,0.8,0.8248022163613346,0.9012073788027913,0,8
yolo26l-seg.pt,MOTS20-11,43,12,1,115,8,0,4,1.0,0.6666666666666666,0.8,0.8341554023395509,0.9073692291450414,1,9
yolo26l-seg.pt,MOTS20-11,44,12,1,106,8,0,4,1.0,0.6666666666666666,0.8,0.8328456499085543,0.9063430660848049,1,9
yolo26l-seg.pt,MOTS20-11,45,12,1,122,8,0,4,1.0,0.6666666666666666,0.8,0.8410852435465539,0.9122772762829898,0,8
yolo26l-seg.pt,MOTS20-11,46,10,1,95,9,0,1,1.0,0.9,0.9473684210526315,0.8279961102794886,0.9044760641752373,1,10
yolo26l-seg.pt,MOTS20-11,47,12,1,114,9,0,3,1.0,0.75,0.8571428571428571,0.8290731584647459,0.9049407401170622,1,10
yolo26l-seg.pt,MOTS20-11,48,12,1,137,10,0,2,1.0,0.8333333333333334,0.9090909090909091,0.8140072019106313,0.8952180965217897,2,12
yolo26l-seg.pt,MOTS20-11,49,12,1,121,9,0,3,1.0,0.75,0.8571428571428571,0.8042762838198168,0.8871122584790592,2,11
yolo26l-seg.pt,MOTS20-11,50,12,1,109,8,0,4,1.0,0.6666666666666666,0.8,0.8385201523148273,0.9100241582161634,2,10
yolo26l-seg.pt,MOTS20-11,51,12,1,132,8,1,4,0.8888888888888888,0.6666666666666666,0.7619047619047619,0.8443998594895462,0.91382809644769,2,11
yolo26l-seg.pt,MOTS20-11,52,12,1,115,8,1,4,0.8888888888888888,0.6666666666666666,0.7619047619047619,0.8428508100047906,0.9131461497105631,1,10
yolo26l-seg.pt,MOTS20-11,53,12,1,116,9,1,3,0.9,0.75,0.8181818181818182,0.8266777705141372,0.9024709254481768,2,12
yolo26l-seg.pt,MOTS20-11,54,11,1,118,9,1,2,0.9,0.8181818181818182,0.8571428571428571,0.8393565579289899,0.91044391043394,2,12
yolo26l-seg.pt,MOTS20-11,55,11,1,126,10,0,1,1.0,0.9090909090909091,0.9523809523809523,0.8379586978949334,0.9097416966857231,0,10
yolo26l-seg.pt,MOTS20-11,56,12,1,127,8,1,4,0.8888888888888888,0.6666666666666666,0.7619047619047619,0.8387983975956945,0.9093244353869503,0,9
yolo26l-seg.pt,MOTS20-11,57,11,1,115,9,1,2,0.9,0.8181818181818182,0.8571428571428571,0.8324238002060192,0.9061037026300498,1,11
yolo26l-seg.pt,MOTS20-11,58,10,1,102,8,1,2,0.8888888888888888,0.8,0.8421052631578947,0.8479350560810869,0.9156894610832099,1,10
yolo26l-seg.pt,MOTS20-11,59,10,1,103,8,1,2,0.8888888888888888,0.8,0.8421052631578947,0.8486275464477858,0.9165327492760833,2,11
yolo26l-seg.pt,MOTS20-11,60,11,1,90,9,0,2,1.0,0.8181818181818182,0.9,0.8173588560727993,0.8943654643461841,1,10
yolo26l-seg.pt,MOTS20-11,61,11,1,88,9,1,2,0.9,0.8181818181818182,0.8571428571428571,0.8305211906481897,0.905547587106426,0,10
yolo26l-seg.pt,MOTS20-11,62,11,1,78,9,1,2,0.9,0.8181818181818182,0.8571428571428571,0.8068871643758542,0.886961525140745,0,10
yolo26l-seg.pt,MOTS20-11,63,11,1,104,9,1,2,0.9,0.8181818181818182,0.8571428571428571,0.8470316316199862,0.9151925337794178,0,10
yolo26l-seg.pt,MOTS20-11,64,11,1,112,9,1,2,0.9,0.8181818181818182,0.8571428571428571,0.8554887396317642,0.9203100940195318,1,11
yolo26l-seg.pt,MOTS20-11,65,11,1,117,9,1,2,0.9,0.8181818181818182,0.8571428571428571,0.8415765269559747,0.9111200637670426,0,10
yolo26l-seg.pt,MOTS20-11,66,11,1,129,9,2,2,0.8181818181818182,0.8181818181818182,0.8181818181818182,0.8407631378469965,0.9111048905738492,0,11
yolo26l-seg.pt,MOTS20-11,67,11,1,125,9,1,2,0.9,0.8181818181818182,0.8571428571428571,0.844296234072555,0.913202998894203,1,11
yolo26l-seg.pt,MOTS20-11,68,11,1,112,9,1,2,0.9,0.8181818181818182,0.8571428571428571,0.848307561216737,0.9164184901551157,1,11
yolo26l-seg.pt,MOTS20-11,69,11,1,120,9,1,2,0.9,0.8181818181818182,0.8571428571428571,0.8402826601165532,0.9113994198477633,2,12
yolo26l-seg.pt,MOTS20-11,70,11,1,107,9,3,2,0.75,0.8181818181818182,0.782608695652174,0.836984074080407,0.9094360391388844,0,12
yolo26l-seg.pt,MOTS20-11,71,11,1,107,9,1,2,0.9,0.8181818181818182,0.8571428571428571,0.8252822099937438,0.9012304394749173,1,11
yolo26l-seg.pt,MOTS20-11,72,11,1,113,10,1,1,0.9090909090909091,0.9090909090909091,0.9090909090909091,0.8325227520390752,0.9067213267433889,1,12
yolo26l-seg.pt,MOTS20-11,73,11,1,109,11,0,0,1.0,1.0,1.0,0.8189688996835486,0.897734865513397,1,12
yolo26l-seg.pt,MOTS20-11,74,11,1,112,10,1,1,0.9090909090909091,0.9090909090909091,0.9090909090909091,0.8140625404348217,0.893134218997462,0,11
yolo26l-seg.pt,MOTS20-11,75,11,1,109,10,0,1,1.0,0.9090909090909091,0.9523809523809523,0.7860772807517895,0.8728922022166954,1,11
yolo26l-seg.pt,MOTS20-11,76,11,1,103,8,0,3,1.0,0.7272727272727273,0.8421052631578947,0.8535842382562987,0.9196667893101044,0,8
yolo26l-seg.pt,MOTS20-11,77,11,1,110,9,1,2,0.9,0.8181818181818182,0.8571428571428571,0.8304669175252306,0.9050104852973175,1,11
yolo26l-seg.pt,MOTS20-11,78,10,1,113,9,0,1,1.0,0.9,0.9473684210526315,0.7984554378922355,0.8846963302692745,1,10
yolo26l-seg.pt,MOTS20-11,79,10,1,122,9,0,1,1.0,0.9,0.9473684210526315,0.8082950402747394,0.89048228931189,1,10
yolo26l-seg.pt,MOTS20-11,80,10,1,126,9,0,1,1.0,0.9,0.9473684210526315,0.8174373992069902,0.8979236642480625,4,13
yolo26l-seg.pt,MOTS20-11,81,11,1,111,9,0,2,1.0,0.8181818181818182,0.9,0.8095064834975108,0.8932294723064074,1,10
yolo26l-seg.pt,MOTS20-11,82,10,1,128,9,0,1,1.0,0.9,0.9473684210526315,0.7890577989722489,0.8794470798323928,2,11
yolo26l-seg.pt,MOTS20-11,83,10,1,122,9,0,1,1.0,0.9,0.9473684210526315,0.7819983114275444,0.8729852760832966,2,11
yolo26l-seg.pt,MOTS20-11,84,10,1,128,9,0,1,1.0,0.9,0.9473684210526315,0.7903279131350124,0.8791367413099098,3,12
yolo26l-seg.pt,MOTS20-11,85,11,1,119,11,0,0,1.0,1.0,1.0,0.7923529493668837,0.8806601589712861,2,13
yolo26l-seg.pt,MOTS20-11,86,11,1,142,11,0,0,1.0,1.0,1.0,0.801584315266274,0.8867167948567934,2,13
yolo26l-seg.pt,MOTS20-11,87,10,1,160,10,0,0,1.0,1.0,1.0,0.8002382982989443,0.8843140796847869,4,14
yolo26l-seg.pt,MOTS20-11,88,11,1,133,11,0,0,1.0,1.0,1.0,0.8272557239454305,0.903961266618855,2,13
yolo26l-seg.pt,MOTS20-11,89,11,1,153,11,0,0,1.0,1.0,1.0,0.8094485160679056,0.8922750624992439,2,13
yolo26l-seg.pt,MOTS20-11,90,12,1,144,11,0,1,1.0,0.9166666666666666,0.9565217391304348,0.7944350462361519,0.8809697589252132,2,13
yolo26l-seg.pt,MOTS20-11,91,13,1,148,10,0,3,1.0,0.7692307692307693,0.8695652173913043,0.8092812650597226,0.8909270976480002,2,12
yolo26l-seg.pt,MOTS20-11,92,13,1,142,9,1,4,0.9,0.6923076923076923,0.782608695652174,0.811461548414432,0.8913801288373508,2,12
yolo26l-seg.pt,MOTS20-11,93,13,1,139,8,0,5,1.0,0.6153846153846154,0.7619047619047619,0.8365624629851569,0.9084050033903814,2,10
yolo26l-seg.pt,MOTS20-11,94,13,1,145,10,0,3,1.0,0.7692307692307693,0.8695652173913043,0.7966375451288212,0.8822768209982451,2,12
yolo26l-seg.pt,MOTS20-11,95,13,1,146,8,0,5,1.0,0.6153846153846154,0.7619047619047619,0.8262905016383872,0.9011201315104694,2,10
yolo26l-seg.pt,MOTS20-11,96,13,1,132,8,0,5,1.0,0.6153846153846154,0.7619047619047619,0.8263358388561506,0.9013891957039312,2,10
yolo26l-seg.pt,MOTS20-11,97,13,1,122,8,0,5,1.0,0.6153846153846154,0.7619047619047619,0.8217811076851456,0.897983831612152,3,11
yolo26l-seg.pt,MOTS20-11,98,13,1,140,8,0,5,1.0,0.6153846153846154,0.7619047619047619,0.8302213483870944,0.9028710780780269,3,11
yolo26l-seg.pt,MOTS20-11,99,13,1,142,8,0,5,1.0,0.6153846153846154,0.7619047619047619,0.829141990025532,0.9033605924391527,2,10
yolo26l-seg.pt,MOTS20-11,100,12,1,136,8,0,4,1.0,0.6666666666666666,0.8,0.8313431821445798,0.9055909187625055,1,9
yolo26l-seg.pt,MOTS20-11,101,11,1,108,7,1,4,0.875,0.6363636363636364,0.7368421052631579,0.8246427005267583,0.9011558800605775,2,10
yolo26l-seg.pt,MOTS20-11,102,10,1,95,7,2,3,0.7777777777777778,0.7,0.7368421052631579,0.8340066327486585,0.9070361859461309,1,10
yolo26l-seg.pt,MOTS20-11,103,10,1,88,7,1,3,0.875,0.7,0.7777777777777778,0.8183206289651619,0.89665700240987,1,9
yolo26l-seg.pt,MOTS20-11,104,9,1,117,6,1,3,0.8571428571428571,0.6666666666666666,0.75,0.8325543678501575,0.9066782397352617,3,10
yolo26l-seg.pt,MOTS20-11,105,10,1,126,7,0,3,1.0,0.7,0.8235294117647058,0.8387955355228035,0.9103854268205988,3,10
yolo26l-seg.pt,MOTS20-11,106,11,1,129,7,0,4,1.0,0.6363636363636364,0.7777777777777778,0.8335806071748626,0.9071055372780401,3,10
yolo26l-seg.pt,MOTS20-11,107,10,1,133,6,1,4,0.8571428571428571,0.6,0.7058823529411765,0.8255272374037274,0.9023049580974366,3,10
yolo26l-seg.pt,MOTS20-11,108,11,1,127,8,0,3,1.0,0.7272727272727273,0.8421052631578947,0.8019771341665214,0.8867422304660626,3,11
yolo26l-seg.pt,MOTS20-11,109,11,1,130,7,0,4,1.0,0.6363636363636364,0.7777777777777778,0.8364963720218804,0.9103546986694798,3,10
yolo26l-seg.pt,MOTS20-11,110,11,1,121,8,0,3,1.0,0.7272727272727273,0.8421052631578947,0.804591178226195,0.8880961123784505,1,9
yolo26l-seg.pt,MOTS20-11,111,11,1,120,8,1,3,0.8888888888888888,0.7272727272727273,0.8,0.8142284561801707,0.8947886881053925,1,10
yolo26l-seg.pt,MOTS20-11,112,11,1,108,8,1,3,0.8888888888888888,0.7272727272727273,0.8,0.8145213442235948,0.8957559585054539,2,11
yolo26l-seg.pt,MOTS20-11,113,11,1,82,8,1,3,0.8888888888888888,0.7272727272727273,0.8,0.8166694231525888,0.8964943828660441,3,12
yolo26l-seg.pt,MOTS20-11,114,11,1,91,9,1,2,0.9,0.8181818181818182,0.8571428571428571,0.8233600270787386,0.9008957934455147,1,11
yolo26l-seg.pt,MOTS20-11,115,11,1,94,9,1,2,0.9,0.8181818181818182,0.8571428571428571,0.8179035112565319,0.8967292550007324,1,11
yolo26l-seg.pt,MOTS20-11,116,11,1,99,8,1,3,0.8888888888888888,0.7272727272727273,0.8,0.8425615884296636,0.9136299332304891,0,9
yolo26l-seg.pt,MOTS20-11,117,11,1,77,8,1,3,0.8888888888888888,0.7272727272727273,0.8,0.8366264120085167,0.9097194170667938,0,9
yolo26l-seg.pt,MOTS20-11,118,11,1,82,8,1,3,0.8888888888888888,0.7272727272727273,0.8,0.830137511111162,0.9058957848139264,0,9
yolo26l-seg.pt,MOTS20-11,119,11,1,104,9,1,2,0.9,0.8181818181818182,0.8571428571428571,0.8002858296687426,0.885650974244493,0,10
yolo26l-seg.pt,MOTS20-11,120,11,1,103,8,1,3,0.8888888888888888,0.7272727272727273,0.8,0.8264638430738669,0.9029272339157371,0,9
yolo26l-seg.pt,MOTS20-11,121,11,1,73,8,1,3,0.8888888888888888,0.7272727272727273,0.8,0.7967126928057185,0.8840586725213672,0,9
yolo26l-seg.pt,MOTS20-11,122,11,1,77,8,1,3,0.8888888888888888,0.7272727272727273,0.8,0.822185010124117,0.9006746557518327,0,9
yolo26l-seg.pt,MOTS20-11,123,12,1,83,8,0,4,1.0,0.6666666666666666,0.8,0.8115930766591868,0.892529677156029,0,8
yolo26l-seg.pt,MOTS20-11,124,12,1,125,8,1,4,0.8888888888888888,0.6666666666666666,0.7619047619047619,0.8193145536525933,0.8982391001753769,0,9
yolo26l-seg.pt,MOTS20-11,125,12,1,100,7,0,5,1.0,0.5833333333333334,0.7368421052631579,0.8542508602547382,0.9204106907008501,0,7
yolo26l-seg.pt,MOTS20-11,126,12,1,81,7,1,5,0.875,0.5833333333333334,0.7,0.8612885786028978,0.9249425366811614,0,8
yolo26l-seg.pt,MOTS20-11,127,12,1,83,7,0,5,1.0,0.5833333333333334,0.7368421052631579,0.8710355341819377,0.9307120934979677,0,7
yolo26l-seg.pt,MOTS20-11,128,11,1,92,7,0,4,1.0,0.6363636363636364,0.7777777777777778,0.8785124733400481,0.9349999712959248,0,7
yolo26l-seg.pt,MOTS20-11,129,11,1,81,7,0,4,1.0,0.6363636363636364,0.7777777777777778,0.8791146061532815,0.935363417305152,0,7
yolo26l-seg.pt,MOTS20-11,130,11,1,96,7,0,4,1.0,0.6363636363636364,0.7777777777777778,0.8756890608685397,0.9334226421254647,0,7
yolo26l-seg.pt,MOTS20-11,131,11,1,85,7,0,4,1.0,0.6363636363636364,0.7777777777777778,0.8709285132550947,0.9304919203724163,0,7
yolo26l-seg.pt,MOTS20-11,132,11,1,114,7,0,4,1.0,0.6363636363636364,0.7777777777777778,0.8715454683413179,0.9310497969229171,0,7
yolo26l-seg.pt,MOTS20-11,133,11,1,115,7,0,4,1.0,0.6363636363636364,0.7777777777777778,0.8716263712948505,0.9310942774082205,0,7
yolo26l-seg.pt,MOTS20-11,134,11,1,118,8,0,3,1.0,0.7272727272727273,0.8421052631578947,0.8395209211808983,0.9089917740584917,0,8
yolo26l-seg.pt,MOTS20-11,135,11,1,129,7,0,4,1.0,0.6363636363636364,0.7777777777777778,0.8739206199159069,0.9323284049666279,0,7
yolo26l-seg.pt,MOTS20-11,136,11,1,114,7,0,4,1.0,0.6363636363636364,0.7777777777777778,0.8645430431674433,0.9268327752456383,0,7
yolo26l-seg.pt,MOTS20-11,137,11,1,105,7,0,4,1.0,0.6363636363636364,0.7777777777777778,0.866950477593282,0.9283383707296112,0,7
yolo26l-seg.pt,MOTS20-11,138,11,1,92,7,0,4,1.0,0.6363636363636364,0.7777777777777778,0.8682992888972845,0.9290366438141533,0,7
yolo26l-seg.pt,MOTS20-11,139,11,1,99,7,0,4,1.0,0.6363636363636364,0.7777777777777778,0.8683012151352812,0.9291723463682667,0,7
yolo26l-seg.pt,MOTS20-11,140,11,1,87,7,0,4,1.0,0.6363636363636364,0.7777777777777778,0.8705349800677473,0.930375651517355,0,7
yolo26l-seg.pt,MOTS20-11,141,11,1,77,7,0,4,1.0,0.6363636363636364,0.7777777777777778,0.861137417914134,0.9249221736510941,0,7
yolo26l-seg.pt,MOTS20-11,142,11,1,91,8,0,3,1.0,0.7272727272727273,0.8421052631578947,0.8248488598129082,0.8983269689441076,0,8
yolo26l-seg.pt,MOTS20-11,143,11,1,90,8,0,3,1.0,0.7272727272727273,0.8421052631578947,0.8358710975257924,0.9080335301732525,0,8
yolo26l-seg.pt,MOTS20-11,144,10,1,80,8,0,2,1.0,0.8,0.8888888888888888,0.8450707919619269,0.9147233995944852,0,8
yolo26l-seg.pt,MOTS20-11,145,10,1,74,8,0,2,1.0,0.8,0.8888888888888888,0.8390196376920483,0.9110180118989937,0,8
yolo26l-seg.pt,MOTS20-11,146,10,1,93,8,0,2,1.0,0.8,0.8888888888888888,0.8474720131579689,0.9165009584465509,0,8
yolo26l-seg.pt,MOTS20-11,147,10,1,88,8,0,2,1.0,0.8,0.8888888888888888,0.8511670463997398,0.9185967843813849,0,8
yolo26l-seg.pt,MOTS20-11,148,10,1,88,8,0,2,1.0,0.8,0.8888888888888888,0.8538760085019788,0.9202297466503531,0,8
yolo26l-seg.pt,MOTS20-11,149,10,1,80,8,0,2,1.0,0.8,0.8888888888888888,0.8565875497439233,0.9219017300764973,0,8
yolo26l-seg.pt,MOTS20-11,150,10,1,87,8,0,2,1.0,0.8,0.8888888888888888,0.8458274557429043,0.9148800341618198,0,8
yolo26l-seg.pt,MOTS20-11,151,9,1,83,8,0,1,1.0,0.8888888888888888,0.9411764705882353,0.8205661585727531,0.8964867148765565,0,8
yolo26l-seg.pt,MOTS20-11,152,9,1,85,7,1,2,0.875,0.7777777777777778,0.8235294117647058,0.8589556893402656,0.9236929588848023,0,8
yolo26l-seg.pt,MOTS20-11,153,9,1,76,7,1,2,0.875,0.7777777777777778,0.8235294117647058,0.8653323825187538,0.9273957446809441,0,8
yolo26l-seg.pt,MOTS20-11,154,9,1,77,8,1,1,0.8888888888888888,0.8888888888888888,0.8888888888888888,0.8305136192553464,0.9037758294964554,0,9
yolo26l-seg.pt,MOTS20-11,155,9,1,85,8,0,1,1.0,0.8888888888888888,0.9411764705882353,0.8201527248112738,0.8979788870530383,0,8
yolo26l-seg.pt,MOTS20-11,156,9,1,66,8,0,1,1.0,0.8888888888888888,0.9411764705882353,0.8271480794519799,0.9029178438069554,0,8
yolo26l-seg.pt,MOTS20-11,157,9,1,81,8,0,1,1.0,0.8888888888888888,0.9411764705882353,0.8257815446124057,0.9006645861767646,0,8
yolo26l-seg.pt,MOTS20-11,158,9,1,90,8,0,1,1.0,0.8888888888888888,0.9411764705882353,0.8338215293963378,0.9061191877980106,0,8
yolo26l-seg.pt,MOTS20-11,159,9,1,85,8,0,1,1.0,0.8888888888888888,0.9411764705882353,0.8374936580795458,0.9093109042762477,0,8
yolo26l-seg.pt,MOTS20-11,160,9,1,72,8,0,1,1.0,0.8888888888888888,0.9411764705882353,0.8470795385757989,0.9151889217820449,0,8
yolo26l-seg.pt,MOTS20-11,161,8,1,81,8,0,0,1.0,1.0,1.0,0.8480484660317998,0.9166150575090093,0,8
yolo26l-seg.pt,MOTS20-11,162,8,1,72,8,0,0,1.0,1.0,1.0,0.8493702132563765,0.9173348049022596,0,8
yolo26l-seg.pt,MOTS20-11,163,8,1,73,8,0,0,1.0,1.0,1.0,0.8482110653027359,0.9167902000936825,0,8
yolo26l-seg.pt,MOTS20-11,164,8,1,72,8,0,0,1.0,1.0,1.0,0.8492138324470986,0.9171683568262795,0,8
yolo26l-seg.pt,MOTS20-11,165,8,1,69,8,0,0,1.0,1.0,1.0,0.8567446144190346,0.9221258984411093,0,8
yolo26l-seg.pt,MOTS20-11,166,8,1,66,8,0,0,1.0,1.0,1.0,0.8429676563830817,0.913729237134815,0,8
yolo26l-seg.pt,MOTS20-11,167,8,1,93,8,0,0,1.0,1.0,1.0,0.8543924466241813,0.9206993268236141,1,9
yolo26l-seg.pt,MOTS20-11,168,8,1,82,8,0,0,1.0,1.0,1.0,0.8547747471777063,0.9208567660490049,0,8
yolo26l-seg.pt,MOTS20-11,169,8,1,89,8,0,0,1.0,1.0,1.0,0.8520665121161479,0.9192199532384571,0,8
yolo26l-seg.pt,MOTS20-11,170,8,1,85,8,1,0,0.8888888888888888,1.0,0.9411764705882353,0.8567571824121849,0.9221740018990673,0,9
yolo26l-seg.pt,MOTS20-11,171,8,1,77,8,1,0,0.8888888888888888,1.0,0.9411764705882353,0.84730301632507,0.9165116580523878,0,9
yolo26l-seg.pt,MOTS20-11,172,9,1,75,8,0,1,1.0,0.8888888888888888,0.9411764705882353,0.851861248256868,0.9189411586348322,0,8
yolo26l-seg.pt,MOTS20-11,173,9,1,81,8,1,1,0.8888888888888888,0.8888888888888888,0.8888888888888888,0.8371914267877262,0.9098141164220959,0,9
yolo26l-seg.pt,MOTS20-11,174,9,1,71,8,1,1,0.8888888888888888,0.8888888888888888,0.8888888888888888,0.8481036448391996,0.9161128859587302,0,9
yolo26l-seg.pt,MOTS20-11,175,9,1,63,8,0,1,1.0,0.8888888888888888,0.9411764705882353,0.8532474125411152,0.9191905695502716,0,8
yolo26l-seg.pt,MOTS20-11,176,9,1,70,8,0,1,1.0,0.8888888888888888,0.9411764705882353,0.8592614404383923,0.9231594486876822,0,8
yolo26l-seg.pt,MOTS20-11,177,9,1,64,8,0,1,1.0,0.8888888888888888,0.9411764705882353,0.8604782475551157,0.9237507195862249,0,8
yolo26l-seg.pt,MOTS20-11,178,9,1,64,9,0,0,1.0,1.0,1.0,0.8605915781049405,0.9240188718999234,0,9
yolo26l-seg.pt,MOTS20-11,179,9,1,60,9,0,0,1.0,1.0,1.0,0.8553433300299836,0.921086906217668,0,9
yolo26l-seg.pt,MOTS20-11,180,9,1,61,9,0,0,1.0,1.0,1.0,0.852947179038872,0.9194870472110662,0,9
yolo26l-seg.pt,MOTS20-11,181,9,1,70,9,0,0,1.0,1.0,1.0,0.853294708315628,0.9204219114338851,0,9
yolo26l-seg.pt,MOTS20-11,182,9,1,91,9,0,0,1.0,1.0,1.0,0.8537958961361863,0.92078676480849,0,9
yolo26l-seg.pt,MOTS20-11,183,9,1,96,9,0,0,1.0,1.0,1.0,0.8388784243293274,0.9117391019590405,0,9
yolo26l-seg.pt,MOTS20-11,184,8,1,86,8,1,0,0.8888888888888888,1.0,0.9411764705882353,0.8629774163340622,0.9261260563367073,1,10
yolo26l-seg.pt,MOTS20-11,185,8,1,80,8,2,0,0.8,1.0,0.8888888888888888,0.8607558071204948,0.9247817581390854,1,11
yolo26l-seg.pt,MOTS20-11,186,9,1,91,9,2,0,0.8181818181818182,1.0,0.9,0.8163308011592401,0.8940975588534033,0,11
yolo26l-seg.pt,MOTS20-11,187,8,1,109,8,1,0,0.8888888888888888,1.0,0.9411764705882353,0.846701824140198,0.9158991387379819,1,10
yolo26l-seg.pt,MOTS20-11,188,8,1,101,8,1,0,0.8888888888888888,1.0,0.9411764705882353,0.8482091230002248,0.9170905083866276,0,9
yolo26l-seg.pt,MOTS20-11,189,8,1,99,8,1,0,0.8888888888888888,1.0,0.9411764705882353,0.8478332490420171,0.9170209104262828,0,9
yolo26l-seg.pt,MOTS20-11,190,8,1,110,8,1,0,0.8888888888888888,1.0,0.9411764705882353,0.8462514123628773,0.915646476041457,0,9
yolo26l-seg.pt,MOTS20-11,191,8,1,105,8,0,0,1.0,1.0,1.0,0.8348463336377128,0.9082915289227542,0,8
yolo26l-seg.pt,MOTS20-11,192,10,1,91,8,0,2,1.0,0.8,0.8888888888888888,0.8375355011810414,0.9101300391396863,0,8
yolo26l-seg.pt,MOTS20-11,193,10,1,95,8,0,2,1.0,0.8,0.8888888888888888,0.8413866314899117,0.9123339459644104,0,8
yolo26l-seg.pt,MOTS20-11,194,10,1,106,8,0,2,1.0,0.8,0.8888888888888888,0.8450064838621962,0.9144133507797817,0,8
yolo26l-seg.pt,MOTS20-11,195,10,1,115,8,0,2,1.0,0.8,0.8888888888888888,0.8433664059614562,0.9131118483064079,0,8
yolo26l-seg.pt,MOTS20-11,196,10,1,94,8,0,2,1.0,0.8,0.8888888888888888,0.8331684050230366,0.9066871980550838,0,8
yolo26l-seg.pt,MOTS20-11,197,10,1,76,7,1,3,0.875,0.7,0.7777777777777778,0.8412158989727035,0.9116134595469954,0,8
yolo26l-seg.pt,MOTS20-11,198,10,1,87,9,2,1,0.8181818181818182,0.9,0.8571428571428571,0.780348620880448,0.869404477107448,0,11
yolo26l-seg.pt,MOTS20-11,199,10,1,97,7,3,3,0.7,0.7,0.7,0.8514583711005556,0.9179862180943815,0,10
yolo26l-seg.pt,MOTS20-11,200,10,1,82,8,2,2,0.8,0.8,0.8,0.8036522707413337,0.8862366252964269,0,10
yolo26l-seg.pt,MOTS20-11,201,10,1,69,9,1,1,0.9,0.9,0.9,0.7936843158478939,0.879688108090083,0,10
yolo26l-seg.pt,MOTS20-11,202,10,1,74,9,1,1,0.9,0.9,0.9,0.7817768418798732,0.8700728834450927,0,10
yolo26l-seg.pt,MOTS20-11,203,10,1,83,9,0,1,1.0,0.9,0.9473684210526315,0.8345673698703941,0.9084103132188288,0,9
yolo26l-seg.pt,MOTS20-11,204,10,1,103,9,0,1,1.0,0.9,0.9473684210526315,0.8229249008380606,0.9009530681652775,0,9
yolo26l-seg.pt,MOTS20-11,205,10,1,110,9,0,1,1.0,0.9,0.9473684210526315,0.8223113245798136,0.9000326215275221,1,10
yolo26l-seg.pt,MOTS20-11,206,10,1,116,9,0,1,1.0,0.9,0.9473684210526315,0.8285895573239188,0.9038743617448755,0,9
yolo26l-seg.pt,MOTS20-11,207,10,1,120,9,1,1,0.9,0.9,0.9,0.8235379363475916,0.9007100582733476,1,11
yolo26l-seg.pt,MOTS20-11,208,10,1,121,9,0,1,1.0,0.9,0.9473684210526315,0.8382258229941193,0.909791964458882,1,10
yolo26l-seg.pt,MOTS20-11,209,10,1,114,9,1,1,0.9,0.9,0.9,0.8333019481294498,0.9066608849506985,1,11
yolo26l-seg.pt,MOTS20-11,210,10,1,100,9,1,1,0.9,0.9,0.9,0.8316142659213352,0.904425040064476,1,11
yolo26l-seg.pt,MOTS20-11,211,10,1,93,9,1,1,0.9,0.9,0.9,0.8298276463629382,0.903322333683222,1,11
yolo26l-seg.pt,MOTS20-11,212,10,1,95,10,1,0,0.9090909090909091,1.0,0.9523809523809523,0.8173068964797296,0.8951565517566082,0,11
yolo26l-seg.pt,MOTS20-11,213,10,1,67,10,2,0,0.8333333333333334,1.0,0.9090909090909091,0.8061099016739195,0.8873499429607122,0,12
yolo26l-seg.pt,MOTS20-11,214,10,1,57,9,0,1,1.0,0.9,0.9473684210526315,0.8160114666756229,0.8945383187000419,0,9
yolo26l-seg.pt,MOTS20-11,215,10,1,69,10,2,0,0.8333333333333334,1.0,0.9090909090909091,0.8074313078384311,0.8896576156355949,0,12
yolo26l-seg.pt,MOTS20-11,216,10,1,90,10,0,0,1.0,1.0,1.0,0.8124220570774943,0.8932242475845669,0,10
yolo26l-seg.pt,MOTS20-11,217,10,1,78,10,0,0,1.0,1.0,1.0,0.8096396879629163,0.8905449291467775,0,10
yolo26l-seg.pt,MOTS20-11,218,10,1,79,10,0,0,1.0,1.0,1.0,0.8110212628652462,0.8913403848717986,0,10
yolo26l-seg.pt,MOTS20-11,219,10,1,89,10,0,0,1.0,1.0,1.0,0.8101090409834042,0.8904726909794345,0,10
yolo26l-seg.pt,MOTS20-11,220,10,1,90,10,1,0,0.9090909090909091,1.0,0.9523809523809523,0.8183461647518879,0.8972599788140536,0,11
yolo26l-seg.pt,MOTS20-11,221,10,1,102,9,0,1,1.0,0.9,0.9473684210526315,0.8090040348617324,0.8893437119762555,0,9
yolo26l-seg.pt,MOTS20-11,222,10,1,96,10,1,0,0.9090909090909091,1.0,0.9523809523809523,0.7978362828679113,0.8812977684769783,0,11
yolo26l-seg.pt,MOTS20-11,223,9,1,76,8,1,1,0.8888888888888888,0.8888888888888888,0.8888888888888888,0.8604398493752972,0.9236954443476161,1,10
yolo26l-seg.pt,MOTS20-11,224,9,1,100,9,1,0,0.9,1.0,0.9473684210526315,0.8245512321143258,0.899682345568141,0,10
yolo26l-seg.pt,MOTS20-11,225,9,1,88,8,1,1,0.8888888888888888,0.8888888888888888,0.8888888888888888,0.8483963292849352,0.916728840081573,0,9
yolo26l-seg.pt,MOTS20-11,226,9,1,78,8,0,1,1.0,0.8888888888888888,0.9411764705882353,0.8659101983208153,0.9274813557941723,0,8
yolo26l-seg.pt,MOTS20-11,227,9,1,89,8,1,1,0.8888888888888888,0.8888888888888888,0.8888888888888888,0.856566645940938,0.9221115794458261,0,9
yolo26l-seg.pt,MOTS20-11,228,9,1,83,8,1,1,0.8888888888888888,0.8888888888888888,0.8888888888888888,0.8499585261392678,0.9179368115576203,0,9
yolo26l-seg.pt,MOTS20-11,229,9,1,87,8,0,1,1.0,0.8888888888888888,0.9411764705882353,0.8620972878145858,0.9252393646760793,0,8
yolo26l-seg.pt,MOTS20-11,230,9,1,68,8,0,1,1.0,0.8888888888888888,0.9411764705882353,0.8728806446293695,0.9315772995791425,0,8
yolo26l-seg.pt,MOTS20-11,231,9,1,69,8,0,1,1.0,0.8888888888888888,0.9411764705882353,0.8705820127008057,0.9303045931850211,0,8
yolo26l-seg.pt,MOTS20-11,232,9,1,86,8,0,1,1.0,0.8888888888888888,0.9411764705882353,0.8786236938049361,0.9348892033318429,0,8
yolo26l-seg.pt,MOTS20-11,233,9,1,74,8,0,1,1.0,0.8888888888888888,0.9411764705882353,0.871020947348566,0.9302554157326808,0,8
yolo26l-seg.pt,MOTS20-11,234,9,1,64,8,0,1,1.0,0.8888888888888888,0.9411764705882353,0.8688298481927843,0.9290385624414224,0,8
yolo26l-seg.pt,MOTS20-11,235,9,1,74,8,0,1,1.0,0.8888888888888888,0.9411764705882353,0.874414371560804,0.9324224503872093,0,8
yolo26l-seg.pt,MOTS20-11,236,9,1,66,8,0,1,1.0,0.8888888888888888,0.9411764705882353,0.8732972221786333,0.9317748686545495,0,8
yolo26l-seg.pt,MOTS20-11,237,9,1,64,9,0,0,1.0,1.0,1.0,0.8235169736274701,0.8978518985657016,0,9
yolo26l-seg.pt,MOTS20-11,238,9,1,64,9,0,0,1.0,1.0,1.0,0.8417430542692476,0.9097807302148468,0,9
yolo26l-seg.pt,MOTS20-11,239,10,1,72,9,1,1,0.9,0.9,0.9,0.8571426683755399,0.9212981875615787,0,10
yolo26l-seg.pt,MOTS20-11,240,10,1,80,9,0,1,1.0,0.9,0.9473684210526315,0.8696260880062514,0.9290216287660363,0,9
yolo26l-seg.pt,MOTS20-11,241,10,1,89,9,0,1,1.0,0.9,0.9473684210526315,0.8608845307754973,0.9229052969585617,0,9
yolo26l-seg.pt,MOTS20-11,242,10,1,71,9,1,1,0.9,0.9,0.9,0.8643331287722146,0.9244836383119915,0,10
yolo26l-seg.pt,MOTS20-11,243,10,1,89,9,3,1,0.75,0.9,0.8181818181818182,0.8693675870685643,0.928046301957344,0,12
yolo26l-seg.pt,MOTS20-11,244,10,1,102,9,1,1,0.9,0.9,0.9,0.8553040402647041,0.918051194465612,1,11
yolo26l-seg.pt,MOTS20-11,245,10,1,87,9,1,1,0.9,0.9,0.9,0.8498383651031705,0.9152426710884496,0,10
yolo26l-seg.pt,MOTS20-11,246,10,1,103,9,1,1,0.9,0.9,0.9,0.8469725441695852,0.9132815461235825,0,10
yolo26l-seg.pt,MOTS20-11,247,10,1,90,9,1,1,0.9,0.9,0.9,0.8498808853164423,0.9135384563829843,0,10
yolo26l-seg.pt,MOTS20-11,248,11,1,98,9,1,2,0.9,0.8181818181818182,0.8571428571428571,0.8518146903365237,0.9159650391854505,0,10
yolo26l-seg.pt,MOTS20-11,249,12,1,111,8,3,4,0.7272727272727273,0.6666666666666666,0.6956521739130435,0.8945421962638984,0.9438206121963058,0,11
yolo26l-seg.pt,MOTS20-11,250,12,1,93,8,2,4,0.8,0.6666666666666666,0.7272727272727273,0.8950161060569575,0.9439121676492179,0,10
yolo26l-seg.pt,MOTS20-11,251,12,1,93,9,1,3,0.9,0.75,0.8181818181818182,0.8656682200200738,0.9262283286089501,0,10
yolo26l-seg.pt,MOTS20-11,252,11,1,84,10,1,1,0.9090909090909091,0.9090909090909091,0.9090909090909091,0.8608208588954886,0.9236873547219512,0,11
yolo26l-seg.pt,MOTS20-11,253,11,1,91,10,0,1,1.0,0.9090909090909091,0.9523809523809523,0.8528841052466131,0.9191627908019828,0,10
yolo26l-seg.pt,MOTS20-11,254,11,1,99,10,1,1,0.9090909090909091,0.9090909090909091,0.9090909090909091,0.8360540247887773,0.9073464745164582,0,11
yolo26l-seg.pt,MOTS20-11,255,11,1,116,10,1,1,0.9090909090909091,0.9090909090909091,0.9090909090909091,0.856299173027262,0.9213558979589058,0,11
yolo26l-seg.pt,MOTS20-11,256,11,1,115,9,1,2,0.9,0.8181818181818182,0.8571428571428571,0.8705092267072203,0.9295349280831837,2,12
yolo26l-seg.pt,MOTS20-11,257,10,1,108,10,1,0,0.9090909090909091,1.0,0.9523809523809523,0.8428680196118936,0.9127678619905251,1,12
yolo26l-seg.pt,MOTS20-11,258,10,1,124,10,1,0,0.9090909090909091,1.0,0.9523809523809523,0.8464730689496518,0.9149554094629069,2,13
yolo26l-seg.pt,MOTS20-11,259,10,1,117,10,0,0,1.0,1.0,1.0,0.8579887746174988,0.9218570985329515,3,13
yolo26l-seg.pt,MOTS20-11,260,10,1,91,10,0,0,1.0,1.0,1.0,0.8527878320512438,0.9180296871190816,0,10
yolo26l-seg.pt,MOTS20-11,261,10,1,79,10,0,0,1.0,1.0,1.0,0.8530256550623783,0.9184827613063623,0,10
yolo26l-seg.pt,MOTS20-11,262,10,1,98,10,0,0,1.0,1.0,1.0,0.8614123152802178,0.9236546739261586,0,10
yolo26l-seg.pt,MOTS20-11,263,10,1,94,10,0,0,1.0,1.0,1.0,0.870950997339605,0.9297289195582804,0,10
yolo26l-seg.pt,MOTS20-11,264,10,1,87,10,0,0,1.0,1.0,1.0,0.86341068808479,0.9253942880889152,0,10
yolo26l-seg.pt,MOTS20-11,265,10,1,88,10,0,0,1.0,1.0,1.0,0.8737056477720919,0.9311676412424384,0,10
yolo26l-seg.pt,MOTS20-11,266,10,1,74,10,0,0,1.0,1.0,1.0,0.8794304373589512,0.9338306494742208,0,10
yolo26l-seg.pt,MOTS20-11,267,10,1,81,10,0,0,1.0,1.0,1.0,0.8743705547749695,0.930911193089895,0,10
yolo26l-seg.pt,MOTS20-11,268,10,1,103,10,0,0,1.0,1.0,1.0,0.87583453881554,0.9322335863900719,0,10
yolo26l-seg.pt,MOTS20-11,269,9,1,68,9,1,0,0.9,1.0,0.9473684210526315,0.8462738623252344,0.9145695896865009,0,10
yolo26l-seg.pt,MOTS20-11,270,9,1,70,9,1,0,0.9,1.0,0.9473684210526315,0.8554069986070109,0.9207056176273825,0,10
yolo26l-seg.pt,MOTS20-11,271,10,1,82,10,0,0,1.0,1.0,1.0,0.8543263194484337,0.9201648174827397,0,10
yolo26l-seg.pt,MOTS20-11,272,9,1,84,9,0,0,1.0,1.0,1.0,0.8698458625470282,0.9295188632268653,1,10
yolo26l-seg.pt,MOTS20-11,273,9,1,87,9,0,0,1.0,1.0,1.0,0.8690383695753301,0.9290433196738124,1,10
yolo26l-seg.pt,MOTS20-11,274,9,1,90,9,0,0,1.0,1.0,1.0,0.8768228008935874,0.933760287419801,1,10
yolo26l-seg.pt,MOTS20-11,275,9,1,76,9,0,0,1.0,1.0,1.0,0.86767107849282,0.9285299209156873,0,9
yolo26l-seg.pt,MOTS20-11,276,9,1,68,9,0,0,1.0,1.0,1.0,0.8537667368645097,0.9201139198722994,0,9
yolo26l-seg.pt,MOTS20-11,277,9,1,80,9,0,0,1.0,1.0,1.0,0.865599054953814,0.9272594284944881,0,9
yolo26l-seg.pt,MOTS20-11,278,9,1,85,9,0,0,1.0,1.0,1.0,0.8712101202797122,0.9304893740596412,0,9
yolo26l-seg.pt,MOTS20-11,279,9,1,124,9,0,0,1.0,1.0,1.0,0.8676959846884517,0.9282979225178501,0,9
yolo26l-seg.pt,MOTS20-11,280,9,1,98,9,0,0,1.0,1.0,1.0,0.8654616815514564,0.9264107102583385,0,9
yolo26l-seg.pt,MOTS20-11,281,9,1,80,9,0,0,1.0,1.0,1.0,0.8471722192980877,0.9159536539767453,0,9
yolo26l-seg.pt,MOTS20-11,282,9,1,73,9,0,0,1.0,1.0,1.0,0.8597774955589486,0.9232405676783983,0,9
yolo26l-seg.pt,MOTS20-11,283,8,1,60,8,0,0,1.0,1.0,1.0,0.8641871343723581,0.9256819031061976,1,9
yolo26l-seg.pt,MOTS20-11,284,8,1,70,8,0,0,1.0,1.0,1.0,0.8620229995149483,0.9242715568267283,1,9
yolo26l-seg.pt,MOTS20-11,285,8,1,77,8,0,0,1.0,1.0,1.0,0.8642011407130119,0.9254388297431085,1,9
yolo26l-seg.pt,MOTS20-11,286,8,1,78,8,0,0,1.0,1.0,1.0,0.8439820276584371,0.913125495674127,1,9
yolo26l-seg.pt,MOTS20-11,287,8,1,71,8,0,0,1.0,1.0,1.0,0.847691573423264,0.9147716245262414,0,8
yolo26l-seg.pt,MOTS20-11,288,8,1,79,8,0,0,1.0,1.0,1.0,0.8552563872027712,0.9194027181044108,0,8
yolo26l-seg.pt,MOTS20-11,289,8,1,69,8,0,0,1.0,1.0,1.0,0.8697819197437318,0.9289067345507365,0,8
yolo26l-seg.pt,MOTS20-11,290,8,1,71,8,0,0,1.0,1.0,1.0,0.8659044593818457,0.9265717091708107,0,8
yolo26l-seg.pt,MOTS20-11,291,8,1,69,8,0,0,1.0,1.0,1.0,0.8518342461653294,0.9182648427141245,1,9
yolo26l-seg.pt,MOTS20-11,292,8,1,55,8,0,0,1.0,1.0,1.0,0.867986155591334,0.9279992029171686,1,9
yolo26l-seg.pt,MOTS20-11,293,8,1,63,8,1,0,0.8888888888888888,1.0,0.9411764705882353,0.8743640078931196,0.9316740388413159,1,10
yolo26l-seg.pt,MOTS20-11,294,8,1,71,8,0,0,1.0,1.0,1.0,0.8799638268786236,0.9350148133668326,1,9
yolo26l-seg.pt,MOTS20-11,295,8,1,62,8,0,0,1.0,1.0,1.0,0.8700206169831441,0.9285704713798841,1,9
yolo26l-seg.pt,MOTS20-11,296,8,1,69,8,0,0,1.0,1.0,1.0,0.8689968968236292,0.9280205801060488,0,8
yolo26l-seg.pt,MOTS20-11,297,8,1,67,8,1,0,0.8888888888888888,1.0,0.9411764705882353,0.8729144175969261,0.9300145857908301,0,9
yolo26l-seg.pt,MOTS20-11,298,8,1,65,8,0,0,1.0,1.0,1.0,0.8622859031001526,0.9232002161348145,0,8
yolo26l-seg.pt,MOTS20-11,299,8,1,81,8,0,0,1.0,1.0,1.0,0.8611248529508801,0.9224123171474641,0,8
yolo26l-seg.pt,MOTS20-11,300,9,1,81,8,1,1,0.8888888888888888,0.8888888888888888,0.8888888888888888,0.8624465686917585,0.9232248476016558,0,9
yolo26l-seg.pt,MOTS20-11,301,10,1,74,8,1,2,0.8888888888888888,0.8,0.8421052631578947,0.8637413555562515,0.9236270331234936,0,9
yolo26l-seg.pt,MOTS20-11,302,10,1,72,8,0,2,1.0,0.8,0.8888888888888888,0.864876160041433,0.9237555285971657,0,8
yolo26l-seg.pt,MOTS20-11,303,10,1,59,8,0,2,1.0,0.8,0.8888888888888888,0.864071646690256,0.9236884501738265,0,8
yolo26l-seg.pt,MOTS20-11,304,10,1,62,8,1,2,0.8888888888888888,0.8,0.8421052631578947,0.8614330878991827,0.9210416640189724,0,9
yolo26l-seg.pt,MOTS20-11,305,11,1,53,8,0,3,1.0,0.7272727272727273,0.8421052631578947,0.8646253308255654,0.9229657559196061,1,9
yolo26l-seg.pt,MOTS20-11,306,11,1,58,9,0,2,1.0,0.8181818181818182,0.9,0.8547555612965808,0.9175745283455823,0,9
yolo26l-seg.pt,MOTS20-11,307,11,1,70,8,1,3,0.8888888888888888,0.7272727272727273,0.8,0.8612973806489609,0.9223092272757574,1,10
yolo26l-seg.pt,MOTS20-11,308,11,1,62,8,0,3,1.0,0.7272727272727273,0.8421052631578947,0.8682363935981686,0.9262002956048142,1,9
yolo26l-seg.pt,MOTS20-11,309,10,1,58,7,1,3,0.875,0.7,0.7777777777777778,0.866658985577684,0.9234696207213354,2,10
yolo26l-seg.pt,MOTS20-11,310,10,1,61,7,0,3,1.0,0.7,0.8235294117647058,0.8669392520151253,0.9256096788529516,2,9
yolo26l-seg.pt,MOTS20-11,311,11,1,70,8,0,3,1.0,0.7272727272727273,0.8421052631578947,0.8458065485026977,0.9127332738540923,1,9
yolo26l-seg.pt,MOTS20-11,312,10,1,74,7,0,3,1.0,0.7,0.8235294117647058,0.8650155620956489,0.9235408399454357,2,9
yolo26l-seg.pt,MOTS20-11,313,10,1,76,7,1,3,0.875,0.7,0.7777777777777778,0.8621786393104207,0.9214882968552447,2,10
yolo26l-seg.pt,MOTS20-11,314,10,1,66,7,0,3,1.0,0.7,0.8235294117647058,0.8711133063332067,0.9289467741987725,1,8
yolo26l-seg.pt,MOTS20-11,315,10,1,74,7,1,3,0.875,0.7,0.7777777777777778,0.8748592677636576,0.9308552218803438,2,10
yolo26l-seg.pt,MOTS20-11,316,10,1,60,7,0,3,1.0,0.7,0.8235294117647058,0.8707493030589131,0.9282469478285827,0,7
yolo26l-seg.pt,MOTS20-11,317,10,1,50,7,0,3,1.0,0.7,0.8235294117647058,0.8833812139454497,0.9368028614036634,0,7
yolo26l-seg.pt,MOTS20-11,318,10,1,71,7,1,3,0.875,0.7,0.7777777777777778,0.8830789226702193,0.9366228882723961,0,8
yolo26l-seg.pt,MOTS20-11,319,9,1,98,7,0,2,1.0,0.7777777777777778,0.875,0.8705569291383517,0.9289698164871281,1,8
yolo26l-seg.pt,MOTS20-11,320,9,1,88,8,0,1,1.0,0.8888888888888888,0.9411764705882353,0.850474351105468,0.9160184265191422,0,8
yolo26l-seg.pt,MOTS20-11,321,9,1,98,7,2,2,0.7777777777777778,0.7777777777777778,0.7777777777777778,0.8793339779562509,0.9343315562690252,1,10
yolo26l-seg.pt,MOTS20-11,322,9,1,100,7,1,2,0.875,0.7777777777777778,0.8235294117647058,0.8629971169044169,0.923886274477456,2,10
yolo26l-seg.pt,MOTS20-11,323,9,1,96,6,1,3,0.8571428571428571,0.6666666666666666,0.75,0.8769514675975215,0.9324326320821307,2,9
yolo26l-seg.pt,MOTS20-11,324,9,1,96,6,1,3,0.8571428571428571,0.6666666666666666,0.75,0.8738319875864281,0.9307955377543683,2,9
yolo26l-seg.pt,MOTS20-11,325,9,1,116,6,1,3,0.8571428571428571,0.6666666666666666,0.75,0.8679058813452839,0.9263413039896444,2,9
yolo26l-seg.pt,MOTS20-11,326,9,1,106,7,1,2,0.875,0.7777777777777778,0.8235294117647058,0.8228413424073953,0.895456649905025,4,12
yolo26l-seg.pt,MOTS20-11,327,8,1,106,6,1,2,0.8571428571428571,0.75,0.8,0.8718811858186716,0.9284179486043551,1,8
yolo26l-seg.pt,MOTS20-11,328,9,1,121,6,1,3,0.8571428571428571,0.6666666666666666,0.75,0.8636643667603735,0.9236466857370161,2,9
yolo26l-seg.pt,MOTS20-11,329,9,1,118,6,2,3,0.75,0.6666666666666666,0.7058823529411765,0.860691982652877,0.9228559713293397,5,13
yolo26l-seg.pt,MOTS20-11,330,9,1,121,6,2,3,0.75,0.6666666666666666,0.7058823529411765,0.8503134169685728,0.9167631601131659,3,11
yolo26l-seg.pt,MOTS20-11,331,10,1,106,6,2,4,0.75,0.6,0.6666666666666666,0.8558847829089725,0.9201838665670032,2,10
yolo26l-seg.pt,MOTS20-11,332,8,1,90,6,1,2,0.8571428571428571,0.75,0.8,0.8809731753562234,0.9355021713634022,2,9
yolo26l-seg.pt,MOTS20-11,333,9,1,100,6,0,3,1.0,0.6666666666666666,0.8,0.8844832945330593,0.9376514390849415,3,9
yolo26l-seg.pt,MOTS20-11,334,9,1,103,7,0,2,1.0,0.7777777777777778,0.875,0.8484154246883764,0.9149024476114382,2,9
yolo26l-seg.pt,MOTS20-11,335,9,1,93,7,0,2,1.0,0.7777777777777778,0.875,0.8260062146712474,0.8972289267951375,3,10
yolo26l-seg.pt,MOTS20-11,336,7,1,108,7,0,0,1.0,1.0,1.0,0.8114340857653638,0.8884830955328518,2,9
yolo26l-seg.pt,MOTS20-11,337,7,1,104,7,0,0,1.0,1.0,1.0,0.8306478712738752,0.901437573627368,1,8
yolo26l-seg.pt,MOTS20-11,338,7,1,106,7,0,0,1.0,1.0,1.0,0.8590806982026598,0.922558232643267,2,9
yolo26l-seg.pt,MOTS20-11,339,7,1,104,7,0,0,1.0,1.0,1.0,0.8495917754071814,0.9168479070332047,3,10
yolo26l-seg.pt,MOTS20-11,340,7,1,85,7,0,0,1.0,1.0,1.0,0.8410925295785406,0.9113431824057133,2,9
yolo26l-seg.pt,MOTS20-11,341,7,1,96,7,0,0,1.0,1.0,1.0,0.8423229716387495,0.9118809153092181,1,8
yolo26l-seg.pt,MOTS20-11,342,7,1,78,7,0,0,1.0,1.0,1.0,0.8402392893190653,0.9098397696787951,1,8
yolo26l-seg.pt,MOTS20-11,343,7,1,85,7,1,0,0.875,1.0,0.9333333333333333,0.8076000863266447,0.8907553499385654,2,10
yolo26l-seg.pt,MOTS20-11,344,7,1,80,7,0,0,1.0,1.0,1.0,0.8031691583345522,0.8877445630862602,2,9
yolo26l-seg.pt,MOTS20-11,345,7,1,82,7,0,0,1.0,1.0,1.0,0.7724043554574657,0.8656642979239451,2,9
yolo26l-seg.pt,MOTS20-11,346,7,1,81,6,1,1,0.8571428571428571,0.8571428571428571,0.8571428571428571,0.8535202860856671,0.9201580018782102,2,9
yolo26l-seg.pt,MOTS20-11,347,7,1,75,6,1,1,0.8571428571428571,0.8571428571428571,0.8571428571428571,0.8595948632365267,0.9237434702749288,2,9
yolo26l-seg.pt,MOTS20-11,348,6,1,115,6,0,0,1.0,1.0,1.0,0.8638768240032401,0.9264260254745879,3,9
yolo26l-seg.pt,MOTS20-11,349,6,1,105,6,1,0,0.8571428571428571,1.0,0.9230769230769231,0.8818242258628124,0.936960496090464,2,9
yolo26l-seg.pt,MOTS20-11,350,6,1,110,5,0,1,1.0,0.8333333333333334,0.9090909090909091,0.8829143119937596,0.9375925599057572,2,7
yolo26l-seg.pt,MOTS20-11,351,6,1,91,6,1,0,0.8571428571428571,1.0,0.9230769230769231,0.8691383537934293,0.9292387495441826,2,9
yolo26l-seg.pt,MOTS20-11,352,6,1,82,6,0,0,1.0,1.0,1.0,0.8614257627648843,0.924146669749291,2,8
yolo26l-seg.pt,MOTS20-11,353,6,1,94,6,0,0,1.0,1.0,1.0,0.8757542948062701,0.9328225976371579,2,8
yolo26l-seg.pt,MOTS20-11,354,6,1,93,6,0,0,1.0,1.0,1.0,0.8713462101741339,0.9303777837114842,2,8
yolo26l-seg.pt,MOTS20-11,355,6,1,92,6,0,0,1.0,1.0,1.0,0.8811835822041459,0.9363835610935812,2,8
yolo26l-seg.pt,MOTS20-11,356,6,1,101,6,1,0,0.8571428571428571,1.0,0.9230769230769231,0.8875677571132826,0.940273429817091,2,9
yolo26l-seg.pt,MOTS20-11,357,6,1,80,6,1,0,0.8571428571428571,1.0,0.9230769230769231,0.888213090953038,0.9404184767286238,2,9
yolo26l-seg.pt,MOTS20-11,358,6,1,86,6,1,0,0.8571428571428571,1.0,0.9230769230769231,0.8907522185574673,0.941905777367535,2,9
yolo26l-seg.pt,MOTS20-11,359,6,1,99,6,1,0,0.8571428571428571,1.0,0.9230769230769231,0.8931105133623868,0.9432218290297151,2,9
yolo26l-seg.pt,MOTS20-11,360,6,1,81,6,1,0,0.8571428571428571,1.0,0.9230769230769231,0.8939604289825193,0.9437167853804045,2,9
yolo26l-seg.pt,MOTS20-11,361,6,1,97,6,1,0,0.8571428571428571,1.0,0.9230769230769231,0.8944376547957217,0.9439093404439397,2,9
yolo26l-seg.pt,MOTS20-11,362,6,1,97,6,1,0,0.8571428571428571,1.0,0.9230769230769231,0.8919253584666335,0.942479170725416,2,9
yolo26l-seg.pt,MOTS20-11,363,6,1,98,6,1,0,0.8571428571428571,1.0,0.9230769230769231,0.893374867341617,0.9433021854297657,2,9
yolo26l-seg.pt,MOTS20-11,364,6,1,78,6,1,0,0.8571428571428571,1.0,0.9230769230769231,0.8990498359662631,0.9465295735880751,2,9
yolo26l-seg.pt,MOTS20-11,365,6,1,80,6,1,0,0.8571428571428571,1.0,0.9230769230769231,0.8893987512819294,0.9410941035342698,2,9
yolo26l-seg.pt,MOTS20-11,366,6,1,76,6,1,0,0.8571428571428571,1.0,0.9230769230769231,0.8891201502662729,0.9409890893733346,2,9
yolo26l-seg.pt,MOTS20-11,367,6,1,84,6,1,0,0.8571428571428571,1.0,0.9230769230769231,0.8952006567749415,0.9444394809506312,2,9
yolo26l-seg.pt,MOTS20-11,368,6,1,96,6,1,0,0.8571428571428571,1.0,0.9230769230769231,0.8916943261145412,0.9421802496588524,2,9
yolo26l-seg.pt,MOTS20-11,369,7,1,103,6,2,1,0.75,0.8571428571428571,0.8,0.8897134416778357,0.9408400164336291,1,9
yolo26l-seg.pt,MOTS20-11,370,7,1,117,6,2,1,0.75,0.8571428571428571,0.8,0.8931423567123754,0.9429462729590856,1,9
yolo26l-seg.pt,MOTS20-11,371,7,1,119,6,2,1,0.75,0.8571428571428571,0.8,0.8906584962828421,0.9416036609090775,1,9
yolo26l-seg.pt,MOTS20-11,372,7,1,122,6,1,1,0.8571428571428571,0.8571428571428571,0.8571428571428571,0.887138323072735,0.939614956846098,2,9
yolo26l-seg.pt,MOTS20-11,373,7,1,133,7,1,0,0.875,1.0,0.9333333333333333,0.8834498735279676,0.9375135115341349,2,10
yolo26l-seg.pt,MOTS20-11,374,7,1,119,7,1,0,0.875,1.0,0.9333333333333333,0.8840124903531105,0.9378503852176129,2,10
yolo26l-seg.pt,MOTS20-11,375,7,1,121,7,1,0,0.875,1.0,0.9333333333333333,0.882089759138629,0.9367681090566995,2,10
yolo26l-seg.pt,MOTS20-11,376,7,1,132,7,1,0,0.875,1.0,0.9333333333333333,0.8771873489875356,0.9338125817335234,0,8
yolo26l-seg.pt,MOTS20-11,377,7,1,136,7,1,0,0.875,1.0,0.9333333333333333,0.8768662452872649,0.933495075467552,0,8
yolo26l-seg.pt,MOTS20-11,378,8,1,122,7,3,1,0.7,0.875,0.7777777777777778,0.8811215220147689,0.9361067432627432,0,10
yolo26l-seg.pt,MOTS20-11,379,8,1,126,7,1,1,0.875,0.875,0.875,0.8845739127163089,0.9380230655696147,0,8
yolo26l-seg.pt,MOTS20-11,380,8,1,113,7,0,1,1.0,0.875,0.9333333333333333,0.8847350983217932,0.9381167831275983,0,7
yolo26l-seg.pt,MOTS20-11,381,8,1,95,7,0,1,1.0,0.875,0.9333333333333333,0.8758861648185927,0.9328377290318175,3,10
yolo26l-seg.pt,MOTS20-11,382,8,1,91,7,0,1,1.0,0.875,0.9333333333333333,0.8741299904454634,0.9320515873537483,1,8
yolo26l-seg.pt,MOTS20-11,383,8,1,82,7,0,1,1.0,0.875,0.9333333333333333,0.8760501372958703,0.9334061297920517,0,7
yolo26l-seg.pt,MOTS20-11,384,8,1,95,6,0,2,1.0,0.75,0.8571428571428571,0.8855363391325833,0.9389788154732778,0,6
yolo26l-seg.pt,MOTS20-11,385,8,1,100,7,0,1,1.0,0.875,0.9333333333333333,0.8735610832162916,0.9317039998396732,0,7
yolo26l-seg.pt,MOTS20-11,386,8,1,96,7,0,1,1.0,0.875,0.9333333333333333,0.8661445296047947,0.9274270753653838,0,7
yolo26l-seg.pt,MOTS20-11,387,8,1,90,6,0,2,1.0,0.75,0.8571428571428571,0.8858703875989028,0.9388375122235023,0,6
yolo26l-seg.pt,MOTS20-11,388,8,1,78,6,0,2,1.0,0.75,0.8571428571428571,0.8860882117763493,0.9392316267928099,0,6
yolo26l-seg.pt,MOTS20-11,389,8,1,71,7,0,1,1.0,0.875,0.9333333333333333,0.8781049316384093,0.9343830302145532,0,7
yolo26l-seg.pt,MOTS20-11,390,8,1,98,7,0,1,1.0,0.875,0.9333333333333333,0.8762416290029016,0.9331067446609987,0,7
yolo26l-seg.pt,MOTS20-11,391,8,1,101,7,0,1,1.0,0.875,0.9333333333333333,0.886775147906221,0.9395230385386882,1,8
yolo26l-seg.pt,MOTS20-11,392,8,1,99,7,0,1,1.0,0.875,0.9333333333333333,0.8849352019416779,0.9383705147094529,0,7
yolo26l-seg.pt,MOTS20-11,393,8,1,98,7,0,1,1.0,0.875,0.9333333333333333,0.8939443648407014,0.9436727027625855,0,7
yolo26l-seg.pt,MOTS20-11,394,8,1,94,7,0,1,1.0,0.875,0.9333333333333333,0.8895227227656823,0.9410126631941699,0,7
yolo26l-seg.pt,MOTS20-11,395,8,1,85,7,0,1,1.0,0.875,0.9333333333333333,0.8935259565355402,0.9434160490157109,0,7
yolo26l-seg.pt,MOTS20-11,396,8,1,76,7,0,1,1.0,0.875,0.9333333333333333,0.9002097943081103,0.9469580753502768,0,7
yolo26l-seg.pt,MOTS20-11,397,8,1,81,7,0,1,1.0,0.875,0.9333333333333333,0.9021627462313279,0.9481569323235373,0,7
yolo26l-seg.pt,MOTS20-11,398,8,1,88,7,0,1,1.0,0.875,0.9333333333333333,0.9025502540501985,0.9483720340793946,0,7
yolo26l-seg.pt,MOTS20-11,399,8,1,82,7,0,1,1.0,0.875,0.9333333333333333,0.9095408105640248,0.9522658052306989,0,7
yolo26l-seg.pt,MOTS20-11,400,8,1,74,7,0,1,1.0,0.875,0.9333333333333333,0.9039040430110378,0.9492001906235261,0,7
yolo26l-seg.pt,MOTS20-11,401,8,1,63,7,0,1,1.0,0.875,0.9333333333333333,0.9005786226109641,0.9473338714762922,0,7
yolo26l-seg.pt,MOTS20-11,402,8,1,71,7,0,1,1.0,0.875,0.9333333333333333,0.9052088589200571,0.9499296960317596,0,7
yolo26l-seg.pt,MOTS20-11,403,8,1,89,7,0,1,1.0,0.875,0.9333333333333333,0.8983678241117258,0.9460655503041545,0,7
yolo26l-seg.pt,MOTS20-11,404,8,1,76,7,0,1,1.0,0.875,0.9333333333333333,0.8902744781259677,0.9410190529060526,0,7
yolo26l-seg.pt,MOTS20-11,405,8,1,76,7,0,1,1.0,0.875,0.9333333333333333,0.87547511443797,0.9320850240754707,0,7
yolo26l-seg.pt,MOTS20-11,406,8,1,64,7,0,1,1.0,0.875,0.9333333333333333,0.8541110733562167,0.9181550400456194,0,7
yolo26l-seg.pt,MOTS20-11,407,8,1,52,8,0,0,1.0,1.0,1.0,0.8346001232887807,0.9062920923410449,0,8
yolo26l-seg.pt,MOTS20-11,408,8,1,76,8,0,0,1.0,1.0,1.0,0.8535501794273386,0.9190828154363471,0,8
yolo26l-seg.pt,MOTS20-11,409,8,1,69,8,0,0,1.0,1.0,1.0,0.8656248576587806,0.9259988062737172,1,9
yolo26l-seg.pt,MOTS20-11,410,8,1,78,8,0,0,1.0,1.0,1.0,0.8764141704743595,0.9329733284298671,0,8
yolo26l-seg.pt,MOTS20-11,411,8,1,63,8,0,0,1.0,1.0,1.0,0.8760684328202402,0.9324038924864948,0,8
yolo26l-seg.pt,MOTS20-11,412,8,1,71,8,0,0,1.0,1.0,1.0,0.877004823630964,0.9332910604995823,1,9
yolo26l-seg.pt,MOTS20-11,413,8,1,77,8,0,0,1.0,1.0,1.0,0.8734528207802421,0.931171458581135,0,8
yolo26l-seg.pt,MOTS20-11,414,8,1,73,8,0,0,1.0,1.0,1.0,0.8701818882611826,0.9292190754778583,1,9
yolo26l-seg.pt,MOTS20-11,415,8,1,74,8,0,0,1.0,1.0,1.0,0.8658982940356512,0.9262420858954561,1,9
yolo26l-seg.pt,MOTS20-11,416,8,1,73,8,0,0,1.0,1.0,1.0,0.8508609464096044,0.9169268929223484,1,9
yolo26l-seg.pt,MOTS20-11,417,9,1,61,8,0,1,1.0,0.8888888888888888,0.9411764705882353,0.8480887291095744,0.9148792033095936,0,8
yolo26l-seg.pt,MOTS20-11,418,9,1,70,8,0,1,1.0,0.8888888888888888,0.9411764705882353,0.843953593539654,0.911761961666363,0,8
yolo26l-seg.pt,MOTS20-11,419,9,1,61,8,1,1,0.8888888888888888,0.8888888888888888,0.8888888888888888,0.845765890749862,0.9127293964339784,0,9
yolo26l-seg.pt,MOTS20-11,420,8,1,61,8,0,0,1.0,1.0,1.0,0.854747246903164,0.9181869165891587,0,8
yolo26l-seg.pt,MOTS20-11,421,8,1,63,8,0,0,1.0,1.0,1.0,0.8583518781948012,0.920792653476267,0,8
yolo26l-seg.pt,MOTS20-11,422,8,1,59,8,1,0,0.8888888888888888,1.0,0.9411764705882353,0.8542442112253582,0.9188811728946491,0,9
yolo26l-seg.pt,MOTS20-11,423,8,1,75,8,1,0,0.8888888888888888,1.0,0.9411764705882353,0.8546723838086976,0.9194175691918025,1,10
yolo26l-seg.pt,MOTS20-11,424,8,1,71,8,1,0,0.8888888888888888,1.0,0.9411764705882353,0.8708033541850272,0.9293194203840144,2,11
yolo26l-seg.pt,MOTS20-11,425,9,1,75,9,1,0,0.9,1.0,0.9473684210526315,0.8566600551909603,0.9215856605007348,1,11
yolo26l-seg.pt,MOTS20-11,426,9,1,60,9,0,0,1.0,1.0,1.0,0.8527633245375316,0.9193089870286512,3,12
yolo26l-seg.pt,MOTS20-11,427,10,1,60,10,2,0,0.8333333333333334,1.0,0.9090909090909091,0.8178042722643702,0.8955043442566465,2,14
yolo26l-seg.pt,MOTS20-11,428,11,1,84,10,1,1,0.9090909090909091,0.9090909090909091,0.9090909090909091,0.8036863966533797,0.8858866707728905,2,13
yolo26l-seg.pt,MOTS20-11,429,11,1,87,10,2,1,0.8333333333333334,0.9090909090909091,0.8695652173913043,0.7997191566082478,0.8827876764604937,2,14
yolo26l-seg.pt,MOTS20-11,430,11,1,83,10,2,1,0.8333333333333334,0.9090909090909091,0.8695652173913043,0.8065163434083958,0.8885738277173347,1,13
yolo26l-seg.pt,MOTS20-11,431,11,1,72,10,0,1,1.0,0.9090909090909091,0.9523809523809523,0.811571531632239,0.8911830192842537,1,11
yolo26l-seg.pt,MOTS20-11,432,11,1,75,9,1,2,0.9,0.8181818181818182,0.8571428571428571,0.8389103950453012,0.9096467265580769,0,10
yolo26l-seg.pt,MOTS20-11,433,11,1,74,9,2,2,0.8181818181818182,0.8181818181818182,0.8181818181818182,0.8543038044339933,0.9196187498357415,0,11
yolo26l-seg.pt,MOTS20-11,434,11,1,82,9,0,2,1.0,0.8181818181818182,0.9,0.8609447691950189,0.9238932687023976,0,9
yolo26l-seg.pt,MOTS20-11,435,11,1,79,11,0,0,1.0,1.0,1.0,0.8208431664197812,0.896940475711355,0,11
yolo26l-seg.pt,MOTS20-11,436,11,1,75,11,0,0,1.0,1.0,1.0,0.8171508095354596,0.8957203005761744,0,11
yolo26l-seg.pt,MOTS20-11,437,11,1,85,10,0,1,1.0,0.9090909090909091,0.9523809523809523,0.8387225010340099,0.9079406982580103,0,10
yolo26l-seg.pt,MOTS20-11,438,11,1,74,10,0,1,1.0,0.9090909090909091,0.9523809523809523,0.8369073686571147,0.9060895225358985,0,10
yolo26l-seg.pt,MOTS20-11,439,11,1,79,9,0,2,1.0,0.8181818181818182,0.9,0.8669282662236371,0.9278202454084075,0,9
yolo26l-seg.pt,MOTS20-11,440,11,1,96,9,0,2,1.0,0.8181818181818182,0.9,0.8561363809378062,0.9209616888175322,0,9
yolo26l-seg.pt,MOTS20-11,441,11,1,79,10,0,1,1.0,0.9090909090909091,0.9523809523809523,0.8208447271369718,0.8963680605717572,0,10
yolo26l-seg.pt,MOTS20-11,442,11,1,70,9,0,2,1.0,0.8181818181818182,0.9,0.8560698472597513,0.9212537702268077,0,9
yolo26l-seg.pt,MOTS20-11,443,10,1,71,9,0,1,1.0,0.9,0.9473684210526315,0.8559399270202035,0.9213166504207663,0,9
yolo26l-seg.pt,MOTS20-11,444,10,1,65,9,0,1,1.0,0.9,0.9473684210526315,0.8547933278067071,0.9208070306243964,0,9
yolo26l-seg.pt,MOTS20-11,445,10,1,74,10,0,0,1.0,1.0,1.0,0.8224087832101892,0.8984965805346787,1,11
yolo26l-seg.pt,MOTS20-11,446,10,1,69,10,0,0,1.0,1.0,1.0,0.8212416744143655,0.8990149046642826,1,11
yolo26l-seg.pt,MOTS20-11,447,10,1,83,10,1,0,0.9090909090909091,1.0,0.9523809523809523,0.832490000584917,0.9067957156377957,1,12
yolo26l-seg.pt,MOTS20-11,448,10,1,90,9,0,1,1.0,0.9,0.9473684210526315,0.8614605915943624,0.9246474088252913,1,10
yolo26l-seg.pt,MOTS20-11,449,9,1,78,9,1,0,0.9,1.0,0.9473684210526315,0.8240101191553619,0.9003649990114825,3,13
yolo26l-seg.pt,MOTS20-11,450,9,1,102,9,1,0,0.9,1.0,0.9473684210526315,0.8262142842480293,0.9027328573614777,1,11
yolo26l-seg.pt,MOTS20-11,451,9,1,74,9,1,0,0.9,1.0,0.9473684210526315,0.8235516423985698,0.9013211605192242,2,12
yolo26l-seg.pt,MOTS20-11,452,9,1,76,9,1,0,0.9,1.0,0.9473684210526315,0.8328724626791637,0.9072527597359247,1,11
yolo26l-seg.pt,MOTS20-11,453,9,1,73,9,0,0,1.0,1.0,1.0,0.8468964353036541,0.9160321307082864,2,11
yolo26l-seg.pt,MOTS20-11,454,9,1,68,9,0,0,1.0,1.0,1.0,0.8536456305002214,0.9201995081643773,1,10
yolo26l-seg.pt,MOTS20-11,455,9,1,78,9,0,0,1.0,1.0,1.0,0.856693149617053,0.9220452824500218,1,10
yolo26l-seg.pt,MOTS20-11,456,9,1,83,9,0,0,1.0,1.0,1.0,0.8558803588625153,0.9214749142330328,1,10
yolo26l-seg.pt,MOTS20-11,457,9,1,92,9,0,0,1.0,1.0,1.0,0.8624093064055842,0.9254831093428398,1,10
yolo26l-seg.pt,MOTS20-11,458,9,1,101,9,0,0,1.0,1.0,1.0,0.8584683671164316,0.9228637230375141,2,11
yolo26l-seg.pt,MOTS20-11,459,9,1,107,9,0,0,1.0,1.0,1.0,0.8587641339259592,0.9233108508541,1,10
yolo26l-seg.pt,MOTS20-11,460,9,1,92,8,0,1,1.0,0.8888888888888888,0.9411764705882353,0.8576782751757271,0.9226164041899071,1,9
yolo26l-seg.pt,MOTS20-11,461,9,1,107,8,0,1,1.0,0.8888888888888888,0.9411764705882353,0.8380220611763982,0.9106011715180973,1,9
yolo26l-seg.pt,MOTS20-11,462,9,1,93,8,0,1,1.0,0.8888888888888888,0.9411764705882353,0.8489440966708698,0.9176517839382325,1,9
yolo26l-seg.pt,MOTS20-11,463,8,1,61,8,0,0,1.0,1.0,1.0,0.8498703441198047,0.9176178774678714,1,9
yolo26l-seg.pt,MOTS20-11,464,8,1,77,8,0,0,1.0,1.0,1.0,0.8457938056294754,0.9155476079912876,1,9
yolo26l-seg.pt,MOTS20-11,465,8,1,66,8,0,0,1.0,1.0,1.0,0.8404308449614646,0.911968696415207,1,9
yolo26l-seg.pt,MOTS20-11,466,8,1,68,8,0,0,1.0,1.0,1.0,0.8404432927390721,0.9125479100388265,1,9
yolo26l-seg.pt,MOTS20-11,467,8,1,71,8,0,0,1.0,1.0,1.0,0.8537847984929181,0.9202713202924809,1,9
yolo26l-seg.pt,MOTS20-11,468,8,1,76,8,0,0,1.0,1.0,1.0,0.8570736013279281,0.9223100956085796,1,9
yolo26l-seg.pt,MOTS20-11,469,8,1,79,8,1,0,0.8888888888888888,1.0,0.9411764705882353,0.8493192293972696,0.917685074209081,2,11
yolo26l-seg.pt,MOTS20-11,470,8,1,92,8,0,0,1.0,1.0,1.0,0.8303028517646265,0.9045681523742216,1,9
yolo26l-seg.pt,MOTS20-11,471,8,1,82,7,0,1,1.0,0.875,0.9333333333333333,0.86892270565719,0.9293274001158467,1,8
yolo26l-seg.pt,MOTS20-11,472,8,1,94,7,0,1,1.0,0.875,0.9333333333333333,0.8656599199123435,0.9275197573593078,1,8
yolo26l-seg.pt,MOTS20-11,473,9,1,87,7,0,2,1.0,0.7777777777777778,0.875,0.8692555144534193,0.9296770773717409,2,9
yolo26l-seg.pt,MOTS20-11,474,8,1,69,7,0,1,1.0,0.875,0.9333333333333333,0.8753762180701636,0.9329143013461989,1,8
yolo26l-seg.pt,MOTS20-11,475,8,1,75,7,0,1,1.0,0.875,0.9333333333333333,0.8662566808566783,0.9271883187866302,1,8
yolo26l-seg.pt,MOTS20-11,476,8,1,72,7,0,1,1.0,0.875,0.9333333333333333,0.8611887478668852,0.9239563539669933,2,9
yolo26l-seg.pt,MOTS20-11,477,8,1,73,7,0,1,1.0,0.875,0.9333333333333333,0.8688052323357731,0.9289588540682204,2,9
yolo26l-seg.pt,MOTS20-11,478,8,1,79,7,0,1,1.0,0.875,0.9333333333333333,0.8712685474973998,0.9306884353081788,1,8
yolo26l-seg.pt,MOTS20-11,479,8,1,83,7,0,1,1.0,0.875,0.9333333333333333,0.8724251390331238,0.9311726152433686,1,8
yolo26l-seg.pt,MOTS20-11,480,8,1,81,7,0,1,1.0,0.875,0.9333333333333333,0.8635218862081272,0.9256142371543522,1,8
yolo26l-seg.pt,MOTS20-11,481,8,1,67,7,0,1,1.0,0.875,0.9333333333333333,0.8575726516317405,0.9217405104404449,1,8
yolo26l-seg.pt,MOTS20-11,482,8,1,59,7,0,1,1.0,0.875,0.9333333333333333,0.8440897562026618,0.9133822716008806,0,7
yolo26l-seg.pt,MOTS20-11,483,8,1,59,7,0,1,1.0,0.875,0.9333333333333333,0.8427202948689707,0.9126902719328353,1,8
yolo26l-seg.pt,MOTS20-11,484,8,1,54,8,0,0,1.0,1.0,1.0,0.8324459621240091,0.9068379094649461,1,9
yolo26l-seg.pt,MOTS20-11,485,9,1,74,8,0,1,1.0,0.8888888888888888,0.9411764705882353,0.844699494225251,0.913915133466045,1,9
yolo26l-seg.pt,MOTS20-11,486,9,1,77,8,1,1,0.8888888888888888,0.8888888888888888,0.8888888888888888,0.843312503646122,0.9122353250846328,0,9
yolo26l-seg.pt,MOTS20-11,487,10,1,91,8,0,2,1.0,0.8,0.8888888888888888,0.8342896128263957,0.906190198894709,1,9
yolo26l-seg.pt,MOTS20-11,488,10,1,92,6,1,4,0.8571428571428571,0.6,0.7058823529411765,0.8910989072760588,0.9421292433655822,1,8
yolo26l-seg.pt,MOTS20-11,489,10,1,81,6,1,4,0.8571428571428571,0.6,0.7058823529411765,0.8886852279777507,0.940723897110713,1,8
yolo26l-seg.pt,MOTS20-11,490,10,1,121,6,1,4,0.8571428571428571,0.6,0.7058823529411765,0.8816355089378188,0.9367532597016112,0,7
yolo26l-seg.pt,MOTS20-11,491,10,1,85,6,1,4,0.8571428571428571,0.6,0.7058823529411765,0.8784195906996866,0.9348078568613977,1,8
yolo26l-seg.pt,MOTS20-11,492,10,1,100,6,1,4,0.8571428571428571,0.6,0.7058823529411765,0.8838778210751577,0.9379487903939522,1,8
yolo26l-seg.pt,MOTS20-11,493,10,1,101,6,1,4,0.8571428571428571,0.6,0.7058823529411765,0.8895920537790136,0.9412752346916867,1,8
yolo26l-seg.pt,MOTS20-11,494,10,1,105,6,2,4,0.75,0.6,0.6666666666666666,0.8911622571728403,0.9421589666332838,1,9
yolo26l-seg.pt,MOTS20-11,495,10,1,104,7,2,3,0.7777777777777778,0.7,0.7368421052631579,0.8742057411365517,0.9321190905951501,0,9
yolo26l-seg.pt,MOTS20-11,496,10,1,97,8,1,2,0.8888888888888888,0.8,0.8421052631578947,0.8402479043041375,0.9089447325375533,1,10
yolo26l-seg.pt,MOTS20-11,497,10,1,102,8,1,2,0.8888888888888888,0.8,0.8421052631578947,0.8288360650629937,0.9021126111460935,1,10
yolo26l-seg.pt,MOTS20-11,498,10,1,92,8,0,2,1.0,0.8,0.8888888888888888,0.8372192892820712,0.9080791613407937,1,9
yolo26l-seg.pt,MOTS20-11,499,10,1,90,6,0,4,1.0,0.6,0.75,0.879627147478187,0.9355054179015893,0,6
yolo26l-seg.pt,MOTS20-11,500,10,1,89,6,0,4,1.0,0.6,0.75,0.8775179701000758,0.9343834234926721,0,6
yolo26l-seg.pt,MOTS20-11,501,10,1,91,7,0,3,1.0,0.7,0.8235294117647058,0.8414198154258353,0.9087340999841444,1,8
yolo26l-seg.pt,MOTS20-11,502,10,1,69,6,1,4,0.8571428571428571,0.6,0.7058823529411765,0.8876732457197596,0.9401411135552545,1,8
yolo26l-seg.pt,MOTS20-11,503,10,1,64,7,0,3,1.0,0.7,0.8235294117647058,0.8419744204311774,0.9084466842973651,1,8
yolo26l-seg.pt,MOTS20-11,504,10,1,71,7,2,3,0.7777777777777778,0.7,0.7368421052631579,0.8484434048821649,0.9134396228314066,2,11
yolo26l-seg.pt,MOTS20-11,505,10,1,86,7,1,3,0.875,0.7,0.7777777777777778,0.8509636680378098,0.9156386142601904,2,10
yolo26l-seg.pt,MOTS20-11,506,10,1,83,6,1,4,0.8571428571428571,0.6,0.7058823529411765,0.8877705568703003,0.9398503215517625,1,8
yolo26l-seg.pt,MOTS20-11,507,10,1,74,7,1,3,0.875,0.7,0.7777777777777778,0.863603663762262,0.9237879179540712,2,10
yolo26l-seg.pt,MOTS20-11,508,10,1,76,8,1,2,0.8888888888888888,0.8,0.8421052631578947,0.8299202469059214,0.9002736356912875,2,11
yolo26l-seg.pt,MOTS20-11,509,10,1,69,8,0,2,1.0,0.8,0.8888888888888888,0.8350345187949184,0.9054508367392801,2,10
yolo26l-seg.pt,MOTS20-11,510,10,1,71,8,0,2,1.0,0.8,0.8888888888888888,0.8447561038443299,0.9126403404716663,1,9
yolo26l-seg.pt,MOTS20-11,511,8,1,69,8,0,0,1.0,1.0,1.0,0.8385519317063181,0.9094215841036012,1,9
yolo26l-seg.pt,MOTS20-11,512,8,1,71,8,0,0,1.0,1.0,1.0,0.8483120355739774,0.9158973162186831,1,9
yolo26l-seg.pt,MOTS20-11,513,8,1,63,8,0,0,1.0,1.0,1.0,0.8600492798885269,0.9229080919899948,1,9
yolo26l-seg.pt,MOTS20-11,514,8,1,72,8,1,0,0.8888888888888888,1.0,0.9411764705882353,0.8588169231562763,0.9219274901347548,1,10
yolo26l-seg.pt,MOTS20-11,515,8,1,64,8,0,0,1.0,1.0,1.0,0.847476024791536,0.9144719915449899,1,9
yolo26l-seg.pt,MOTS20-11,516,8,1,63,8,0,0,1.0,1.0,1.0,0.8343172749607616,0.9048087378298862,1,9
yolo26l-seg.pt,MOTS20-11,517,8,1,60,8,0,0,1.0,1.0,1.0,0.831300177138799,0.9019432618883991,1,9
yolo26l-seg.pt,MOTS20-11,518,8,1,76,8,0,0,1.0,1.0,1.0,0.8461648906790182,0.9127876475519934,1,9
yolo26l-seg.pt,MOTS20-11,519,8,1,91,7,0,1,1.0,0.875,0.9333333333333333,0.8716272758974999,0.9306853492085259,1,8
yolo26l-seg.pt,MOTS20-11,520,8,1,78,8,0,0,1.0,1.0,1.0,0.8305568926350876,0.9015259113636586,1,9
yolo26l-seg.pt,MOTS20-11,521,8,1,97,7,0,1,1.0,0.875,0.9333333333333333,0.8799424282085668,0.9355440154991791,0,7
yolo26l-seg.pt,MOTS20-11,522,8,1,79,7,0,1,1.0,0.875,0.9333333333333333,0.8794296492845041,0.9350888886384638,1,8
yolo26l-seg.pt,MOTS20-11,523,8,1,77,7,0,1,1.0,0.875,0.9333333333333333,0.8793640314064346,0.9350036408648699,2,9
yolo26l-seg.pt,MOTS20-11,524,8,1,76,7,0,1,1.0,0.875,0.9333333333333333,0.8881981687834554,0.9401802261118226,1,8
yolo26l-seg.pt,MOTS20-11,525,8,1,75,7,0,1,1.0,0.875,0.9333333333333333,0.8946202859406098,0.943943039874876,1,8
yolo26l-seg.pt,MOTS20-11,526,8,1,70,7,0,1,1.0,0.875,0.9333333333333333,0.894414734257646,0.9438440445947259,0,7
yolo26l-seg.pt,MOTS20-11,527,7,1,71,7,0,0,1.0,1.0,1.0,0.8968079906277205,0.945232105352632,1,8
yolo26l-seg.pt,MOTS20-11,528,8,1,59,7,0,1,1.0,0.875,0.9333333333333333,0.8964065563204304,0.9450522444458253,1,8
yolo26l-seg.pt,MOTS20-11,529,9,1,72,7,0,2,1.0,0.7777777777777778,0.875,0.8928461037006648,0.9430334897161963,1,8
yolo26l-seg.pt,MOTS20-11,530,10,1,44,7,0,3,1.0,0.7,0.8235294117647058,0.8912417047459567,0.9421778035518958,0,7
yolo26l-seg.pt,MOTS20-11,531,9,1,57,8,0,1,1.0,0.8888888888888888,0.9411764705882353,0.8590522387270791,0.9210070559575727,0,8
yolo26l-seg.pt,MOTS20-11,532,10,1,51,7,0,3,1.0,0.7,0.8235294117647058,0.8936572320416705,0.9435504708458861,0,7
yolo26l-seg.pt,MOTS20-11,533,10,1,63,7,0,3,1.0,0.7,0.8235294117647058,0.8955208692554121,0.9445431207598887,0,7
yolo26l-seg.pt,MOTS20-11,534,10,1,59,7,0,3,1.0,0.7,0.8235294117647058,0.8925320370168863,0.9427129071199888,0,7
yolo26l-seg.pt,MOTS20-11,535,10,1,73,7,0,3,1.0,0.7,0.8235294117647058,0.8868425001839534,0.9395577899275965,1,8
yolo26l-seg.pt,MOTS20-11,536,10,1,74,7,0,3,1.0,0.7,0.8235294117647058,0.8667148241075752,0.927411647627693,0,7
yolo26l-seg.pt,MOTS20-11,537,10,1,79,7,1,3,0.875,0.7,0.7777777777777778,0.8658824347622236,0.9268129491630767,0,8
yolo26l-seg.pt,MOTS20-11,538,10,1,92,7,2,3,0.7777777777777778,0.7,0.7368421052631579,0.8666138111396827,0.9271162117244537,0,9
yolo26l-seg.pt,MOTS20-11,539,10,1,86,7,1,3,0.875,0.7,0.7777777777777778,0.8520401719514176,0.9172977024317154,0,8
yolo26l-seg.pt,MOTS20-11,540,10,1,76,9,0,1,1.0,0.9,0.9473684210526315,0.7998409248516032,0.8815781209323382,0,9
yolo26l-seg.pt,MOTS20-11,541,9,1,78,9,0,0,1.0,1.0,1.0,0.8110435298793411,0.888353905980253,0,9
yolo26l-seg.pt,MOTS20-11,542,9,1,76,9,1,0,0.9,1.0,0.9473684210526315,0.8258521122134375,0.8995190302555423,1,11
yolo26l-seg.pt,MOTS20-11,543,9,1,72,8,0,1,1.0,0.8888888888888888,0.9411764705882353,0.846501107972306,0.9145504911315809,0,8
yolo26l-seg.pt,MOTS20-11,544,9,1,76,8,0,1,1.0,0.8888888888888888,0.9411764705882353,0.8351917996104177,0.9071671885956132,0,8
yolo26l-seg.pt,MOTS20-11,545,9,1,83,9,0,0,1.0,1.0,1.0,0.808969440122347,0.8889990563066476,0,9
yolo26l-seg.pt,MOTS20-11,546,10,1,90,9,0,1,1.0,0.9,0.9473684210526315,0.8014909103984433,0.8827610938388738,0,9
yolo26l-seg.pt,MOTS20-11,547,10,1,72,10,0,0,1.0,1.0,1.0,0.7776674672832609,0.8633944796661133,1,11
yolo26l-seg.pt,MOTS20-11,548,10,1,74,9,0,1,1.0,0.9,0.9473684210526315,0.8056471795760483,0.8835993393400209,1,10
yolo26l-seg.pt,MOTS20-11,549,10,1,69,9,0,1,1.0,0.9,0.9473684210526315,0.8119186394522052,0.8888844905464963,1,10
yolo26l-seg.pt,MOTS20-11,550,10,1,66,9,0,1,1.0,0.9,0.9473684210526315,0.8261462613949875,0.899152104450996,1,10
yolo26l-seg.pt,MOTS20-11,551,10,1,60,8,1,2,0.8888888888888888,0.8,0.8421052631578947,0.853501368734062,0.9196814381084243,1,10
yolo26l-seg.pt,MOTS20-11,552,9,1,59,9,0,0,1.0,1.0,1.0,0.8225069390064905,0.8966906706971862,1,10
yolo26l-seg.pt,MOTS20-11,553,8,1,62,8,0,0,1.0,1.0,1.0,0.8298523068375296,0.9003917654270034,2,10
yolo26l-seg.pt,MOTS20-11,554,8,1,50,8,0,0,1.0,1.0,1.0,0.838073504959457,0.9064176972111138,2,10
yolo26l-seg.pt,MOTS20-11,555,8,1,62,8,0,0,1.0,1.0,1.0,0.8353520387875186,0.9051605582194543,2,10
yolo26l-seg.pt,MOTS20-11,556,9,1,66,9,1,0,0.9,1.0,0.9473684210526315,0.8448103983731456,0.9116525889208857,1,11
yolo26l-seg.pt,MOTS20-11,557,8,1,74,8,0,0,1.0,1.0,1.0,0.8316883453515941,0.9032671852754964,0,8
yolo26l-seg.pt,MOTS20-11,558,8,1,55,7,0,1,1.0,0.875,0.9333333333333333,0.8452158173692143,0.911810025671051,0,7
yolo26l-seg.pt,MOTS20-11,559,8,1,57,7,0,1,1.0,0.875,0.9333333333333333,0.8603054043129356,0.9219608680128986,0,7
yolo26l-seg.pt,MOTS20-11,560,8,1,45,7,0,1,1.0,0.875,0.9333333333333333,0.8431320709499129,0.9112838666253863,0,7
yolo26l-seg.pt,MOTS20-11,561,8,1,43,7,1,1,0.875,0.875,0.875,0.8403597072174938,0.9098333437394783,0,8
yolo26l-seg.pt,MOTS20-11,562,8,1,32,8,0,0,1.0,1.0,1.0,0.8287890069699257,0.9027211943365347,0,8
yolo26l-seg.pt,MOTS20-11,563,8,1,43,8,0,0,1.0,1.0,1.0,0.8530298519744965,0.9187098294507734,0,8
yolo26l-seg.pt,MOTS20-11,564,8,1,54,8,0,0,1.0,1.0,1.0,0.8683013461777889,0.9281887399593303,0,8
yolo26l-seg.pt,MOTS20-11,565,8,1,45,8,0,0,1.0,1.0,1.0,0.8680956686688768,0.9282131456953941,0,8
yolo26l-seg.pt,MOTS20-11,566,8,1,48,8,0,0,1.0,1.0,1.0,0.8730256964417409,0.9313693864752614,0,8
yolo26l-seg.pt,MOTS20-11,567,8,1,55,8,0,0,1.0,1.0,1.0,0.8671009868061434,0.9276813029246878,0,8
yolo26l-seg.pt,MOTS20-11,568,8,1,51,8,0,0,1.0,1.0,1.0,0.8472336438525527,0.9151648066715417,0,8
yolo26l-seg.pt,MOTS20-11,569,9,1,41,8,0,1,1.0,0.8888888888888888,0.9411764705882353,0.851588195239775,0.9183490106941523,0,8
yolo26l-seg.pt,MOTS20-11,570,8,1,50,8,0,0,1.0,1.0,1.0,0.8419199550155378,0.9118655634316878,0,8
yolo26l-seg.pt,MOTS20-11,571,9,1,62,7,0,2,1.0,0.7777777777777778,0.875,0.8345862927199134,0.9074678700829993,0,7
yolo26l-seg.pt,MOTS20-11,572,8,1,58,7,0,1,1.0,0.875,0.9333333333333333,0.8432716374621912,0.913937000634465,0,7
yolo26l-seg.pt,MOTS20-11,573,8,1,73,7,0,1,1.0,0.875,0.9333333333333333,0.8620521423460525,0.9253448203056719,0,7
yolo26l-seg.pt,MOTS20-11,574,8,1,67,7,0,1,1.0,0.875,0.9333333333333333,0.8571988324453886,0.9224665498112834,0,7
yolo26l-seg.pt,MOTS20-11,575,8,1,72,7,1,1,0.875,0.875,0.875,0.8595327329140466,0.9237631998389606,0,8
yolo26l-seg.pt,MOTS20-11,576,8,1,67,8,0,0,1.0,1.0,1.0,0.8221039279532925,0.8970928836292671,0,8
yolo26l-seg.pt,MOTS20-11,577,8,1,73,8,1,0,0.8888888888888888,1.0,0.9411764705882353,0.8214517830476825,0.8990341166811779,0,9
yolo26l-seg.pt,MOTS20-11,578,8,1,69,8,1,0,0.8888888888888888,1.0,0.9411764705882353,0.8126211313574201,0.8933694599030173,0,9
yolo26l-seg.pt,MOTS20-11,579,8,1,77,8,1,0,0.8888888888888888,1.0,0.9411764705882353,0.8331782804865703,0.906886150010541,1,10
yolo26l-seg.pt,MOTS20-11,580,8,1,71,8,1,0,0.8888888888888888,1.0,0.9411764705882353,0.8243570662801671,0.901048348175637,1,10
yolo26l-seg.pt,MOTS20-11,581,8,1,53,8,1,0,0.8888888888888888,1.0,0.9411764705882353,0.8498358873501225,0.9175586128342146,0,9
yolo26l-seg.pt,MOTS20-11,582,8,1,55,8,0,0,1.0,1.0,1.0,0.8475109049979572,0.91642082245939,0,8
yolo26l-seg.pt,MOTS20-11,583,8,1,52,8,0,0,1.0,1.0,1.0,0.8316802026274221,0.9060173020009552,0,8
yolo26l-seg.pt,MOTS20-11,584,8,1,51,8,0,0,1.0,1.0,1.0,0.8348616024264297,0.907794440761549,1,9
yolo26l-seg.pt,MOTS20-11,585,8,1,56,8,0,0,1.0,1.0,1.0,0.8440596525832307,0.9130044199736644,0,8
yolo26l-seg.pt,MOTS20-11,586,8,1,65,8,1,0,0.8888888888888888,1.0,0.9411764705882353,0.8478191392876953,0.9141337796636713,1,10
yolo26l-seg.pt,MOTS20-11,587,8,1,61,8,1,0,0.8888888888888888,1.0,0.9411764705882353,0.8284704038671047,0.9018466181925555,0,9
yolo26l-seg.pt,MOTS20-11,588,8,1,61,8,0,0,1.0,1.0,1.0,0.839409425205347,0.9071791903408252,1,9
yolo26l-seg.pt,MOTS20-11,589,9,1,62,9,0,0,1.0,1.0,1.0,0.8195697580762599,0.8944695321350967,0,9
yolo26l-seg.pt,MOTS20-11,590,9,1,75,8,2,1,0.8,0.8888888888888888,0.8421052631578947,0.8248285765425725,0.9017118690353149,0,10
yolo26l-seg.pt,MOTS20-11,591,9,1,86,8,1,1,0.8888888888888888,0.8888888888888888,0.8888888888888888,0.8479643204458354,0.9163081821062469,0,9
yolo26l-seg.pt,MOTS20-11,592,9,1,87,8,1,1,0.8888888888888888,0.8888888888888888,0.8888888888888888,0.8428278106671202,0.9125063665993154,1,10
yolo26l-seg.pt,MOTS20-11,593,10,1,78,8,0,2,1.0,0.8,0.8888888888888888,0.8226031514701401,0.8999021522574238,1,9
yolo26l-seg.pt,MOTS20-11,594,10,1,70,8,0,2,1.0,0.8,0.8888888888888888,0.7944402280805181,0.87916343779355,1,9
yolo26l-seg.pt,MOTS20-11,595,10,1,59,7,0,3,1.0,0.7,0.8235294117647058,0.8295870436642234,0.9041133570785101,1,8
yolo26l-seg.pt,MOTS20-11,596,10,1,60,6,0,4,1.0,0.6,0.75,0.8351197252215297,0.9083083291493447,0,6
yolo26l-seg.pt,MOTS20-11,597,9,1,63,7,0,2,1.0,0.7777777777777778,0.875,0.8134069765661235,0.8937480116822291,0,7
yolo26l-seg.pt,MOTS20-11,598,10,1,74,7,0,3,1.0,0.7,0.8235294117647058,0.8122444186328285,0.8923966517386763,0,7
yolo26l-seg.pt,MOTS20-11,599,11,1,72,8,1,3,0.8888888888888888,0.7272727272727273,0.8,0.8078061166513557,0.8894906502081783,0,9
yolo26l-seg.pt,MOTS20-11,600,11,1,76,8,1,3,0.8888888888888888,0.7272727272727273,0.8,0.810122644657371,0.8913767203788121,1,10
yolo26l-seg.pt,MOTS20-11,601,11,1,72,8,0,3,1.0,0.7272727272727273,0.8421052631578947,0.8209289703684197,0.8966410817447167,0,8
yolo26l-seg.pt,MOTS20-11,602,11,1,75,8,0,3,1.0,0.7272727272727273,0.8421052631578947,0.8147689663402704,0.8923612021139953,0,8
yolo26l-seg.pt,MOTS20-11,603,11,1,62,8,0,3,1.0,0.7272727272727273,0.8421052631578947,0.8152423056087927,0.8925578924609584,0,8
yolo26l-seg.pt,MOTS20-11,604,10,1,52,8,0,2,1.0,0.8,0.8888888888888888,0.8194333926516497,0.8955144699747997,0,8
yolo26l-seg.pt,MOTS20-11,605,10,1,82,8,0,2,1.0,0.8,0.8888888888888888,0.8213582370013504,0.8961281516481471,0,8
yolo26l-seg.pt,MOTS20-11,606,10,1,85,8,0,2,1.0,0.8,0.8888888888888888,0.8116324612663022,0.8891705525006048,0,8
yolo26l-seg.pt,MOTS20-11,607,10,1,85,8,0,2,1.0,0.8,0.8888888888888888,0.826986088091877,0.9001503189627786,0,8
yolo26l-seg.pt,MOTS20-11,608,10,1,71,8,0,2,1.0,0.8,0.8888888888888888,0.8296212396897202,0.9028375571007854,0,8
yolo26l-seg.pt,MOTS20-11,609,10,1,68,9,0,1,1.0,0.9,0.9473684210526315,0.7999283377065088,0.8822976056009554,0,9
yolo26l-seg.pt,MOTS20-11,610,9,1,64,9,1,0,0.9,1.0,0.9473684210526315,0.8213122073615796,0.898210608610718,0,10
yolo26l-seg.pt,MOTS20-11,611,11,1,68,9,2,2,0.8181818181818182,0.8181818181818182,0.8181818181818182,0.8359898486136429,0.9074486455416343,0,11
yolo26l-seg.pt,MOTS20-11,612,10,1,70,9,0,1,1.0,0.9,0.9473684210526315,0.8410275655503928,0.910672141319565,0,9
yolo26l-seg.pt,MOTS20-11,613,10,1,63,9,0,1,1.0,0.9,0.9473684210526315,0.8434288666187986,0.912806359524732,0,9
yolo26l-seg.pt,MOTS20-11,614,10,1,69,9,0,1,1.0,0.9,0.9473684210526315,0.8402000711723098,0.9109798696463157,0,9
yolo26l-seg.pt,MOTS20-11,615,10,1,64,9,0,1,1.0,0.9,0.9473684210526315,0.8233689798441662,0.900718969838301,0,9
yolo26l-seg.pt,MOTS20-11,616,10,1,72,9,0,1,1.0,0.9,0.9473684210526315,0.8087580437856895,0.8913143068931695,0,9
yolo26l-seg.pt,MOTS20-11,617,10,1,57,10,0,0,1.0,1.0,1.0,0.8204199803144642,0.8981196540579972,0,10
yolo26l-seg.pt,MOTS20-11,618,10,1,78,10,0,0,1.0,1.0,1.0,0.8219719032279865,0.8995812858158386,0,10
yolo26l-seg.pt,MOTS20-11,619,10,1,67,10,0,0,1.0,1.0,1.0,0.8239976610867661,0.9013509090757419,0,10
yolo26l-seg.pt,MOTS20-11,620,10,1,71,10,0,0,1.0,1.0,1.0,0.8349411472827153,0.908377764213912,0,10
yolo26l-seg.pt,MOTS20-11,621,10,1,62,10,0,0,1.0,1.0,1.0,0.8309164737589916,0.9054182513760616,1,11
yolo26l-seg.pt,MOTS20-11,622,10,1,65,10,0,0,1.0,1.0,1.0,0.8392254963413428,0.9105355670756573,1,11
yolo26l-seg.pt,MOTS20-11,623,10,1,65,10,1,0,0.9090909090909091,1.0,0.9523809523809523,0.8351429917927874,0.9078979912361221,0,11
yolo26l-seg.pt,MOTS20-11,624,10,1,77,10,1,0,0.9090909090909091,1.0,0.9523809523809523,0.8148576905987026,0.8943777448901511,0,11
yolo26l-seg.pt,MOTS20-11,625,10,1,69,10,1,0,0.9090909090909091,1.0,0.9523809523809523,0.8142575541419941,0.8936447782758548,1,12
yolo26l-seg.pt,MOTS20-11,626,10,1,68,10,0,0,1.0,1.0,1.0,0.8099771461975747,0.8896399001875114,1,11
yolo26l-seg.pt,MOTS20-11,627,11,1,66,10,1,1,0.9090909090909091,0.9090909090909091,0.9090909090909091,0.8088879220685351,0.8882290409018202,1,12
yolo26l-seg.pt,MOTS20-11,628,11,1,72,9,1,2,0.9,0.8181818181818182,0.8571428571428571,0.8212256875441112,0.895210729060136,1,11
yolo26l-seg.pt,MOTS20-11,629,11,1,80,9,0,2,1.0,0.8181818181818182,0.9,0.8179250990423204,0.8914156664916322,1,10
yolo26l-seg.pt,MOTS20-11,630,11,1,74,8,2,3,0.8,0.7272727272727273,0.7619047619047619,0.8645168209811046,0.9234031992641284,1,11
yolo26l-seg.pt,MOTS20-11,631,11,1,72,7,2,4,0.7777777777777778,0.6363636363636364,0.7,0.9019648349107917,0.9481952640835368,1,10
yolo26l-seg.pt,MOTS20-11,632,10,1,75,8,0,2,1.0,0.8,0.8888888888888888,0.8644634545205143,0.9238173722233889,2,10
yolo26l-seg.pt,MOTS20-11,633,10,1,82,8,0,2,1.0,0.8,0.8888888888888888,0.8646408065572936,0.9235380425392817,0,8
yolo26l-seg.pt,MOTS20-11,634,10,1,74,8,0,2,1.0,0.8,0.8888888888888888,0.8687130209885358,0.9260564078421539,0,8
yolo26l-seg.pt,MOTS20-11,635,10,1,78,9,0,1,1.0,0.9,0.9473684210526315,0.8386677352395355,0.907724354558726,0,9
yolo26l-seg.pt,MOTS20-11,636,10,1,74,8,1,2,0.8888888888888888,0.8,0.8421052631578947,0.8575630207247052,0.9203334842135413,0,9
yolo26l-seg.pt,MOTS20-11,637,10,1,67,9,0,1,1.0,0.9,0.9473684210526315,0.8286468076651683,0.8996339382699428,0,9
yolo26l-seg.pt,MOTS20-11,638,10,1,76,9,0,1,1.0,0.9,0.9473684210526315,0.8410358055280784,0.9083372387159506,0,9
yolo26l-seg.pt,MOTS20-11,639,10,1,86,9,0,1,1.0,0.9,0.9473684210526315,0.8601881792430182,0.9220360886483131,0,9
yolo26l-seg.pt,MOTS20-11,640,10,1,77,9,0,1,1.0,0.9,0.9473684210526315,0.8691370682429582,0.9282467436315651,0,9
yolo26l-seg.pt,MOTS20-11,641,10,1,72,9,0,1,1.0,0.9,0.9473684210526315,0.8727765169726988,0.9305133122983743,0,9
yolo26l-seg.pt,MOTS20-11,642,10,1,68,9,0,1,1.0,0.9,0.9473684210526315,0.8790207673005684,0.934202771392588,0,9
yolo26l-seg.pt,MOTS20-11,643,10,1,64,9,1,1,0.9,0.9,0.9,0.8839761606802516,0.9376169789543306,0,10
yolo26l-seg.pt,MOTS20-11,644,10,1,68,9,0,1,1.0,0.9,0.9473684210526315,0.8859240012866417,0.9386676808123043,0,9
yolo26l-seg.pt,MOTS20-11,645,10,1,70,9,0,1,1.0,0.9,0.9473684210526315,0.8896391719426394,0.9409603578349497,0,9
yolo26l-seg.pt,MOTS20-11,646,10,1,62,9,0,1,1.0,0.9,0.9473684210526315,0.8865070139178166,0.93927101630254,0,9
yolo26l-seg.pt,MOTS20-11,647,10,1,66,9,0,1,1.0,0.9,0.9473684210526315,0.8845882727587544,0.9381462045464549,0,9
yolo26l-seg.pt,MOTS20-11,648,10,1,68,9,0,1,1.0,0.9,0.9473684210526315,0.8839181939897106,0.9376811003092053,0,9
yolo26l-seg.pt,MOTS20-11,649,10,1,66,9,0,1,1.0,0.9,0.9473684210526315,0.8809529073247607,0.9359833085760554,0,9
yolo26l-seg.pt,MOTS20-11,650,10,1,77,9,0,1,1.0,0.9,0.9473684210526315,0.8796110791780177,0.9350315373873579,0,9
yolo26l-seg.pt,MOTS20-11,651,10,1,64,9,0,1,1.0,0.9,0.9473684210526315,0.8709244947561848,0.9297397550894713,0,9
yolo26l-seg.pt,MOTS20-11,652,10,1,76,9,0,1,1.0,0.9,0.9473684210526315,0.8647676777051022,0.9258691449413347,0,9
yolo26l-seg.pt,MOTS20-11,653,10,1,75,9,0,1,1.0,0.9,0.9473684210526315,0.8722361561534856,0.9305435720095372,1,10
yolo26l-seg.pt,MOTS20-11,654,10,1,70,9,0,1,1.0,0.9,0.9473684210526315,0.874304073772419,0.9319592016944753,0,9
yolo26l-seg.pt,MOTS20-11,655,10,1,67,9,0,1,1.0,0.9,0.9473684210526315,0.8707786354865017,0.9300956411906431,1,10
yolo26l-seg.pt,MOTS20-11,656,10,1,61,9,0,1,1.0,0.9,0.9473684210526315,0.8729067419539421,0.9312964826763976,1,10
yolo26l-seg.pt,MOTS20-11,657,10,1,60,9,0,1,1.0,0.9,0.9473684210526315,0.8746962689066449,0.9323196695748902,1,10
yolo26l-seg.pt,MOTS20-11,658,10,1,64,9,0,1,1.0,0.9,0.9473684210526315,0.8703883395361105,0.9296716202586208,1,10
yolo26l-seg.pt,MOTS20-11,659,10,1,62,9,0,1,1.0,0.9,0.9473684210526315,0.8686192958199873,0.9283010272111955,0,9
yolo26l-seg.pt,MOTS20-11,660,10,1,61,9,0,1,1.0,0.9,0.9473684210526315,0.859843495296135,0.9227842825928934,0,9
yolo26l-seg.pt,MOTS20-11,661,10,1,72,9,0,1,1.0,0.9,0.9473684210526315,0.8602068234873845,0.9226463318345599,1,10
yolo26l-seg.pt,MOTS20-11,662,10,1,67,9,0,1,1.0,0.9,0.9473684210526315,0.862433346246797,0.9241374729675103,1,10
yolo26l-seg.pt,MOTS20-11,663,10,1,57,9,1,1,0.9,0.9,0.9,0.8702936368881231,0.9292449246320942,1,11
yolo26l-seg.pt,MOTS20-11,664,10,1,57,9,1,1,0.9,0.9,0.9,0.8593018418734537,0.9218853777419065,1,11
yolo26l-seg.pt,MOTS20-11,665,10,1,63,9,1,1,0.9,0.9,0.9,0.8545777276513118,0.9176574876509717,1,11
yolo26l-seg.pt,MOTS20-11,666,10,1,59,9,1,1,0.9,0.9,0.9,0.852458785007984,0.9149371041141371,2,12
yolo26l-seg.pt,MOTS20-11,667,10,1,69,8,1,2,0.8888888888888888,0.8,0.8421052631578947,0.896264322187429,0.944731486202042,1,10
yolo26l-seg.pt,MOTS20-11,668,9,1,53,8,1,1,0.8888888888888888,0.8888888888888888,0.8888888888888888,0.9008684192100224,0.9474055340762502,2,11
yolo26l-seg.pt,MOTS20-11,669,9,1,61,8,1,1,0.8888888888888888,0.8888888888888888,0.8888888888888888,0.9027446950788869,0.9484951584791151,1,10
yolo26l-seg.pt,MOTS20-11,670,9,1,56,8,1,1,0.8888888888888888,0.8888888888888888,0.8888888888888888,0.8938187651474241,0.9434014061988129,1,10
yolo26l-seg.pt,MOTS20-11,671,9,1,66,8,2,1,0.8,0.8888888888888888,0.8421052631578947,0.893967945755969,0.9435113993083757,0,10
yolo26l-seg.pt,MOTS20-11,672,9,1,72,8,1,1,0.8888888888888888,0.8888888888888888,0.8888888888888888,0.89435093514619,0.9435426328386567,0,9
yolo26l-seg.pt,MOTS20-11,673,9,1,70,8,1,1,0.8888888888888888,0.8888888888888888,0.8888888888888888,0.896140156551976,0.9444233869604506,0,9
yolo26l-seg.pt,MOTS20-11,674,9,1,61,8,0,1,1.0,0.8888888888888888,0.9411764705882353,0.8890560814203776,0.9405297106542299,0,8
yolo26l-seg.pt,MOTS20-11,675,9,1,52,8,0,1,1.0,0.8888888888888888,0.9411764705882353,0.8964096648988351,0.9449017980450416,0,8
yolo26l-seg.pt,MOTS20-11,676,9,1,48,8,0,1,1.0,0.8888888888888888,0.9411764705882353,0.8862737450234891,0.9392464327729801,0,8
yolo26l-seg.pt,MOTS20-11,677,9,1,52,8,0,1,1.0,0.8888888888888888,0.9411764705882353,0.88067846216746,0.9360986172594774,0,8
yolo26l-seg.pt,MOTS20-11,678,10,1,46,8,0,2,1.0,0.8,0.8888888888888888,0.872816573024795,0.9315808807535859,0,8
yolo26l-seg.pt,MOTS20-11,679,9,1,53,8,0,1,1.0,0.8888888888888888,0.9411764705882353,0.8910340801949921,0.9420249368444472,0,8
yolo26l-seg.pt,MOTS20-11,680,10,1,54,8,0,2,1.0,0.8,0.8888888888888888,0.879372594722462,0.9352859327651586,0,8
yolo26l-seg.pt,MOTS20-11,681,10,1,49,8,1,2,0.8888888888888888,0.8,0.8421052631578947,0.8712097927991466,0.930652812976869,0,9
yolo26l-seg.pt,MOTS20-11,682,9,1,57,7,2,2,0.7777777777777778,0.7777777777777778,0.7777777777777778,0.8812156304890252,0.9360573194708612,1,10
yolo26l-seg.pt,MOTS20-11,683,9,1,60,7,2,2,0.7777777777777778,0.7777777777777778,0.7777777777777778,0.8839717821725506,0.9377195710673549,1,10
yolo26l-seg.pt,MOTS20-11,684,9,1,69,7,1,2,0.875,0.7777777777777778,0.8235294117647058,0.8865290007125102,0.9393801633641364,2,10
yolo26l-seg.pt,MOTS20-11,685,10,1,83,9,0,1,1.0,0.9,0.9473684210526315,0.857337761233874,0.9194301602010175,0,9
yolo26l-seg.pt,MOTS20-11,686,10,1,85,9,0,1,1.0,0.9,0.9473684210526315,0.8472344372416942,0.9138047324663607,0,9
yolo26l-seg.pt,MOTS20-11,687,9,1,87,8,0,1,1.0,0.8888888888888888,0.9411764705882353,0.8267862119430284,0.8999163531928099,2,10
yolo26l-seg.pt,MOTS20-11,688,9,1,95,7,3,2,0.7,0.7777777777777778,0.7368421052631579,0.8317185035792696,0.9017987749572215,1,11
yolo26l-seg.pt,MOTS20-11,689,9,1,80,7,1,2,0.875,0.7777777777777778,0.8235294117647058,0.836094100983889,0.9066248344722264,2,10
yolo26l-seg.pt,MOTS20-11,690,10,1,78,8,1,2,0.8888888888888888,0.8,0.8421052631578947,0.834784735147402,0.90714037684596,1,10
yolo26l-seg.pt,MOTS20-11,691,10,1,77,8,1,2,0.8888888888888888,0.8,0.8421052631578947,0.8451819400525507,0.9137169959356797,1,10
yolo26l-seg.pt,MOTS20-11,692,9,1,82,7,2,2,0.7777777777777778,0.7777777777777778,0.7777777777777778,0.876072362875558,0.9329430513269904,2,11
yolo26l-seg.pt,MOTS20-11,693,9,1,72,8,2,1,0.8,0.8888888888888888,0.8421052631578947,0.8691676928614325,0.9289932854641652,2,12
yolo26l-seg.pt,MOTS20-11,694,9,1,74,7,2,2,0.7777777777777778,0.7777777777777778,0.7777777777777778,0.8767946546822005,0.933394407581745,1,10
yolo26l-seg.pt,MOTS20-11,695,9,1,66,6,2,3,0.75,0.6666666666666666,0.7058823529411765,0.8873624398579459,0.9395798933683297,2,10
yolo26l-seg.pt,MOTS20-11,696,9,1,90,7,2,2,0.7777777777777778,0.7777777777777778,0.7777777777777778,0.882922613638707,0.9373203119343644,0,9
yolo26l-seg.pt,MOTS20-11,697,9,1,88,7,3,2,0.7,0.7777777777777778,0.7368421052631579,0.885397821916259,0.9386903243241838,1,11
yolo26l-seg.pt,MOTS20-11,698,9,1,73,8,2,1,0.8,0.8888888888888888,0.8421052631578947,0.8440020252720305,0.912272992599521,1,11
yolo26l-seg.pt,MOTS20-11,699,9,1,86,9,1,0,0.9,1.0,0.9473684210526315,0.8022388058966656,0.8834779734561614,0,10
yolo26l-seg.pt,MOTS20-11,700,9,1,86,8,1,1,0.8888888888888888,0.8888888888888888,0.8888888888888888,0.8499809736071705,0.9171415809383521,0,9
yolo26l-seg.pt,MOTS20-11,701,9,1,61,8,1,1,0.8888888888888888,0.8888888888888888,0.8888888888888888,0.8672246264221976,0.9280349781896202,0,9
yolo26l-seg.pt,MOTS20-11,702,8,1,62,7,1,1,0.875,0.875,0.875,0.8826268720138356,0.9366231306205126,0,8
yolo26l-seg.pt,MOTS20-11,703,8,1,56,8,1,0,0.8888888888888888,1.0,0.9411764705882353,0.8775946478301955,0.9332598985819025,0,9
yolo26l-seg.pt,MOTS20-11,704,8,1,52,7,1,1,0.875,0.875,0.875,0.900928004651912,0.9470965572572451,0,8
yolo26l-seg.pt,MOTS20-11,705,8,1,43,7,1,1,0.875,0.875,0.875,0.9019474286125091,0.9477367612504182,0,8
yolo26l-seg.pt,MOTS20-11,706,9,1,48,7,0,2,1.0,0.7777777777777778,0.875,0.9019570517942787,0.9479156758817355,0,7
yolo26l-seg.pt,MOTS20-11,707,8,1,44,7,0,1,1.0,0.875,0.9333333333333333,0.8944369790488815,0.9434799488908737,0,7
yolo26l-seg.pt,MOTS20-11,708,8,1,39,7,0,1,1.0,0.875,0.9333333333333333,0.8870028795235815,0.9390545397143122,0,7
yolo26l-seg.pt,MOTS20-11,709,8,1,29,7,0,1,1.0,0.875,0.9333333333333333,0.8827703256708762,0.9366098551061992,0,7
yolo26l-seg.pt,MOTS20-11,710,9,1,44,7,0,2,1.0,0.7777777777777778,0.875,0.8746326030098039,0.9307875622514766,0,7
yolo26l-seg.pt,MOTS20-11,711,9,1,63,6,1,3,0.8571428571428571,0.6666666666666666,0.75,0.9035570691938292,0.9485454576831406,0,7
yolo26l-seg.pt,MOTS20-11,712,9,1,46,7,0,2,1.0,0.7777777777777778,0.875,0.8714684462912251,0.9300996436233708,1,8
yolo26l-seg.pt,MOTS20-11,713,8,1,57,7,0,1,1.0,0.875,0.9333333333333333,0.8855464093217363,0.9384323071616316,1,8
yolo26l-seg.pt,MOTS20-11,714,7,1,64,7,0,0,1.0,1.0,1.0,0.87084349833892,0.9290414682212005,2,9
yolo26l-seg.pt,MOTS20-11,715,7,1,75,7,0,0,1.0,1.0,1.0,0.8849246375863122,0.9378894011591423,3,10
yolo26l-seg.pt,MOTS20-11,716,8,1,65,7,0,1,1.0,0.875,0.9333333333333333,0.8655585617195424,0.9262108688137272,3,10
yolo26l-seg.pt,MOTS20-11,717,8,1,82,6,1,2,0.8571428571428571,0.75,0.8,0.864520285253947,0.9244238171966668,1,8
yolo26l-seg.pt,MOTS20-11,718,8,1,66,7,1,1,0.875,0.875,0.875,0.8646788049820163,0.9255251145863808,1,9
yolo26l-seg.pt,MOTS20-11,719,7,1,57,7,0,0,1.0,1.0,1.0,0.8763617584386563,0.9329034842985664,1,8
yolo26l-seg.pt,MOTS20-11,720,7,1,50,7,0,0,1.0,1.0,1.0,0.8834216472655472,0.9373926616352504,1,8
yolo26l-seg.pt,MOTS20-11,721,7,1,61,7,1,0,0.875,1.0,0.9333333333333333,0.8861933172796512,0.9388427397213671,1,9
yolo26l-seg.pt,MOTS20-11,722,7,1,44,7,0,0,1.0,1.0,1.0,0.8611645291278265,0.9229657431768684,1,8
yolo26l-seg.pt,MOTS20-11,723,7,1,44,6,0,1,1.0,0.8571428571428571,0.9230769230769231,0.9059959932957637,0.9500679365206568,1,7
yolo26l-seg.pt,MOTS20-11,724,6,1,40,6,0,0,1.0,1.0,1.0,0.8845065940841902,0.9372805931374665,1,7
yolo26l-seg.pt,MOTS20-11,725,7,1,46,6,0,1,1.0,0.8571428571428571,0.9230769230769231,0.8780780142852462,0.933381102105392,1,7
yolo26l-seg.pt,MOTS20-11,726,7,1,67,6,0,1,1.0,0.8571428571428571,0.9230769230769231,0.8502421108254578,0.9133841871537429,1,7
yolo26l-seg.pt,MOTS20-11,727,7,1,77,6,0,1,1.0,0.8571428571428571,0.9230769230769231,0.8738625958354623,0.9314944194245731,1,7
yolo26l-seg.pt,MOTS20-11,728,7,1,69,6,0,1,1.0,0.8571428571428571,0.9230769230769231,0.8864661178019332,0.9392864244815966,0,6
yolo26l-seg.pt,MOTS20-11,729,7,1,64,6,0,1,1.0,0.8571428571428571,0.9230769230769231,0.8913381320146033,0.9422786252645509,2,8
yolo26l-seg.pt,MOTS20-11,730,5,1,72,5,0,0,1.0,1.0,1.0,0.8878207568794567,0.9399720770987559,2,7
yolo26l-seg.pt,MOTS20-11,731,5,1,70,5,0,0,1.0,1.0,1.0,0.8791169637900103,0.9348511546994288,0,5
yolo26l-seg.pt,MOTS20-11,732,8,1,68,5,0,3,1.0,0.625,0.7692307692307693,0.8663134143129072,0.9274997853684226,0,5
yolo26l-seg.pt,MOTS20-11,733,8,1,76,6,1,2,0.8571428571428571,0.75,0.8,0.8075919007627128,0.8868143037660197,0,7
yolo26l-seg.pt,MOTS20-11,734,7,1,88,7,1,0,0.875,1.0,0.9333333333333333,0.7434765794280331,0.8385250875751016,0,8
yolo26l-seg.pt,MOTS20-11,735,7,1,82,7,2,0,0.7777777777777778,1.0,0.875,0.8175041880195865,0.8950818825189669,1,10
yolo26l-seg.pt,MOTS20-11,736,8,1,97,7,0,1,1.0,0.875,0.9333333333333333,0.8002119682297416,0.883667164830442,0,7
yolo26l-seg.pt,MOTS20-11,737,8,1,89,6,0,2,1.0,0.75,0.8571428571428571,0.820853169364443,0.8972108630860717,0,6
yolo26l-seg.pt,MOTS20-11,738,8,1,63,7,0,1,1.0,0.875,0.9333333333333333,0.8050859814780251,0.8880788154110987,1,8
yolo26l-seg.pt,MOTS20-11,739,8,1,77,6,3,2,0.6666666666666666,0.75,0.7058823529411765,0.8280724341862933,0.9032155445642583,1,10
yolo26l-seg.pt,MOTS20-11,740,8,1,92,7,1,1,0.875,0.875,0.875,0.7890888564907889,0.8730849554842887,2,10
yolo26l-seg.pt,MOTS20-11,741,9,1,115,6,0,3,1.0,0.6666666666666666,0.8,0.8157608683349187,0.8928650597459097,3,9
yolo26l-seg.pt,MOTS20-11,742,9,1,106,8,0,1,1.0,0.8888888888888888,0.9411764705882353,0.7835857897315124,0.8724180758529029,3,11
yolo26l-seg.pt,MOTS20-11,743,10,1,123,9,0,1,1.0,0.9,0.9473684210526315,0.7282673038386012,0.8360274960239236,2,11
yolo26l-seg.pt,MOTS20-11,744,8,1,124,7,0,1,1.0,0.875,0.9333333333333333,0.7902376501949663,0.879867226109267,3,10
yolo26l-seg.pt,MOTS20-11,745,9,1,120,8,0,1,1.0,0.8888888888888888,0.9411764705882353,0.7987603936675298,0.8828587809854079,4,12
yolo26l-seg.pt,MOTS20-11,746,10,1,119,10,0,0,1.0,1.0,1.0,0.7705391032534625,0.8660834160437355,3,13
yolo26l-seg.pt,MOTS20-11,747,10,1,144,9,0,1,1.0,0.9,0.9473684210526315,0.7868228980526166,0.876268637970142,1,10
yolo26l-seg.pt,MOTS20-11,748,10,1,130,10,0,0,1.0,1.0,1.0,0.7883393462866537,0.878212533733422,2,12
yolo26l-seg.pt,MOTS20-11,749,10,1,135,10,0,0,1.0,1.0,1.0,0.7633819210034963,0.8594002162748389,1,11
yolo26l-seg.pt,MOTS20-11,750,10,1,145,7,1,3,0.875,0.7,0.7777777777777778,0.8033476887128936,0.8875490371693433,2,10
yolo26l-seg.pt,MOTS20-11,751,9,1,151,6,1,3,0.8571428571428571,0.6666666666666666,0.75,0.8338581470372889,0.9061732162063733,5,12
yolo26l-seg.pt,MOTS20-11,752,9,1,145,6,0,3,1.0,0.6666666666666666,0.8,0.8436314760098128,0.9141484567780367,3,9
yolo26l-seg.pt,MOTS20-11,753,8,1,146,6,0,2,1.0,0.75,0.8571428571428571,0.8286708459375892,0.9053357509051277,4,10
yolo26l-seg.pt,MOTS20-11,754,9,1,121,6,0,3,1.0,0.6666666666666666,0.8,0.8427030072263492,0.9135546949012943,4,10
yolo26l-seg.pt,MOTS20-11,755,7,1,129,5,0,2,1.0,0.7142857142857143,0.8333333333333334,0.8612727028591184,0.9250669080690976,4,9
yolo26l-seg.pt,MOTS20-11,756,7,1,122,5,0,2,1.0,0.7142857142857143,0.8333333333333334,0.854591172849393,0.920784446483778,5,10
yolo26l-seg.pt,MOTS20-11,757,7,1,117,6,0,1,1.0,0.8571428571428571,0.9230769230769231,0.8356738065511223,0.9090046273864791,6,12
yolo26l-seg.pt,MOTS20-11,758,7,1,118,6,0,1,1.0,0.8571428571428571,0.9230769230769231,0.8529111211108259,0.9193418085760264,4,10
yolo26l-seg.pt,MOTS20-11,759,8,1,97,6,0,2,1.0,0.75,0.8571428571428571,0.8665320995037739,0.927449542531237,6,12
yolo26l-seg.pt,MOTS20-11,760,8,1,109,6,0,2,1.0,0.75,0.8571428571428571,0.8815776477501469,0.9367060716556557,3,9
yolo26l-seg.pt,MOTS20-11,761,6,1,109,6,0,0,1.0,1.0,1.0,0.8884088554889376,0.940642515663595,10,16
yolo26l-seg.pt,MOTS20-11,762,7,1,97,6,0,1,1.0,0.8571428571428571,0.9230769230769231,0.8895487881398245,0.941302708066469,7,13
yolo26l-seg.pt,MOTS20-11,763,7,1,98,6,0,1,1.0,0.8571428571428571,0.9230769230769231,0.8703922296735548,0.9302593276813701,5,11
yolo26l-seg.pt,MOTS20-11,764,7,1,113,7,0,0,1.0,1.0,1.0,0.8455942393293403,0.9150886571980233,5,12
yolo26l-seg.pt,MOTS20-11,765,7,1,113,7,0,0,1.0,1.0,1.0,0.8397330784233985,0.9114007568012644,2,9
yolo26l-seg.pt,MOTS20-11,766,7,1,108,6,0,1,1.0,0.8571428571428571,0.9230769230769231,0.8791324407984443,0.9352991996640792,2,8
yolo26l-seg.pt,MOTS20-11,767,7,1,117,6,0,1,1.0,0.8571428571428571,0.9230769230769231,0.8741029517981481,0.9325595231283054,1,7
yolo26l-seg.pt,MOTS20-11,768,7,1,99,6,0,1,1.0,0.8571428571428571,0.9230769230769231,0.8738766975553189,0.9325279746538883,2,8
yolo26l-seg.pt,MOTS20-11,769,7,1,90,6,0,1,1.0,0.8571428571428571,0.9230769230769231,0.8743633636892872,0.9327838311764919,3,9
yolo26l-seg.pt,MOTS20-11,770,7,1,94,6,0,1,1.0,0.8571428571428571,0.9230769230769231,0.8420667521933493,0.9132653597051706,1,7
yolo26l-seg.pt,MOTS20-11,771,7,1,108,6,0,1,1.0,0.8571428571428571,0.9230769230769231,0.8221258431005481,0.9002235701108793,2,8
yolo26l-seg.pt,MOTS20-11,772,8,1,93,7,1,1,0.875,0.875,0.875,0.8261747155351564,0.900266648881883,5,13
yolo26l-seg.pt,MOTS20-11,773,9,1,95,7,0,2,1.0,0.7777777777777778,0.875,0.830689884223563,0.9032986074959045,1,8
yolo26l-seg.pt,MOTS20-11,774,9,1,89,7,0,2,1.0,0.7777777777777778,0.875,0.8359260348120505,0.9084122223256639,2,9
yolo26l-seg.pt,MOTS20-11,775,9,1,89,7,0,2,1.0,0.7777777777777778,0.875,0.8231335218472092,0.899657625275616,0,7
yolo26l-seg.pt,MOTS20-11,776,8,1,115,7,0,1,1.0,0.875,0.9333333333333333,0.8305790894776209,0.9048739694907884,0,7
yolo26l-seg.pt,MOTS20-11,777,8,1,88,7,0,1,1.0,0.875,0.9333333333333333,0.8517381510125139,0.9178503865125618,2,9
yolo26l-seg.pt,MOTS20-11,778,8,1,117,8,0,0,1.0,1.0,1.0,0.8428880456476471,0.912027807152467,4,12
yolo26l-seg.pt,MOTS20-11,779,8,1,120,8,0,0,1.0,1.0,1.0,0.8522799924641157,0.9178492763495875,3,11
yolo26l-seg.pt,MOTS20-11,780,8,1,141,8,0,0,1.0,1.0,1.0,0.8491119798586073,0.9162425230076368,1,9
yolo26l-seg.pt,MOTS20-11,781,8,1,121,8,1,0,0.8888888888888888,1.0,0.9411764705882353,0.8556113411718808,0.9206531968957248,3,12
yolo26l-seg.pt,MOTS20-11,782,8,1,117,8,0,0,1.0,1.0,1.0,0.8635519102541125,0.9246940542948042,3,11
yolo26l-seg.pt,MOTS20-11,783,9,1,116,8,0,1,1.0,0.8888888888888888,0.9411764705882353,0.8620991790364917,0.9240494136671604,4,12
yolo26l-seg.pt,MOTS20-11,784,9,1,124,8,0,1,1.0,0.8888888888888888,0.9411764705882353,0.8705088546533282,0.92955348242588,4,12
yolo26l-seg.pt,MOTS20-11,785,9,1,108,8,0,1,1.0,0.8888888888888888,0.9411764705882353,0.8859538109807752,0.9389224339553892,5,13
yolo26l-seg.pt,MOTS20-11,786,9,1,91,8,0,1,1.0,0.8888888888888888,0.9411764705882353,0.888420695777836,0.94038148608488,4,12
yolo26l-seg.pt,MOTS20-11,787,9,1,96,8,0,1,1.0,0.8888888888888888,0.9411764705882353,0.899758313951649,0.9470499549648452,3,11
yolo26l-seg.pt,MOTS20-11,788,9,1,95,8,0,1,1.0,0.8888888888888888,0.9411764705882353,0.9000716428592144,0.9472841351864274,3,11
yolo26l-seg.pt,MOTS20-11,789,9,1,102,9,0,0,1.0,1.0,1.0,0.8632487932099396,0.9242005768501329,2,11
yolo26l-seg.pt,MOTS20-11,790,9,1,112,9,0,0,1.0,1.0,1.0,0.8505846451374646,0.91469708677581,2,11
yolo26l-seg.pt,MOTS20-11,791,8,1,91,8,1,0,0.8888888888888888,1.0,0.9411764705882353,0.8285828496925219,0.901185391850916,2,11
yolo26l-seg.pt,MOTS20-11,792,8,1,98,8,0,0,1.0,1.0,1.0,0.8389909207881557,0.9104983387736951,3,11
yolo26l-seg.pt,MOTS20-11,793,8,1,107,8,0,0,1.0,1.0,1.0,0.8259031359485856,0.8999100538921215,4,12
yolo26l-seg.pt,MOTS20-11,794,9,1,109,7,0,2,1.0,0.7777777777777778,0.875,0.8769685525526352,0.9340867367096131,6,13
yolo26l-seg.pt,MOTS20-11,795,10,1,108,8,0,2,1.0,0.8,0.8888888888888888,0.8613522240846179,0.9242671346748408,3,11
yolo26l-seg.pt,MOTS20-11,796,10,1,108,8,0,2,1.0,0.8,0.8888888888888888,0.8674912126966541,0.927548793286659,4,12
yolo26l-seg.pt,MOTS20-11,797,10,1,114,7,0,3,1.0,0.7,0.8235294117647058,0.8812293721998159,0.9362643195683361,3,10
yolo26l-seg.pt,MOTS20-11,798,10,1,96,8,1,2,0.8888888888888888,0.8,0.8421052631578947,0.8550482837715936,0.9180510084456899,5,14
yolo26l-seg.pt,MOTS20-11,799,10,1,96,9,0,1,1.0,0.9,0.9473684210526315,0.8430906816312932,0.9111086401173909,3,12
yolo26l-seg.pt,MOTS20-11,800,10,1,83,9,0,1,1.0,0.9,0.9473684210526315,0.8613905299603897,0.9244009044861969,3,12
yolo26l-seg.pt,MOTS20-11,801,10,1,86,9,1,1,0.9,0.9,0.9,0.8606825257915797,0.9235483057739842,3,13
yolo26l-seg.pt,MOTS20-11,802,10,1,79,9,0,1,1.0,0.9,0.9473684210526315,0.8669081175866385,0.927014865648586,2,11
yolo26l-seg.pt,MOTS20-11,803,10,1,84,9,0,1,1.0,0.9,0.9473684210526315,0.8722937657664758,0.9299369835131015,2,11
yolo26l-seg.pt,MOTS20-11,804,10,1,93,9,1,1,0.9,0.9,0.9,0.8577845416213554,0.9195280403997432,2,12
yolo26l-seg.pt,MOTS20-11,805,10,1,101,9,1,1,0.9,0.9,0.9,0.8718246182502585,0.9283975537445492,2,12
yolo26l-seg.pt,MOTS20-11,806,10,1,110,9,1,1,0.9,0.9,0.9,0.8804513507443299,0.9345489721627082,3,13
yolo26l-seg.pt,MOTS20-11,807,10,1,95,9,2,1,0.8181818181818182,0.9,0.8571428571428571,0.8549747770556876,0.915907746049084,2,13
yolo26l-seg.pt,MOTS20-11,808,10,1,88,8,1,2,0.8888888888888888,0.8,0.8421052631578947,0.8937507846896341,0.9436135221947448,3,12
yolo26l-seg.pt,MOTS20-11,809,10,1,82,8,1,2,0.8888888888888888,0.8,0.8421052631578947,0.883128288400256,0.9374246907551484,0,9
yolo26l-seg.pt,MOTS20-11,810,10,1,80,9,0,1,1.0,0.9,0.9473684210526315,0.8815101299948246,0.9356896319037245,1,10
yolo26l-seg.pt,MOTS20-11,811,10,1,69,9,2,1,0.8181818181818182,0.9,0.8571428571428571,0.8950007419354772,0.9442358432143347,1,12
yolo26l-seg.pt,MOTS20-11,812,10,1,64,9,1,1,0.9,0.9,0.9,0.8982644997095098,0.9460809373739285,1,11
yolo26l-seg.pt,MOTS20-11,813,10,1,49,10,0,0,1.0,1.0,1.0,0.8876216681706962,0.9395047792547009,1,11
yolo26l-seg.pt,MOTS20-11,814,10,1,49,10,0,0,1.0,1.0,1.0,0.8888752549704033,0.9399859531541892,1,11
yolo26l-seg.pt,MOTS20-11,815,10,1,46,10,1,0,0.9090909090909091,1.0,0.9523809523809523,0.8861013291714528,0.9386471446597714,0,11
yolo26l-seg.pt,MOTS20-11,816,10,1,47,10,1,0,0.9090909090909091,1.0,0.9523809523809523,0.8783414653369253,0.9344425321588927,0,11
yolo26l-seg.pt,MOTS20-11,817,9,1,60,9,0,0,1.0,1.0,1.0,0.8844974284846561,0.9378627725281292,1,10
yolo26l-seg.pt,MOTS20-11,818,9,1,50,9,0,0,1.0,1.0,1.0,0.884439518083474,0.9373240157493835,0,9
yolo26l-seg.pt,MOTS20-11,819,9,1,54,9,0,0,1.0,1.0,1.0,0.8916026519869029,0.9416585266049649,0,9
yolo26l-seg.pt,MOTS20-11,820,9,1,48,9,0,0,1.0,1.0,1.0,0.8709525466167208,0.9275733297125615,0,9
yolo26l-seg.pt,MOTS20-11,821,9,1,45,9,1,0,0.9,1.0,0.9473684210526315,0.8749663553454846,0.9306490549636818,0,10
yolo26l-seg.pt,MOTS20-11,822,9,1,65,9,1,0,0.9,1.0,0.9473684210526315,0.8652391699209472,0.9244692220944883,0,10
yolo26l-seg.pt,MOTS20-11,823,9,1,61,9,1,0,0.9,1.0,0.9473684210526315,0.8713897965447779,0.9290049199137562,0,10
yolo26l-seg.pt,MOTS20-11,824,9,1,67,9,1,0,0.9,1.0,0.9473684210526315,0.8748686753413137,0.9314145663574165,0,10
yolo26l-seg.pt,MOTS20-11,825,9,1,62,9,1,0,0.9,1.0,0.9473684210526315,0.865900607318337,0.925726294565189,0,10
yolo26l-seg.pt,MOTS20-11,826,9,1,70,9,1,0,0.9,1.0,0.9473684210526315,0.8655247407781612,0.9250139260900959,1,11
yolo26l-seg.pt,MOTS20-11,827,9,1,82,9,1,0,0.9,1.0,0.9473684210526315,0.8620241902681429,0.9218078870805206,0,10
yolo26l-seg.pt,MOTS20-11,828,9,1,72,9,0,0,1.0,1.0,1.0,0.8639392672534945,0.9239187895746787,0,9
yolo26l-seg.pt,MOTS20-11,829,9,1,52,9,0,0,1.0,1.0,1.0,0.8720005917983135,0.9296418670159312,1,10
yolo26l-seg.pt,MOTS20-11,830,10,1,49,9,0,1,1.0,0.9,0.9473684210526315,0.8737472675602087,0.9308194833252555,0,9
yolo26l-seg.pt,MOTS20-11,831,10,1,49,9,0,1,1.0,0.9,0.9473684210526315,0.871108655510601,0.9294375667267255,0,9
yolo26l-seg.pt,MOTS20-11,832,10,1,53,9,1,1,0.9,0.9,0.9,0.8703173367842683,0.9281668683315907,0,10
yolo26l-seg.pt,MOTS20-11,833,10,1,72,9,1,1,0.9,0.9,0.9,0.8691183055108486,0.9274513394783257,0,10
yolo26l-seg.pt,MOTS20-11,834,10,1,54,10,1,0,0.9090909090909091,1.0,0.9523809523809523,0.8685944183822709,0.9273541786386923,0,11
yolo26l-seg.pt,MOTS20-11,835,10,1,59,10,0,0,1.0,1.0,1.0,0.8658712761886079,0.9259617347939573,0,10
yolo26l-seg.pt,MOTS20-11,836,10,1,61,10,1,0,0.9090909090909091,1.0,0.9523809523809523,0.8578545687869962,0.9214237518012152,0,11
yolo26l-seg.pt,MOTS20-11,837,11,1,66,10,0,1,1.0,0.9090909090909091,0.9523809523809523,0.8666422895579491,0.9269569164341609,0,10
yolo26l-seg.pt,MOTS20-11,838,11,1,70,9,1,2,0.9,0.8181818181818182,0.8571428571428571,0.8738252855621474,0.9314240889194831,0,10
yolo26l-seg.pt,MOTS20-11,839,11,1,59,9,0,2,1.0,0.8181818181818182,0.9,0.8797123372205127,0.9351759507263768,0,9
yolo26l-seg.pt,MOTS20-11,840,10,1,64,9,0,1,1.0,0.9,0.9473684210526315,0.8865601507995602,0.9391281162260261,0,9
yolo26l-seg.pt,MOTS20-11,841,10,1,57,9,0,1,1.0,0.9,0.9473684210526315,0.8918213538734902,0.9422491547522129,0,9
yolo26l-seg.pt,MOTS20-11,842,10,1,74,9,0,1,1.0,0.9,0.9473684210526315,0.8991210641755357,0.9462635001671068,1,10
yolo26l-seg.pt,MOTS20-11,843,10,1,57,9,0,1,1.0,0.9,0.9473684210526315,0.905942706838587,0.9501744742662174,1,10
yolo26l-seg.pt,MOTS20-11,844,10,1,65,9,0,1,1.0,0.9,0.9473684210526315,0.9071317598933754,0.9509981028117434,1,10
yolo26l-seg.pt,MOTS20-11,845,11,1,85,8,0,3,1.0,0.7272727272727273,0.8421052631578947,0.8923095758125779,0.9428908506518819,1,9
yolo26l-seg.pt,MOTS20-11,846,11,1,97,8,1,3,0.8888888888888888,0.7272727272727273,0.8,0.8886243696122842,0.9407535451695899,3,12
yolo26l-seg.pt,MOTS20-11,847,11,1,103,8,0,3,1.0,0.7272727272727273,0.8421052631578947,0.8821821636937907,0.9371573172086254,1,9
yolo26l-seg.pt,MOTS20-11,848,11,1,104,8,1,3,0.8888888888888888,0.7272727272727273,0.8,0.8882755525379318,0.9405354341125192,0,9
yolo26l-seg.pt,MOTS20-11,849,11,1,90,8,1,3,0.8888888888888888,0.7272727272727273,0.8,0.8786845383738864,0.935116378373853,0,9
yolo26l-seg.pt,MOTS20-11,850,11,1,99,8,1,3,0.8888888888888888,0.7272727272727273,0.8,0.888531515862734,0.9405667069194878,0,9
yolo26l-seg.pt,MOTS20-11,851,11,1,108,8,1,3,0.8888888888888888,0.7272727272727273,0.8,0.8803317857982815,0.93586260703144,0,9
yolo26l-seg.pt,MOTS20-11,852,10,1,106,7,1,3,0.875,0.7,0.7777777777777778,0.8804583772071922,0.9359259584842224,0,8
yolo26l-seg.pt,MOTS20-11,853,10,1,92,7,0,3,1.0,0.7,0.8235294117647058,0.872786146823793,0.9311684566171616,0,7
yolo26l-seg.pt,MOTS20-11,854,9,1,92,7,0,2,1.0,0.7777777777777778,0.875,0.867763840797087,0.9284144244516331,1,8
yolo26l-seg.pt,MOTS20-11,855,9,1,116,7,1,2,0.875,0.7777777777777778,0.8235294117647058,0.8690461521925927,0.9286396045879304,0,8
yolo26l-seg.pt,MOTS20-11,856,9,1,70,7,1,2,0.875,0.7777777777777778,0.8235294117647058,0.865820258512768,0.9255856302179836,0,8
yolo26l-seg.pt,MOTS20-11,857,9,1,77,7,1,2,0.875,0.7777777777777778,0.8235294117647058,0.85939995221165,0.9206541190739633,0,8
yolo26l-seg.pt,MOTS20-11,858,9,1,101,7,0,2,1.0,0.7777777777777778,0.875,0.8559928968781337,0.9187400455497418,1,8
yolo26l-seg.pt,MOTS20-11,859,9,1,101,7,0,2,1.0,0.7777777777777778,0.875,0.8347165570304231,0.9076036120457426,1,8
yolo26l-seg.pt,MOTS20-11,860,9,1,99,7,1,2,0.875,0.7777777777777778,0.8235294117647058,0.8571143437360113,0.9202182763865844,1,9
yolo26l-seg.pt,MOTS20-11,861,10,1,99,7,1,3,0.875,0.7,0.7777777777777778,0.8569613682823265,0.920239358746844,0,8
yolo26l-seg.pt,MOTS20-11,862,10,1,96,7,1,3,0.875,0.7,0.7777777777777778,0.8481816286980852,0.9151317263529578,0,8
yolo26l-seg.pt,MOTS20-11,863,10,1,125,7,1,3,0.875,0.7,0.7777777777777778,0.8411641023041707,0.9106441956630134,0,8
yolo26l-seg.pt,MOTS20-11,864,11,1,95,7,1,4,0.875,0.6363636363636364,0.7368421052631579,0.8643053487593771,0.9242171031032493,0,8
yolo26l-seg.pt,MOTS20-11,865,11,1,114,7,1,4,0.875,0.6363636363636364,0.7368421052631579,0.8628531660084604,0.9239164631650103,1,9
yolo26l-seg.pt,MOTS20-11,866,11,1,110,8,0,3,1.0,0.7272727272727273,0.8421052631578947,0.8485847160535,0.9155153098259454,0,8
yolo26l-seg.pt,MOTS20-11,867,12,1,116,9,1,3,0.9,0.75,0.8181818181818182,0.8263902006480311,0.9029411553887606,1,11
yolo26l-seg.pt,MOTS20-11,868,12,1,115,8,1,4,0.8888888888888888,0.6666666666666666,0.7619047619047619,0.8620745368530126,0.9246449036334957,0,9
yolo26l-seg.pt,MOTS20-11,869,12,1,137,8,3,4,0.7272727272727273,0.6666666666666666,0.6956521739130435,0.8537783946000302,0.919427014209121,0,11
yolo26l-seg.pt,MOTS20-11,870,11,1,132,8,2,3,0.8,0.7272727272727273,0.7619047619047619,0.8187059111253161,0.8962948379098374,1,11
yolo26l-seg.pt,MOTS20-11,871,11,1,146,9,2,2,0.8181818181818182,0.8181818181818182,0.8181818181818182,0.8167778748266348,0.8929805071952922,2,13
yolo26l-seg.pt,MOTS20-11,872,11,1,146,9,1,2,0.9,0.8181818181818182,0.8571428571428571,0.8508122523464385,0.9172320690880971,1,11
yolo26l-seg.pt,MOTS20-11,873,11,1,142,9,2,2,0.8181818181818182,0.8181818181818182,0.8181818181818182,0.8394780426198579,0.9085310673708885,0,11
yolo26l-seg.pt,MOTS20-11,874,11,1,151,9,2,2,0.8181818181818182,0.8181818181818182,0.8181818181818182,0.8191930016293284,0.895048283897608,1,12
yolo26l-seg.pt,MOTS20-11,875,10,1,154,7,2,3,0.7777777777777778,0.7,0.7368421052631579,0.8342511448905243,0.9076462776862305,2,11
yolo26l-seg.pt,MOTS20-11,876,9,1,157,6,3,3,0.6666666666666666,0.6666666666666666,0.6666666666666666,0.8600876169838455,0.924167939944514,3,12
yolo26l-seg.pt,MOTS20-11,877,10,1,159,8,2,2,0.8,0.8,0.8,0.8170866888875756,0.893448858788311,2,12
yolo26l-seg.pt,MOTS20-11,878,10,1,152,7,4,3,0.6363636363636364,0.7,0.6666666666666666,0.8292319329702668,0.9018042597941625,0,11
yolo26l-seg.pt,MOTS20-11,879,10,1,152,6,4,4,0.6,0.6,0.6,0.8833359781444448,0.9375648527435242,0,10
yolo26l-seg.pt,MOTS20-11,880,10,1,135,7,3,3,0.7,0.7,0.7,0.8429730167661222,0.9100597137272789,0,10
yolo26l-seg.pt,MOTS20-11,881,10,1,133,7,2,3,0.7777777777777778,0.7,0.7368421052631579,0.8466898175211108,0.913254007192191,0,9
yolo26l-seg.pt,MOTS20-11,882,10,1,139,7,2,3,0.7777777777777778,0.7,0.7368421052631579,0.8460752784028187,0.9127935026853778,1,10
yolo26l-seg.pt,MOTS20-11,883,10,1,130,7,0,3,1.0,0.7,0.8235294117647058,0.8412040435048965,0.910995738576235,1,8
yolo26l-seg.pt,MOTS20-11,884,10,1,123,6,0,4,1.0,0.6,0.75,0.8401646649042233,0.9114391227905546,0,6
yolo26l-seg.pt,MOTS20-11,885,10,1,114,6,1,4,0.8571428571428571,0.6,0.7058823529411765,0.800044123484397,0.886218849226181,1,8
yolo26l-seg.pt,MOTS20-11,886,10,1,127,7,1,3,0.875,0.7,0.7777777777777778,0.7919744209111713,0.880132010690363,0,8
yolo26l-seg.pt,MOTS20-11,887,10,1,129,6,0,4,1.0,0.6,0.75,0.8473564401251269,0.9151685416390022,2,8
yolo26l-seg.pt,MOTS20-11,888,9,1,135,5,1,4,0.8333333333333334,0.5555555555555556,0.6666666666666666,0.8273104411847385,0.904312167262004,5,11
yolo26l-seg.pt,MOTS20-11,889,9,1,135,5,0,4,1.0,0.5555555555555556,0.7142857142857143,0.824581190161919,0.9031399033334289,1,6
yolo26l-seg.pt,MOTS20-11,890,9,1,130,5,0,4,1.0,0.5555555555555556,0.7142857142857143,0.8223863748206408,0.9018772100495177,5,10
yolo26l-seg.pt,MOTS20-11,891,11,1,154,6,0,5,1.0,0.5454545454545454,0.7058823529411765,0.7892366382412709,0.8791033859415659,3,9
yolo26l-seg.pt,MOTS20-11,892,11,1,165,6,0,5,1.0,0.5454545454545454,0.7058823529411765,0.8440016702619477,0.9144589472687557,2,8
yolo26l-seg.pt,MOTS20-11,893,11,1,150,7,1,4,0.875,0.6363636363636364,0.7368421052631579,0.7830751236492667,0.8716002979861196,0,8
yolo26l-seg.pt,MOTS20-11,894,11,1,159,7,1,4,0.875,0.6363636363636364,0.7368421052631579,0.7879143318734693,0.8757449075905328,2,10
yolo26l-seg.pt,MOTS20-11,895,11,1,120,7,1,4,0.875,0.6363636363636364,0.7368421052631579,0.7676340337212076,0.8616143239991843,2,10
yolo26l-seg.pt,MOTS20-11,896,11,1,128,7,1,4,0.875,0.6363636363636364,0.7368421052631579,0.7898581475450562,0.8777269805734854,2,10
yolo26l-seg.pt,MOTS20-11,897,11,1,129,7,0,4,1.0,0.6363636363636364,0.7777777777777778,0.7983250175665255,0.8855732240201218,2,9
yolo26l-seg.pt,MOTS20-11,898,11,1,112,7,0,4,1.0,0.6363636363636364,0.7777777777777778,0.8252944705878037,0.9030770965462703,2,9
yolo26l-seg.pt,MOTS20-11,899,11,1,121,7,0,4,1.0,0.6363636363636364,0.7777777777777778,0.8170595346401661,0.8961360064732036,1,8
yolo26l-seg.pt,MOTS20-11,900,11,1,124,7,0,4,1.0,0.6363636363636364,0.7777777777777778,0.8163157242762102,0.8969369358741363,2,9
