model,round,sequence,frame,post_nms_candidates,predictions,rle_preparation_ms,preprocess_ms,inference_ms,postprocess_ms,total_ms,fps,image_height,image_width,input_height,input_width,ultralytics_postprocess_inclusive_ms,binary_validation_gpu_ms,mask_bitpack_gpu_ms,packed_mask_gpu_to_cpu_ms,mask_numpy_view_ms,bbox_gpu_to_cpu_ms,bbox_numpy_view_ms,prediction_objects_and_bbox_extract_ms,contaminated
yolo26l-seg.pt,1,MOTS20-02,1,146,146,432.9741159453988,1.9692240748554468,29.04171496629715,96.47204901557416,127.48298805672675,7.844183880872206,1080,1920,640,640,45.60500697698444,1.4253779081627727,13.77090101595968,34.82879605144262,0.03260199446231127,0.19030796829611063,0.030522001907229424,0.5344840465113521,False
yolo26l-seg.pt,1,MOTS20-02,26,131,131,386.66677300352603,1.888265018351376,29.377105995081365,61.55086401849985,92.81623503193259,10.773977199742685,1080,1920,640,640,40.484698954969645,1.2826670426875353,12.347409036010504,6.9838329218328,0.027530011720955372,0.10881002526730299,0.005314941518008709,0.2768650883808732,False
yolo26l-seg.pt,1,MOTS20-02,51,129,129,380.0958020146936,1.763785956427455,29.684026958420873,61.63426104467362,93.08207395952195,10.74320712315525,1080,1920,640,640,39.65855005662888,1.2599609326571226,12.16699299402535,8.09368200134486,0.029813963919878006,0.11531810741871595,0.005296897143125534,0.2811090089380741,False
yolo26l-seg.pt,1,MOTS20-02,76,131,131,383.5509279742837,1.7665119376033545,29.854986001737416,61.005725990980864,92.62722393032163,10.795962111012255,1080,1920,640,640,39.99982099048793,1.2773439520969987,12.358530075289309,6.8949220003560185,0.027875998057425022,0.11346698738634586,0.005519948899745941,0.29421900399029255,False
yolo26l-seg.pt,1,MOTS20-02,101,116,116,341.1067839479074,1.7639580182731152,30.103454017080367,55.29726296663284,87.16467500198632,11.472537469762973,1080,1920,640,640,36.30970395170152,1.163188018836081,10.967735899612308,6.338793085888028,0.032019917853176594,0.1485730754211545,0.006529968231916428,0.2894670469686389,False
yolo26l-seg.pt,1,MOTS20-02,126,120,120,352.0778270903975,1.7800010973587632,30.200576991774142,56.358171976171434,88.33875006530434,11.320060553955663,1080,1920,640,640,37.0257809991017,1.1907530715689063,11.344646918587387,6.394634023308754,0.02592499367892742,0.10099599603563547,0.005053007043898106,0.24741701781749725,False
yolo26l-seg.pt,1,MOTS20-02,151,121,121,358.1093259854242,1.7320839688181877,29.820867930538952,57.7996619977057,89.35261389706284,11.19161439588139,1080,1920,640,640,38.32243999931961,1.200438942760229,11.417605099268258,6.423562997952104,0.026224995963275433,0.1062189694494009,0.004817033186554909,0.26446895208209753,False
yolo26l-seg.pt,1,MOTS20-02,176,117,117,373.9433150039986,1.796408905647695,30.3323291009292,56.19848193600774,88.32721994258463,11.321538260233146,1080,1920,640,640,36.89867991488427,1.1724989162757993,11.056806077249348,6.378412013873458,0.0261989189311862,0.16696308739483356,0.012029893696308136,0.4522500094026327,False
yolo26l-seg.pt,1,MOTS20-02,201,119,119,362.34827898442745,1.9513729494065046,34.260608023032546,57.57712305057794,93.78910402301699,10.662219352842818,1080,1920,640,640,37.79338102322072,1.22662796638906,11.255357996560633,6.56338594853878,0.02675002906471491,0.13491802383214235,0.009141978807747364,0.5035779904574156,False
yolo26l-seg.pt,1,MOTS20-02,226,121,121,373.6473300959915,1.8363759154453874,32.54691604524851,57.73095600306988,92.11424796376377,10.856083853535704,1080,1920,640,640,37.96437301207334,1.2223630910739303,11.459975969046354,6.615368998609483,0.03218103665858507,0.12492993846535683,0.005622045136988163,0.27409999165683985,False
yolo26l-seg.pt,1,MOTS20-02,251,122,122,385.6581241125241,1.9319469574838877,33.76240294892341,60.388128040358424,96.08247794676572,10.407724918939412,1080,1920,640,640,39.48714199941605,1.2797500239685178,11.565722059458494,7.250390015542507,0.040310900658369064,0.18438207916915417,0.007570954039692879,0.502711976878345,False
yolo26l-seg.pt,1,MOTS20-02,276,113,113,354.9152279738337,1.8367109587416053,31.947676092386246,55.18894491251558,88.97333196364343,11.239322816511168,1080,1920,640,640,36.22170095331967,1.1957020033150911,10.720007005147636,6.294228951446712,0.04040705971419811,0.1952069578692317,0.01285807229578495,0.4269708879292011,False
yolo26l-seg.pt,1,MOTS20-02,300,125,125,378.55652696453035,1.8940019654110074,31.703892047517,61.186708975583315,94.78460298851132,10.550236731183103,1080,1920,640,640,40.27683800086379,1.3065560488030314,11.848830967210233,6.994526018388569,0.030813971534371376,0.18682703375816345,0.010896008461713791,0.481078983284533,False
yolo26l-seg.pt,1,MOTS20-02,325,111,111,323.4499040991068,1.702397014014423,31.201347010210156,53.109211032278836,86.01295505650342,11.626155610431969,1080,1920,640,640,35.30180500820279,1.0985300177708268,10.45754796359688,5.80532499589026,0.02717005554586649,0.1125020207837224,0.004524947144091129,0.26897399220615625,False
yolo26l-seg.pt,1,MOTS20-02,350,150,150,462.26470300462097,1.7804378876462579,31.176870106719434,92.79878297820687,125.75609097257257,7.9519011148183685,1080,1920,640,640,45.638044946826994,1.4457739889621735,14.169891946949065,31.019603018648922,0.031949952244758606,0.14922500122338533,0.009067007340490818,0.30461407732218504,False
yolo26l-seg.pt,1,MOTS20-02,375,111,111,341.64840495213866,1.8300870433449745,31.273743021301925,53.35006595123559,86.45389601588249,11.566858708325759,1080,1920,640,640,34.91388994734734,1.1334200389683247,10.506581980735064,6.139209959656,0.025379005819559097,0.12041802983731031,0.0066480133682489395,0.44137390796095133,False
yolo26l-seg.pt,1,MOTS20-02,400,124,124,378.06677795015275,2.0540800178423524,32.304828986525536,62.86048796027899,97.21939696464688,10.286013195120338,1080,1920,640,640,42.66236303374171,1.2875159736722708,11.663838988170028,6.5447569359093904,0.026395078748464584,0.13393291737884283,0.010642106644809246,0.4888989496976137,False
yolo26l-seg.pt,1,MOTS20-02,425,133,133,410.8624729560688,1.8585319630801678,43.32372802309692,71.17757899686694,116.35983898304403,8.594030455350838,1080,1920,640,640,49.22268202062696,1.4451239258050919,12.505199061706662,7.266807951964438,0.026177032850682735,0.1256359973922372,0.00646000262349844,0.5463439738377929,False
yolo26l-seg.pt,1,MOTS20-02,450,123,123,383.2907130708918,1.963548013009131,34.95957003906369,61.050468939356506,97.97358699142933,10.206832583229595,1080,1920,640,640,40.340667008422315,1.257976982742548,11.617418029345572,7.150001940317452,0.02760603092610836,0.13348995707929134,0.006418093107640743,0.4665768938139081,False
yolo26l-seg.pt,1,MOTS20-02,475,125,125,362.0275449939072,1.7746869707480073,34.51795596629381,60.272096074186265,96.56473901122808,10.355746934538132,1080,1920,640,640,40.023328037932515,1.2547200312837958,11.810143943876028,6.501851021312177,0.027340021915733814,0.12426893226802349,0.006865011528134346,0.4899600753560662,False
yolo26l-seg.pt,1,MOTS20-02,500,101,101,294.4973399862647,2.238751039840281,32.496461062692106,48.069056938402355,82.80426904093474,12.07667203131332,1080,1920,640,640,31.91364393569529,0.9954250417649746,9.536356898024678,5.257563083432615,0.024465960450470448,0.09755801875144243,0.005342997610569,0.2164699835702777,False
yolo26l-seg.pt,1,MOTS20-02,525,107,107,317.04789109062403,1.6645740251988173,32.423509983345866,50.66378798801452,84.7518719965592,11.79914940451815,1080,1920,640,640,33.41537097003311,1.0679310653358698,10.109755909070373,5.658121081069112,0.027933972887694836,0.10958302300423384,0.0047979410737752914,0.24824601132422686,False
yolo26l-seg.pt,1,MOTS20-02,550,107,107,312.9693049704656,1.76050397567451,32.48869301751256,50.49408401828259,84.74328101146966,11.800345562082427,1080,1920,640,640,33.190479036420584,1.0807419894263148,10.110049042850733,5.680489004589617,0.023450003936886787,0.10598497465252876,0.0053889816626906395,0.26432902086526155,False
yolo26l-seg.pt,1,MOTS20-02,575,106,106,311.7450058925897,1.774642034433782,32.54836495034397,50.65464100334793,84.97764798812568,11.76780040016799,1080,1920,640,640,33.443410065956414,1.0453850263729692,10.00969298183918,5.749393021687865,0.027636997401714325,0.11583499144762754,0.005724024958908558,0.23411097936332226,False
yolo26l-seg.pt,1,MOTS20-02,600,109,109,318.4700260171667,1.780916005373001,36.22720600105822,53.06915589608252,91.07727790251374,10.97968695408715,1080,1920,640,640,35.46461195219308,1.0955729521811008,10.26628096587956,5.805451073683798,0.04090997390449047,0.1213169889524579,0.005766982212662697,0.24450605269521475,False
yolo26l-seg.pt,1,MOTS20-05,1,49,49,22.418351960368454,0.8458949159830809,34.887578105553985,6.102075916714966,41.83554893825203,23.903116497311146,480,640,640,640,4.467063001357019,0.15072105452418327,0.7535190088674426,0.48185698688030243,0.02035300713032484,0.07826497312635183,0.005217967554926872,0.12321607209742069,False
yolo26l-seg.pt,1,MOTS20-05,36,61,61,30.246975016780198,0.8157839765772223,34.47389299981296,7.015565992332995,42.30524296872318,23.637732106616504,480,640,640,640,4.997572978027165,0.1528839347884059,0.9367120219394565,0.6150699919089675,0.019690021872520447,0.10551000013947487,0.008724979124963284,0.15869399067014456,False
yolo26l-seg.pt,1,MOTS20-05,71,48,48,21.786276949569583,0.9085070341825485,33.04204298183322,5.931010935455561,39.88156095147133,25.07424424076128,480,640,640,640,4.253841005265713,0.15345902647823095,0.744650955311954,0.4998520016670227,0.017823069356381893,0.10529696010053158,0.008875969797372818,0.12676906771957874,False
yolo26l-seg.pt,1,MOTS20-05,106,73,73,38.907050038687885,0.8679080056026578,31.918067019432783,9.376651956699789,42.16262698173523,23.71768724072146,480,640,640,640,6.8242879351601005,0.212309998460114,1.111841993406415,0.7631230400875211,0.021890969946980476,0.10184501297771931,0.0062140170484781265,0.2984249731525779,False
yolo26l-seg.pt,1,MOTS20-05,140,73,73,37.07008401397616,1.0261780116707087,31.97038301732391,8.240098017267883,41.2366590462625,24.25026719255122,480,640,640,640,5.857207928784192,0.20447105634957552,1.103327958844602,0.7204000139608979,0.020234030671417713,0.11747097596526146,0.007899012416601181,0.18716801423579454,False
yolo26l-seg.pt,1,MOTS20-05,175,30,30,13.796840095892549,1.6337039414793253,30.645127058960497,4.590044962242246,36.86887596268207,27.123148560649906,480,640,640,640,3.4361110301688313,0.09853707160800695,0.5008089356124401,0.3432950470596552,0.018051941879093647,0.07477100007236004,0.004903995431959629,0.09275006595999002,False
yolo26l-seg.pt,1,MOTS20-05,210,51,51,23.84364593308419,0.803353963419795,31.206520041450858,6.124129984527826,38.13400398939848,26.22331503080576,480,640,640,640,4.3769399635493755,0.14384801033884287,0.7894959999248385,0.5189679795876145,0.017971033230423927,0.11208001524209976,0.007294001989066601,0.13634900096803904,False
yolo26l-seg.pt,1,MOTS20-05,245,60,60,26.64505795110017,0.8517430396750569,30.769858043640852,6.817071000114083,38.43867208342999,26.01546686705331,480,640,640,640,4.887296003289521,0.1462650252506137,0.9123279014602304,0.5929390899837017,0.019549974240362644,0.09129301179200411,0.005978974513709545,0.14018500223755836,False
yolo26l-seg.pt,1,MOTS20-05,280,72,72,34.45681103039533,0.8040040265768766,30.512731056660414,7.56300101056695,38.87973609380424,25.72033919127751,480,640,640,640,5.321025964803994,0.18661795184016228,1.0826840298250318,0.6975389551371336,0.019152997992932796,0.07837207522243261,0.004434958100318909,0.15381595585495234,False
yolo26l-seg.pt,1,MOTS20-05,314,73,73,32.96070999931544,0.8184319594874978,30.39145201910287,7.714645005762577,38.924528984352946,25.690741187953343,480,640,640,640,5.397532950155437,0.1752820098772645,1.0971250012516975,0.7240009726956487,0.020068022422492504,0.07991399616003036,0.004781992174685001,0.1866850070655346,False
yolo26l-seg.pt,1,MOTS20-05,349,52,52,22.927940008230507,0.8867300348356366,30.024645966477692,6.141072022728622,37.05244802404195,26.988770063212485,480,640,640,640,4.4287689961493015,0.1457489561289549,0.8066550362855196,0.5161499138921499,0.018115038983523846,0.07503596134483814,0.0048420624807477,0.11785794049501419,False
yolo26l-seg.pt,1,MOTS20-05,384,71,71,31.943971989676356,0.78223692253232,30.24346102029085,7.717014057561755,38.74271200038493,25.811306136495155,480,640,640,640,5.418051965534687,0.18631096463650465,1.0709050111472607,0.7358229486271739,0.019681057892739773,0.11064799036830664,0.005383975803852081,0.14898297376930714,False
yolo26l-seg.pt,1,MOTS20-05,419,50,50,23.940575891174376,0.8822540985420346,30.052661895751953,6.438101059757173,37.37301705405116,26.757272460870322,480,640,640,640,4.70488506834954,0.14966202434152365,0.7964670658111572,0.5376889603212476,0.01982401590794325,0.07872201967984438,0.004770001396536827,0.12399791739881039,False
yolo26l-seg.pt,1,MOTS20-05,454,49,49,23.00865889992565,0.9155150037258863,30.472801066935062,6.57792401034385,37.9662400810048,26.33918970818283,480,640,640,640,4.877511993981898,0.14153204392641783,0.7536829216405749,0.572139979340136,0.018557067960500717,0.07385795470327139,0.005242065526545048,0.11571997310966253,False
yolo26l-seg.pt,1,MOTS20-05,489,47,47,25.095778051763773,0.8049579337239265,30.074637033976614,5.77059097122401,36.65018593892455,27.284991177573918,480,640,640,640,4.201992996968329,0.14205602928996086,0.7267639739438891,0.46182400546967983,0.01693295780569315,0.07227901369333267,0.004886998794972897,0.12386904563754797,False
yolo26l-seg.pt,1,MOTS20-05,524,32,32,14.974439982324839,1.6235359944403172,29.934527003206313,4.733456065878272,36.2915190635249,27.55464708571702,480,640,640,640,3.566630999557674,0.11424603872001171,0.507333897985518,0.340560101903975,0.015700003132224083,0.071696937084198,0.004576984792947769,0.09238405618816614,False
yolo26l-seg.pt,1,MOTS20-05,558,71,71,35.34940804820508,0.8255569264292717,32.23797108512372,7.605746970511973,40.66927498206496,24.588586849433565,480,640,640,640,5.377296940423548,0.18435099627822638,1.0673139477148652,0.678934040479362,0.018590944819152355,0.08003099355846643,0.004545086994767189,0.17075100913643837,False
yolo26l-seg.pt,1,MOTS20-05,593,52,52,25.14699602033943,0.9536829311400652,29.8970730509609,6.271057995036244,37.12181397713721,26.938338751869335,480,640,640,640,4.520116024650633,0.14597107656300068,0.800478970631957,0.5596430273726583,0.018058926798403263,0.0766280572861433,0.004931003786623478,0.12437091208994389,False
yolo26l-seg.pt,1,MOTS20-05,628,39,39,19.221346010454,0.862539978697896,30.619565048255026,5.859898985363543,37.342004012316465,26.779494739226404,480,640,640,640,4.320782027207315,0.15727407298982143,0.6331499898806214,0.4067299887537956,0.017125043086707592,0.09217695333063602,0.00620097853243351,0.1841760240495205,False
yolo26l-seg.pt,1,MOTS20-05,663,70,70,33.534824033267796,0.7573430193588138,30.87123204022646,7.563691935501993,39.192266995087266,25.515237486143622,480,640,640,640,5.327577004209161,0.1843268983066082,1.0516410693526268,0.7018899777904153,0.017613056115806103,0.0761859118938446,0.004541012458503246,0.17843896057456732,False
yolo26l-seg.pt,1,MOTS20-05,698,68,68,32.92669798247516,0.896556070074439,29.653677949681878,7.2641290025785565,37.814363022334874,26.444978047345522,480,640,640,640,5.131636979058385,0.15473994426429272,1.0261660208925605,0.6616869941353798,0.019515049643814564,0.09350001346319914,0.005221925675868988,0.15179405454546213,False
yolo26l-seg.pt,1,MOTS20-05,732,71,71,34.58713903091848,0.8483739802613854,30.26250295806676,8.033756050281227,39.144632988609374,25.546286263329847,480,640,640,640,5.642180098220706,0.22534094750881195,1.0870950063690543,0.7322820601984859,0.018731923773884773,0.10518799535930157,0.008556991815567017,0.18013303633779287,False
yolo26l-seg.pt,1,MOTS20-05,767,73,73,35.638566012494266,0.9069449733942747,29.981956933625042,8.134868112392724,39.02377001941204,25.62540727106988,480,640,640,640,5.765158100984991,0.18135597929358482,1.1036960640922189,0.7387619698420167,0.0203009694814682,0.08295499719679356,0.004883040674030781,0.20739599131047726,False
yolo26l-seg.pt,1,MOTS20-05,802,45,45,22.009343025274575,0.9490440133959055,29.726964072324336,5.798517959192395,36.474526044912636,27.41639463028683,480,640,640,640,4.214296932332218,0.13975496403872967,0.703787081874907,0.4664339357987046,0.01881900243461132,0.07801002357155085,0.0054460251703858376,0.14150701463222504,False
yolo26l-seg.pt,1,MOTS20-05,837,38,38,18.98567797616124,0.8256729925051332,30.168081051670015,5.4005219135433435,36.39427595771849,27.476848314327302,480,640,640,640,3.9628029335290194,0.1457809703424573,0.6421380676329136,0.4215469816699624,0.019483966752886772,0.0743520213291049,0.004439032636582851,0.10826392099261284,False
yolo26l-seg.pt,1,MOTS20-09,1,67,67,195.67454606294632,2.1116610150784254,29.20759399421513,32.772334991022944,64.0915900003165,15.602671114807134,1080,1920,640,640,21.628902992233634,0.7197620579972863,6.361345993354917,3.7386330077424645,0.024755951017141342,0.10305596515536308,0.004973029717803001,0.16469997353851795,False
yolo26l-seg.pt,1,MOTS20-09,23,51,51,148.73855409678072,1.7424710094928741,29.53744598198682,25.06945899222046,56.349375983700156,17.74642544913477,1080,1920,640,640,16.493519069626927,0.5775869358330965,4.853347083553672,2.8378249844536185,0.03724102862179279,0.10235793888568878,0.004159985110163689,0.14184799510985613,False
yolo26l-seg.pt,1,MOTS20-09,45,64,64,186.37166393455118,1.9205809803679585,28.899744036607444,31.509854015894234,62.33017903286964,16.043592614624977,1080,1920,640,640,20.831858972087502,0.6677060155197978,6.079301005229354,3.6031949566677213,0.025879940949380398,0.10897102765738964,0.005420995876193047,0.16371207311749458,False
yolo26l-seg.pt,1,MOTS20-09,66,54,54,161.3769750110805,1.7029260052368045,28.949434985406697,27.12436905130744,57.77673004195094,17.308006169160368,1080,1920,640,640,18.074463005177677,0.574803096242249,5.12863090261817,3.020595060661435,0.024353968910872936,0.09682506788522005,0.005574896931648254,0.1686540199443698,False
yolo26l-seg.pt,1,MOTS20-09,88,46,46,133.82499804720283,1.7468699952587485,29.038478969596326,22.821336053311825,53.6066850181669,18.65438983330358,1080,1920,640,640,15.054094954393804,0.5019470117986202,4.399475990794599,2.591777010820806,0.02352998126298189,0.10312197264283895,0.0054549891501665115,0.1211860217154026,False
yolo26l-seg.pt,1,MOTS20-09,110,55,55,159.44763296283782,1.7755540320649743,28.980441973544657,28.30496395472437,59.060959960334,16.93165841990396,1080,1920,640,640,18.960469984449446,0.5927670281380415,5.251829046756029,3.1775489915162325,0.02461101394146681,0.11917692609131336,0.005881069228053093,0.1450929557904601,False
yolo26l-seg.pt,1,MOTS20-09,132,73,73,213.2589319953695,1.7893920885398984,28.818992897868156,36.41316806897521,67.02155305538327,14.920573373965983,1080,1920,640,640,24.164885049685836,0.7731069345027208,6.918882019817829,4.043539986014366,0.0321660190820694,0.13747496996074915,0.007588998414576054,0.3041510935872793,False
yolo26l-seg.pt,1,MOTS20-09,154,56,56,164.07630010508,1.880947034806013,37.831646972335875,30.34545900300145,70.05805301014334,14.273876549997974,1080,1920,640,640,20.600768039003015,0.6545520154759288,5.338193033821881,3.2139880349859595,0.034638913348317146,0.16882608179003,0.010174931958317757,0.27989805676043034,False
yolo26l-seg.pt,1,MOTS20-09,176,73,73,216.87384299002588,1.8094850238412619,38.97357895039022,37.71729301661253,78.50035699084401,12.738795571549264,1080,1920,640,640,25.542270042933524,0.805896008387208,6.9192880764603615,4.057912970893085,0.036112964153289795,0.13664900325238705,0.005312031134963036,0.1889290288090706,False
yolo26l-seg.pt,1,MOTS20-09,198,54,54,160.5963819893077,1.7544279107823968,38.37198298424482,28.671319014392793,68.79772990942001,14.535363322548767,1080,1920,640,640,19.68337409198284,0.6055179983377457,5.122773931361735,2.9333760030567646,0.025119050405919552,0.10165898129343987,0.005556968972086906,0.16226409934461117,False
yolo26l-seg.pt,1,MOTS20-09,219,65,65,195.6003300147131,2.0954839419573545,42.15903009753674,35.04384297411889,79.29835701361299,12.610601753430176,1080,1920,640,640,25.264355936087668,0.775667023845017,6.199068040587008,2.4452420184388757,0.02467399463057518,0.09118497837334871,0.005559995770454407,0.20492298062890768,False
yolo26l-seg.pt,1,MOTS20-09,241,78,78,233.2031480036676,1.9626290304586291,42.77948604431003,42.14499890804291,86.88711398281157,11.509186508344895,1080,1920,640,640,30.51659499760717,0.9155069710686803,7.398349000141025,2.843985101208091,0.025720917619764805,0.10460999328643084,0.009492039680480957,0.285543967038393,False
yolo26l-seg.pt,1,MOTS20-09,263,85,85,258.15354008227587,1.974456012248993,45.87737307883799,46.692874981090426,94.54470407217741,10.577007034011963,1080,1920,640,640,33.77044992521405,1.0303690796718001,8.059841929934919,3.206231980584562,0.027686008252203465,0.11168303899466991,0.005775946192443371,0.417224015109241,False
yolo26l-seg.pt,1,MOTS20-09,285,71,71,212.49333396553993,2.029994037002325,42.82300197519362,37.394940038211644,82.24793605040759,12.158359808410589,1080,1920,640,640,26.830710005015135,0.8064849535003304,6.718463031575084,2.664746018126607,0.02509600017219782,0.09032199159264565,0.006212969310581684,0.228791031986475,False
yolo26l-seg.pt,1,MOTS20-09,307,81,81,269.9277949286625,2.0131380297243595,42.802548967301846,43.987517012283206,88.80320400930941,11.260854956260003,1080,1920,640,640,31.10730997286737,0.9511680109426379,7.69111595582217,3.58474999666214,0.03062805626541376,0.1436739694327116,0.012658070772886276,0.40693895425647497,False
yolo26l-seg.pt,1,MOTS20-09,328,96,96,291.94624500814825,1.990355085581541,42.772840010002255,50.41238688863814,95.17558198422194,10.50689661310165,1080,1920,640,640,36.28990496508777,1.0962209198623896,9.079387062229216,3.4910349640995264,0.02641801256686449,0.09936396963894367,0.005386071279644966,0.2892919583246112,False
yolo26l-seg.pt,1,MOTS20-09,350,69,69,209.66377994045615,2.0789640257135034,42.78767097275704,36.6536770015955,81.52031200006604,12.266881412318318,1080,1920,640,640,26.334399939514697,0.7819560123607516,6.534449988976121,2.6335520669817924,0.025848043151199818,0.09115098509937525,0.005003996193408966,0.22048794198781252,False
yolo26l-seg.pt,1,MOTS20-09,372,62,62,200.9049269836396,2.0569791086018085,42.859364999458194,34.69374089036137,79.61008499842137,12.561222614193033,1080,1920,640,640,24.99714691657573,0.7832850096747279,5.908193998038769,2.501136972568929,0.024585053324699402,0.12081593740731478,0.013331067748367786,0.30393002089112997,False
yolo26l-seg.pt,1,MOTS20-09,394,62,62,195.0415560277179,2.0664819749072194,45.91645102482289,35.9329009661451,83.91583396587521,11.916702161437792,1080,1920,640,640,26.176731917075813,0.8050440810620785,5.916235968470573,2.487436984665692,0.02747203689068556,0.15982496552169323,0.011045951396226883,0.3041560994461179,False
yolo26l-seg.pt,1,MOTS20-09,416,70,70,221.36421198956668,2.0653760293498635,49.302309984341264,40.229293052107096,91.59697906579822,10.917390619199953,1080,1920,640,640,29.713634052313864,0.8788679260760546,6.659082020632923,2.6013549650087953,0.02504698932170868,0.09395403321832418,0.005668029189109802,0.2190680243074894,False
yolo26l-seg.pt,1,MOTS20-09,438,75,75,239.85331796575338,2.2104119416326284,47.155324020422995,42.607665061950684,91.97340102400631,10.872708727374194,1080,1920,640,640,30.950507032684982,0.9376829257234931,7.133146049454808,2.941956976428628,0.03466603811830282,0.17767795361578465,0.01820304896682501,0.3564259968698025,False
yolo26l-seg.pt,1,MOTS20-09,460,51,51,160.824045073241,2.0742600318044424,45.32594000920653,29.329985030926764,76.73018507193774,13.032680672703426,1080,1920,640,640,21.240381058305502,0.6330579053610563,4.895227029919624,2.0886140409857035,0.02799299545586109,0.15536602586507797,0.023360946215689182,0.23072795011103153,False
yolo26l-seg.pt,1,MOTS20-09,481,73,73,233.1477089319378,2.0870339358225465,45.28415505774319,40.061590960249305,87.43277995381504,11.437357939759366,1080,1920,640,640,28.86496693827212,0.87116495706141,6.926700007170439,2.828922006301582,0.024111010134220123,0.1076279440894723,0.007081078365445137,0.3746079746633768,False
yolo26l-seg.pt,1,MOTS20-09,503,74,74,217.24966703914106,1.8824399448931217,45.10082700289786,40.96613801084459,87.94940495863557,11.37017357275266,1080,1920,640,640,28.559956001117826,0.8719429606571794,6.986890104599297,4.155754926614463,0.059011043049395084,0.11502893175929785,0.006402027793228626,0.18738501239567995,False
yolo26l-seg.pt,1,MOTS20-09,525,79,79,231.15635197609663,1.7524149734526873,45.08882702793926,43.355896952562034,90.19713895395398,11.086826163194646,1080,1920,640,640,30.309124966152012,0.8941030828282237,7.464907015673816,4.329492920078337,0.027087051421403885,0.10705797467380762,0.005266047082841396,0.19562395755201578,False
yolo26l-seg.pt,1,MOTS20-11,1,117,117,342.8829680196941,1.7638480057939887,43.30049699638039,61.75703706685454,106.82138206902891,9.361421661384153,1080,1920,640,640,42.71343001164496,1.2922069290652871,11.033531976863742,6.282345042563975,0.025968998670578003,0.10669801849871874,0.005151028744876385,0.26772392448037863,False
yolo26l-seg.pt,1,MOTS20-11,38,109,109,321.517484029755,1.7068269662559032,39.334040018729866,55.073254043236375,96.11412102822214,10.404298445452863,1080,1920,640,640,37.37599099986255,1.1333340080454946,10.25557890534401,5.832991097122431,0.025214976631104946,0.1051189610734582,0.004966044798493385,0.3070610109716654,False
yolo26l-seg.pt,1,MOTS20-11,76,103,103,304.2035399703309,2.144696074537933,36.94470401387662,51.20710493065417,90.29650501906872,11.07462575421741,1080,1920,640,640,34.02856097090989,1.0837959125638008,9.740434004925191,5.655726999975741,0.030462048016488552,0.15955697745084763,0.008829054422676563,0.4528010031208396,False
yolo26l-seg.pt,1,MOTS20-11,113,82,82,242.467253934592,1.8604210345074534,36.1285739345476,40.43759300839156,78.42658797744662,12.750777839367093,1080,1920,640,640,27.08326105494052,0.8526409510523081,7.750896038487554,4.395297961309552,0.0216200714930892,0.08942699059844017,0.005441950634121895,0.20715105347335339,False
yolo26l-seg.pt,1,MOTS20-11,151,83,83,241.13247904460877,1.776683027856052,35.60945100616664,41.008380940184,78.39451497420669,12.755994476514324,1080,1920,640,640,27.449999004602432,0.8617659332230687,7.842789986170828,4.506279015913606,0.024043023586273193,0.09937095455825329,0.005227047950029373,0.19728997722268105,False
yolo26l-seg.pt,1,MOTS20-11,188,101,101,293.5156950261444,2.066854969598353,35.59656802099198,48.9566579926759,86.62008098326623,11.544667110080233,1080,1920,640,640,32.649050001055,1.0185969294980168,9.512444026768208,5.417749984189868,0.02193299587816,0.09061000309884548,0.005148001946508884,0.22058200556784868,False
yolo26l-seg.pt,1,MOTS20-11,226,78,78,227.27994003798813,1.759871025569737,35.601992974989116,38.27295696828514,75.634820968844,13.221423508253253,1080,1920,640,640,25.492592016234994,0.8218709845095873,7.385464967228472,4.227229976095259,0.0232011079788208,0.131030916236341,0.008012051694095135,0.16300193965435028,False
yolo26l-seg.pt,1,MOTS20-11,263,94,94,274.3727909401059,1.7336609307676554,35.590902087278664,45.96085392404348,83.2854169420898,12.006903930076046,1080,1920,640,640,30.809001997113228,0.9564940119162202,8.863573893904686,4.977619042620063,0.02152996603399515,0.09215704631060362,0.005219015292823315,0.21384796127676964,False
yolo26l-seg.pt,1,MOTS20-11,301,74,74,226.04997700545937,1.8186790402978659,39.317270973697305,39.75221002474427,80.88816003873944,12.362748757309772,1080,1920,640,640,27.135991025716066,0.8365659741684794,7.052085013128817,4.250332014635205,0.028058071620762348,0.1267879270017147,0.007573980838060379,0.26999309193342924,False
yolo26l-seg.pt,1,MOTS20-11,338,106,106,313.12611198518425,1.7908139852806926,41.01782001089305,55.7276209583506,98.53625495452434,10.14854888143975,1080,1920,640,640,38.473310065455735,1.1688501108437777,9.992869920097291,5.6683250004425645,0.026969006285071373,0.12049800716340542,0.005373032763600349,0.245605013333261,False
yolo26l-seg.pt,1,MOTS20-11,376,132,132,389.6582169691101,1.7731250263750553,45.147761004045606,72.37711292691529,119.29799895733595,8.382370272259351,1080,1920,640,640,50.1689650118351,1.4743049396201968,12.439029989764094,7.737955078482628,0.05009991582483053,0.14751206617802382,0.00561494380235672,0.3241109661757946,False
yolo26l-seg.pt,1,MOTS20-11,413,77,77,227.3179499898106,1.7978920368477702,35.59682297054678,38.596680969931185,75.99139597732574,13.159384521615832,1080,1920,640,640,25.678110076114535,0.8263849886134267,7.31328793335706,4.321255022659898,0.035915058106184006,0.16653398051857948,0.007943017408251762,0.21881493739783764,False
yolo26l-seg.pt,1,MOTS20-11,450,102,102,303.8244739873335,1.7909209709614515,35.56819900404662,50.19494995940477,87.55406993441284,11.421513594389213,1080,1920,640,640,33.51673495490104,1.0642739944159985,9.644747944548726,5.482739070430398,0.029232935048639774,0.1377280568704009,0.006687943823635578,0.27933402452617884,False
yolo26l-seg.pt,1,MOTS20-11,488,92,92,275.74219496455044,1.8099540611729026,35.486952983774245,45.62047799117863,82.91738503612578,12.060197020978363,1080,1920,640,640,30.312390998005867,0.9397360263392329,8.69519601110369,5.109807942062616,0.028052018024027348,0.14144100714474916,0.008394941687583923,0.35615009255707264,False
yolo26l-seg.pt,1,MOTS20-11,525,75,75,219.88428896293044,1.7619919963181019,35.50889098551124,37.25690895225853,74.52779193408787,13.417813329078589,1080,1920,640,640,24.89028696436435,0.7784310728311539,7.118401932530105,4.091931041330099,0.024191918782889843,0.11171004734933376,0.0070390524342656136,0.2089689951390028,False
yolo26l-seg.pt,1,MOTS20-11,563,43,43,130.0394720165059,2.161315060220659,38.22969098109752,23.89180299360305,64.28280903492123,15.556258586284809,1080,1920,640,640,16.613577026873827,0.5086110904812813,4.109612898901105,2.3957720259204507,0.021966989152133465,0.08977297693490982,0.004813075065612793,0.1267109764739871,False
yolo26l-seg.pt,1,MOTS20-11,600,76,76,224.09185708966106,1.8307920545339584,41.711724014021456,40.58006196282804,84.12257803138345,11.887415048394402,1080,1920,640,640,28.131467988714576,0.8508709724992514,7.179180975072086,4.079009988345206,0.02449401654303074,0.0999990152195096,0.004634028300642967,0.18823903519660234,False
yolo26l-seg.pt,1,MOTS20-11,638,77,76,223.35826500784606,1.732757082208991,42.72595199290663,43.08502993080765,87.54373900592327,11.42286143309848,1080,1920,640,640,30.517701990902424,0.8605819894000888,7.174954982474446,4.188557039014995,0.024363980628550053,0.11168501805514097,0.005974899977445602,0.175922061316669,False
yolo26l-seg.pt,1,MOTS20-11,675,52,52,152.1965239662677,1.7861369997262955,45.8111249608919,29.67640501447022,77.27366697508842,12.941019096743283,1080,1920,640,640,20.881784963421524,0.624184962362051,4.9416180700063705,2.9375930316746235,0.02533791121095419,0.09433005470782518,0.0050639500841498375,0.14020700473338366,False
yolo26l-seg.pt,1,MOTS20-11,713,57,57,168.14595402684063,1.7354360315948725,46.421802951954305,32.18428196851164,80.34152095206082,12.446864188651501,1080,1920,640,640,22.67467905767262,0.6707709981128573,5.413618986494839,3.1342279398813844,0.02327898982912302,0.09597407188266516,0.005300971679389477,0.1445539528504014,False
yolo26l-seg.pt,1,MOTS20-11,750,145,145,425.9176399791613,1.8714560428634286,46.48433194961399,102.89464704692364,151.25043503940105,6.611551231171652,1080,1920,640,640,54.69603999517858,1.5701490920037031,13.61761789303273,32.371434033848345,0.03125902730971575,0.16728497575968504,0.00860204454511404,0.39806298445910215,False
yolo26l-seg.pt,1,MOTS20-11,788,95,95,281.4795470330864,1.91683997400105,43.30072901211679,51.08352703973651,96.30109602585435,10.384097806441641,1080,1920,640,640,35.5937679996714,1.075524021871388,8.966597961261868,5.054070963524282,0.023986096493899822,0.09681691881269217,0.005110981874167919,0.24189602117985487,False
yolo26l-seg.pt,1,MOTS20-11,825,62,62,185.04404893610626,1.7996069509536028,39.64998899027705,32.371369074098766,73.82096501532942,13.546287288337984,1080,1920,640,640,22.060669027268887,0.6752189947292209,5.868645966984332,3.4525359515100718,0.024351058527827263,0.09415100794285536,0.004698988050222397,0.1584789715707302,False
yolo26l-seg.pt,1,MOTS20-11,863,125,125,364.1663989983499,1.717534032650292,39.63789390400052,63.15660907421261,104.51203701086342,9.56827585224519,1080,1920,640,640,43.00790501292795,1.2995119905099273,11.757815023884177,6.623815046623349,0.025764922611415386,0.1054530730471015,0.004886998794972897,0.3077179426327348,False
yolo26l-seg.pt,1,MOTS20-11,900,124,124,368.4155219234526,1.7665800405666232,39.765052031725645,62.87031096871942,104.40194304101169,9.578365793509946,1080,1920,640,640,42.73654997814447,1.2846110621467233,11.649199994280934,6.545723997987807,0.024092034436762333,0.11894491035491228,0.006577000021934509,0.4741430748254061,False
yolo11l-seg.pt,1,MOTS20-02,1,144,144,480.21925101056695,2.2563920356333256,28.60925707500428,92.23741095047444,123.10306006111205,8.123274916996946,1080,1920,640,640,45.22763192653656,1.4302521012723446,13.611147995106876,31.295807915739715,0.043277046643197536,0.1631809864193201,0.007482944056391716,0.4131270106881857,False
yolo11l-seg.pt,1,MOTS20-02,26,144,144,480.3320160135627,1.916059060022235,27.955183992162347,70.4768099822104,100.34805303439498,9.965315417303046,1080,1920,640,640,46.664564055390656,1.5155989676713943,13.623478007502854,7.986878976225853,0.059045967645943165,0.19360007718205452,0.010443967767059803,0.3749449970200658,False
yolo11l-seg.pt,1,MOTS20-02,51,127,127,422.64046892523766,1.9316260004416108,28.22366589680314,61.34703801944852,91.50232991669327,10.928683465332881,1080,1920,640,640,40.712479036301374,1.2976439902558923,12.00710900593549,6.797438953071833,0.03523100167512894,0.13577798381447792,0.006960006430745125,0.32143096905201674,False
yolo11l-seg.pt,1,MOTS20-02,76,139,139,464.06977297738194,1.86770292930305,29.232847038656473,66.15559197962284,97.25614194758236,10.282126968793033,1080,1920,640,640,43.73230994679034,1.3800269225612283,13.12641508411616,7.325380924157798,0.03130605909973383,0.12436194811016321,0.007073977030813694,0.38934010080993176,False
yolo11l-seg.pt,1,MOTS20-02,101,135,135,448.63112398888916,1.9569490104913712,28.779944987036288,66.10474700573832,96.84164100326598,10.326136459896162,1080,1920,640,640,42.861387017183006,1.3369839871302247,12.740180012769997,8.631219039671123,0.03202492371201515,0.1288210041821003,0.007360009476542473,0.33814599737524986,False
yolo11l-seg.pt,1,MOTS20-02,126,125,125,420.0538679724559,1.9298660336062312,29.459626064635813,60.93297793995589,92.32247003819793,10.831599280069687,1080,1920,640,640,40.47083994373679,1.265007071197033,11.806314927525818,6.872263038530946,0.03178499173372984,0.12680399231612682,0.006943009793758392,0.32154901418834925,False
yolo11l-seg.pt,1,MOTS20-02,151,128,128,424.33464201167226,1.8674549646675587,29.333737096749246,61.83318793773651,93.03437999915332,10.74871461506059,1080,1920,640,640,40.71541898883879,1.2872000224888325,12.093774974346161,6.930224015377462,0.03175903111696243,0.13687997125089169,0.009852927178144455,0.5668220110237598,False
yolo11l-seg.pt,1,MOTS20-02,176,120,120,404.5684280572459,1.8360770773142576,32.927910913713276,57.404274004511535,92.16826199553907,10.84972178436434,1080,1920,640,640,37.79729304369539,1.180819934234023,11.347351013682783,6.522228009998798,0.03206497058272362,0.13646099250763655,0.006744056008756161,0.34548400435596704,False
yolo11l-seg.pt,1,MOTS20-02,201,121,121,398.87402299791574,1.862704986706376,29.831142048351467,57.966204010881484,89.66005104593933,11.153239244617737,1080,1920,640,640,38.10996294487268,1.2058300198987126,11.473809950985014,6.68340502306819,0.027842936106026173,0.12078206054866314,0.007279915735125542,0.30870200134813786,False
yolo11l-seg.pt,1,MOTS20-02,226,114,114,377.8371879598126,1.8643740331754088,29.869867954403162,55.105907027609646,86.84014901518822,11.515410916960787,1080,1920,640,640,36.55152302235365,1.1507439194247127,10.764833074063063,6.173998001031578,0.028696958906948566,0.11868204455822706,0.0071909744292497635,0.28330401983112097,False
yolo11l-seg.pt,1,MOTS20-02,251,130,130,431.4208619762212,2.2207869915291667,35.65857803914696,65.21953700575978,103.0989020364359,9.699424341556933,1080,1920,640,640,43.95354096777737,1.3399319723248482,12.236764072440565,7.097629946656525,0.031111063435673714,0.14606397598981857,0.012392993085086346,0.36089797504246235,False
yolo11l-seg.pt,1,MOTS20-02,276,135,135,448.19557992741466,1.7997530521824956,40.233114967122674,70.48500701785088,112.51787503715605,8.887476764645408,1080,1920,640,640,48.499037977308035,1.4514349168166518,12.690005009062588,7.275916985236108,0.030194059945642948,0.12551399413496256,0.007312977686524391,0.34983805380761623,False
yolo11l-seg.pt,1,MOTS20-02,300,136,136,466.1846220260486,1.8222780199721456,33.72292802669108,66.057656891644,101.60286293830723,9.842242345151192,1080,1920,640,640,43.676915927790105,1.3437310699373484,12.82306492794305,7.680169073864818,0.029507908038794994,0.11634803377091885,0.006597023457288742,0.34000398591160774,False
yolo11l-seg.pt,1,MOTS20-02,325,135,135,446.77002902608365,1.9425649661570787,30.406962032429874,64.41527197603136,96.76479897461832,10.334336562434268,1080,1920,640,640,42.46101400349289,1.3500719796866179,12.757836026139557,7.251246017403901,0.033968943171203136,0.133280991576612,0.007288064807653427,0.3888639621436596,False
yolo11l-seg.pt,1,MOTS20-02,350,154,154,506.8130089202896,1.8358950037509203,29.353740043006837,76.58664300106466,107.77627804782242,9.278479625695375,1080,1920,640,640,48.005371005274355,1.5022029401734471,14.516153023578227,11.947373975999653,0.03653706517070532,0.1510669244453311,0.007503083907067776,0.3909209044650197,False
yolo11l-seg.pt,1,MOTS20-02,375,133,133,435.9639519825578,1.822341000661254,29.300854075700045,64.04297391418368,95.16616899054497,10.507935862158671,1080,1920,640,640,42.498723953031,1.3299279380589724,12.54455209709704,7.115809945389628,0.033208983950316906,0.12851797509938478,0.007310067303478718,0.3542589256539941,False
yolo11l-seg.pt,1,MOTS20-02,400,118,118,387.525605969131,1.8529989756643772,29.25114391837269,57.21565010026097,88.31979299429804,11.322490305933579,1080,1920,640,640,37.94873401056975,1.2046879855915904,11.129386955872178,6.414469098672271,0.033156946301460266,0.1375529682263732,0.007538008503615856,0.3109800163656473,False
yolo11l-seg.pt,1,MOTS20-02,425,140,140,461.8312609381974,2.321928972378373,32.71456900984049,67.03521590679884,102.0717138890177,9.797033496344515,1080,1920,640,640,44.00549398269504,1.4035460771992803,13.26510589569807,7.681617047637701,0.04250695928931236,0.1851610140874982,0.007358030416071415,0.39786798879504204,False
yolo11l-seg.pt,1,MOTS20-02,450,120,120,398.74349802266806,1.8903720192611217,28.82369700819254,58.13245801255107,88.84652704000473,11.2553639778146,1080,1920,640,640,38.053277996368706,1.217598095536232,11.348387924954295,6.6001450177282095,0.04083907697349787,0.20152388606220484,0.014300108887255192,0.5884119309484959,False
yolo11l-seg.pt,1,MOTS20-02,475,141,141,473.10930595267564,1.9306429894641042,28.85227999649942,67.68440105952322,98.46732404548675,10.155653255470336,1080,1920,640,640,44.63498806580901,1.4210789231583476,13.313957024365664,7.691305014304817,0.038604019209742546,0.15136704314500093,0.00714592169970274,0.38984103593975306,False
yolo11l-seg.pt,1,MOTS20-02,500,105,105,345.35831795074046,2.593677956610918,29.57315102685243,51.05655000079423,83.22337898425758,12.01585434531754,1080,1920,640,640,33.89747906476259,1.07679795473814,9.918036055751145,5.693493993021548,0.03326591104269028,0.12861902359873056,0.00653101596981287,0.2738049952313304,False
yolo11l-seg.pt,1,MOTS20-02,525,98,98,321.3655090657994,1.8845199374482036,28.246065019629896,48.38220600504428,78.51279096212238,12.736778144626635,1080,1920,640,640,32.42808301001787,1.017379923723638,9.279942023567855,5.2233809838071465,0.028604059480130672,0.11795794125646353,0.007712980732321739,0.24847802706062794,False
yolo11l-seg.pt,1,MOTS20-02,550,115,115,381.59552100114524,1.905675046145916,28.881905018351972,55.7844010181725,86.57198108267039,11.551081394857622,1080,1920,640,640,37.11375792045146,1.1750999838113785,10.878666071221232,6.108092027716339,0.03005191683769226,0.12562901247292757,0.007290043868124485,0.3105439245700836,False
yolo11l-seg.pt,1,MOTS20-02,575,107,107,357.1819739881903,1.8625189550220966,33.29228202346712,51.93301592953503,87.08781690802425,11.482662391871948,1080,1920,640,640,34.37610703986138,1.0916240280494094,10.10516204405576,5.874177906662226,0.03378908149898052,0.13430393300950527,0.006571062840521336,0.2846820279955864,False
yolo11l-seg.pt,1,MOTS20-02,600,101,101,339.0128070022911,1.8890590872615576,35.70876794401556,51.69669596944004,89.29452300071716,11.198895143792509,1080,1920,640,640,34.742632997222245,1.1079380055889487,9.56403196323663,5.547538981772959,0.030144001357257366,0.19181100651621819,0.01275702379643917,0.4249069606885314,False
yolo11l-seg.pt,1,MOTS20-05,1,33,33,15.493715996854007,0.9608849650248885,37.92877495288849,5.619689007289708,44.509348925203085,22.467190020696023,480,640,640,640,4.250603029504418,0.12853601947426796,0.5564439343288541,0.4128400469198823,0.023635919205844402,0.10881305206567049,0.007543014362454414,0.10751700028777122,False
yolo11l-seg.pt,1,MOTS20-05,36,69,69,32.59524307213724,0.9573589777573943,39.25453801639378,8.764664991758764,48.97656198590994,20.41792970865717,480,640,640,640,6.4162309281528,0.23190106730908155,1.0750319343060255,0.7035240996629,0.02265989314764738,0.09980704635381699,0.006868038326501846,0.18020393326878548,False
yolo11l-seg.pt,1,MOTS20-05,71,69,69,32.01787802390754,1.0032879654318094,39.2194390296936,8.940752944909036,49.16347994003445,20.340301402986878,480,640,640,640,6.414662930183113,0.21403993014246225,1.0649809846654534,0.7462520152330399,0.047603040002286434,0.119981006719172,0.008089933544397354,0.29299804009497166,False
yolo11l-seg.pt,1,MOTS20-05,106,76,76,36.119358032010496,0.9386839810758829,35.82443797495216,9.042008081451058,45.8051300374791,21.83161578586876,480,640,640,640,6.535049993544817,0.2117359545081854,1.1563070584088564,0.7534309988841414,0.042970990762114525,0.1192799536511302,0.008021015673875809,0.18909003119915724,False
yolo11l-seg.pt,1,MOTS20-05,140,74,74,34.59936904255301,0.9661949006840587,31.096111051738262,8.84959101676941,40.91189696919173,24.44276785192922,480,640,640,640,6.218357011675835,0.20050699822604656,1.144014997407794,0.7579709636047482,0.02403405960649252,0.14592299703508615,0.010818010196089745,0.3161029890179634,False
yolo11l-seg.pt,1,MOTS20-05,175,29,29,13.39623099192977,1.7152129439637065,32.14152704458684,5.149335949681699,39.00607593823224,25.63703156358363,480,640,640,640,3.8636570097878575,0.12118404265493155,0.4900869680568576,0.3694460028782487,0.04740501753985882,0.10375003330409527,0.006709946319460869,0.10750198271125555,False
yolo11l-seg.pt,1,MOTS20-05,210,44,44,20.613783970475197,0.8488399907946587,31.387362047098577,6.758952978998423,38.99515501689166,25.644211430030904,480,640,640,640,4.9517109291628,0.17283798661082983,0.705686048604548,0.5327720427885652,0.02251099795103073,0.1289329957216978,0.009082956239581108,0.19690406043082476,False
yolo11l-seg.pt,1,MOTS20-05,245,54,54,25.482499971985817,0.9441139409318566,31.27184498589486,7.0183430798351765,39.23430200666189,25.487900863642288,480,640,640,640,5.117643973790109,0.15817803796380758,0.838354928418994,0.5692030536010861,0.021821935661137104,0.12729410082101822,0.010106945410370827,0.1504890387877822,False
yolo11l-seg.pt,1,MOTS20-05,280,57,57,27.049597003497183,0.9544349741190672,29.76912702433765,7.410136982798576,38.13369898125529,26.223524775069745,480,640,640,640,5.4434300400316715,0.18115597777068615,0.8786229882389307,0.6079890299588442,0.021841959096491337,0.0949520617723465,0.006475020200014114,0.15192292630672455,False
yolo11l-seg.pt,1,MOTS20-05,314,81,81,37.66371693927795,0.9640989592298865,29.178258031606674,9.502268978394568,39.64462596923113,25.22409975001699,480,640,640,640,6.829092046245933,0.23062503896653652,1.2225669343024492,0.8288699900731444,0.023987027816474438,0.10550196748226881,0.006985035724937916,0.22749695926904678,False
yolo11l-seg.pt,1,MOTS20-05,349,75,75,35.81203403882682,0.9688630234450102,28.632740024477243,8.940599975176156,38.54220302309841,25.94558488005209,480,640,640,640,6.243878044188023,0.21422002464532852,1.1400510556995869,0.8316929452121258,0.024740002118051052,0.12220104690641165,0.008260016329586506,0.32027694396674633,False
yolo11l-seg.pt,1,MOTS20-05,384,88,88,40.555647923611104,0.98431296646595,29.34127300977707,9.765032911673188,40.09061888791621,24.943491214135683,480,640,640,640,6.973722018301487,0.21081604063510895,1.3138949871063232,0.8696019649505615,0.025051995180547237,0.10431709233671427,0.007265014573931694,0.23457093629986048,False
yolo11l-seg.pt,1,MOTS20-05,419,56,56,25.410196045413613,0.9709009900689125,29.043251066468656,7.080659968778491,37.09481202531606,26.957947632071324,480,640,640,640,5.15518500469625,0.15493400860577822,0.8619059808552265,0.6047310307621956,0.02283696085214615,0.0940150348469615,0.006361049599945545,0.15615299344062805,False
yolo11l-seg.pt,1,MOTS20-05,454,60,60,27.701037004590034,0.892283977009356,29.36721104197204,7.305528037250042,37.56502305623144,26.620508085489273,480,640,640,640,5.294634960591793,0.15847396571189165,0.9243900422006845,0.6109599489718676,0.0208650017157197,0.10713096708059311,0.007335096597671509,0.15724590048193932,False
yolo11l-seg.pt,1,MOTS20-05,489,47,47,21.95582108106464,0.8916840888559818,29.257588903419673,6.677147001028061,36.826419993303716,27.15441794727355,480,640,640,640,4.962149076163769,0.17810298595577478,0.747392070479691,0.5136079853400588,0.02077803947031498,0.09344099089503288,0.0068999361246824265,0.12518302537500858,False
yolo11l-seg.pt,1,MOTS20-05,524,48,48,22.153257043100893,1.7607880290597677,31.46785101853311,6.530693965032697,39.759333012625575,25.151327354572324,480,640,640,640,4.773183958604932,0.14943804126232862,0.7554939948022366,0.5174969555810094,0.022363034076988697,0.09159103501588106,0.006380956619977951,0.18181698396801949,False
yolo11l-seg.pt,1,MOTS20-05,558,60,60,27.417902019806206,0.9056089911609888,29.083034954965115,7.45295500382781,37.441598949953914,26.70826107978572,480,640,640,640,5.431346013210714,0.16008899547159672,0.919557991437614,0.6373480428010225,0.022855005227029324,0.09394495282322168,0.007071066647768021,0.15642098151147366,False
yolo11l-seg.pt,1,MOTS20-05,593,73,73,34.67871493194252,0.9211519500240684,29.545295983552933,8.428925066255033,38.895372999832034,25.709998976081767,480,640,640,640,6.091778050176799,0.18877896945923567,1.097382977604866,0.704085105098784,0.02325396053493023,0.09822403080761433,0.006951973773539066,0.1936350017786026,False
yolo11l-seg.pt,1,MOTS20-05,628,42,42,19.48871894273907,0.9825490415096283,28.86845695320517,6.1182110803201795,35.969217075034976,27.801550362186404,480,640,640,640,4.529325058683753,0.15030894428491592,0.6670450093224645,0.49758004024624825,0.022774911485612392,0.09543111082166433,0.006621936336159706,0.12486299965530634,False
yolo11l-seg.pt,1,MOTS20-05,663,86,86,40.530571015551686,0.8914360078051686,29.401848907582462,10.262936004437506,40.55622091982514,24.6571297157317,480,640,640,640,7.5265890918672085,0.20793790463358164,1.282009994611144,0.796901062130928,0.021854997612535954,0.1522529637441039,0.009887036867439747,0.23971102200448513,False
yolo11l-seg.pt,1,MOTS20-05,698,89,89,41.31408594548702,0.9533249540254474,28.385880053974688,9.912201901897788,39.25140690989792,25.476793794818924,480,640,640,640,7.065124926157296,0.21889503113925457,1.3294649543240666,0.8753890870139003,0.024496926926076412,0.10323501192033291,0.007534981705248356,0.24550198577344418,False
yolo11l-seg.pt,1,MOTS20-05,732,62,62,29.11346801556647,0.918781035579741,29.086399008519948,7.858555996790528,37.86373604089022,26.41049469920425,480,640,640,640,5.75600506272167,0.18839992117136717,0.9647989645600319,0.6086160428822041,0.021224026568233967,0.12362399138510227,0.010245013982057571,0.15754601918160915,False
yolo11l-seg.pt,1,MOTS20-05,767,74,74,34.48700893204659,0.9546020301058888,29.845961020328104,9.735315921716392,40.535878972150385,24.669503298227138,480,640,640,640,7.234310964122415,0.20819902420043945,1.1319529730826616,0.7712349761277437,0.023678061552345753,0.11572393123060465,0.007734051905572414,0.2068550093099475,False
yolo11l-seg.pt,1,MOTS20-05,802,59,59,27.222567005082965,0.9758879896253347,29.920846107415855,7.489507901482284,38.386241998523474,26.051000252602613,480,640,640,640,5.450247903354466,0.15567592345178127,0.9055980481207371,0.6454900139942765,0.032881973311305046,0.09949901141226292,0.006824033334851265,0.16870093531906605,False
yolo11l-seg.pt,1,MOTS20-05,837,73,73,36.85104998294264,0.901101971976459,29.808815103024244,8.527737925760448,39.23765500076115,25.485722833859505,480,640,640,640,6.134238908998668,0.19397400319576263,1.1005289852619171,0.7476260652765632,0.0222428934648633,0.09967200458049774,0.006332993507385254,0.19822607282549143,False
yolo11l-seg.pt,1,MOTS20-09,1,79,79,261.74896000884473,2.2865739883854985,28.06093404069543,39.29174703080207,69.639255059883,14.359717075377919,1080,1920,640,640,26.222305954433978,0.8274450665339828,7.488364004530013,4.341819905675948,0.030438066460192204,0.12960401363670826,0.006661983206868172,0.21915591787546873,False
yolo11l-seg.pt,1,MOTS20-09,23,68,68,227.46408300008625,1.87020399607718,27.96325006056577,33.99486397393048,63.82831803057343,15.667027282796411,1080,1920,640,640,22.59600895922631,0.7243409054353833,6.46453199442476,3.8010430289432406,0.02953805960714817,0.11946598533540964,0.006760936230421066,0.2177960705012083,False
yolo11l-seg.pt,1,MOTS20-09,45,77,77,257.13123101741076,1.8908990314230323,28.067169012501836,38.163929944857955,68.12199798878282,14.679545954665967,1080,1920,640,640,25.327940937131643,0.8143519517034292,7.298491080291569,4.300492932088673,0.03037101123481989,0.1435680314898491,0.007368042133748531,0.2139549469575286,False
yolo11l-seg.pt,1,MOTS20-09,66,69,69,230.25587596930563,1.8373479833826423,28.570033027790487,34.206487936899066,64.6138689480722,15.47655350593018,1080,1920,640,640,22.590363980270922,0.7268700283020735,6.567563978023827,3.897596034221351,0.029859947971999645,0.11861906386911869,0.006977003067731857,0.2321809297427535,False
yolo11l-seg.pt,1,MOTS20-09,88,72,72,249.31740493047982,1.8737089121714234,28.662221040576696,35.85277101956308,66.3887009723112,15.062804142184843,1080,1920,640,640,23.899695952422917,0.7803239859640598,6.8442829651758075,3.9098220877349377,0.029721995815634727,0.14835689216852188,0.008902046829462051,0.20554102957248688,False
yolo11l-seg.pt,1,MOTS20-09,110,59,59,195.54052001331002,2.4414840154349804,28.146154945716262,30.4631469771266,61.05078593827784,16.379805511611217,1080,1920,640,640,20.551978959701955,0.671223970130086,5.615437985397875,3.2340730540454388,0.02961594145745039,0.1258690608665347,0.006671994924545288,0.19932701252400875,False
yolo11l-seg.pt,1,MOTS20-09,132,64,64,211.10422199126333,1.8529410008341074,37.97191090416163,34.353124094195664,74.1779759991914,13.481090398191787,1080,1920,640,640,23.62786908634007,0.7092570886015892,6.067860987968743,3.56759293936193,0.029996968805789948,0.12401002459228039,0.006821006536483765,0.19256502855569124,False
yolo11l-seg.pt,1,MOTS20-09,154,71,71,237.70801804494113,1.8835370428860188,38.423488033004105,37.44004690088332,77.74707197677344,12.86222071872681,1080,1920,640,640,25.62712598592043,0.7847470697015524,6.733080022968352,3.8650939241051674,0.033377087675035,0.13061496429145336,0.007492024451494217,0.2300540218129754,False
yolo11l-seg.pt,1,MOTS20-09,176,100,100,329.17987811379135,1.8430890049785376,41.32483107969165,54.06563892029226,97.23355900496244,10.284515040213263,1080,1920,640,640,37.44825394824147,1.0942189255729318,9.425441036000848,5.5835520615801215,0.03624800592660904,0.16759592108428478,0.00860507134348154,0.2732019638642669,False
yolo11l-seg.pt,1,MOTS20-09,198,60,60,198.84206692222506,1.8875290406867862,38.01664605271071,32.00127393938601,71.90544903278351,13.907151870285585,1080,1920,640,640,21.886592963710427,0.6636020261794329,5.693423910997808,3.357430105097592,0.029811984859406948,0.12199592310935259,0.006700051017105579,0.20709994714707136,False
yolo11l-seg.pt,1,MOTS20-09,219,69,68,225.18542292527854,2.245356095954776,38.10373495798558,37.57682698778808,77.92591804172844,12.832700918127284,1080,1920,640,640,26.21286897920072,0.769886071793735,6.451129913330078,3.7303389981389046,0.043230014853179455,0.12001406867057085,0.006696907803416252,0.21316809579730034,False
yolo11l-seg.pt,1,MOTS20-09,241,77,77,258.1788969691843,1.8259180942550302,38.000546977855265,40.56887200567871,80.39533707778901,12.438532337172974,1080,1920,640,640,27.692992007359862,0.8529970655217767,7.291815942153335,4.297323990613222,0.030931085348129272,0.12129696551710367,0.007619033567607403,0.23741100449115038,False
yolo11l-seg.pt,1,MOTS20-09,263,76,76,251.01187103427947,1.973473932594061,37.94848499819636,40.45520105864853,80.37715998943895,12.441345279323052,1080,1920,640,640,27.53495902288705,0.8722840575501323,7.213276927359402,4.346052999608219,0.040606013499200344,0.16043800860643387,0.0064820051193237305,0.24750700686126947,False
yolo11l-seg.pt,1,MOTS20-09,285,65,65,215.86433297488838,1.879708026535809,38.01491693593562,34.68309110030532,74.57771606277674,13.408831119985456,1080,1920,640,640,23.66241009440273,0.7173470221459866,6.205779034644365,3.6516309482976794,0.03536301665008068,0.13921293430030346,0.006912043318152428,0.2267480595037341,False
yolo11l-seg.pt,1,MOTS20-09,307,96,96,322.7561470121145,2.014997065998614,42.57336293812841,53.957625990733504,98.54598599486053,10.147546750936694,1080,1920,640,640,37.8231389913708,1.1304389918223023,9.08711098600179,5.365335033275187,0.04318996798247099,0.17061596736311913,0.007639057002961636,0.29298290610313416,False
yolo11l-seg.pt,1,MOTS20-09,328,83,83,275.3273999551311,1.927862991578877,45.9828560706228,49.002498970367014,96.9132180325687,10.318509902993208,1080,1920,640,640,34.786609932780266,1.0212650522589684,7.897274917922914,4.793522995896637,0.04425609949976206,0.16671698540449142,0.0074909767135977745,0.24833297356963158,False
yolo11l-seg.pt,1,MOTS20-09,350,71,71,232.63008799403906,1.8365209689363837,48.5039179911837,41.93849302828312,92.2789319884032,10.83670972834483,1080,1920,640,640,29.941707965917885,0.8590290090069175,6.737002986483276,3.934488049708307,0.03370700869709253,0.16057398170232773,0.0071749091148376465,0.2062231069430709,False
yolo11l-seg.pt,1,MOTS20-09,372,67,67,219.91480106953532,1.858662930317223,51.878824015147984,40.299382992088795,94.036869937554,10.63412681285605,1080,1920,640,640,29.060936998575926,0.8405849803239107,6.366646033711731,3.6496809916570783,0.030284980311989784,0.11934502981603146,0.0064480118453502655,0.19837997388094664,False
yolo11l-seg.pt,1,MOTS20-09,394,64,64,211.28515305463225,1.8932719249278307,48.47696900833398,37.4953830614686,87.86562399473041,11.381015174489322,1080,1920,640,640,26.753382058814168,0.7788710063323379,6.0856189811602235,3.4856999991461635,0.02931698691099882,0.11810904834419489,0.006548943929374218,0.20183506421744823,False
yolo11l-seg.pt,1,MOTS20-09,416,81,80,267.683761077933,1.8503220053389668,48.535382957197726,48.677637008950114,99.0633419714868,10.094551426377558,1080,1920,640,640,35.18015902955085,1.0007329983636737,7.603580015711486,4.455956048332155,0.03072002436965704,0.12665591202676296,0.007483991794288158,0.22886099759489298,False
yolo11l-seg.pt,1,MOTS20-09,438,85,85,284.4346199417487,1.969497068785131,48.530216910876334,49.71755505539477,100.21726903505623,9.978320199986667,1080,1920,640,640,35.30775697436184,1.0387940565124154,8.076632977463305,4.784008022397757,0.03204902168363333,0.1596779329702258,0.008839997462928295,0.27210009284317493,False
yolo11l-seg.pt,1,MOTS20-09,460,62,62,205.9864109614864,1.8989950185641646,48.40480408165604,36.75875696353614,87.06255606375635,11.485994039362858,1080,1920,640,640,26.263587991707027,0.7552779279649258,5.893427063710988,3.4584240056574345,0.031079980544745922,0.11990300845354795,0.006919028237462044,0.18569198437035084,False
yolo11l-seg.pt,1,MOTS20-09,481,99,99,341.00388491060585,1.9969959976151586,48.50060201715678,57.69048095680773,108.18807897157967,9.243162550863795,1080,1920,640,640,40.695840027183294,1.1524020228534937,9.35528299305588,5.794159020297229,0.03743800334632397,0.1624890137463808,0.009402981959283352,0.44370198156684637,False
yolo11l-seg.pt,1,MOTS20-09,503,69,69,241.69324594549835,2.0131180062890053,40.808592922985554,38.19593403022736,81.01764495950192,12.342990227621,1080,1920,640,640,26.301734033040702,0.8121189894154668,6.55763503164053,3.979415982030332,0.03104202914983034,0.16301206778734922,0.012740958482027054,0.30123302713036537,False
yolo11l-seg.pt,1,MOTS20-09,525,89,88,316.82890304364264,2.128307009115815,40.91896500904113,49.63953699916601,92.68680901732296,10.78902176698199,1080,1920,640,640,35.04926594905555,0.9868340566754341,8.311118930578232,4.815580090507865,0.02918601967394352,0.15943998005241156,0.009365961886942387,0.24790596216917038,False
yolo11l-seg.pt,1,MOTS20-11,1,120,119,404.45774304680526,1.9337179837748408,39.246227010153234,65.91231806669384,107.09226306062192,9.337742722216339,1080,1920,640,640,45.90848309453577,1.3284569140523672,11.226400034502149,6.636493024416268,0.03162992652505636,0.1623870339244604,0.011443044058978558,0.5470889154821634,False
yolo11l-seg.pt,1,MOTS20-11,38,90,90,312.3029749840498,2.0432850578799844,36.44078900106251,46.15719791036099,84.64127196930349,11.814567252281677,1080,1920,640,640,31.154599972069263,0.9904659818857908,8.543300908058882,4.9949330277740955,0.02962700091302395,0.12310699094086885,0.006521004252135754,0.27144700288772583,False
yolo11l-seg.pt,1,MOTS20-11,76,96,96,331.89528004731983,1.8861190183088183,35.691721946932375,48.44079096801579,86.01863193325698,11.625388331866443,1080,1920,640,640,32.414130051620305,1.0497350012883544,9.10771801136434,5.377808935008943,0.029801041819155216,0.1214509829878807,0.00651204027235508,0.29062596149742603,False
yolo11l-seg.pt,1,MOTS20-11,113,91,91,324.18407092336565,2.0113909849897027,36.006946000270545,46.89388896804303,84.91222595330328,11.776867097441787,1080,1920,640,640,31.590442056767642,0.9605339728295803,8.646358968690038,5.111685022711754,0.028203940019011497,0.13438204769045115,0.0076070427894592285,0.37813198287039995,False
yolo11l-seg.pt,1,MOTS20-11,151,57,57,199.51647601556033,1.8839749973267317,36.366289015859365,30.085409991443157,68.33567400462925,14.633645084590183,1080,1920,640,640,20.287609077058733,0.6536890286952257,5.449978983961046,3.2468970166519284,0.028260983526706696,0.12821191921830177,0.008404022082686424,0.25040097534656525,False
yolo11l-seg.pt,1,MOTS20-11,188,98,98,352.0137690939009,2.27088900282979,42.00516897253692,54.40568900667131,98.68174698203802,10.133586307324082,1080,1920,640,640,37.57333499379456,1.1036749929189682,9.279440040700138,5.730584962293506,0.04182406701147556,0.13757601846009493,0.007765018381178379,0.4700199933722615,False
yolo11l-seg.pt,1,MOTS20-11,226,68,68,235.5305899400264,2.034237957559526,38.8907560845837,37.12528001051396,78.05027405265719,12.812254820852297,1080,1920,640,640,25.663343025371432,0.7619078969582915,6.460043019615114,3.8323430344462395,0.027774018235504627,0.11579797137528658,0.0062199542298913,0.22168306168168783,False
yolo11l-seg.pt,1,MOTS20-11,263,45,45,155.6728989817202,2.028773073107004,38.84033195208758,26.017702999524772,66.88680802471936,14.950631216105124,1080,1920,640,640,18.139717052690685,0.5650189705193043,4.336672951467335,2.6470801094546914,0.027535948902368546,0.11499098036438227,0.006529036909341812,0.14896795619279146,False
yolo11l-seg.pt,1,MOTS20-11,301,87,86,294.9884489644319,1.8582460470497608,38.82643091492355,47.49908309895545,88.18376006092876,11.339956464875964,1080,1920,640,640,33.17768801935017,0.9535870049148798,8.128534071147442,4.7730839578434825,0.04140299279242754,0.12223806697875261,0.007488997653126717,0.25353790260851383,False
yolo11l-seg.pt,1,MOTS20-11,338,109,109,375.3012199886143,1.9640180980786681,38.840950932353735,58.032341999933124,98.83731103036553,10.11763664526216,1080,1920,640,640,40.060747996903956,1.1994149535894394,10.290418984368443,5.931045045144856,0.032017938792705536,0.15474006067961454,0.010082963854074478,0.3145079826936126,False
yolo11l-seg.pt,1,MOTS20-11,376,119,119,411.54871706385165,2.023632056079805,36.4182589109987,60.5600361013785,99.00192706845701,10.100813485262044,1080,1920,640,640,40.639691054821014,1.2837060494348407,11.253710021264851,6.613282021135092,0.03295694477856159,0.13389403466135263,0.007412978447973728,0.5380429793149233,False
yolo11l-seg.pt,1,MOTS20-11,413,64,64,219.40756391268224,2.011224045418203,38.83489198051393,33.309746999293566,74.1558630252257,13.485110404012541,1080,1920,640,640,22.31186896096915,0.6854099920019507,6.091301911510527,3.6557080456987023,0.029891962185502052,0.13059203047305346,0.007926952093839645,0.3385090967640281,False
yolo11l-seg.pt,1,MOTS20-11,450,91,91,312.77411594055593,1.9440489122644067,34.42705806810409,46.610406949184835,82.98151392955333,12.050876787436586,1080,1920,640,640,31.05444402899593,0.9609370026737452,8.661800995469093,5.259794066660106,0.03386999014765024,0.16179203521460295,0.011701020412147045,0.41749293450266123,False
yolo11l-seg.pt,1,MOTS20-11,488,87,87,300.1811520662159,1.864924910478294,33.2237200345844,43.813879950903356,78.90252489596605,12.67386565028828,1080,1920,640,640,28.987625031732023,0.9329150198027492,8.278211927972734,4.954667063429952,0.04823098424822092,0.16382604371756315,0.010603922419250011,0.38933707401156425,False
yolo11l-seg.pt,1,MOTS20-11,525,65,65,216.5695169242099,1.9211750477552414,34.78784300386906,34.05371401458979,70.76273206621408,14.13173249252559,1080,1920,640,640,22.72698504384607,0.7492509903386235,6.211941014043987,3.7913399282842875,0.026860041543841362,0.154359033331275,0.014198943972587585,0.33584795892238617,False
yolo11l-seg.pt,1,MOTS20-11,563,36,36,120.10852107778192,2.2169071016833186,41.85006592888385,21.14505402278155,65.21202705334872,15.334594632090166,1080,1920,640,640,14.86001000739634,0.45773095916956663,3.4587890841066837,2.0803320221602917,0.026530935429036617,0.10317598935216665,0.005349982529878616,0.12886105105280876,False
yolo11l-seg.pt,1,MOTS20-11,600,65,65,219.2958389641717,1.7881951062008739,42.50079998746514,36.134282941929996,80.42327803559601,12.434210895474711,1080,1920,640,640,25.193344918079674,0.7524329703301191,6.167693994939327,3.660834045149386,0.026881927624344826,0.11012807954102755,0.004828907549381256,0.19392406102269888,False
yolo11l-seg.pt,1,MOTS20-11,638,47,47,155.62631597276777,1.7921279650181532,44.77757902350277,27.3179350188002,73.88764200732112,13.534062974981872,1080,1920,640,640,19.323816988617182,0.593795906752348,4.487307043746114,2.581781940534711,0.025714049115777016,0.12798502575606108,0.007100985385477543,0.14348002150654793,False
yolo11l-seg.pt,1,MOTS20-11,675,38,38,125.05461007822305,1.8639609916135669,46.32897209376097,23.32740998826921,71.52034307364374,13.982035837975644,1080,1920,640,640,16.434132936410606,0.5151050863787532,3.685888950712979,2.352265059016645,0.0313539057970047,0.13208610471338034,0.005439971573650837,0.14335999730974436,False
yolo11l-seg.pt,1,MOTS20-11,713,54,54,178.62881801556796,1.8662119982764125,47.024063067510724,31.560905976220965,80.4511810420081,12.429898319054429,1080,1920,640,640,22.319754003547132,0.6665230030193925,5.152257974259555,3.0554329277947545,0.033242045901715755,0.1342690084129572,0.005178968422114849,0.16754597891122103,False
yolo11l-seg.pt,1,MOTS20-11,750,124,124,408.52951200213283,1.7391069559380412,47.0130400499329,68.69799201376736,117.4501390196383,8.514251309934972,1080,1920,640,640,48.42481599189341,1.429633004590869,11.691728956066072,6.5983489621430635,0.03229803405702114,0.13699999544769526,0.005678040906786919,0.3370199119672179,False
yolo11l-seg.pt,1,MOTS20-11,788,110,110,361.76655406598,1.8254539463669062,40.311731048859656,57.44775594212115,99.58494093734771,10.041678898309877,1080,1920,640,640,39.496151031926274,1.2201110366731882,10.373914963565767,5.845132051035762,0.03057194408029318,0.1240770798176527,0.005684909410774708,0.3186280373483896,False
yolo11l-seg.pt,1,MOTS20-11,825,54,54,179.66447700746357,1.7728180391713977,36.353234900161624,27.999436017125845,66.12548895645887,15.122761521785678,1080,1920,640,640,18.86820700019598,0.5890380125492811,5.148010910488665,3.0418470269069076,0.025380984880030155,0.10362407192587852,0.005563022568821907,0.18400093540549278,False
yolo11l-seg.pt,1,MOTS20-11,863,116,116,382.3898680275306,1.8135479185730219,36.35941108223051,57.9890989465639,96.16205794736743,10.399111888259837,1080,1920,640,640,38.98314596153796,1.2321610702201724,10.931637953035533,6.134330062195659,0.024860957637429237,0.1521980157122016,0.008487957529723644,0.4764480981975794,False
yolo11l-seg.pt,1,MOTS20-11,900,105,105,343.6621279688552,1.939362962730229,36.42831102479249,52.757265977561474,91.1249399650842,10.973944129709869,1080,1920,640,640,35.411066957749426,1.118868007324636,9.914688998833299,5.6257969699800014,0.028269016183912754,0.13558997306972742,0.006047077476978302,0.47318695578724146,False
yolov8l-seg.pt,1,MOTS20-02,1,133,133,437.4648689990863,2.1621830528602004,36.8409079965204,66.86801405157894,105.87110510095954,9.445447830608662,1080,1920,640,640,45.01794802490622,1.3963138917461038,12.515007052570581,7.147078984417021,0.024531036615371704,0.1584439305588603,0.012423028238117695,0.5436940118670464,False
yolov8l-seg.pt,1,MOTS20-02,26,146,146,475.396504974924,1.849820022471249,35.267703933641315,72.20646704081446,109.32399099692702,9.147123068605397,1080,1920,640,640,48.44075907021761,1.4682130422443151,13.730222010053694,8.025871007703245,0.028454000130295753,0.11406594421714544,0.004900968633592129,0.3592860884964466,False
yolov8l-seg.pt,1,MOTS20-02,51,133,133,435.89371303096414,1.8442959990352392,36.369894980452955,66.2208100548014,104.4350010342896,9.57533384494022,1080,1920,640,640,44.19442999642342,1.3782680034637451,12.535643996670842,7.360769086517394,0.02506899181753397,0.12063095346093178,0.006492016837000847,0.5614369874820113,False
yolov8l-seg.pt,1,MOTS20-02,76,135,135,446.361084934324,1.8749540904536843,36.43280593678355,67.6255599828437,105.93332001008093,9.439900494998524,1080,1920,640,640,45.60858500190079,1.3619100209325552,12.707990012131631,7.404378964565694,0.02775795292109251,0.11575198732316494,0.004735076799988747,0.3428399795666337,False
yolov8l-seg.pt,1,MOTS20-02,101,123,123,403.52500695735216,2.594809979200363,36.51923104189336,62.860304955393076,101.9743459764868,9.806387973604455,1080,1920,640,640,42.27377497591078,1.3027740642428398,11.597803910262883,7.057177019305527,0.03178196493536234,0.24065200705081224,0.01066399272531271,0.31686003785580397,False
yolov8l-seg.pt,1,MOTS20-02,126,117,117,382.0731099694967,1.9011420663446188,38.66689000278711,57.81835794914514,98.38639001827687,10.164007438571877,1080,1920,640,640,38.809070945717394,1.1952569475397468,11.029237997718155,6.282065063714981,0.03802392166107893,0.1338960137218237,0.004671979695558548,0.2967860782518983,False
yolov8l-seg.pt,1,MOTS20-02,151,137,137,447.37657299265265,1.8974690465256572,37.812661030329764,67.14017293415964,106.85030301101506,9.358887825492749,1080,1920,640,640,44.845019932836294,1.3871700502932072,12.895175954326987,7.498849998228252,0.02954003866761923,0.12451200745999813,0.004717963747680187,0.3264950355514884,False
yolov8l-seg.pt,1,MOTS20-02,176,130,130,418.6046520480886,1.828142092563212,38.669654983095825,63.85979999322444,104.35759706888348,9.582436047659554,1080,1920,640,640,42.99208801239729,1.3079959899187088,12.259248993359506,6.822466035373509,0.02499495167285204,0.10996998753398657,0.005461042746901512,0.3132940037176013,False
yolov8l-seg.pt,1,MOTS20-02,201,132,132,425.17419008072466,1.8284529214724898,37.81640401575714,64.45640907622874,104.10126601345837,9.606031110810108,1080,1920,640,640,43.37445297278464,1.3154599582776427,12.418572092428803,6.874770973809063,0.023780041374266148,0.09490689262747765,0.004607019945979118,0.31964608933776617,False
yolov8l-seg.pt,1,MOTS20-02,226,104,104,338.1672160467133,1.8105499912053347,36.851150915026665,52.151250070892274,90.81295097712427,11.011645247073838,1080,1920,640,640,35.42128799017519,1.0620149550959468,9.785644011572003,5.471804994158447,0.02711499109864235,0.11344300583004951,0.004827976226806641,0.24414202198386192,False
yolov8l-seg.pt,1,MOTS20-02,251,127,127,417.4378189491108,1.859388081356883,38.33644697442651,62.93640402145684,103.13223907724023,9.696289045475455,1080,1920,640,640,42.3625010298565,1.246777013875544,11.982072959654033,6.657530087977648,0.022914959117770195,0.1150970347225666,0.006046961061656475,0.5053840577602386,False
yolov8l-seg.pt,1,MOTS20-02,276,141,141,466.91773796919733,1.8313730834051967,37.89666399825364,68.00913391634822,107.73717099800706,9.281847580892004,1080,1920,640,640,45.610614004544914,1.38519995380193,13.268658076412976,7.295211893506348,0.021788058802485466,0.09477604180574417,0.004502944648265839,0.3066500648856163,False
yolov8l-seg.pt,1,MOTS20-02,300,144,144,477.8244859771803,1.8896609544754028,34.60907004773617,71.40979496762156,107.90852596983314,9.267108330991006,1080,1920,640,640,48.332698992453516,1.450074021704495,13.551974087022245,7.558747893199325,0.02602802123874426,0.10665599256753922,0.004591071046888828,0.3471849486231804,False
yolov8l-seg.pt,1,MOTS20-02,325,132,132,437.7929490292445,1.8270889995619655,36.495259031653404,66.65308598894626,104.97543402016163,9.526038252034658,1080,1920,640,640,44.854553998447955,1.378212939016521,12.459779041819274,7.186540984548628,0.027303933165967464,0.15090301167219877,0.010445015504956245,0.5313920555636287,False
yolov8l-seg.pt,1,MOTS20-02,350,150,150,502.64810398221016,1.8015610985457897,35.56677000597119,74.38211899716407,111.75045010168105,8.948509818887585,1080,1920,640,640,50.000457908026874,1.491065020672977,14.108228962868452,7.985344040207565,0.02534699160605669,0.12167694512754679,0.006612972356379032,0.6058410508558154,False
yolov8l-seg.pt,1,MOTS20-02,375,126,126,415.0475109927356,1.839905045926571,35.40910093579441,63.167663058266044,100.41666903998703,9.958505988699834,1080,1920,640,640,42.9174640448764,1.2857740512117743,11.859292979352176,6.642075954005122,0.02373207826167345,0.0997759634628892,0.005070935003459454,0.3083230694755912,False
yolov8l-seg.pt,1,MOTS20-02,400,119,119,398.2864950085059,1.8511830130591989,36.397158983163536,58.75074292998761,96.99908492621034,10.309375606591807,1080,1920,640,640,39.58967002108693,1.225734013132751,11.189109995029867,6.305610062554479,0.02584792673587799,0.10456109885126352,0.004640896804630756,0.2822910901159048,False
yolov8l-seg.pt,1,MOTS20-02,425,137,137,453.5351690137759,1.8281410448253155,36.36409097816795,67.63625598978251,105.82848801277578,9.449251508528388,1080,1920,640,640,45.63819000031799,1.4304229989647865,12.921249959617853,7.158730062656105,0.027049914933741093,0.10755704715847969,0.004939967766404152,0.31568005215376616,False
yolov8l-seg.pt,1,MOTS20-02,450,123,123,406.8256989121437,1.8172119744122028,35.12974001932889,61.39161600731313,98.33856800105423,10.168950192454293,1080,1920,640,640,41.57772206235677,1.241508056409657,11.584052932448685,6.498383008874953,0.023190979845821857,0.15576998703181744,0.008471077308058739,0.27946894988417625,False
yolov8l-seg.pt,1,MOTS20-02,475,151,151,498.3187559992075,1.8603360513225198,36.300163017585874,74.56328393891454,112.72378300782293,8.871242370659267,1080,1920,640,640,50.456620985642076,1.508302055299282,14.182960963808,7.869424996897578,0.02351298462599516,0.09693799074739218,0.005197012796998024,0.38605195004493,False
yolov8l-seg.pt,1,MOTS20-02,500,126,126,412.56627906113863,1.8704159883782268,36.43043199554086,62.44798703119159,100.74883501511067,9.925673084458161,1080,1920,640,640,42.27696405723691,1.2807949678972363,11.877504992298782,6.574407103471458,0.022440915927290916,0.09923800826072693,0.005074078217148781,0.28950697742402554,False
yolov8l-seg.pt,1,MOTS20-02,525,108,108,367.3921040026471,1.9235359504818916,38.9983820496127,55.041038896888494,95.96295689698309,10.420687652147976,1080,1920,640,640,37.157827988266945,1.1429620208218694,10.258186957798898,5.81390003208071,0.04842702765017748,0.13441697228699923,0.007163034752011299,0.44133898336440325,False
yolov8l-seg.pt,1,MOTS20-02,550,115,115,383.33387195598334,1.9588980358093977,37.79093699995428,58.472675969824195,98.22251100558788,10.180965542034555,1080,1920,640,640,39.438495063222945,1.1946620652452111,10.888344957493246,6.368361064232886,0.037640915252268314,0.18320605158805847,0.008507049642503262,0.31918694730848074,False
yolov8l-seg.pt,1,MOTS20-02,575,118,118,392.2006329521537,1.9124089740216732,38.50789996795356,58.49149008281529,98.91179902479053,10.110017306927835,1080,1920,640,640,39.38880003988743,1.2199230259284377,11.114600929431617,6.2750669894739985,0.027512083761394024,0.12497999705374241,0.0052069080993533134,0.30873704236000776,False
yolov8l-seg.pt,1,MOTS20-02,600,124,124,418.00328996032476,1.9299379782751203,36.68721707072109,62.243363936431706,100.86051898542792,9.914682276664445,1080,1920,640,640,42.00049594510347,1.2891689548268914,11.710323044098914,6.677233031950891,0.05411100573837757,0.14116393867880106,0.005009002052247524,0.3248789580538869,False
yolov8l-seg.pt,1,MOTS20-05,1,22,22,10.409708018414676,1.0940670035779476,36.684544989839196,4.281615954823792,42.060227948240936,23.775429872386663,480,640,640,640,3.3181969774886966,0.09389896877110004,0.3791380440816283,0.30017702374607325,0.017868936993181705,0.06978795863687992,0.004298053681850433,0.0781399430707097,False
yolov8l-seg.pt,1,MOTS20-05,36,68,68,31.349108088761568,0.8817790076136589,42.24844905547798,7.663656026124954,50.79388408921659,19.687409575600803,480,640,640,640,5.492624011822045,0.15802797861397266,1.0238930117338896,0.6971160182729363,0.01801201142370701,0.07680803537368774,0.004214001819491386,0.17336499877274036,False
yolov8l-seg.pt,1,MOTS20-05,71,61,61,28.759347973391414,0.8255649590864778,38.30755199305713,7.146700052544475,46.279817004688084,21.607691316037428,480,640,640,640,5.161595996469259,0.15924905892461538,0.9314659982919693,0.625237007625401,0.018110964447259903,0.07659196853637695,0.004266039468348026,0.1489049755036831,False
yolov8l-seg.pt,1,MOTS20-05,106,78,78,34.94789998512715,0.8631170494481921,38.617782993242145,8.616587962023914,48.09748800471425,20.79110659379936,480,640,640,640,6.177635979838669,0.20007905550301075,1.1690609389916062,0.7702910806983709,0.01976895146071911,0.08691102266311646,0.004582921974360943,0.1675380626693368,False
yolov8l-seg.pt,1,MOTS20-05,140,74,74,33.78201508894563,0.8235389832407236,38.402961916290224,8.136324002407491,47.36282490193844,21.113605492713603,480,640,640,640,5.837119999341667,0.1997019862756133,1.117339008487761,0.6875089602544904,0.01634203363209963,0.07627496961504221,0.004361034370958805,0.16942492220550776,False
yolov8l-seg.pt,1,MOTS20-05,175,26,26,12.39561301190406,1.5650950372219086,37.83676901366562,4.696517018601298,44.09838106948882,22.676569428347765,480,640,640,640,3.5979769891127944,0.09552203118801117,0.4265600582584739,0.3543619532138109,0.01985894050449133,0.07609603926539421,0.00472203828394413,0.09351293556392193,False
yolov8l-seg.pt,1,MOTS20-05,210,37,37,17.615151940844953,0.8597159758210182,42.132357018999755,5.431964062154293,48.42403705697507,20.65090109739123,480,640,640,640,3.9846160216256976,0.14209793880581856,0.5946420133113861,0.4562119720503688,0.01726299524307251,0.10272301733493805,0.007929978892207146,0.10631501208990812,False
yolov8l-seg.pt,1,MOTS20-05,245,65,65,29.852578998543322,0.9076839778572321,40.5607019783929,7.478571031242609,48.94695698749274,20.430279256288124,480,640,640,640,5.370731931179762,0.1598780509084463,0.9880890138447285,0.6698949728161097,0.018366030417382717,0.09152502752840519,0.0049549853429198265,0.1542289974167943,False
yolov8l-seg.pt,1,MOTS20-05,280,67,67,30.539685976691544,0.8442390244454145,38.554465980269015,7.5394309824332595,46.93813598714769,21.30463809372008,480,640,640,640,5.330270039848983,0.1837650779634714,1.020805910229683,0.6649710703641176,0.019646016880869865,0.09877490811049938,0.006315996870398521,0.18185109365731478,False
yolov8l-seg.pt,1,MOTS20-05,314,77,77,35.503193968907,0.839752028696239,38.638120982795954,8.516758913174272,47.994631924666464,20.835663487733882,480,640,640,640,6.016958970576525,0.19367900677025318,1.1626549530774355,0.8094330551102757,0.01997093204408884,0.11022004764527082,0.006862916052341461,0.17511006444692612,False
yolov8l-seg.pt,1,MOTS20-05,349,54,54,24.738767999224365,0.8625610498711467,37.97893295995891,6.597571074962616,45.439065084792674,22.007495051536065,480,640,640,640,4.787044017575681,0.1496539916843176,0.834357924759388,0.5733181023970246,0.016947975382208824,0.07791595999151468,0.005110981874167919,0.13275607489049435,False
yolov8l-seg.pt,1,MOTS20-05,384,73,73,33.09844306204468,0.8817759808152914,39.347282028757036,7.968498975969851,48.19755698554218,20.747939575028045,480,640,640,640,5.670989048667252,0.2012159675359726,1.1015910422429442,0.6943660555407405,0.016754958778619766,0.10052602738142014,0.007007969543337822,0.15528697986155748,False
yolov8l-seg.pt,1,MOTS20-05,419,51,51,23.759584059007466,0.8155490504577756,38.01839693915099,6.932346033863723,45.76629202347249,21.85014244735236,480,640,640,640,5.208458984270692,0.14259398449212313,0.788521021604538,0.5502249114215374,0.016837031580507755,0.07924705278128386,0.004551024176180363,0.1210399204865098,False
yolov8l-seg.pt,1,MOTS20-05,454,47,47,21.6481180395931,0.8541609859094024,39.344756049104035,6.000575958751142,46.19949299376458,21.645259183579512,480,640,640,640,4.388920031487942,0.14764105435460806,0.7277770200744271,0.505058909766376,0.01732609234750271,0.07710489444434643,0.004653003998100758,0.11104403529316187,False
yolov8l-seg.pt,1,MOTS20-05,489,43,43,20.323129021562636,0.7955840555950999,39.323806995525956,5.771002033725381,45.89039308484644,21.791053263612426,480,640,640,640,4.161998978815973,0.13903703074902296,0.6773949135094881,0.5162970628589392,0.032051000744104385,0.078544020652771,0.005056965164840221,0.13131904415786266,False
yolov8l-seg.pt,1,MOTS20-05,524,40,40,18.584233010187745,1.7645650077611208,36.75082593690604,5.366808036342263,43.882198981009424,22.788283705489842,480,640,640,640,3.838276956230402,0.18971995450556278,0.6473800167441368,0.44041196815669537,0.018542981706559658,0.09109103120863438,0.0054299598559737206,0.11075905058532953,False
yolov8l-seg.pt,1,MOTS20-05,558,62,62,28.178948094137013,0.8398699574172497,40.642666979692876,7.1862280601635575,48.66876499727368,20.5470592906152,480,640,640,640,5.08596608415246,0.20404695533216,0.9517710423097014,0.6372430361807346,0.01739594154059887,0.07783796172589064,0.004707020707428455,0.16780407167971134,False
yolov8l-seg.pt,1,MOTS20-05,593,54,54,24.01439705863595,0.7781649474054575,38.35639602039009,7.090806029736996,46.22536699753255,21.633143551967446,480,640,640,640,5.065805045887828,0.1851200358942151,0.8523570140823722,0.6001199362799525,0.018289079889655113,0.11436000932008028,0.007066992111504078,0.2202480100095272,False
yolov8l-seg.pt,1,MOTS20-05,628,38,38,17.449599923565984,0.7822350598871708,38.5760780191049,5.916923983022571,45.27523706201464,22.08712896699524,480,640,640,640,4.313995013944805,0.16354408580809832,0.6457889685407281,0.48593198880553246,0.020125997252762318,0.09724101983010769,0.008448027074337006,0.14067196752876043,False
yolov8l-seg.pt,1,MOTS20-05,663,62,62,29.151128022931516,0.8384259417653084,40.91277497354895,9.5161700155586,51.26737093087286,19.50558380199299,480,640,640,640,7.196851074695587,0.17510703764855862,0.9768529562279582,0.6865720497444272,0.022845924831926823,0.11350202839821577,0.007985043339431286,0.2948719775304198,False
yolov8l-seg.pt,1,MOTS20-05,698,56,56,26.604130980558693,0.9346799924969673,38.40318194124848,6.873443024232984,46.21130495797843,21.63972648920725,480,640,640,640,4.910140996798873,0.17510796897113323,0.8875989587977529,0.6082149920985103,0.019671046175062656,0.097678042948246,0.005445908755064011,0.14854909386485815,False
yolov8l-seg.pt,1,MOTS20-05,732,56,56,26.28674008883536,0.8941469714045525,38.7113579781726,7.08276906516403,46.68827401474118,21.418654278893747,480,640,640,640,5.207699025049806,0.1568020088598132,0.8673010161146522,0.5851419409736991,0.018320977687835693,0.07924006786197424,0.00480900052934885,0.14173297677189112,False
yolov8l-seg.pt,1,MOTS20-05,767,61,61,28.764588991180062,0.8396250195801258,38.21729600895196,7.110749953426421,46.16767098195851,21.660178621329674,480,640,640,640,5.117165972478688,0.157190952450037,0.9332610061392188,0.6183739751577377,0.01821701880544424,0.09492202661931515,0.004536937922239304,0.1460610656067729,False
yolov8l-seg.pt,1,MOTS20-05,802,62,62,28.775844955816865,0.9243109961971641,38.668710039928555,7.717182976193726,47.310204012319446,21.137089151837156,480,640,640,640,5.603843950666487,0.1733590615913272,0.9704749099910259,0.6500229937955737,0.01991202589124441,0.11771905701607466,0.00795791856944561,0.15317799989134073,False
yolov8l-seg.pt,1,MOTS20-05,837,54,54,24.812835967168212,0.8329750271514058,38.719290983863175,6.680754013359547,46.23302002437413,21.629562582604343,480,640,640,640,4.659969010390341,0.15800900291651487,0.8409731090068817,0.5967859178781509,0.020193983800709248,0.10400707833468914,0.006470945663750172,0.2548759803175926,False
yolov8l-seg.pt,1,MOTS20-09,1,75,75,266.4474289631471,2.3890830343589187,36.472291918471456,38.56998402625322,77.4313589790836,12.914664203041152,1080,1920,640,640,26.276107062585652,0.8060429245233536,7.090528029948473,4.053112003020942,0.02346397377550602,0.10401802137494087,0.004636007361114025,0.18969096709042788,False
yolov8l-seg.pt,1,MOTS20-09,23,54,54,190.65586000215262,2.0293790148571134,35.9084130031988,29.050840996205807,66.98863301426172,14.927905750623427,1080,1920,640,640,19.759278977289796,0.629679998382926,5.155440070666373,3.0442880233749747,0.023333937861025333,0.14158105477690697,0.007212976925075054,0.25310798082500696,False
yolov8l-seg.pt,1,MOTS20-09,45,94,94,322.95221206732094,1.9702810095623136,36.781752947717905,48.88604104053229,87.63807499781251,11.41056555640868,1080,1920,640,640,33.068384043872356,1.008382998406887,8.888249984011054,5.302729085087776,0.04112999886274338,0.1275849062949419,0.007100985385477543,0.4027890972793102,False
yolov8l-seg.pt,1,MOTS20-09,66,76,76,257.95869901776314,2.28397105820477,36.6454420145601,39.85731001012027,78.78672308288515,12.69249387295853,1080,1920,640,640,27.032666956074536,0.8427459979429841,7.20836000982672,4.243790986947715,0.02358702477067709,0.13866799417883158,0.011189957149326801,0.30250800773501396,False
yolov8l-seg.pt,1,MOTS20-09,88,74,74,256.56084693036973,1.9274840597063303,37.189122987911105,39.243113016709685,78.35972006432712,12.76165865803348,1080,1920,640,640,26.792149990797043,0.839821994304657,7.01857206877321,4.186822916381061,0.03376405220478773,0.11766294483095407,0.0068820081651210785,0.21646905224770308,False
yolov8l-seg.pt,1,MOTS20-09,110,80,80,289.2251639859751,1.8820969853550196,44.5683189900592,41.320494026876986,87.7709100022912,11.393296480279123,1080,1920,640,640,27.844614000059664,0.8943210123106837,7.576619973406196,4.4442309299483895,0.02290599513798952,0.13417901936918497,0.008595059625804424,0.345845939591527,False
yolov8l-seg.pt,1,MOTS20-09,132,69,69,228.9510100381449,1.9348360365256667,48.05348999798298,35.92650301288813,85.91482904739678,11.639434205803148,1080,1920,640,640,24.481008062139153,0.7480561034753919,6.528146914206445,3.8041860098019242,0.022207037545740604,0.09089801460504532,0.005129026249051094,0.2165439072996378,False
yolov8l-seg.pt,1,MOTS20-09,154,62,62,206.33452897891402,1.8622219795361161,49.98671996872872,33.95812900271267,85.8070709509775,11.654051221155314,1080,1920,640,640,23.26614095363766,0.7080939831212163,5.889776046387851,3.4861579770222306,0.023202970623970032,0.1705549657344818,0.016331090591847897,0.35852298606187105,False
yolov8l-seg.pt,1,MOTS20-09,176,110,110,361.47235007956624,1.937780063599348,51.53834703378379,58.416281011886895,111.89240810927004,8.937156835729521,1080,1920,640,640,40.00586492475122,1.1969819897785783,10.361840017139912,6.142286001704633,0.038853962905704975,0.14067604206502438,0.008279923349618912,0.481600989587605,False
yolov8l-seg.pt,1,MOTS20-09,198,64,64,215.58031090535223,1.951772952452302,42.719754041172564,32.90273598395288,77.57426297757775,12.8908733594935,1080,1920,640,640,22.26346603129059,0.6979650352150202,6.08500000089407,3.490602015517652,0.032840995118021965,0.09728700388222933,0.0051049282774329185,0.19848102238029242,False
yolov8l-seg.pt,1,MOTS20-09,219,81,81,262.1546949958429,2.156139933504164,42.62087505776435,41.41159902792424,86.18861401919276,11.602460619419135,1080,1920,640,640,28.09362392872572,0.8604950271546841,7.64808407984674,4.45260398555547,0.029008951969444752,0.09340699762105942,0.0047299545258283615,0.20719110034406185,False
yolov8l-seg.pt,1,MOTS20-09,241,100,100,329.1451840195805,1.8876210087910295,43.01823605783284,49.95831300038844,94.86417006701231,10.541387747276946,1080,1920,640,640,33.47363893408328,1.0580269154161215,9.472471079789102,5.469919997267425,0.031322939321398735,0.1272810623049736,0.005344976671040058,0.28235604986548424,False
yolov8l-seg.pt,1,MOTS20-09,263,79,79,259.333799011074,1.857100985944271,40.66077491734177,40.216093068011105,82.73396897129714,12.086933727873365,1080,1920,640,640,27.18401199672371,0.8480350952595472,7.463822956196964,4.323716042563319,0.024012988433241844,0.09696697816252708,0.0051299575716257095,0.23730599787086248,False
yolov8l-seg.pt,1,MOTS20-09,285,66,66,214.74754891823977,1.8354280618950725,41.434031911194324,33.682660083286464,76.95212005637586,12.995093562950448,1080,1920,640,640,22.73890806827694,0.7284049643203616,6.27094809897244,3.619310911744833,0.023246975615620613,0.09082502219825983,0.004763016477227211,0.1843139762058854,False
yolov8l-seg.pt,1,MOTS20-09,307,89,89,288.93369308207184,1.86035200022161,41.350848972797394,44.44189299829304,87.65309397131205,11.408610406009053,1080,1920,640,640,29.824463999830186,0.9221010841429234,8.402221952565014,4.83620900195092,0.023607048206031322,0.11500692926347256,0.004991074092686176,0.28102193027734756,False
yolov8l-seg.pt,1,MOTS20-09,328,84,84,276.38112695422024,1.8413299694657326,41.21767799369991,43.149303062818944,86.20831102598459,11.599809671466407,1080,1920,640,640,29.219979071058333,0.8850009180605412,7.929360028356314,4.572867997922003,0.02560298889875412,0.12192106805741787,0.00846991315484047,0.3539950121194124,False
yolov8l-seg.pt,1,MOTS20-09,350,72,72,237.75414505507797,1.8748570000752807,40.373030002228916,37.26750798523426,79.51539498753846,12.576181004404475,1080,1920,640,640,24.9534510076046,0.8214099798351526,6.832152022980154,4.158754949457943,0.040331040509045124,0.13743701856583357,0.004881992936134338,0.2635309938341379,False
yolov8l-seg.pt,1,MOTS20-09,372,92,92,304.3028429383412,1.8968690419569612,51.56920198351145,50.03708496224135,103.50315598770976,9.66154114294585,1080,1920,640,640,34.645047038793564,1.0369160445407033,8.70187592227012,5.139694083482027,0.035777920857071877,0.1717590494081378,0.00808399636298418,0.25193498004227877,False
yolov8l-seg.pt,1,MOTS20-09,394,94,94,310.3914890671149,1.8948980141431093,45.01025099307299,50.10743299499154,97.01258200220764,10.30794129340093,1080,1920,640,640,32.56216202862561,1.0014029685407877,8.875156985595822,7.211828022263944,0.028216978535056114,0.1287190243601799,0.00674102921038866,0.26298395823687315,False
yolov8l-seg.pt,1,MOTS20-09,416,67,67,220.54375801235437,1.879554009065032,42.584919021464884,34.65759300161153,79.12206603214145,12.638699292733001,1080,1920,640,640,23.293380974791944,0.7474679732695222,6.376942968927324,3.8108719745650887,0.03627198748290539,0.13529404532164335,0.004859990440309048,0.2146910410374403,False
yolov8l-seg.pt,1,MOTS20-09,438,109,109,358.9496149215847,1.949795987457037,42.865599039942026,53.90523804817349,98.72063307557255,10.129594683965212,1080,1920,640,640,36.1541110323742,1.0855459840968251,10.272083105519414,5.924618919380009,0.025055021978914738,0.10026502422988415,0.004978966899216175,0.30465598683804274,False
yolov8l-seg.pt,1,MOTS20-09,460,57,57,187.05317203421146,1.9081339705735445,39.50956300832331,29.539435054175556,70.95713203307241,14.093016041486992,1080,1920,640,640,19.915290060453117,0.6467640632763505,5.424444912932813,3.2286120112985373,0.03409804776310921,0.09990599937736988,0.005442998372018337,0.15484902542084455,False
yolov8l-seg.pt,1,MOTS20-09,481,104,104,341.41533297952265,1.8540460150688887,40.169393992982805,52.50647396314889,94.52991397120059,10.578661907009238,1080,1920,640,640,35.60829593334347,1.0812000837177038,9.801513981074095,5.560663994401693,0.025301938876509666,0.10005699004977942,0.00477407593280077,0.2923390129581094,False
yolov8l-seg.pt,1,MOTS20-09,503,90,90,299.95159804821014,1.873570028692484,39.29917700588703,45.79336801543832,86.96611505001783,11.498731424588282,1080,1920,640,640,31.098769046366215,0.9339549578726292,8.487888029776514,4.851134959608316,0.024787033908069134,0.1101689413189888,0.0180370407178998,0.24590897373855114,False
yolov8l-seg.pt,1,MOTS20-09,525,93,93,305.3785020019859,1.9168099388480186,39.52111606486142,47.30347194708884,88.74139795079827,11.268697846685257,1080,1920,640,640,32.06735197454691,0.9826630121096969,8.782369899563491,5.0690690986812115,0.024218927137553692,0.10324304457753897,0.005119014531373978,0.23981498088687658,False
yolov8l-seg.pt,1,MOTS20-11,1,114,114,378.70095600374043,1.8458300037309527,39.45410205051303,56.681282934732735,97.98121498897672,10.206037964649694,1080,1920,640,640,38.03091193549335,1.1620130389928818,10.74620895087719,6.200446980074048,0.0246299896389246,0.12803601566702127,0.010758056305348873,0.3383229486644268,False
yolov8l-seg.pt,1,MOTS20-11,38,117,117,383.703205967322,1.8503159517422318,38.897325983271,57.8982459846884,98.64588791970164,10.13726999765065,1080,1920,640,640,38.87397702783346,1.1826480040326715,11.000554077327251,6.36333494912833,0.035649980418384075,0.11903501581400633,0.005102017894387245,0.2955979434773326,False
yolov8l-seg.pt,1,MOTS20-11,76,96,96,325.7223350228742,1.873985049314797,38.30101795028895,49.19267806690186,89.36768106650561,11.189727517443586,1080,1920,640,640,33.44831999856979,1.0245590237900615,9.065647958777845,5.196074023842812,0.024616019800305367,0.12914196122437716,0.007775961421430111,0.26464706752449274,False
yolov8l-seg.pt,1,MOTS20-11,113,115,115,386.9853080250323,1.8927400233224034,38.09609299059957,57.50049790367484,97.48933091759682,10.257532702170797,1080,1920,640,640,38.63309894222766,1.1818959610536695,10.839018039405346,6.376491044647992,0.0357629032805562,0.115199014544487,0.005197012796998024,0.2890849718824029,False
yolov8l-seg.pt,1,MOTS20-11,151,56,56,187.49079201370478,1.9164580153301358,38.11214095912874,28.758769971318543,68.78736894577742,14.537552683375107,1080,1920,640,640,19.414333975873888,0.6108960369601846,5.326332058757544,3.093428909778595,0.021337997168302536,0.08771300781518221,0.00470306258648634,0.1775489654392004,False
yolov8l-seg.pt,1,MOTS20-11,188,99,99,333.2474749768153,2.0488309673964977,38.30431599635631,49.748298013582826,90.10144497733563,11.098601140653658,1080,1920,640,640,33.5667320759967,1.0370899690315127,9.34047403279692,5.37518598139286,0.029084039852023125,0.1136409118771553,0.004900037311017513,0.25580404326319695,False
yolov8l-seg.pt,1,MOTS20-11,226,100,100,335.4889469919726,1.9439200405031443,39.337120950222015,49.990604049526155,91.27164504025131,10.956305209125949,1080,1920,640,640,33.70208200067282,1.0353459510952234,9.425581083633006,5.429988028481603,0.025974935851991177,0.10346004273742437,0.00545999500900507,0.23982592392712831,False
yolov8l-seg.pt,1,MOTS20-11,263,62,62,206.52781694661826,2.3432780290022492,40.06049397867173,32.701399992220104,75.10517199989408,13.31466227121363,1080,1920,640,640,22.367113968357444,0.665118102915585,5.885443999432027,3.465409972704947,0.023338012397289276,0.09498093277215958,0.005229027010500431,0.17223996110260487,False
yolov8l-seg.pt,1,MOTS20-11,301,66,66,226.84753802604973,1.8679320346564054,40.0624229805544,33.57653704006225,75.50689205527306,13.243824143469888,1080,1920,640,640,22.594545036554337,0.7059109630063176,6.256259046494961,3.6746199475601315,0.02270203549414873,0.0968879321590066,0.004693982191383839,0.18717709463089705,False
yolov8l-seg.pt,1,MOTS20-11,338,133,133,447.3012910457328,1.8896370893344283,43.751210905611515,69.502575090155,115.14342308510095,8.684820836539778,1080,1920,640,640,46.07724107336253,1.3382240431383252,12.525553000159562,9.030023938976228,0.02963305450975895,0.11298200115561485,0.004780944436788559,0.3544430946931243,False
yolov8l-seg.pt,1,MOTS20-11,376,143,143,487.2090769931674,1.8941870657727122,39.759145001880825,69.93759796023369,111.59093002788723,8.961301780978921,1080,1920,640,640,46.57430399674922,1.4064109418541193,13.45843099988997,7.965828059241176,0.025191926397383213,0.10853610001504421,0.0050889793783426285,0.36055699456483126,False
yolov8l-seg.pt,1,MOTS20-11,413,73,73,238.15409292001277,2.2409349912777543,37.28340507950634,40.07580201141536,79.60014208219945,12.562791646368487,1080,1920,640,640,27.9638689244166,0.7605140563100576,6.906285998411477,4.064448992721736,0.024742912501096725,0.12758502271026373,0.008348026312887669,0.1977500505745411,False
yolov8l-seg.pt,1,MOTS20-11,450,136,136,444.4591470528394,1.8291199812665582,38.2339209318161,67.16144003439695,107.2244809474796,9.32622840571098,1080,1920,640,640,45.13221501838416,1.3753559906035662,12.792855966836214,7.355213048867881,0.0267720315605402,0.10319589637219906,0.0050300732254981995,0.34563394729048014,False
yolov8l-seg.pt,1,MOTS20-11,488,96,96,312.64302297495306,1.9261949928477407,35.60040902812034,49.54141890630126,87.06802292726934,11.485272851955436,1080,1920,640,640,33.67983491625637,1.0109590366482735,9.043761994689703,5.367122939787805,0.026332098059356213,0.10027491953223944,0.004230067133903503,0.2766619436442852,False
yolov8l-seg.pt,1,MOTS20-11,525,91,91,297.1553150564432,1.874681911431253,36.761678988114,46.519868075847626,85.15622897539288,11.743122165366957,1080,1920,640,640,31.698137056082487,0.9422599105164409,8.576193009503186,4.913654993288219,0.026474008336663246,0.10072800796478987,0.0049549853429198265,0.23481808602809906,False
yolov8l-seg.pt,1,MOTS20-11,563,43,43,142.2158080385998,2.252451959066093,36.6292460821569,23.1150429463014,61.99674098752439,16.129880120653926,1080,1920,640,640,15.69622301030904,0.5072810454294086,4.104472929611802,2.5184120750054717,0.0267180148512125,0.10652199853211641,0.004564994014799595,0.12873299419879913,False
yolov8l-seg.pt,1,MOTS20-11,600,93,93,306.62188900168985,1.8489210633561015,36.07116197235882,47.269835020415485,85.18991805613041,11.738478247403812,1080,1920,640,640,32.03164995647967,0.9768169838935137,8.76777502708137,5.052291904576123,0.02595502883195877,0.13189599849283695,0.007856055162847042,0.2519419649615884,False
yolov8l-seg.pt,1,MOTS20-11,638,59,59,194.32631495874375,1.8707049312070012,41.657565045170486,30.286469031125307,73.8147390075028,13.547429868963656,1080,1920,640,640,20.414254046045244,0.6565069779753685,5.609852960333228,3.267453983426094,0.03802799619734287,0.1085010590031743,0.00542693305760622,0.16392103862017393,False
yolov8l-seg.pt,1,MOTS20-11,675,69,69,227.67572908196598,1.8908060155808926,41.84433596674353,34.713156055659056,78.44829803798348,12.747249143835027,1080,1920,640,640,23.35829404182732,0.7268830668181181,6.527723977342248,3.7582010263577104,0.024094944819808006,0.09721401147544384,0.0044889748096466064,0.19418296869844198,False
yolov8l-seg.pt,1,MOTS20-11,713,71,71,234.36664696782827,1.8773620249703526,45.3628059476614,36.230131052434444,83.4702990250662,11.980309303788395,1080,1920,640,640,24.364619981497526,0.7688300684094429,6.7277789348736405,3.9685399970039725,0.033525051549077034,0.12446893379092216,0.005218083970248699,0.2080539707094431,False
yolov8l-seg.pt,1,MOTS20-11,750,138,138,454.0781929390505,1.854856964200735,47.846467001363635,70.06292301230133,119.7642469778657,8.349737298350949,1080,1920,640,640,47.692078980617225,1.4265100471675396,12.957560014910996,7.451843935996294,0.025087036192417145,0.10592106264084578,0.005149981006979942,0.3631849540397525,False
yolov8l-seg.pt,1,MOTS20-11,788,76,76,250.8236999856308,1.9214419880881906,39.8395920637995,38.54746697470546,80.30850102659315,12.45198188506672,1080,1920,640,640,25.90299490839243,0.8145339088514447,7.184371002949774,4.208045080304146,0.02829695586115122,0.11492299381643534,0.008478062227368355,0.2506539458408952,False
yolov8l-seg.pt,1,MOTS20-11,825,47,47,154.14608700666577,1.9158029463142157,39.69519108068198,24.71385896205902,66.32485298905522,15.077304433151443,1080,1920,640,640,16.665045986883342,0.5341860232874751,4.480732954107225,2.7429600013419986,0.02509902697056532,0.10196201037615538,0.004970002919435501,0.13717601541429758,False
yolov8l-seg.pt,1,MOTS20-11,863,126,126,414.4348609261215,1.8829889595508575,39.745197049342096,62.571502989158034,104.19968899805099,9.5969576264158,1080,1920,640,640,42.218704940751195,1.2834739172831178,11.857175035402179,6.760502001270652,0.023567001335322857,0.0977610470727086,0.004819012247025967,0.3037150017917156,False
yolov8l-seg.pt,1,MOTS20-11,900,131,131,434.5779060386121,1.939069014042616,39.16631592437625,64.79040102567524,105.8957859640941,9.443246403960478,1080,1920,640,640,43.44488901551813,1.3069170527160168,12.312726932577789,7.237192010506988,0.028787064366042614,0.11100596748292446,0.004751025699079037,0.3187649417668581,False
yolov9c-seg.pt,1,MOTS20-02,1,126,126,425.9289010660723,2.443621982820332,31.302329967729747,62.20417399890721,95.95012594945729,10.422081160443295,1080,1920,640,640,41.12769605126232,1.312157022766769,11.891781003214419,7.159668952226639,0.02849102020263672,0.13742095325142145,0.01023407094180584,0.48277201130986214,False
yolov9c-seg.pt,1,MOTS20-02,26,144,144,501.3566520065069,2.2121380316093564,30.286726891063154,70.73242799378932,103.23129291646183,9.686985135497945,1080,1920,640,640,47.11187002249062,1.424735994078219,13.541794964112341,7.894027046859264,0.024217995814979076,0.11554395314306021,0.006085028871893883,0.5821409868076444,False
yolov9c-seg.pt,1,MOTS20-02,51,137,137,472.54128695931286,1.9532949663698673,30.07033304311335,67.18981999438256,99.21344800386578,10.079278768348377,1080,1920,640,640,44.68596598599106,1.36186508461833,12.919164961203933,7.442547008395195,0.024501001462340355,0.12430001515895128,0.008621951565146446,0.5741659551858902,False
yolov9c-seg.pt,1,MOTS20-02,76,127,127,438.2637650705874,1.9873060518875718,30.266780988313258,63.485877006314695,95.73996404651552,10.444959009115015,1080,1920,640,640,42.29892999865115,1.3111120788380504,11.995657929219306,7.11963907815516,0.0260199885815382,0.12573099229484797,0.006160000339150429,0.5471810000017285,False
yolov9c-seg.pt,1,MOTS20-02,101,127,127,457.27381599135697,1.8800030229613185,31.054105958901346,62.6579161034897,95.59202508535236,10.461123708877581,1080,1920,640,640,41.459632106125355,1.294886926189065,11.981716030277312,7.110888021998107,0.030425027944147587,0.16805599443614483,0.008390983566641808,0.5615459522232413,False
yolov9c-seg.pt,1,MOTS20-02,126,120,120,408.7930800160393,1.9371460657566786,31.109314993955195,58.900044998154044,91.94650605786592,10.875889067178438,1080,1920,640,640,39.320206036791205,1.2340419925749302,11.335666058585048,6.4431289210915565,0.03854604437947273,0.14114496298134327,0.004740082658827305,0.33979001455008984,False
yolov9c-seg.pt,1,MOTS20-02,151,132,132,444.3915589945391,2.1841280395165086,30.39710794109851,65.43557497207075,98.01681095268577,10.202331521301131,1080,1920,640,640,44.04632397927344,1.3482780195772648,12.423902051523328,7.083419011905789,0.028215930797159672,0.13803003821521997,0.0067390501499176025,0.3310668980702758,False
yolov9c-seg.pt,1,MOTS20-02,176,116,116,392.88952795322984,1.8615699373185635,30.05129098892212,57.34857707284391,89.26143799908459,11.2030460455976,1080,1920,640,640,38.547679083421826,1.2426349567249417,10.96287602558732,6.107924971729517,0.02825201954692602,0.1150399912148714,0.004853936843574047,0.30946009792387486,False
yolov9c-seg.pt,1,MOTS20-02,201,126,126,431.35665205772966,1.9698389805853367,30.64963303040713,60.23334804922342,92.85282006021589,10.769732134699742,1080,1920,640,640,39.92335498332977,1.2600980699062347,11.868931003846228,6.656544981524348,0.027501024305820465,0.13260997366160154,0.005448935553431511,0.33194199204444885,False
yolov9c-seg.pt,1,MOTS20-02,226,120,120,410.32052296213806,1.9538860069587827,31.120370025746524,59.90080093033612,92.97505696304142,10.755572867220836,1080,1920,640,640,40.375179960392416,1.2856819666922092,11.349427048116922,6.392527022399008,0.03042793832719326,0.12224400416016579,0.005412031896412373,0.30288996640592813,False
yolov9c-seg.pt,1,MOTS20-02,251,129,129,445.0531180482358,2.1352970506995916,31.735530006699264,63.703057006932795,97.57388406433165,10.248643984907764,1080,1920,640,640,42.28378599509597,1.3186880387365818,12.161293998360634,7.152879028581083,0.026774010621011257,0.13506796676665545,0.006539979949593544,0.5758460611104965,False
yolov9c-seg.pt,1,MOTS20-02,276,145,145,493.0950029520318,2.0553739741444588,32.66930894460529,69.50755708385259,104.23224000260234,9.593960563209937,1080,1920,640,640,45.9673460572958,1.439168001525104,13.666783925145864,7.861216086894274,0.034352997317910194,0.13164000120013952,0.005100970156490803,0.3712370526045561,False
yolov9c-seg.pt,1,MOTS20-02,300,134,134,454.9071789951995,1.9449529936537147,32.70883101504296,65.20726101007313,99.8610450187698,10.013914833477266,1080,1920,640,640,43.52662805467844,1.3743939343839884,12.666057096794248,7.100957911461592,0.025870976969599724,0.1138180959969759,0.005201902240514755,0.36454410292208195,False
yolov9c-seg.pt,1,MOTS20-02,325,138,138,460.60806000605226,1.9334719981998205,32.68679801840335,66.04416004847735,100.66443006508052,9.933995546922487,1080,1920,640,640,43.5961689800024,1.3549360446631908,13.010089984163642,7.526478031650186,0.025658984668552876,0.11223193723708391,0.00547897070646286,0.3763630520552397,False
yolov9c-seg.pt,1,MOTS20-02,350,148,148,501.1228380026296,1.9333050586283207,30.73921601753682,72.024060995318,104.69658207148314,9.55141018182652,1080,1920,640,640,48.31536894198507,1.4628220815211535,13.91999190673232,7.76152906473726,0.026574009098112583,0.12033001985400915,0.004526926204562187,0.38609805051237345,False
yolov9c-seg.pt,1,MOTS20-02,375,143,143,483.5572789888829,1.9474740838631988,29.810787993483245,69.42281196825206,101.1810740455985,9.88327124842871,1080,1920,640,640,46.496482915245,1.4804670354351401,13.472217950038612,7.44110404048115,0.023002037778496742,0.09525800123810768,0.005126930773258209,0.3716320497915149,False
yolov9c-seg.pt,1,MOTS20-02,400,110,110,370.81405706703663,2.4099639849737287,29.044823022559285,54.76591701153666,86.22070401906967,11.59814236472515,1080,1920,640,640,36.931533948518336,1.188918948173523,10.38973405957222,5.784814013168216,0.023955944925546646,0.10135897900909185,0.005081063136458397,0.3004689933732152,False
yolov9c-seg.pt,1,MOTS20-02,425,151,151,504.47931804228574,1.917222049087286,28.937753988429904,73.83701403159648,104.69199006911367,9.55182912598985,1080,1920,640,640,49.490525969304144,1.5337449731305242,14.192261034622788,8.036553976126015,0.030082068406045437,0.12419791892170906,0.005231006070971489,0.394436065107584,False
yolov9c-seg.pt,1,MOTS20-02,450,120,120,399.86633404623717,1.9076800672337413,29.955269885249436,58.207822032272816,90.07077198475599,11.10238069425279,1080,1920,640,640,38.67818403523415,1.2164179934188724,11.283659958280623,6.55677099712193,0.02712709829211235,0.11022191029042006,0.00513601116836071,0.30630500987172127,False
yolov9c-seg.pt,1,MOTS20-02,475,155,155,517.4866439774632,1.9343040185049176,41.487480979412794,79.87442996818572,123.29621496610343,8.11054905679724,1080,1920,640,640,54.679855005815625,1.5992450062185526,14.53257305547595,8.47040198277682,0.02887798473238945,0.11683895718306303,0.004571978934109211,0.3918050788342953,False
yolov9c-seg.pt,1,MOTS20-02,500,98,98,329.21073597390205,2.191202947869897,32.542907050810754,48.29485795926303,83.02896795794368,12.043989279820098,1080,1920,640,640,32.30861993506551,0.9992669802159071,9.274651994928718,5.248717963695526,0.03465998452156782,0.10590406600385904,0.0052639516070485115,0.29059499502182007,False
yolov9c-seg.pt,1,MOTS20-02,525,117,117,393.21750204544514,1.836255076341331,32.50857396051288,56.442616041749716,90.78744507860392,11.01473886762865,1080,1920,640,640,37.51434001605958,1.1697500012814999,11.019150959327817,6.25836499966681,0.02481602132320404,0.125426915474236,0.007862108759582043,0.2981330035254359,False
yolov9c-seg.pt,1,MOTS20-02,550,121,121,409.7440659534186,1.8362230621278286,32.42102300282568,59.77578891906887,94.03303498402238,10.634560504932283,1080,1920,640,640,39.69984292052686,1.233123941347003,11.415602057240903,6.616311962716281,0.04655204247683287,0.1660080160945654,0.009487965144217014,0.541382934898138,False
yolov9c-seg.pt,1,MOTS20-02,575,117,117,392.87874405272305,1.9188200822100043,32.532833982259035,57.08325793966651,91.53491200413555,10.92479337233448,1080,1920,640,640,37.63747995253652,1.2124410131946206,11.082455050200224,6.586299976333976,0.04009506665170193,0.152147957123816,0.005900976248085499,0.3300750395283103,False
yolov9c-seg.pt,1,MOTS20-02,600,115,115,383.3374949172139,1.855597016401589,32.44005795568228,56.36880698148161,90.66446195356548,11.029679969999247,1080,1920,640,640,37.75915293954313,1.1859809746965766,10.860051028430462,6.080557941459119,0.030420953407883644,0.12042908929288387,0.004592933692038059,0.29855407774448395,False
yolov9c-seg.pt,1,MOTS20-05,1,17,17,8.320905966684222,0.9826639434322715,32.828240073286,4.591038916260004,38.40194293297827,26.040349097577412,480,640,640,640,3.7539059994742274,0.08757994510233402,0.30711409635841846,0.254192971624434,0.016883015632629395,0.07186795119196177,0.005025998689234257,0.07278996054083109,False
yolov9c-seg.pt,1,MOTS20-05,36,52,52,25.964644039049745,0.8978350088000298,33.037271932698786,7.1527420077472925,41.08784894924611,24.33809570404265,480,640,640,640,4.963384009897709,0.15704601537436247,0.8119640406221151,0.9173359721899033,0.02121599391102791,0.0989340478554368,0.005395966582000256,0.1553669571876526,False
yolov9c-seg.pt,1,MOTS20-05,71,66,66,32.313070027157664,0.9922930039465427,33.224705955944955,8.039926993660629,42.25692595355213,23.664759739011252,480,640,640,640,5.583113990724087,0.17277593724429607,1.0034691076725721,0.7800029125064611,0.025226036086678505,0.1418789615854621,0.009746057912707329,0.2937900135293603,False
yolov9c-seg.pt,1,MOTS20-05,106,73,73,35.1345440139994,0.9623919613659382,32.77964307926595,8.55816900730133,42.30020404793322,23.640547900592452,480,640,640,640,6.134807947091758,0.19328505732119083,1.100101973861456,0.7715990068390965,0.02268003299832344,0.09283795952796936,0.0047709327191114426,0.21562306210398674,False
yolov9c-seg.pt,1,MOTS20-05,140,72,72,35.52796097937971,1.0515919420868158,30.04742308985442,8.888878975994885,39.98789400793612,25.00756853565574,480,640,640,640,6.269282894209027,0.1910559367388487,1.1013790499418974,0.805819989182055,0.02096104435622692,0.12151990085840225,0.006767106242477894,0.3264029510319233,False
yolov9c-seg.pt,1,MOTS20-05,175,37,37,17.96934998128563,1.599346986040473,29.604541952721775,5.052306107245386,36.25619504600763,27.581493279453092,480,640,640,640,3.6512790247797966,0.15439896378666162,0.5802230443805456,0.43664395343512297,0.018185004591941833,0.07486296817660332,0.004744040779769421,0.11065695434808731,False
yolov9c-seg.pt,1,MOTS20-05,210,39,39,19.265606999397278,0.9020878933370113,32.90308604482561,5.503525957465172,39.3086998956278,25.43966100774621,480,640,640,640,4.079086007550359,0.15344202984124422,0.6160259945318103,0.4239729605615139,0.01770700328052044,0.07594597991555929,0.004385015927255154,0.11118198744952679,False
yolov9c-seg.pt,1,MOTS20-05,245,51,51,25.787999969907105,0.8421090897172689,32.44041791185737,6.727531086653471,40.01005808822811,24.993715275165357,480,640,640,640,4.958293051458895,0.15539000742137432,0.7876850431784987,0.5418249638751149,0.01985894050449133,0.08021702524274588,0.004763016477227211,0.15627802349627018,False
yolov9c-seg.pt,1,MOTS20-05,280,54,54,26.456219027750194,0.9218829218298197,31.292143976315856,6.665369030088186,38.87939592823386,25.720564224965468,480,640,640,640,4.837519023567438,0.1521059311926365,0.8343730587512255,0.5817420314997435,0.017829006537795067,0.07979490328580141,0.004803994670510292,0.13663002755492926,False
yolov9c-seg.pt,1,MOTS20-05,314,78,78,37.797242985107005,0.8440999081358314,31.1188061023131,8.47113796044141,40.43404397089034,24.73163457802859,480,640,640,640,5.9614559868350625,0.20009104628115892,1.1615219991654158,0.8015170460566878,0.019221915863454342,0.08611404336988926,0.004966976121068001,0.20567805040627718,False
yolov9c-seg.pt,1,MOTS20-05,349,41,41,20.37656493484974,0.8698870660737157,30.963273951783776,5.825486034154892,37.658647052012384,26.554326251255024,480,640,640,640,4.305328009650111,0.158988987095654,0.6480209995061159,0.47370209358632565,0.01848593819886446,0.07687101606279612,0.004642992280423641,0.11769903358072042,False
yolov9c-seg.pt,1,MOTS20-05,384,75,75,36.66350094135851,0.8382439846172929,31.087741954252124,8.214175002649426,40.14016094151884,24.912705294254398,480,640,640,640,5.81296905875206,0.19595609046518803,1.1233879486098886,0.7444740040227771,0.01937197521328926,0.09616103488951921,0.005175941623747349,0.19532302394509315,False
yolov9c-seg.pt,1,MOTS20-05,419,31,31,14.827733975835145,0.8712060516700149,30.1872999407351,4.5424350537359715,35.60094104614109,28.0891451353473,480,640,640,640,3.3649849938228726,0.1047870609909296,0.5051369080320001,0.33013499341905117,0.015819096006453037,0.1029039267450571,0.007655005902051926,0.08971500210464001,False
yolov9c-seg.pt,1,MOTS20-05,454,34,34,16.399346059188247,0.8164159953594208,33.33889495115727,5.039454088546336,39.19476503506303,25.513611297463207,480,640,640,640,3.7242260295897722,0.1218901015818119,0.5866049323230982,0.34904107451438904,0.016020960174500942,0.11963397264480591,0.007936963811516762,0.08985504973679781,False
yolov9c-seg.pt,1,MOTS20-05,489,42,42,20.726945949718356,0.8180360309779644,32.73421502672136,5.354634020477533,38.906885078176856,25.70239169727075,480,640,640,640,3.896083915606141,0.13433594722300768,0.6541510811075568,0.4459129413589835,0.016906997188925743,0.07485505193471909,0.004556961357593536,0.1075259642675519,False
yolov9c-seg.pt,1,MOTS20-05,524,52,52,26.881408062763512,1.6296911053359509,40.11707694735378,7.538986043073237,49.28575409576297,20.28983868354707,480,640,640,640,5.5992050329223275,0.14940602704882622,0.8478889940306544,0.5959230475127697,0.021696905605494976,0.0880660954862833,0.004776986315846443,0.19477494060993195,False
yolov9c-seg.pt,1,MOTS20-05,558,55,55,27.54017896950245,0.960140023380518,30.66816192585975,6.6803330555558205,38.30863500479609,26.103775294389997,480,640,640,640,4.7440610360354185,0.169859966263175,0.8474889909848571,0.6214579334482551,0.019562081433832645,0.09821099229156971,0.00548199750483036,0.1523259561508894,False
yolov9c-seg.pt,1,MOTS20-05,593,60,60,30.33225901890546,0.9180479682981968,31.7857270129025,7.037770003080368,39.74154498428106,25.162584906941316,480,640,640,640,4.98982600402087,0.1743190223351121,0.9201529901474714,0.6397570250555873,0.018910039216279984,0.08304195944219828,0.004761037416756153,0.15798094682395458,False
yolov9c-seg.pt,1,MOTS20-05,628,34,34,16.30567410029471,0.9369850158691406,30.404316959902644,4.9183189403265715,36.259620916098356,27.578887333486303,480,640,640,640,3.6567249335348606,0.11519703548401594,0.5411689635366201,0.3839129349216819,0.018954044207930565,0.07655902300029993,0.00459898728877306,0.10133103933185339,False
yolov9c-seg.pt,1,MOTS20-05,663,60,60,28.775724000297487,0.9024030296131968,32.45865704957396,7.152713951654732,40.51377403084189,24.68296336052847,480,640,640,640,5.000619916245341,0.1704239984974265,0.926838954910636,0.6398389814421535,0.01836102455854416,0.12113002594560385,0.01187098678201437,0.22624805569648743,False
yolov9c-seg.pt,1,MOTS20-05,698,49,49,23.566488991491497,0.8649020455777645,31.09443001449108,6.0578129487112164,38.01714500878006,26.303921553526703,480,640,640,640,4.366121953353286,0.1468620030209422,0.764676951803267,0.527112977579236,0.016245059669017792,0.07868790999054909,0.0046540517359972,0.13140297960489988,False
yolov9c-seg.pt,1,MOTS20-05,732,52,52,25.912382057867944,0.8634780533611774,31.28912393003702,6.3384410459548235,38.49104302935302,25.980070200680363,480,640,640,640,4.509277059696615,0.1848780084401369,0.8118480909615755,0.5701819900423288,0.018917955458164215,0.07973099127411842,0.004610046744346619,0.13783294707536697,False
yolov9c-seg.pt,1,MOTS20-05,767,59,59,30.160563997924328,0.8827450219541788,31.203779042698443,6.7775920033454895,38.86411606799811,25.730676551355565,480,640,640,640,4.821173031814396,0.14667201321572065,0.8984219748526812,0.6361650303006172,0.018739025108516216,0.08061493281275034,0.00500003807246685,0.1505210530012846,False
yolov9c-seg.pt,1,MOTS20-05,802,55,55,27.895316015928984,0.9576720185577869,30.571855953894556,6.688359077088535,38.21788704954088,26.165758423633555,480,640,640,640,4.775314009748399,0.14798296615481377,0.866421964019537,0.602073036134243,0.021137995645403862,0.08292298298329115,0.005092006176710129,0.16540708020329475,False
yolov9c-seg.pt,1,MOTS20-05,837,60,60,29.45213404018432,0.9217880433425307,31.67796798516065,6.957701989449561,39.55745801795274,25.279683025794036,480,640,640,640,4.953074036166072,0.1513760071247816,0.9172359714284539,0.6252499297261238,0.018906081095337868,0.08187792263925076,0.005076988600194454,0.17600704450160265,False
yolov9c-seg.pt,1,MOTS20-09,1,72,72,240.1757889892906,2.190136001445353,29.15636799298227,37.1437860885635,68.49029008299112,14.600609791377419,1080,1920,640,640,24.11580109037459,0.8178480202332139,6.835401989519596,4.85490495339036,0.025367015041410923,0.15649106353521347,0.010619987733662128,0.28417096473276615,False
yolov9c-seg.pt,1,MOTS20-09,23,62,62,208.39823700953275,1.929171965457499,29.857626068405807,31.412197975441813,63.19899600930512,15.823036173751316,1080,1920,640,640,20.84314392413944,0.6874320097267628,5.887544946745038,3.660734975710511,0.02555700484663248,0.10201905388385057,0.005678972229361534,0.1735419500619173,False
yolov9c-seg.pt,1,MOTS20-09,45,71,71,236.29623104352504,1.9440900068730116,29.708772897720337,35.42463306803256,67.07749597262591,14.908129552243519,1080,1920,640,640,23.571084020659328,0.7623240817338228,6.739583914168179,3.90361703466624,0.024090055376291275,0.12100592721253633,0.006444985046982765,0.26225706096738577,False
yolov9c-seg.pt,1,MOTS20-09,66,67,67,221.4471090119332,1.9108010455965996,28.91620493028313,33.38333801366389,64.21034398954362,15.573814713760852,1080,1920,640,640,22.18307100702077,0.7221460109576583,6.344520952552557,3.778808983042836,0.02339109778404236,0.1043989323079586,0.004697008989751339,0.19895704463124275,False
yolov9c-seg.pt,1,MOTS20-09,88,77,77,252.36153393052518,1.906194956973195,29.812243999913335,38.979758974164724,70.69819793105125,14.144632101871318,1080,1920,640,640,26.01068199146539,0.8227870566770434,7.2749300161376595,4.483915981836617,0.027233967557549477,0.11038000229746103,0.004975008778274059,0.2215009881183505,False
yolov9c-seg.pt,1,MOTS20-09,110,67,67,218.41977594885975,1.8813950009644032,37.669964018277824,34.12539104465395,73.67675006389618,13.572802805942848,1080,1920,640,640,23.00313499290496,0.7194369100034237,6.336610997095704,3.722880035638809,0.023668049834668636,0.09970995597541332,0.004958012141287327,0.19230495672672987,False
yolov9c-seg.pt,1,MOTS20-09,132,83,83,273.16821296699345,1.912360079586506,38.08679792564362,42.633526027202606,82.63268403243273,12.10174898358024,1080,1920,640,640,28.902456047944725,0.8826670236885548,7.8439690405502915,4.570406978018582,0.026635942049324512,0.1132990000769496,0.0050960807129740715,0.25590392760932446,False
yolov9c-seg.pt,1,MOTS20-09,154,60,60,196.88632304314524,1.8346740398555994,41.07108502648771,32.266387017443776,75.17214608378708,13.302799668448966,1080,1920,640,640,22.139868000522256,0.6813220679759979,5.687571945600212,3.365179058164358,0.03937096334993839,0.14000502415001392,0.007765018381178379,0.18191093113273382,False
yolov9c-seg.pt,1,MOTS20-09,176,103,103,336.74735901877284,1.8711870070546865,41.47623397875577,54.27651398349553,97.62393496930599,10.243389598200592,1080,1920,640,640,37.34518098644912,1.1168350465595722,9.693981963209808,5.688439938239753,0.025076093152165413,0.10375690180808306,0.004653003998100758,0.2755990717560053,False
yolov9c-seg.pt,1,MOTS20-09,198,65,65,216.0623229574412,1.9134980393573642,47.228027950040996,37.00888098683208,86.15040697623044,11.60760622147621,1080,1920,640,640,26.05579700320959,0.7526460103690624,6.152485962957144,3.649247926659882,0.027381000109016895,0.11155405081808567,0.004664063453674316,0.2213349798694253,False
yolov9c-seg.pt,1,MOTS20-09,219,64,64,212.3102869372815,1.952366903424263,50.24585302453488,37.8183419816196,90.01656190957874,11.109066807111516,1080,1920,640,640,26.812565978616476,0.8028250886127353,6.09619589522481,3.645516000688076,0.04057504702359438,0.14093902427703142,0.005166977643966675,0.2302329521626234,False
yolov9c-seg.pt,1,MOTS20-09,241,106,106,346.4414889458567,1.948875025846064,50.69620197173208,60.747269075363874,113.39234607294202,8.81893738539221,1080,1920,640,640,42.990089976228774,1.2240019859746099,9.989241021685302,5.983137059956789,0.038992962799966335,0.1449550036340952,0.005234964191913605,0.3037240821868181,False
yolov9c-seg.pt,1,MOTS20-09,263,74,74,242.28397896513343,1.8861659336835146,45.008410001173615,41.036640061065555,87.93121599592268,11.372525543674607,1080,1920,640,640,28.641703072935343,0.847487011924386,6.993190967477858,4.15476004127413,0.041552004404366016,0.11847598943859339,0.0067320652306079865,0.20957598462700844,False
yolov9c-seg.pt,1,MOTS20-09,285,80,80,261.58404001034796,1.8703979440033436,44.99993601348251,43.84153999853879,90.71187395602465,11.02391513248619,1080,1920,640,640,30.577308032661676,0.9293629555031657,7.54296500235796,4.3829440837726,0.02483499702066183,0.09859097190201283,0.0045639462769031525,0.24921703152358532,False
yolov9c-seg.pt,1,MOTS20-09,307,88,88,289.4920780090615,1.83236098382622,43.253796990029514,47.60070703923702,92.68686501309276,10.789015248910857,1080,1920,640,640,33.08034804649651,0.9874959941953421,8.299203007481992,4.798165988177061,0.024462002329528332,0.09911006782203913,0.004600966349244118,0.27508800849318504,False
yolov9c-seg.pt,1,MOTS20-09,328,85,85,276.60366403870285,1.9181539537385106,41.0382830305025,44.98766199685633,87.94409898109734,11.370859575409824,1080,1920,640,640,30.938053037971258,0.9212610311806202,8.014581981115043,4.709555068984628,0.02590194344520569,0.10287703480571508,0.004661036655306816,0.24804298300296068,False
yolov9c-seg.pt,1,MOTS20-09,350,86,86,281.0795879922807,1.806872896850109,41.071420069783926,45.451062032952905,88.32935499958694,11.321264601158656,1080,1920,640,640,31.25586803071201,0.941192964091897,8.119990001432598,4.697661031968892,0.025653978809714317,0.12527091894298792,0.007614027708768845,0.25470799300819635,False
yolov9c-seg.pt,1,MOTS20-09,372,81,81,267.32888305559754,1.8845140002667904,40.59696092735976,42.47007402591407,84.95154895354062,11.771415734242735,1080,1920,640,640,29.138704063370824,0.8556620450690389,7.654658984392881,4.434028058312833,0.024295994080603123,0.0978279858827591,0.004924018867313862,0.23676699493080378,False
yolov9c-seg.pt,1,MOTS20-09,394,75,75,244.85400295816362,1.9229199970141053,40.51624704152346,39.406305993907154,81.84547303244472,12.218146745924306,1080,1920,640,640,26.868153014220297,0.8249459788203239,7.086515077389777,4.2186579667031765,0.03552297130227089,0.11132704094052315,0.014508957974612713,0.22106198593974113,False
yolov9c-seg.pt,1,MOTS20-09,416,73,73,240.02751393709332,1.8941279267892241,40.55023205000907,38.73293497599661,81.17729495279491,12.318715480498655,1080,1920,640,640,26.38365200255066,0.8187610656023026,6.915628910064697,4.158028983511031,0.03615301102399826,0.1350439852103591,0.005122041329741478,0.24067203048616648,False
yolov9c-seg.pt,1,MOTS20-09,438,93,93,304.09387894906104,1.8426880706101656,40.54403200279921,48.752735019661486,91.13945509307086,10.972196388258062,1080,1920,640,640,33.26063696295023,1.0106420377269387,8.772113942541182,5.221283063292503,0.03062700852751732,0.13852596748620272,0.004822970367968082,0.27378706727176905,False
yolov9c-seg.pt,1,MOTS20-09,460,57,57,186.16819102317095,1.865302911028266,40.561332018114626,31.119656981900334,73.54629191104323,13.596878564721312,1080,1920,640,640,21.09106199350208,0.6621490465477109,5.44665299821645,3.4408740466460586,0.0336299417540431,0.15047506894916296,0.006770947948098183,0.25468505918979645,False
yolov9c-seg.pt,1,MOTS20-09,481,104,104,345.11240606661886,1.870175008662045,47.805516980588436,58.537058997899294,108.21275098714978,9.241055151797681,1080,1920,640,640,41.19335603900254,1.1884380364790559,9.813960059545934,5.79348998144269,0.03873498644679785,0.14092493802309036,0.004888046532869339,0.32304797787219286,False
yolov9c-seg.pt,1,MOTS20-09,503,76,76,246.5450840536505,1.9114849856123328,42.525729979388416,40.886737988330424,85.32395295333117,11.720038340780583,1080,1920,640,640,28.197483043186367,0.8530929917469621,7.183813955634832,4.247179022058845,0.03503705374896526,0.10699790436774492,0.004923087544739246,0.23425091058015823,False
yolov9c-seg.pt,1,MOTS20-09,525,106,106,345.3182460507378,1.8756309291347861,42.525062104687095,56.133340927772224,100.5340339615941,9.946880281179395,1080,1920,640,640,38.855358958244324,1.147183938883245,9.971845080144703,5.672514904290438,0.027194037102162838,0.11301098857074976,0.005086068995296955,0.30485191382467747,False
yolov9c-seg.pt,1,MOTS20-11,1,109,109,355.50353000871837,1.8733709584921598,39.835943025536835,55.35654095001519,97.06585493404418,10.30228395638709,1080,1920,640,640,37.7201660303399,1.1290509719401598,10.243093012832105,5.811030976474285,0.02610997762531042,0.12171105481684208,0.00554998405277729,0.2773189917206764,False
yolov9c-seg.pt,1,MOTS20-11,38,102,102,333.40487896930426,1.9451789557933807,36.84879804495722,50.77468394301832,89.56866094376892,11.164619292765789,1080,1920,640,640,33.91415998339653,1.0425850050523877,9.611859917640686,5.749008036218584,0.02776901237666607,0.10873202700167894,0.005039968527853489,0.28936995659023523,False
yolov9c-seg.pt,1,MOTS20-11,76,99,99,324.8872549738735,1.857892028056085,36.097345990128815,48.84350101929158,86.79873903747648,11.520904693883134,1080,1920,640,640,32.64216403476894,1.01176998578012,9.331712033599615,5.383956013247371,0.0282839173451066,0.11117907706648111,0.004653003998100758,0.2965379972010851,False
yolov9c-seg.pt,1,MOTS20-11,113,105,105,340.42423497885466,1.9401350291445851,36.09849791973829,51.22243601363152,89.2610689625144,11.20309236291977,1080,1920,640,640,34.2215180862695,1.0839460883289576,9.888405911624432,5.594667047262192,0.030074967071413994,0.10012299753725529,0.00558304600417614,0.274564023129642,False
yolov9c-seg.pt,1,MOTS20-11,151,66,66,214.6262739552185,1.8800640245899558,36.10005404334515,33.20262802299112,71.18274609092623,14.048348159013656,1080,1920,640,640,22.107952972874045,0.6960820173844695,6.248002056963742,3.7699920358136296,0.026835943572223186,0.12240803334861994,0.005653942935168743,0.20296103321015835,False
yolov9c-seg.pt,1,MOTS20-11,188,99,99,324.6758250752464,2.2273489739745855,36.102926009334624,48.93419402651489,87.2644690098241,11.459417691379313,1080,1920,640,640,32.558399019762874,1.0099790524691343,9.325227001681924,5.617014947347343,0.0258380314335227,0.10386004578322172,0.0049578957259655,0.26557210367172956,False
yolov9c-seg.pt,1,MOTS20-11,226,93,93,303.66975103970617,1.8972510006278753,47.7226369548589,52.231532987207174,101.85142094269395,9.818223356575885,1080,1920,640,640,36.89903405029327,1.0571120074018836,8.778588031418622,5.077312933281064,0.027264002710580826,0.10077201295644045,0.004578032530844212,0.2629089867696166,False
yolov9c-seg.pt,1,MOTS20-11,263,44,44,142.652484937571,1.9227339653298259,45.62913498375565,25.200929958373308,72.75279890745878,13.745175649833008,1080,1920,640,640,17.662346945144236,0.5459970561787486,4.2026989394798875,2.4814780335873365,0.02435501664876938,0.12095901183784008,0.0067319488152861595,0.1359620364382863,False
yolov9c-seg.pt,1,MOTS20-11,301,90,90,296.4800869813189,1.9215199863538146,45.53127009421587,49.57390495110303,97.02669503167272,10.30644195057419,1080,1920,640,640,34.75327289197594,1.013456960208714,8.493866072967649,4.911656957119703,0.025663990527391434,0.10574702173471451,0.004893983714282513,0.24291605222970247,False
yolov9c-seg.pt,1,MOTS20-11,338,124,124,402.0297380629927,1.9805420888587832,41.489128954708576,64.6595349535346,108.12920599710196,9.248195164096568,1080,1920,640,640,44.235890032723546,1.3170820893719792,11.654447996988893,6.953321979381144,0.04024303052574396,0.10941491927951574,0.005303067155182362,0.31917495653033257,False
yolov9c-seg.pt,1,MOTS20-11,376,120,120,393.48254003562033,1.8888060003519058,35.361033980734646,57.99588107038289,95.24572105146945,10.499159321389504,1080,1920,640,640,38.482300005853176,1.208907924592495,11.297908029519022,6.514559965580702,0.027035013772547245,0.11381006333976984,0.00456289853900671,0.323033076710999,False
yolov9c-seg.pt,1,MOTS20-11,413,91,91,296.9003770267591,1.9209659658372402,35.38531099911779,46.772417961619794,84.07869492657483,11.893619434427366,1080,1920,640,640,31.75067703705281,0.9579278994351625,8.608306990936399,5.010364111512899,0.024680979549884796,0.11253997217863798,0.005676993168890476,0.26335997972637415,False
yolov9c-seg.pt,1,MOTS20-11,450,111,110,363.88208996504545,1.8816760275512934,35.39548197295517,56.27002299297601,93.54718099348247,10.68979299407933,1080,1920,640,640,38.31823694054037,1.1149300262331963,10.36958594340831,6.014871993102133,0.027327099815011024,0.10721699800342321,0.004899920895695686,0.285593094304204,False
yolov9c-seg.pt,1,MOTS20-11,488,79,79,258.3535980666056,1.849520020186901,34.32785801123828,39.00468198116869,75.18206001259387,13.30104548654943,1080,1920,640,640,25.94458602834493,0.826784991659224,7.470272947102785,4.3448490323498845,0.026474008336663246,0.09818491525948048,0.0045800115913152695,0.24077203124761581,False
yolov9c-seg.pt,1,MOTS20-11,525,67,67,218.16490893252194,1.9174200715497136,34.33143091388047,33.25833706185222,69.5071880472824,14.38700123100575,1080,1920,640,640,22.11999101564288,0.7114360341802239,6.3478960655629635,3.739763982594013,0.023989006876945496,0.09816000238060951,0.004609930329024792,0.19061705097556114,False
yolov9c-seg.pt,1,MOTS20-11,563,45,45,149.33227293659002,2.2061249474063516,34.2789669521153,23.286404088139534,59.77149598766118,16.73038265942738,1080,1920,640,640,15.669906046241522,0.4850180121138692,4.287124960683286,2.5586740812286735,0.024501001462340355,0.09909097570925951,0.005295034497976303,0.13592594768851995,False
yolov9c-seg.pt,1,MOTS20-11,600,73,73,238.14021598082036,1.935174921527505,34.35069799888879,37.09230001550168,73.37817293591797,13.628030788846594,1080,1920,640,640,25.031274068169296,0.773538020439446,6.913332035765052,4.021452972665429,0.023604021407663822,0.09819294791668653,0.005153007805347443,0.2033800119534135,False
yolov9c-seg.pt,1,MOTS20-11,638,59,59,194.4580520503223,1.8767949659377337,34.2808939749375,30.016525997780263,66.1742149386555,15.1116261965029,1080,1920,640,640,20.15996805857867,0.6488050566986203,5.594732007011771,3.279980970546603,0.023953965865075588,0.11630507651716471,0.007097958587110043,0.16426597721874714,False
yolov9c-seg.pt,1,MOTS20-11,675,60,60,197.9113839333877,1.9233169732615352,41.519830003380775,32.33891900163144,75.78206597827375,13.19573420295369,1080,1920,640,640,22.262993035838008,0.6898880237713456,5.691219004802406,3.378257970325649,0.024451990611851215,0.0983190257102251,0.004795030690729618,0.16644492279738188,False
yolov9c-seg.pt,1,MOTS20-11,713,56,56,187.04018101561815,1.9365489715710282,42.185583035461605,30.50056705251336,74.622699059546,13.400748198641798,1080,1920,640,640,21.06251404620707,0.6534799467772245,5.320292082615197,3.0806419672444463,0.026455032639205456,0.14325091615319252,0.008368981070816517,0.1829391112551093,False
yolov9c-seg.pt,1,MOTS20-11,750,165,165,541.8827270623296,1.912888023070991,42.66708099748939,88.13560695853084,132.71557597909123,7.534910598267273,1080,1920,640,640,60.43883098755032,1.7672530375421047,15.481084934435785,9.846278000622988,0.029986025765538216,0.13268704060465097,0.005519017577171326,0.40550995618104935,False
yolov9c-seg.pt,1,MOTS20-11,788,102,102,339.4824620336294,1.918792026117444,50.74144003447145,58.191491989418864,110.85172405000776,9.021059515040804,1080,1920,640,640,41.52041592169553,1.1776259634643793,9.61166201159358,5.441187997348607,0.025073066353797913,0.1070699654519558,0.004649977199733257,0.27943297754973173,False
yolov9c-seg.pt,1,MOTS20-11,825,68,68,223.35799189750105,1.8557780422270298,41.621805052272975,36.50109295267612,79.97867604717612,12.50333275597287,1080,1920,640,640,25.149231893010437,0.763552961871028,6.43872597720474,3.771386109292507,0.028524897061288357,0.10884099174290895,0.0049460213631391525,0.211448990739882,False
yolov9c-seg.pt,1,MOTS20-11,863,139,139,456.1002659611404,1.9262080313637853,41.46304493770003,71.61043502856046,114.99968799762428,8.695675765839109,1080,1920,640,640,49.14389597252011,1.4828640269115567,13.053175993263721,7.401208044029772,0.02965203020721674,0.11926901061087847,0.0050729140639305115,0.34519005566835403,False
yolov9c-seg.pt,1,MOTS20-11,900,106,106,347.6576009998098,1.9393409602344036,33.84303406346589,52.462455932982266,88.24483095668256,11.332108511725496,1080,1920,640,640,35.120638902299106,1.0987739078700542,10.006376076489687,5.760330008342862,0.038526952266693115,0.11082098353654146,0.005598063580691814,0.2913909265771508,False
yolo11l-seg.pt,2,MOTS20-02,1,144,144,477.93725598603487,1.8701439257711172,28.881472069770098,68.75977199524641,99.51138799078763,10.049101114865126,1080,1920,640,640,45.65882997121662,1.4260079478845,13.555295066908002,7.589372922666371,0.027901027351617813,0.12140604667365551,0.004862900823354721,0.3520241007208824,False
yolo11l-seg.pt,2,MOTS20-02,26,144,144,471.0861099883914,1.9113330636173487,28.85894093196839,69.17326606344432,99.94354005903006,10.005649183622733,1080,1920,640,640,46.05255101341754,1.4389309799298644,13.532326091080904,7.613617926836014,0.031689065508544445,0.10778894647955894,0.004558009095489979,0.3665960393846035,False
yolo11l-seg.pt,2,MOTS20-02,51,127,127,416.91503999754786,1.8444570014253259,28.978402027860284,61.61384901497513,92.43670804426074,10.818213036331604,1080,1920,640,640,41.22547304723412,1.2811230262741446,11.945995036512613,6.674238946288824,0.03970100078731775,0.1138630323112011,0.006010988727211952,0.3024899633601308,False
yolo11l-seg.pt,2,MOTS20-02,76,139,139,455.8745180256665,3.4303819993510842,30.007124063558877,67.47756898403168,100.91507504694164,9.909322264635291,1080,1920,640,640,44.839904992841184,1.393317012116313,13.092459994368255,7.558053941465914,0.03431399818509817,0.16956403851509094,0.008190982043743134,0.3540549660101533,False
yolo11l-seg.pt,2,MOTS20-02,101,135,135,446.4503590716049,1.875598100014031,29.933656915090978,64.57823899108917,96.38749400619417,10.37478990724395,1080,1920,640,640,42.80311497859657,1.3430010294541717,12.715596007183194,7.170842029154301,0.024985987693071365,0.11009699665009975,0.005221925675868988,0.3784990403801203,False
yolo11l-seg.pt,2,MOTS20-02,126,125,125,416.8123190756887,2.0008920691907406,29.29392596706748,62.316076015122235,93.61089405138046,10.682517351571574,1080,1920,640,640,41.95822693873197,1.302853925153613,11.771399062126875,6.749704014509916,0.038964906707406044,0.14075404033064842,0.006756046786904335,0.32047799322754145,False
yolo11l-seg.pt,2,MOTS20-02,151,128,128,430.6097759399563,1.9188530277460814,30.48819093964994,62.14410101529211,94.55114498268813,10.576286518614824,1080,1920,640,640,41.25912603922188,1.2951280223205686,12.07649998832494,6.92532304674387,0.03232201561331749,0.15701900701969862,0.016724923625588417,0.34226407296955585,False
yolo11l-seg.pt,2,MOTS20-02,176,120,120,397.9535379912704,1.9385660998523235,30.333905946463346,59.35048998799175,91.62296203430742,10.914294602542522,1080,1920,640,640,39.50897301547229,1.24845199752599,11.329888016916811,6.54888094868511,0.02867903094738722,0.1395329600200057,0.006142072379589081,0.5010550376027822,False
yolo11l-seg.pt,2,MOTS20-02,201,121,121,405.0631480058655,1.9535840256139636,31.088072923012078,59.75763301830739,92.79928996693343,10.77594451807038,1080,1920,640,640,39.68841407913715,1.2908319476991892,11.432375060394406,6.52277295012027,0.049844966270029545,0.17869204748421907,0.00793894287198782,0.5095120286568999,False
yolo11l-seg.pt,2,MOTS20-02,226,114,114,375.2398149808869,1.885527977719903,31.172494986094534,55.0539749674499,88.11199793126434,11.349192203995807,1080,1920,640,640,36.65803198236972,1.1522680288180709,10.740548954345286,6.025249022059143,0.04184199497103691,0.10947801638394594,0.005480949766933918,0.2972460351884365,False
yolo11l-seg.pt,2,MOTS20-02,251,130,130,427.7745420113206,2.246954943984747,31.21177409775555,63.397944904863834,96.85667394660413,10.324533759555768,1080,1920,640,640,42.546845972537994,1.3006520457565784,12.238633004017174,6.804432952776551,0.02451101318001747,0.11687004007399082,0.010335934348404408,0.32474007457494736,False
yolo11l-seg.pt,2,MOTS20-02,276,135,135,439.0425579622388,1.911803032271564,30.40793794207275,65.52486796863377,97.84460894297808,10.220287155348338,1080,1920,640,640,43.87289599981159,1.3542539672926068,12.705898960120976,7.0438230177387595,0.025819987058639526,0.13445306103676558,0.0068820081651210785,0.3555659204721451,False
yolo11l-seg.pt,2,MOTS20-02,300,136,136,445.61047910247,1.8750439630821347,30.775601975619793,64.82163106556982,97.47227700427175,10.259327377323654,1080,1920,640,640,43.15673606470227,1.3413779670372605,12.807560036890209,6.965919048525393,0.02730102278292179,0.11232495307922363,0.00453100074082613,0.3700460074469447,False
yolo11l-seg.pt,2,MOTS20-02,325,135,135,437.7418919466436,1.8712960882112384,29.15277995634824,65.86570502258837,96.88978106714785,10.321005878906535,1080,1920,640,640,44.2727729678154,1.364181051030755,12.695312034338713,6.999442935921252,0.028377980925142765,0.10808499064296484,0.0049390364438295364,0.359605997800827,False
yolo11l-seg.pt,2,MOTS20-02,350,154,154,500.61183504294604,1.8569030798971653,29.238014947623014,75.29344700742513,106.38836503494531,9.399524089608208,1080,1920,640,640,49.56392198801041,1.5227720141410828,14.461303013376892,9.165883995592594,0.02458097878843546,0.10185805149376392,0.004576053470373154,0.41463389061391354,False
yolo11l-seg.pt,2,MOTS20-02,375,133,133,436.4265389740467,1.8339090747758746,29.286867007613182,63.91072692349553,95.03150300588459,10.522826308851261,1080,1920,640,640,42.61321888770908,1.329830032773316,12.500424985773861,6.931619020178914,0.024548964574933052,0.1048030098900199,0.0047460198402404785,0.3694180632010102,False
yolo11l-seg.pt,2,MOTS20-02,400,118,118,384.3146769795567,1.8620759947225451,29.562380979768932,57.22413305193186,88.64859002642334,11.28049526452628,1080,1920,640,640,38.326113019138575,1.183514017611742,11.099042021669447,6.135147996246815,0.025765039026737213,0.09857502300292253,0.005517969839274883,0.31939195469021797,False
yolo11l-seg.pt,2,MOTS20-02,425,140,140,458.2964340224862,1.872258959338069,29.334668070077896,68.14350001513958,99.35042704455554,10.065381999329821,1080,1920,640,640,45.70201993919909,1.418441068381071,13.15540901850909,7.35593494027853,0.025065033696591854,0.11828797869384289,0.005420995876193047,0.339323072694242,False
yolo11l-seg.pt,2,MOTS20-02,450,120,120,392.36782293301076,1.9130120053887367,28.980031027458608,58.69337695185095,89.5864199846983,11.162406089793564,1080,1920,640,640,39.21535995323211,1.2255210895091295,11.288604000583291,6.401601945981383,0.03134703729301691,0.1517429482191801,0.00639504287391901,0.34474197309464216,False
yolo11l-seg.pt,2,MOTS20-02,475,141,141,464.9185260059312,1.9118260825052857,29.242010903544724,68.10905307065696,99.26289005670696,10.074258360085217,1080,1920,640,640,45.417726039886475,1.435323036275804,13.27431492973119,7.393224048428237,0.030508963391184807,0.12563704513013363,0.005844980478286743,0.38874801248311996,False
yolo11l-seg.pt,2,MOTS20-02,500,105,105,342.88377210032195,2.3818740155547857,28.556436067447066,52.29577899444848,83.23408907745034,12.01430821294251,1080,1920,640,640,35.300620016641915,1.1056369403377175,9.89878794644028,5.51312102470547,0.04078703932464123,0.11823000386357307,0.004866975359618664,0.28905400540679693,False
yolo11l-seg.pt,2,MOTS20-02,525,98,98,323.3431540429592,1.864856923930347,29.155976022593677,47.67340305261314,78.69423599913716,12.707410997813923,1080,1920,640,640,31.763953040353954,1.0028309188783169,9.238317026756704,5.228818976320326,0.025717075914144516,0.13131799641996622,0.008204951882362366,0.252261059358716,False
yolo11l-seg.pt,2,MOTS20-02,550,115,115,375.4376999568194,1.8705390393733978,28.56045390944928,56.19364499580115,86.62463794462383,11.544059793234181,1080,1920,640,640,37.5855250749737,1.1858770158141851,10.81976993009448,6.123198079876602,0.029298942536115646,0.11911103501915932,0.005027046427130699,0.3011029912158847,False
yolo11l-seg.pt,2,MOTS20-02,575,107,107,348.72166300192475,1.8876009853556752,43.035131064243615,57.55085195414722,102.47358400374651,9.758612521676213,1080,1920,640,640,40.136678959243,1.1784830130636692,10.047910967841744,5.7403360260650516,0.028681941330432892,0.10602606926113367,0.004766974598169327,0.2695140428841114,False
yolo11l-seg.pt,2,MOTS20-02,600,101,101,331.56871900428087,1.8708299612626433,37.487736088223755,51.060386933386326,90.41895298287272,11.05962817540501,1080,1920,640,640,34.452882944606245,1.0821729665622115,9.52627300284803,5.489633069373667,0.035297940485179424,0.12707302812486887,0.005446956492960453,0.30602002516388893,False
yolo11l-seg.pt,2,MOTS20-05,1,33,33,15.022248961031437,1.0232990607619286,36.32434003520757,5.119690904393792,42.46733000036329,23.54751287616729,480,640,640,640,3.7695709615945816,0.125967082567513,0.5381709197536111,0.4300239961594343,0.0224430114030838,0.0986660597845912,0.004775938577950001,0.10887801181524992,False
yolo11l-seg.pt,2,MOTS20-05,36,69,69,31.47881105542183,0.8200189331546426,36.41503106337041,7.951339008286595,45.186389004811645,22.130557940655883,480,640,640,640,5.62166899908334,0.19324698951095343,1.047950005158782,0.7814290001988411,0.020390027202665806,0.08373497985303402,0.004447996616363525,0.17626304179430008,False
yolo11l-seg.pt,2,MOTS20-05,71,69,69,31.463857972994447,0.9300130186602473,36.42074391245842,7.90082907769829,45.25158600881696,22.09867295712369,480,640,640,640,5.604705074802041,0.18895708490163088,1.064272946678102,0.6927610374987125,0.02922897692769766,0.0845759641379118,0.005053007043898106,0.20088197197765112,False
yolo11l-seg.pt,2,MOTS20-05,106,76,76,34.51688995119184,0.9544349741190672,36.02435206994414,8.570014964789152,45.54880200885236,21.954474231960063,480,640,640,640,6.086001987569034,0.19321800209581852,1.1513599893078208,0.7625339785590768,0.02158200368285179,0.09704800322651863,0.005412963218986988,0.22242905106395483,False
yolo11l-seg.pt,2,MOTS20-05,140,74,74,33.39179209433496,0.9461430599913001,32.707366975955665,8.049222989939153,41.70273302588612,23.979243743552022,480,640,640,640,5.6406749645248055,0.2082000719383359,1.1165509931743145,0.7360799936577678,0.01930899452418089,0.08362799417227507,0.024221022613346577,0.19207096192985773,False
yolo11l-seg.pt,2,MOTS20-05,175,29,29,13.885868014767766,1.6975030303001404,32.705381978303194,4.680020967498422,39.082905976101756,25.586633721951884,480,640,640,640,3.3656489104032516,0.10136398486793041,0.4796910798177123,0.44782599434256554,0.01872098073363304,0.08211401291191578,0.005085952579975128,0.14981604181230068,False
yolo11l-seg.pt,2,MOTS20-05,210,44,44,20.379628986120224,0.8735170122236013,33.153316006064415,6.003413000144064,40.03024601843208,24.98111052176762,480,640,640,640,4.462342010810971,0.14368502888828516,0.6854829844087362,0.4631530027836561,0.01866905950009823,0.07961899973452091,0.00480900052934885,0.124941929243505,False
yolo11l-seg.pt,2,MOTS20-05,245,54,54,24.842313025146723,0.8788940031081438,32.7454109210521,6.951965973712504,40.576270897872746,24.64494587284575,480,640,640,640,5.08739601355046,0.14559004921466112,0.8250359678640962,0.6300390232354403,0.01813692506402731,0.07698603440076113,0.004717032425105572,0.14326500240713358,False
yolo11l-seg.pt,2,MOTS20-05,280,57,57,26.003894046880305,0.9404810843989253,32.672479981556535,6.965594016946852,40.57855508290231,24.643558597810888,480,640,640,640,4.989168024621904,0.17027801368385553,0.8771410211920738,0.6173719884827733,0.020463019609451294,0.08582998998463154,0.004992936737835407,0.17754302825778723,False
yolo11l-seg.pt,2,MOTS20-05,314,81,81,37.23909694235772,0.9819919941946864,29.658459941856563,9.660997078754008,40.30144901480526,24.81300361266507,480,640,640,640,6.917035090737045,0.2345390385016799,1.2385669397190213,0.8298179600387812,0.0319360988214612,0.12881599832326174,0.009359908290207386,0.24114607367664576,False
yolo11l-seg.pt,2,MOTS20-05,349,75,75,34.62256502825767,0.9925479535013437,28.865196043625474,8.818274014629424,38.67601801175624,25.855815862326697,480,640,640,640,6.184024037793279,0.19243103452026844,1.1589149944484234,0.7613530615344644,0.02222391776740551,0.11831906158477068,0.008492963388562202,0.32760598696768284,False
yolo11l-seg.pt,2,MOTS20-05,384,88,88,40.521856979466975,0.9850029600784183,29.419734026305377,9.234744007699192,39.63948099408299,25.227373692134634,480,640,640,640,6.407027947716415,0.21333096083253622,1.3158030342310667,0.9060419397428632,0.023002037778496742,0.09434600360691547,0.005512963980436325,0.24630106054246426,False
yolo11l-seg.pt,2,MOTS20-05,419,56,56,25.60719393659383,0.9966710349544883,29.18949699960649,6.810644990764558,36.99681302532554,27.02935518568767,480,640,640,640,4.8492070054635406,0.15056098345667124,0.8632029639557004,0.6124000065028667,0.019567087292671204,0.11470192112028599,0.008672010153532028,0.17051096074283123,False
yolo11l-seg.pt,2,MOTS20-05,454,60,60,27.77886006515473,1.00369390565902,29.50011705979705,7.299166987650096,37.802977953106165,26.452942443859314,480,640,640,640,5.246037966571748,0.1627820311114192,0.9281439706683159,0.6408890476450324,0.02147303894162178,0.08891895413398743,0.005159061402082443,0.18250697758048773,False
yolo11l-seg.pt,2,MOTS20-05,489,47,47,21.525426069274545,0.9897840209305286,30.203557922504842,6.367059075273573,37.560401018708944,26.62378390214463,480,640,640,640,4.648864036425948,0.1427140086889267,0.7325229234993458,0.5397640634328127,0.0190479913726449,0.11037103831768036,0.007322989404201508,0.1455129822716117,False
yolo11l-seg.pt,2,MOTS20-05,524,48,48,23.08435901068151,1.7358750337734818,29.219990014098585,6.350246956571937,37.306112004444,26.805259145763497,480,640,640,640,4.578713909722865,0.16007199883460999,0.7569720037281513,0.5308049730956554,0.019095023162662983,0.09938504081219435,0.006107962690293789,0.16437203157693148,False
yolo11l-seg.pt,2,MOTS20-05,558,60,60,28.329979977570474,0.9208180708810687,29.575034976005554,7.086595986038446,37.58244903292507,26.60816486769993,480,640,640,640,5.000445060431957,0.15297101344913244,0.9245669934898615,0.6620300700888038,0.020148931071162224,0.08552998770028353,0.004936009645462036,0.1996280625462532,False
yolo11l-seg.pt,2,MOTS20-05,593,73,73,43.14623505342752,0.8782020304352045,30.45860305428505,8.960998966358602,40.297804051078856,24.815247965682335,480,640,640,640,6.326838978566229,0.2044739667326212,1.1093850480392575,0.8076620288193226,0.024314969778060913,0.10984193067997694,0.007166992872953415,0.3259720979258418,False
yolo11l-seg.pt,2,MOTS20-05,628,42,42,20.541801932267845,0.9747749427333474,29.483643011189997,6.521341972984374,36.97975992690772,27.041819686675854,480,640,640,640,4.850702011026442,0.15168008394539356,0.6748510058969259,0.4920579958707094,0.01911900471895933,0.1487499102950096,0.011369003914296627,0.14041003305464983,False
yolo11l-seg.pt,2,MOTS20-05,663,86,86,38.71842904482037,0.9301389800384641,30.959774972870946,9.016626980155706,40.906540933065116,24.445968228804485,480,640,640,640,6.3297010492533445,0.1965869450941682,1.27401202917099,0.8617530111223459,0.01962494570761919,0.08767400868237019,0.005076057277619839,0.22085593082010746,False
yolo11l-seg.pt,2,MOTS20-05,698,89,89,39.87659409176558,0.893027987331152,29.7432019142434,9.102688054554164,39.73891795612872,25.16424833469265,480,640,640,640,6.2990240985527635,0.18929794896394014,1.3192340265959501,0.8890579920262098,0.02066593151539564,0.09212701115757227,0.005349051207304001,0.25591300800442696,False
yolo11l-seg.pt,2,MOTS20-05,732,62,62,27.839577989652753,0.8988530607894063,29.796245973557234,6.998765980824828,37.69386501517147,26.529516132068395,480,640,640,640,4.947809036821127,0.15129800885915756,0.940783997066319,0.6682390812784433,0.01952389720827341,0.08194008842110634,0.004607019945979118,0.163464923389256,False
yolo11l-seg.pt,2,MOTS20-05,767,74,74,33.45820808317512,0.8538999827578664,29.5693640364334,8.159845951013267,38.58310997020453,25.918076608449688,480,640,640,640,5.769405048340559,0.19290100317448378,1.1097380192950368,0.7556970231235027,0.02004497218877077,0.08189200889319181,0.004451023414731026,0.2038689563050866,False
yolo11l-seg.pt,2,MOTS20-05,802,59,59,26.39864501543343,0.9236320620402694,30.27626092080027,6.797703099437058,37.997596082277596,26.317454341971086,480,640,640,640,4.847543081268668,0.145847094245255,0.8963739965111017,0.6323358975350857,0.018903054296970367,0.07937697228044271,0.005147070623934269,0.15129498206079006,False
yolo11l-seg.pt,2,MOTS20-05,837,73,73,33.13065995462239,0.8743359940126538,29.970481991767883,8.11487203463912,38.95969002041966,25.667555349538905,480,640,640,640,5.758397979661822,0.18888397607952356,1.0953920427709818,0.7429249817505479,0.01933902967721224,0.08625793270766735,0.004742993041872978,0.1978650689125061,False
yolo11l-seg.pt,2,MOTS20-09,1,79,79,260.36639197263867,1.8616269808262587,29.043992049992085,39.42930803168565,70.334927062504,14.21768731076294,1080,1920,640,640,25.90422995854169,0.824877992272377,7.46434205211699,4.858528031036258,0.02538494300097227,0.10847102385014296,0.004493980668485165,0.21737802308052778,False
yolo11l-seg.pt,2,MOTS20-09,23,68,68,225.3907370613888,1.871488057076931,28.637991985306144,33.953849924728274,64.46332996711135,15.51269536510434,1080,1920,640,640,22.483209962956607,0.7322690216824412,6.431543966755271,3.763368004001677,0.030842027626931667,0.1456530299037695,0.03057299181818962,0.29742601327598095,False
yolo11l-seg.pt,2,MOTS20-09,45,77,77,256.29935902543366,1.8753811018541455,28.240104904398322,38.57329208403826,68.68877809029073,14.558418824767996,1080,1920,640,640,25.563680101186037,0.8131050271913409,7.2804129449650645,4.308661096729338,0.029255985282361507,0.14417199417948723,0.011459924280643463,0.32903801184147596,False
yolo11l-seg.pt,2,MOTS20-09,66,69,69,229.68843893613666,1.942852046340704,28.31006096675992,34.70060299150646,64.95351600460708,15.395625387378123,1080,1920,640,640,23.075244040228426,0.7383299525827169,6.532086990773678,3.7775030359625816,0.033849035389721394,0.21450396161526442,0.015235040336847305,0.2781719667837024,False
yolo11l-seg.pt,2,MOTS20-09,88,72,72,243.77730197738856,1.844680984504521,28.105422970838845,34.54281506128609,64.49291901662946,15.505578213046158,1080,1920,640,640,22.27026701439172,0.7183399284258485,6.878006039187312,4.086041008122265,0.03061594907194376,0.16480800695717335,0.01130509190261364,0.3433339297771454,False
yolo11l-seg.pt,2,MOTS20-09,110,59,59,195.39570505730808,1.8747759750112891,28.782331966795027,29.550291947089136,60.20739988889545,16.60925404261542,1080,1920,640,640,19.679035991430283,0.6406090687960386,5.602229968644679,3.280755947344005,0.02710998523980379,0.11521705891937017,0.005190027877688408,0.17843593377619982,False
yolo11l-seg.pt,2,MOTS20-09,132,64,64,211.17547200992703,1.9012829288840294,37.51128807198256,33.237197902053595,72.64976890292019,13.764668698895264,1080,1920,640,640,22.4835459375754,0.7223320426419377,6.08569395262748,3.5336570581421256,0.023237895220518112,0.15018507838249207,0.007370021194219589,0.207636971026659,False
yolo11l-seg.pt,2,MOTS20-09,154,71,71,235.2110780775547,1.8841690616682172,40.24096904322505,37.54900093190372,79.67413903679699,12.551124017018326,1080,1920,640,640,25.769878993742168,0.7780090672895312,6.731146946549416,3.875546040944755,0.025963992811739445,0.10965799447149038,0.005041947588324547,0.22197002544999123,False
yolo11l-seg.pt,2,MOTS20-09,176,100,100,329.1475470177829,1.848864951170981,40.715472074225545,53.330825990997255,95.89516301639378,10.428054643684632,1080,1920,640,640,37.148367962799966,1.0899310000240803,9.420239948667586,5.214888020418584,0.024326029233634472,0.09825092274695635,0.004966044798493385,0.2812430029734969,False
yolo11l-seg.pt,2,MOTS20-09,198,60,60,195.28100709430873,1.942961011081934,45.13577895704657,34.30714493151754,81.38588489964604,12.28714292697147,1080,1920,640,640,24.212730932049453,0.719425966963172,5.695605999790132,3.3384819980710745,0.025131041184067726,0.11252390686422586,0.0048710498958826065,0.175163964740932,False
yolo11l-seg.pt,2,MOTS20-09,219,69,68,227.2995919920504,1.859772950410843,46.91281297709793,40.88619910180569,89.65878502931446,11.153396732657534,1080,1920,640,640,29.310012003406882,0.8274631109088659,6.449355976656079,3.876018919982016,0.027968082576990128,0.131789012812078,0.00945699866861105,0.2204009797424078,False
yolo11l-seg.pt,2,MOTS20-09,241,77,77,255.3411719854921,1.8706120317801833,50.086320959962904,44.51397806406021,96.4709110558033,10.365818971291285,1080,1920,640,640,31.748451991006732,0.9359070099890232,7.289145025424659,4.169096006080508,0.02437096554785967,0.10482303332537413,0.005358015187084675,0.2147869672626257,False
yolo11l-seg.pt,2,MOTS20-09,263,76,76,247.1059679519385,1.8426949391141534,45.65671400632709,42.58586501237005,90.0852739578113,11.100593427382146,1080,1920,640,640,29.90794600918889,0.8820630609989166,7.183713023550808,4.197275964543223,0.025085988454520702,0.0994859728962183,0.004600035026669502,0.2545949537307024,False
yolo11l-seg.pt,2,MOTS20-09,285,65,65,212.01151609420776,1.8160180188715458,44.364113942719996,36.117847077548504,82.29797903914005,12.150966666197363,1080,1920,640,640,25.263603078201413,0.7516860496252775,6.1638649785891175,3.569814027287066,0.02199294976890087,0.12385006994009018,0.007049995474517345,0.19364990293979645,False
yolo11l-seg.pt,2,MOTS20-09,307,96,96,316.2614000029862,1.8551460234448314,44.343450921587646,52.70971299614757,98.90830994118005,10.11037394729211,1080,1920,640,640,36.941584083251655,1.0896309977397323,9.064904996193945,5.135884042829275,0.029268907383084297,0.11926505248993635,0.004824018105864525,0.2900009276345372,False
yolo11l-seg.pt,2,MOTS20-09,328,83,83,276.9263470545411,1.855276059359312,39.783495012670755,46.022834023460746,87.66160509549081,11.407502736354054,1080,1920,640,640,31.34301002137363,0.9372970089316368,7.850316935218871,5.318311974406242,0.024156062863767147,0.12098404113203287,0.006570946425199509,0.3793699434027076,False
yolo11l-seg.pt,2,MOTS20-09,350,71,71,230.89251795317978,1.8487019697204232,39.749057963490486,37.66140900552273,79.25916893873364,12.616836807524283,1080,1920,640,640,25.714891031384468,0.7895639864727855,6.720544071868062,4.017815925180912,0.023529049940407276,0.10407797526568174,0.004466972313821316,0.2554680686444044,False
yolo11l-seg.pt,2,MOTS20-09,372,67,67,222.43731992784888,1.9026129739359021,39.81557406950742,35.58914898894727,77.3073360323906,12.935382996265908,1080,1920,640,640,24.484183988533914,0.7458709878847003,6.340967025607824,3.633249900303781,0.025725108571350574,0.10369997471570969,0.00468594953417778,0.219042063690722,False
yolo11l-seg.pt,2,MOTS20-09,394,64,64,208.33871304057539,1.916638109833002,39.75441993679851,34.31814501527697,75.98920306190848,13.159764278423857,1080,1920,640,640,23.5626200446859,0.716704991646111,6.065124995075166,3.6232511047273874,0.023066997528076172,0.12177089229226112,0.006485031917691231,0.17713999841362238,False
yolo11l-seg.pt,2,MOTS20-09,416,81,80,260.50080300774425,1.805407926440239,39.74432707764208,44.27073698025197,85.82047198433429,11.652231418425902,1080,1920,640,640,31.026061973534524,0.8898620726540685,7.554575917311013,4.418902099132538,0.024080974981188774,0.1040829811245203,0.0049800146371126175,0.22233498748391867,False
yolo11l-seg.pt,2,MOTS20-09,438,85,85,280.0172639545053,2.16912804171443,43.02395193371922,46.898100059479475,92.09118003491312,10.858803195060432,1080,1920,640,640,32.67984197009355,0.9758620290085673,8.023391012102365,4.770525032654405,0.030861934646964073,0.12140709441155195,0.004967907443642616,0.25746203027665615,False
yolo11l-seg.pt,2,MOTS20-09,460,62,62,202.10818201303482,1.8899630522355437,41.39981197658926,33.763470011763275,77.05324504058808,12.978038750648935,1080,1920,640,640,23.294480051845312,0.711144064553082,5.881923949345946,3.51099600084126,0.023792032152414322,0.13297598343342543,0.007780967280268669,0.17867505084723234,False
yolo11l-seg.pt,2,MOTS20-09,481,99,99,323.7961159320548,1.9379790173843503,41.30607901606709,52.64470796100795,95.88876599445939,10.428750329916454,1080,1920,640,640,36.245048977434635,1.088563003577292,9.363460005261004,5.313416011631489,0.02437504008412361,0.11749297846108675,0.00652798917144537,0.44099497608840466,False
yolo11l-seg.pt,2,MOTS20-09,503,69,69,231.92599997855723,1.8527319189161062,38.79093402065337,36.08233202248812,76.72599796205759,13.03339189533277,1080,1920,640,640,24.632208049297333,0.7644740398973227,6.538996938616037,3.777537029236555,0.02490903716534376,0.10509300045669079,0.0048140063881874084,0.2100339625030756,False
yolo11l-seg.pt,2,MOTS20-09,525,89,88,293.8414049567655,2.136965049430728,38.980906014330685,48.084687907248735,89.20255897101015,11.210440726537778,1080,1920,640,640,33.42527896165848,0.9586790110915899,8.29862302634865,4.810748039744794,0.025607994757592678,0.1279959687963128,0.006371992640197277,0.39662804920226336,False
yolo11l-seg.pt,2,MOTS20-11,1,120,119,392.82223291229457,1.9427830120548606,38.65395090542734,62.54853110294789,103.14526502043009,9.695064526732555,1080,1920,640,640,43.3939800132066,1.2632040306925774,11.183973052538931,6.2292859656736255,0.02332497388124466,0.10128004942089319,0.005070935003459454,0.31255208887159824,False
yolo11l-seg.pt,2,MOTS20-11,38,90,90,299.037356977351,1.918488065712154,34.18579697608948,44.30414899252355,80.40843403432518,12.436506344261282,1080,1920,640,640,29.653780977241695,0.9217520710080862,8.498337934724987,4.788139020092785,0.025112065486609936,0.1071019796654582,0.005492009222507477,0.27337693609297276,False
yolo11l-seg.pt,2,MOTS20-11,76,96,96,315.42735698167235,1.8055030377581716,34.282588050700724,47.96596593223512,84.05405702069402,11.89710568942319,1080,1920,640,640,32.36225701402873,1.022289041429758,9.071266045793891,5.066375946626067,0.026467954739928246,0.1110640587285161,0.004639034159481525,0.2709910040721297,False
yolo11l-seg.pt,2,MOTS20-11,113,91,91,301.9389120163396,1.9301309948787093,34.20324996113777,44.51052600052208,80.64390695653856,12.40019286936247,1080,1920,640,640,29.772978043183684,0.925016007386148,8.600682020187378,4.819205962121487,0.02508005127310753,0.10231195483356714,0.004400964826345444,0.23736897855997086,False
yolo11l-seg.pt,2,MOTS20-11,151,57,57,186.5383570548147,1.927156001329422,33.692554919980466,28.74497405719012,64.36468497850001,15.5364700430684,1080,1920,640,640,19.22130200546235,0.6110980175435543,5.423891008831561,3.1642039539292455,0.024139066226780415,0.09716092608869076,0.005490030162036419,0.17518701497465372,False
yolo11l-seg.pt,2,MOTS20-11,188,98,98,324.06499807257205,1.8566930666565895,43.631071923300624,53.5707330564037,99.05849804636091,10.095045046331961,1080,1920,640,640,37.34514198731631,1.0878959437832236,9.265708038583398,5.372702958993614,0.030057039111852646,0.14005391858518124,0.006424030289053917,0.2872860059142113,False
yolo11l-seg.pt,2,MOTS20-11,226,68,68,228.08974096551538,1.906909979879856,38.8325770618394,35.915607935748994,76.65509497746825,13.045447276452228,1080,1920,640,640,24.566235952079296,0.7461570203304291,6.431589019484818,3.797400975599885,0.024675042368471622,0.09839399717748165,0.0046889763325452805,0.21474401000887156,False
yolo11l-seg.pt,2,MOTS20-11,263,45,45,147.2693559480831,1.8748559523373842,38.92880107741803,25.107080000452697,65.91073703020811,15.172034861963105,1080,1920,640,640,17.380723962560296,0.50969491712749,4.289039061404765,2.6135429507121444,0.025153975002467632,0.10424107313156128,0.005658017471432686,0.1547109568491578,False
yolo11l-seg.pt,2,MOTS20-11,301,87,86,290.51578301005065,1.945876982063055,38.821583962999284,47.21817304380238,87.98563398886472,11.365491781607869,1080,1920,640,640,32.93136099819094,0.9689080761745572,8.132660994306207,4.715151968412101,0.02558401320129633,0.1138410298153758,0.005597015842795372,0.2755488967522979,False
yolo11l-seg.pt,2,MOTS20-11,338,109,109,360.84190395195037,1.912257052026689,38.813814986497164,55.93909102026373,96.66516305878758,10.344988497995324,1080,1920,640,640,38.19255996495485,1.1434321058914065,10.244912002235651,5.918052978813648,0.023787026293575764,0.10117399506270885,0.004950910806655884,0.28372008819133043,False
yolo11l-seg.pt,2,MOTS20-11,376,119,119,390.39874705486,1.8871959764510393,36.39487596228719,58.92896908335388,97.2110410220921,10.286897347110404,1080,1920,640,640,39.61783600971103,1.22431805357337,11.188426986336708,6.388343987055123,0.025469926185905933,0.1081250375136733,0.005178968422114849,0.3375450614839792,False
yolo11l-seg.pt,2,MOTS20-11,413,64,64,209.41897202283144,1.9247150048613548,33.24964607600123,32.097210991196334,67.27157207205892,14.865120127248336,1080,1920,640,640,21.332163945771754,0.7023949874565005,6.072059972211719,3.6268100375309587,0.022985972464084625,0.09475403930991888,0.005127978511154652,0.20972301717847586,False
yolo11l-seg.pt,2,MOTS20-11,450,91,91,301.6266339691356,1.8762369873002172,33.297794056124985,45.121053932234645,80.29508497565985,12.454062416188162,1080,1920,640,640,30.01499699894339,0.9304349077865481,8.591751102358103,5.139354965649545,0.030499999411404133,0.12081500608474016,0.005071982741355896,0.2638880396261811,False
yolo11l-seg.pt,2,MOTS20-11,488,87,87,288.5029250755906,1.8459389684721828,33.201134065166116,43.837939971126616,78.88501300476491,12.676679155007513,1080,1920,640,640,29.591917991638184,0.9080769959837198,8.210764965042472,4.747777013108134,0.02246699295938015,0.09699200745671988,0.004817033186554909,0.23249106016010046,False
yolo11l-seg.pt,2,MOTS20-11,525,65,65,212.76729309465736,1.9365960033610463,33.14034501090646,32.718012924306095,67.7949539385736,14.750360342542036,1080,1920,640,640,21.55852597206831,0.6885849870741367,6.160327000543475,3.774966113269329,0.03435998223721981,0.12959691230207682,0.0074660638347268105,0.31033495906740427,False
yolo11l-seg.pt,2,MOTS20-11,563,36,36,118.72078198939562,2.1600420586764812,42.00485302135348,20.88116598315537,65.04606106318533,15.37372107787751,1080,1920,640,640,14.543714933097363,0.44853310100734234,3.4568969858810306,2.1680629579350352,0.021882005967199802,0.09583099745213985,0.005090958438813686,0.1202611019834876,False
yolo11l-seg.pt,2,MOTS20-11,600,65,65,214.74560804199427,1.8740949453786016,42.409144109115005,35.703196888789535,79.98643594328314,12.502119743265983,1080,1920,640,640,24.77957494556904,0.7513809250667691,6.160295102745295,3.663176903501153,0.027553061954677105,0.10389997623860836,0.005356967449188232,0.18994102720171213,False
yolo11l-seg.pt,2,MOTS20-11,638,47,47,158.4484209306538,1.8965639173984528,43.18730405066162,26.795458048582077,71.87932601664215,13.912206129596582,1080,1920,640,640,18.7444620532915,0.578050035983324,4.484031000174582,2.6960739633068442,0.025131041184067726,0.09885604958981276,0.0049549853429198265,0.14153693336993456,False
yolo11l-seg.pt,2,MOTS20-11,675,38,38,128.54685494676232,1.9352490780875087,43.691861908882856,23.47621798980981,69.10332897678018,14.471082866876298,1080,1920,640,640,16.61917206365615,0.5170039366930723,3.6695150192826986,2.298251027241349,0.026453984901309013,0.12103095650672913,0.00713299959897995,0.18320209346711636,False
yolo11l-seg.pt,2,MOTS20-11,713,54,54,178.39881300460547,1.856821938417852,44.31813000701368,30.50271305255592,76.67766499798745,13.04160735758251,1080,1920,640,640,21.377383964136243,0.6385429296642542,5.130455014295876,2.994182053953409,0.024531036615371704,0.13310194481164217,0.008538947440683842,0.17262203618884087,False
yolo11l-seg.pt,2,MOTS20-11,750,124,124,407.5499080354348,1.8831510096788406,47.735837986692786,68.80868901498616,118.42767801135778,8.443972024040656,1080,1920,640,640,48.76132099889219,1.401119981892407,11.657966068014503,6.525430944748223,0.02509402111172676,0.10606495197862387,0.004659988917410374,0.3029049839824438,False
yolo11l-seg.pt,2,MOTS20-11,788,110,110,359.98044710140675,1.8697150517255068,37.454994046129286,55.08554994594306,94.41025904379785,10.592069231968637,1080,1920,640,640,37.209755973890424,1.1277729645371437,10.344362002797425,5.882704979740083,0.027825008146464825,0.16062904614955187,0.010092975571751595,0.2993210218846798,False
yolo11l-seg.pt,2,MOTS20-11,825,54,54,176.86773999594152,1.8776669166982174,36.91391402389854,28.116647037677467,66.90822797827423,14.945844931429212,1080,1920,640,640,19.05404799617827,0.5993699887767434,5.13695296831429,3.0011279741302133,0.024640001356601715,0.10109704453498125,0.004927045665681362,0.1724479952827096,False
yolo11l-seg.pt,2,MOTS20-11,863,116,116,381.1857010005042,1.9140540389344096,36.98795801028609,57.63075302820653,96.53276507742703,10.359177002729796,1080,1920,640,640,38.903790060430765,1.202796003781259,10.908609023317695,6.125743966549635,0.025587971322238445,0.11131400242447853,0.005017966032028198,0.306819099932909,False
yolo11l-seg.pt,2,MOTS20-11,900,105,105,341.98086394462734,1.956201042048633,34.21701700426638,51.171571016311646,87.34478906262666,11.448879901501565,1080,1920,640,640,34.106869949027896,1.0729560162872076,9.895425057038665,5.6516219628974795,0.02715596929192543,0.10846799705177546,0.005361041985452175,0.2805059775710106,False
yolov8l-seg.pt,2,MOTS20-02,1,133,133,444.17110399808735,2.251561963930726,35.790862049907446,70.52337401546538,108.56579802930355,9.211004000818793,1080,1920,640,640,48.14370593521744,1.428515068255365,12.526612961664796,7.673582993447781,0.03576802555471659,0.15831692144274712,0.006865011528134346,0.5124020390212536,False
yolov8l-seg.pt,2,MOTS20-02,26,146,146,491.8717280961573,1.919199014082551,36.97940893471241,73.42193904332817,112.32054699212313,8.903090545580485,1080,1920,640,640,49.609407084062696,1.5002600848674774,13.781044981442392,7.677371962927282,0.029684975743293762,0.1560740638524294,0.00803195871412754,0.6133479764685035,False
yolov8l-seg.pt,2,MOTS20-02,51,133,133,443.27951106242836,1.845845952630043,35.798613098450005,69.29031095933169,106.93477001041174,9.35149530786511,1080,1920,640,640,47.658342984505,1.4768010005354881,12.511368957348168,7.122331997379661,0.026918016374111176,0.13252301141619682,0.008534989319741726,0.3255669726058841,False
yolov8l-seg.pt,2,MOTS20-02,76,135,135,448.5004759626463,1.9400069722905755,34.81212095357478,70.25871204677969,107.01083997264504,9.344847683240575,1080,1920,640,640,48.378486069850624,1.467223046347499,12.729390058666468,7.163417991250753,0.02471194602549076,0.13959896750748158,0.007608090527355671,0.3211819566786289,False
yolov8l-seg.pt,2,MOTS20-02,101,123,123,403.76980300061405,2.0385629031807184,34.646507003344595,64.4851760007441,101.17024590726942,9.884329043902687,1080,1920,640,640,44.53317099250853,1.3203140115365386,11.580385966226459,6.572169018909335,0.025173998437821865,0.13007805682718754,0.007141963578760624,0.2896969672292471,False
yolov8l-seg.pt,2,MOTS20-02,126,117,117,388.0466700065881,1.8325509736314416,36.91800404340029,61.31636491045356,100.06691992748529,9.99331248253331,1080,1920,640,640,42.57920500822365,1.2635659659281373,11.003463994711637,6.039923056960106,0.023954897187650204,0.09830005001276731,0.005070003680884838,0.28062600176781416,False
yolov8l-seg.pt,2,MOTS20-02,151,137,137,446.6057609533891,1.9819100853055716,36.91462893038988,68.99839104153216,107.89493005722761,9.268276085536167,1080,1920,640,640,47.04777500592172,1.4150679344311357,12.875097105279565,7.184855989180505,0.024746987037360668,0.10721397120505571,0.005134963430464268,0.3157739993184805,False
yolov8l-seg.pt,2,MOTS20-02,176,130,130,428.69013093877584,1.794551033526659,37.30328695382923,66.34533207397908,105.44317006133497,9.483781637239401,1080,1920,640,640,45.54294503759593,1.3393210247159004,12.238149996846914,6.765311001800001,0.02561404835432768,0.10575598571449518,0.005017966032028198,0.29977899976074696,False
yolov8l-seg.pt,2,MOTS20-02,201,132,132,435.394405038096,1.8695680191740394,37.08544897381216,66.93506508599967,105.89008207898587,9.443755074758341,1080,1920,640,640,45.17969803418964,1.3624110724776983,12.427821988239884,7.165408926084638,0.02742302604019642,0.142290024086833,0.021454994566738605,0.5650799721479416,False
yolov8l-seg.pt,2,MOTS20-02,226,104,104,345.3714679926634,1.8062699818983674,36.91881999839097,55.21813698578626,93.9432269660756,10.644726951535484,1080,1920,640,640,38.39842404704541,1.1326470412313938,9.787856950424612,5.500564002431929,0.02368504647165537,0.09605602826923132,0.004626926966011524,0.25210005696862936,False
yolov8l-seg.pt,2,MOTS20-02,251,127,127,422.06568003166467,1.9627358997240663,38.27156708575785,64.62163396645337,104.85593695193529,9.53689441980179,1080,1920,640,640,43.95461396779865,1.3166699791327119,11.965087032876909,6.8784329341724515,0.028848997317254543,0.12397905811667442,0.005128909833729267,0.31885202042758465,False
yolov8l-seg.pt,2,MOTS20-02,276,141,141,473.972319974564,1.8787579610943794,39.05563405714929,70.98515797406435,111.91954999230802,8.934989464027757,1080,1920,640,640,47.99296904820949,1.4472199836745858,13.288424001075327,7.629086961969733,0.040019978769123554,0.14687504153698683,0.004915986210107803,0.3909390652552247,False
yolov8l-seg.pt,2,MOTS20-02,300,144,144,475.19360994920135,1.9453749991953373,35.74293002020568,73.85483500547707,111.54314002487808,8.965141198077841,1080,1920,640,640,50.524684018455446,1.5216580359265208,13.563415966928005,7.6670380076393485,0.03385706804692745,0.1400939654558897,0.005017966032028198,0.3681330708786845,False
yolov8l-seg.pt,2,MOTS20-02,325,132,132,435.5024619726464,1.8100290326401591,36.57878597732633,67.19728594180197,105.58610095176846,9.470943533153083,1080,1920,640,640,45.93304800800979,1.3641229597851634,12.43592204991728,6.969181005842984,0.02806901466101408,0.11502194683998823,0.005153007805347443,0.32307393848896027,False
yolov8l-seg.pt,2,MOTS20-02,350,150,150,505.8994840364903,1.8611220875754952,34.915628959424794,78.89407803304493,115.67082908004522,8.645222031805368,1080,1920,640,640,54.02220995165408,1.5741370152682066,14.091402990743518,8.646760019473732,0.026752008125185966,0.13502698857337236,0.007314025424420834,0.3639659844338894,False
yolov8l-seg.pt,2,MOTS20-02,375,126,126,418.95388497505337,1.863255980424583,36.641219980083406,64.26663498859853,102.77111094910651,9.730360903612416,1080,1920,640,640,43.91306499019265,1.327325007878244,11.862003011628985,6.679355981759727,0.02390600275248289,0.10519404895603657,0.005195965059101582,0.31827797647565603,False
yolov8l-seg.pt,2,MOTS20-02,400,119,119,399.6456809109077,1.8669759156182408,37.07546310033649,56.04902096092701,94.99145997688174,10.527262137495013,1080,1920,640,640,36.884895991533995,1.1808329727500677,11.227785027585924,6.200007977895439,0.025958986952900887,0.1015389570966363,0.005041016265749931,0.3786010202020407,False
yolov8l-seg.pt,2,MOTS20-02,425,137,137,456.60697494167835,2.0160949788987637,37.66429401002824,69.8449540650472,109.52534305397421,9.130306941902925,1080,1920,640,640,47.74649697355926,1.4168639900162816,12.885123025625944,7.258387049660087,0.02615293487906456,0.14256697613745928,0.008726026862859726,0.327839981764555,False
yolov8l-seg.pt,2,MOTS20-02,450,123,123,410.26264405809343,1.9292710348963737,35.977960913442075,64.90566907450557,102.81290102284402,9.726405830896745,1080,1920,640,640,44.60502800066024,1.320629962719977,11.575732030905783,6.653195014223456,0.03225693944841623,0.14299608301371336,0.006243004463613033,0.5297429161146283,False
yolov8l-seg.pt,2,MOTS20-02,475,151,151,500.05592906381935,1.9693359499797225,36.13889403641224,77.7658389415592,115.87406892795116,8.630058556257188,1080,1920,640,640,53.14312200061977,1.6001849435269833,14.202328980900347,8.241860079579055,0.03529200330376625,0.11627096682786942,0.010548043064773083,0.3784269792959094,False
yolov8l-seg.pt,2,MOTS20-02,500,126,126,420.7172120222822,2.1772889886051416,35.76534998137504,65.90305001009256,103.84568898007274,9.629672736745894,1080,1920,640,640,45.0814850628376,1.3523269444704056,11.87123404815793,6.810675957240164,0.026883091777563095,0.17449993174523115,0.011221040040254593,0.5207129288464785,False
yolov8l-seg.pt,2,MOTS20-02,525,108,108,356.60872503649443,1.8805090803653002,37.82398393377662,57.091639027930796,96.79613204207271,10.330991320658837,1080,1920,640,640,39.42682105116546,1.1724390788003802,10.178365977481008,5.8074279222637415,0.027787056751549244,0.1010289415717125,0.004942063242197037,0.33744494430720806,False
yolov8l-seg.pt,2,MOTS20-02,550,115,115,378.5996350925416,1.8470300128683448,37.87097905296832,60.11606496758759,99.83407403342426,10.016620173841668,1080,1920,640,640,41.5007839910686,1.2287009740248322,10.841449024155736,6.10477093141526,0.02479099202901125,0.10513304732739925,0.0046800123527646065,0.28098304755985737,False
yolov8l-seg.pt,2,MOTS20-02,575,118,118,402.95744501054287,1.8281410448253155,38.33950695116073,60.19227206707001,100.35992006305605,9.964137071569017,1080,1920,640,640,40.998205076903105,1.2205629609525204,11.12748496234417,6.3408371061086655,0.029842951335012913,0.14580204151570797,0.00849796924740076,0.2971959766000509,False
yolov8l-seg.pt,2,MOTS20-02,600,124,124,409.5803360687569,1.8931429367512465,37.30578999966383,64.70970995724201,103.90864289365709,9.623838519606371,1080,1920,640,640,44.37886702362448,1.3217920204624534,11.680757976137102,6.561147980391979,0.02491101622581482,0.12402806896716356,0.00647595152258873,0.5628439830616117,False
yolov8l-seg.pt,2,MOTS20-05,1,22,22,10.817109956406057,1.0138960788026452,37.75635699275881,4.273192025721073,43.04344509728253,23.23234113207944,480,640,640,640,3.2588390167802572,0.13078702613711357,0.38789003156125546,0.28353091329336166,0.01854600850492716,0.08499401155859232,0.005490030162036419,0.08282705675810575,False
yolov8l-seg.pt,2,MOTS20-05,36,68,68,34.62754306383431,0.8547860197722912,44.07718195579946,7.992057013325393,52.924024988897145,18.895010351344,480,640,640,640,5.761709995567799,0.16529997810721397,1.034372951835394,0.727651990018785,0.01935905311256647,0.08623802568763494,0.004982925020158291,0.17162004951387644,False
yolov8l-seg.pt,2,MOTS20-05,71,61,61,29.363023000769317,0.9549170499667525,37.9258890170604,7.268136949278414,46.148943016305566,21.668968661897093,480,640,640,640,5.272604990750551,0.1639178954064846,0.9544281056150794,0.6002229638397694,0.020000035874545574,0.0823289155960083,0.004493049345910549,0.1498960191383958,False
yolov8l-seg.pt,2,MOTS20-05,106,78,78,37.800183054059744,0.8596039842814207,39.966012933291495,8.813951048068702,49.63956796564162,20.145219650021073,480,640,640,640,6.254078005440533,0.2135949907824397,1.1671800166368484,0.868898001499474,0.020431936718523502,0.08516001980751753,0.005118083208799362,0.1789609668776393,False
yolov8l-seg.pt,2,MOTS20-05,140,74,74,36.340194987133145,0.8747309911996126,37.52966097090393,8.28843005001545,46.692822012118995,21.41656804852045,480,640,640,640,5.907119018957019,0.2023570705205202,1.108736963942647,0.7276700343936682,0.019221915863454342,0.08378305938094854,0.004615983925759792,0.20450702868402004,False
yolov8l-seg.pt,2,MOTS20-05,175,26,26,12.740290025249124,1.655588042922318,36.89464193303138,4.428320098668337,42.978550074622035,23.26742056825411,480,640,640,640,3.329657018184662,0.10532408487051725,0.4354339325800538,0.3452249802649021,0.01962005626410246,0.07882597856223583,0.004661036655306816,0.08896901272237301,False
yolov8l-seg.pt,2,MOTS20-05,210,37,37,18.165854969993234,0.8047319715842605,43.765234062448144,5.439347005449235,50.00931303948164,19.996275477939765,480,640,640,640,4.009589902125299,0.143705983646214,0.5928250029683113,0.4245530581101775,0.016489997506141663,0.0899540027603507,0.005412963218986988,0.1273000380024314,False
yolov8l-seg.pt,2,MOTS20-05,245,65,65,33.640090958215296,0.8000100497156382,41.086451965384185,7.5101470574736595,49.39660907257348,20.244304594487453,480,640,640,640,5.400752066634595,0.1632890198379755,0.9918729774653912,0.6652419688180089,0.018712016753852367,0.08193496614694595,0.004763016477227211,0.1626419834792614,False
yolov8l-seg.pt,2,MOTS20-05,280,67,67,33.49111997522414,0.9282310493290424,38.92998304218054,7.830268004909158,47.68848209641874,20.96942397910998,480,640,640,640,5.480598891153932,0.18090789671987295,1.0300640715286136,0.7009350229054689,0.020192936062812805,0.10653503704816103,0.006031012162566185,0.2763679949566722,False
yolov8l-seg.pt,2,MOTS20-05,314,77,77,37.68978896550834,0.8858810178935528,39.31869601365179,8.632353972643614,48.836931004188955,20.47630716013309,480,640,640,640,6.153046968393028,0.1918300986289978,1.151331001892686,0.7520419312641025,0.020253006368875504,0.08160597644746304,0.0043460167944431305,0.2307930262759328,False
yolov8l-seg.pt,2,MOTS20-05,349,54,54,26.20656695216894,0.8461830439046025,39.26520200911909,6.999323959462345,47.11070901248604,21.22659626572302,480,640,640,640,5.06018300075084,0.1543210819363594,0.8382389787584543,0.589695991948247,0.020875013433396816,0.10976800695061684,0.008623930625617504,0.1848749816417694,False
yolov8l-seg.pt,2,MOTS20-05,384,73,73,36.24433605000377,0.8531460771337152,40.218497975729406,8.747334009967744,49.818978062830865,20.072671878953773,480,640,640,640,6.305119022727013,0.20241097081452608,1.1341089848428965,0.7205579895526171,0.018489081412553787,0.09827292524278164,0.005743000656366348,0.22815109696239233,False
yolov8l-seg.pt,2,MOTS20-05,419,51,51,25.398273020982742,0.9045109618455172,38.70101098436862,7.57541402708739,47.18093597330153,21.19500131506238,480,640,640,640,5.59677800629288,0.18122803885489702,0.8080679690465331,0.598285929299891,0.020381994545459747,0.10301708243787289,0.006439979188144207,0.2140180440619588,False
yolov8l-seg.pt,2,MOTS20-05,454,47,47,23.538851062767208,0.8773870067670941,40.37715797312558,6.3697160221636295,47.6242610020563,20.997701149773693,480,640,640,640,4.657862009480596,0.1561229582875967,0.7698900299146771,0.5417269421741366,0.019261031411588192,0.08585804607719183,0.004692934453487396,0.11313799768686295,False
yolov8l-seg.pt,2,MOTS20-05,489,43,43,21.48956898599863,0.8654530392959714,40.539780049584806,5.832375958561897,47.237609047442675,21.169572723201526,480,640,640,640,4.293706966564059,0.14311308041214943,0.6780679104849696,0.4614910576492548,0.0325649743899703,0.08456700015813112,0.006053014658391476,0.11248898226767778,False
yolov8l-seg.pt,2,MOTS20-05,524,40,40,20.494665950536728,1.611599000170827,40.282974019646645,5.996556952595711,47.89112997241318,20.880693367979244,480,640,640,640,4.448530962690711,0.1493230229243636,0.6453769747167826,0.4551069578155875,0.023683998733758926,0.0950060784816742,0.006111920811235905,0.14214101247489452,False
yolov8l-seg.pt,2,MOTS20-05,558,62,62,31.746043940074742,0.8193750400096178,41.807431960478425,7.623355952091515,50.25016295257956,19.90043297856939,480,640,640,640,5.540870944969356,0.1741279847919941,0.9567049564793706,0.6455620750784874,0.020156963728368282,0.08383800741285086,0.02102903090417385,0.15483994502574205,False
yolov8l-seg.pt,2,MOTS20-05,593,54,54,26.153838960453868,0.8677890291437507,40.42547196149826,6.694309995509684,47.987570986151695,20.83872926780522,480,640,640,640,4.810385056771338,0.15442399308085442,0.8336510509252548,0.5696079460904002,0.018954044207930565,0.12639304623007774,0.00901299063116312,0.15207589603960514,False
yolov8l-seg.pt,2,MOTS20-05,628,38,38,18.884283024817705,0.8152569644153118,40.10718606878072,5.651109968312085,46.57355300150812,21.471413185238813,480,640,640,640,4.248457960784435,0.14604302123188972,0.6107299122959375,0.41589001193642616,0.017706071957945824,0.07625599391758442,0.004697008989751339,0.11089001782238483,False
yolov8l-seg.pt,2,MOTS20-05,663,62,62,30.487035983242095,0.890185940079391,41.83826805092394,7.600171025842428,50.32862501684576,19.869408307206577,480,640,640,640,5.520681035704911,0.17871707677841187,0.9787079179659486,0.6247709970921278,0.01977605279535055,0.08145999163389206,0.00494497362524271,0.16905204392969608,False
yolov8l-seg.pt,2,MOTS20-05,698,56,56,28.1080020358786,0.8976670214906335,40.055785910226405,7.0513400714844465,48.004793003201485,20.831253244510584,480,640,640,640,5.159027059562504,0.1547960564494133,0.868187053129077,0.5541089922189713,0.01874798908829689,0.11765002273023129,0.007594935595989227,0.15030300710350275,False
yolov8l-seg.pt,2,MOTS20-05,732,56,56,28.021186008118093,0.9045950137078762,39.99091207515448,7.283502956852317,48.179010045714676,20.755926679505237,480,640,640,640,5.361463990993798,0.15956501010805368,0.8689439855515957,0.6065500201657414,0.0197909539565444,0.0896600540727377,0.0050729140639305115,0.15103910118341446,False
yolov8l-seg.pt,2,MOTS20-05,767,61,61,30.039306031540036,0.9315460920333862,38.60781399998814,7.326773018576205,46.86613311059773,21.337369516706985,480,640,640,640,5.281787016429007,0.1644110307097435,0.9338810341432691,0.6497899303212762,0.019397004507482052,0.08326303213834763,0.005153007805347443,0.16741699073463678,False
yolov8l-seg.pt,2,MOTS20-05,802,62,62,30.561027000658214,0.8848949801176786,39.355100016109645,7.743267924524844,47.98326292075217,20.840600224531883,480,640,640,640,5.659703980199993,0.16268098261207342,0.9490759111940861,0.6639080820605159,0.02068502362817526,0.08980894926935434,0.004795030690729618,0.17143599689006805,False
yolov8l-seg.pt,2,MOTS20-05,837,54,54,26.90891595557332,0.9207359980791807,39.0165300341323,6.947453948669136,46.88471998088062,21.328910579135282,480,640,640,640,5.124797928147018,0.15813903883099556,0.8344909874722362,0.5597379058599472,0.018202001228928566,0.07765204645693302,0.00425300095230341,0.14754303265362978,False
yolov8l-seg.pt,2,MOTS20-09,1,75,75,246.97295192163438,1.9027050584554672,36.127825966104865,40.02957604825497,78.0601070728153,12.810640895831584,1080,1920,640,640,27.512224041856825,0.8481909753754735,7.1003970224410295,4.206225974485278,0.024954089894890785,0.1047779805958271,0.004716916009783745,0.20399107597768307,False
yolov8l-seg.pt,2,MOTS20-09,23,54,54,180.3402960067615,1.9040299812331796,36.869692034088075,30.720459995791316,69.49418201111257,14.389693799692376,1080,1920,640,640,21.323482040315866,0.6844020681455731,5.1705059595406055,3.0893159564584494,0.02545909956097603,0.1297489507123828,0.006395974196493626,0.2522650174796581,False
yolov8l-seg.pt,2,MOTS20-09,45,94,94,308.0122300889343,1.9395380513742566,37.18484798446298,50.324274925515056,89.44866096135229,11.179597204166821,1080,1920,640,640,35.04630702082068,1.021716045215726,8.861209033057094,4.95234492700547,0.02349703572690487,0.100962002761662,0.004783971235156059,0.2808120334520936,False
yolov8l-seg.pt,2,MOTS20-09,66,76,76,250.59228600002825,1.8365270225331187,38.50490693002939,39.0113890171051,79.35282296966761,12.601946125876921,1080,1920,640,640,26.608456042595208,0.8235250134021044,7.18013197183609,4.012982943095267,0.023235101252794266,0.09618792682886124,0.004335073754191399,0.23119989782571793,False
yolov8l-seg.pt,2,MOTS20-09,88,74,74,242.57563310675323,1.882274984382093,39.759080042131245,38.88812894001603,80.52948396652937,12.41781209495434,1080,1920,640,640,26.57560503575951,0.7974639302119613,7.003483013249934,4.098259028978646,0.02493604552000761,0.10702898725867271,0.005356967449188232,0.24321500677615404,False
yolov8l-seg.pt,2,MOTS20-09,110,80,80,263.291239971295,1.9228460732847452,39.18984089978039,41.32441803812981,82.43710501119494,12.130459941117536,1080,1920,640,640,28.150541009381413,0.8769080741330981,7.552450988441706,4.2776999762281775,0.02688402310013771,0.1513379393145442,0.010116025805473328,0.24491106159985065,False
yolov8l-seg.pt,2,MOTS20-09,132,69,69,230.08352308534086,1.8962990725412965,38.481376017443836,36.22151899617165,76.59919408615679,13.054967639414404,1080,1920,640,640,24.849416920915246,0.7586750434711576,6.537702982313931,3.70517501141876,0.028962967917323112,0.1035020686686039,0.004883971996605396,0.21009298507124186,False
yolov8l-seg.pt,2,MOTS20-09,154,62,62,202.64436502475291,1.8272559391334653,39.93651096243411,33.09482103213668,74.85858793370426,13.358520746953083,1080,1920,640,640,22.70759700331837,0.6879119900986552,5.882936995476484,3.466544090770185,0.027003930881619453,0.11213705874979496,0.0052889809012413025,0.1800030004233122,False
yolov8l-seg.pt,2,MOTS20-09,176,110,110,363.783020991832,1.870100968517363,44.63959205895662,55.367423919960856,101.87711694743484,9.81574695047531,1080,1920,640,640,37.44062397163361,1.1679090093821287,10.376062942668796,5.91609301045537,0.02818100620061159,0.12330198660492897,0.005900044925510883,0.2803109819069505,False
yolov8l-seg.pt,2,MOTS20-09,198,64,64,215.61128902249038,1.8527349457144737,42.87896805908531,33.85207196697593,78.58377497177571,12.725273128698154,1080,1920,640,640,23.14027794636786,0.7063839584589005,6.075285957194865,3.5384329967200756,0.03134703729301691,0.14341797214001417,0.007010065019130707,0.18601701594889164,False
yolov8l-seg.pt,2,MOTS20-09,219,81,81,281.58564399927855,2.026925911195576,42.4905481049791,42.66102600377053,87.1785000199452,11.470718121683834,1080,1920,640,640,29.26813589874655,0.8916360093280673,7.680343929678202,4.425537073984742,0.024950015358626842,0.10408996604382992,0.004834029823541641,0.23404299281537533,False
yolov8l-seg.pt,2,MOTS20-09,241,100,100,334.48958909139037,1.8474599346518517,42.37153602298349,52.09876399021596,96.3177599478513,10.382301255151942,1080,1920,640,640,35.563469980843365,1.0704639134928584,9.43415507208556,5.600854987278581,0.028296024538576603,0.11193996760994196,0.00494497362524271,0.2599529689177871,False
yolov8l-seg.pt,2,MOTS20-09,263,79,79,263.471627025865,1.8235929310321808,43.12303999904543,41.770560084842145,86.71719301491976,11.531738577238649,1080,1920,640,640,28.770942008122802,0.8457619696855545,7.472986006177962,4.275650018826127,0.0381979625672102,0.10715704411268234,0.004802015610039234,0.23207394406199455,False
yolov8l-seg.pt,2,MOTS20-09,285,66,66,221.6261390130967,1.8303889082744718,50.21012504585087,35.915042040869594,87.95555599499494,11.369378417173605,1080,1920,640,640,24.8628529952839,0.7459659827873111,6.258190027438104,3.6775050684809685,0.024497974663972855,0.10184303391724825,0.005005975253880024,0.2058700192719698,False
yolov8l-seg.pt,2,MOTS20-09,307,89,89,292.8264029324055,1.9548350246623158,53.808417986147106,48.92188694793731,104.68513995874673,9.552454153417285,1080,1920,640,640,33.9987309416756,0.9891910012811422,8.393578929826617,4.982547019608319,0.024741049855947495,0.15261396765708923,0.010101008228957653,0.3453459357842803,False
yolov8l-seg.pt,2,MOTS20-09,328,84,84,276.793132070452,2.506903954781592,46.68536805547774,43.64114394411445,92.83341595437378,10.771983231679043,1080,1920,640,640,29.71312392037362,0.8978910045698285,7.952439947985113,4.69297100789845,0.026044086553156376,0.10646600276231766,0.005473964847624302,0.22159796208143234,False
yolov8l-seg.pt,2,MOTS20-09,350,72,72,236.51560104917735,1.89744692761451,44.29482400882989,37.33951202593744,83.53178296238184,11.971491144279124,1080,1920,640,640,25.43227595742792,0.7837859448045492,6.823858013376594,3.9225639775395393,0.02432498149573803,0.12701703235507011,0.006409012712538242,0.19479694310575724,False
yolov8l-seg.pt,2,MOTS20-09,372,92,92,300.53657200187445,1.8682299414649606,44.63104601018131,46.80447396822274,93.303749919869,10.717682846175192,1080,1920,640,640,31.714451033622026,0.9819680126383901,8.67562706116587,5.026401951909065,0.02715596929192543,0.11085998266935349,0.005103996954858303,0.24112907703965902,False
yolov8l-seg.pt,2,MOTS20-09,394,94,94,308.8115800637752,1.8645600648596883,44.62639999110252,48.13149094115943,94.62245099712163,10.568316392802164,1080,1920,640,640,32.66478993464261,0.9834860684350133,8.863204973749816,5.168640054762363,0.026202993467450142,0.11376291513442993,0.004747067578136921,0.2735219895839691,False
yolov8l-seg.pt,2,MOTS20-09,416,67,67,230.63887504395097,1.883288030512631,44.32799690403044,34.993177046999335,81.20446198154241,12.314594242706734,1080,1920,640,640,23.74629699625075,0.7319329306483269,6.3568600453436375,3.776418976485729,0.02744002267718315,0.11667702347040176,0.0047639477998018265,0.20908797159790993,False
yolov8l-seg.pt,2,MOTS20-09,438,109,109,380.10885810945183,1.8703730311244726,52.528801024891436,60.86833798326552,115.26751203928143,8.675471364899549,1080,1920,640,640,42.429754976183176,1.2468199711292982,10.274650994688272,6.241837982088327,0.02755399327725172,0.1313840039074421,0.006322050467133522,0.4634809447452426,False
yolov8l-seg.pt,2,MOTS20-09,460,57,57,194.42485098261386,2.187924925237894,49.44011208135635,31.69901797082275,83.32705497741699,12.000904151370962,1080,1920,640,640,21.86960296239704,0.6847400218248367,5.441832006908953,3.260319004766643,0.02489692997187376,0.12550607789307833,0.008658971637487411,0.25026302319020033,False
yolov8l-seg.pt,2,MOTS20-09,481,104,104,368.2594469282776,1.9350050715729594,49.254124984145164,55.67520298063755,106.86433303635567,9.357659114007626,1080,1920,640,640,38.02407905459404,1.1524470755830407,9.818027960136533,5.962347029708326,0.029194983653724194,0.1633909996598959,0.010860967449843884,0.4613250494003296,False
yolov8l-seg.pt,2,MOTS20-09,503,90,90,291.65052296593785,1.9103869562968612,49.21529197599739,46.807117061689496,97.93279599398375,10.21108393618653,1080,1920,640,640,32.06676908303052,0.9626350365579128,8.490659995004535,4.8584360629320145,0.02583395689725876,0.10742200538516045,0.004753004759550095,0.2579779829829931,False
yolov8l-seg.pt,2,MOTS20-09,525,93,93,304.4935080688447,1.856866991147399,44.724415987730026,47.40294499788433,93.98422797676176,10.640083145091715,1080,1920,640,640,32.14909601956606,0.960809993557632,8.764824946410954,5.1318020559847355,0.025219982489943504,0.10357995051890612,0.00437907874584198,0.24045398458838463,False
yolov8l-seg.pt,2,MOTS20-11,1,114,114,372.47345002833754,1.8179479520767927,42.73483203724027,56.76427995786071,101.31705994717777,9.870006102835552,1080,1920,640,640,38.202335010282695,1.1737738968804479,10.727055021561682,6.157216033898294,0.0331320334225893,0.10872993152588606,0.005676061846315861,0.32441597431898117,False
yolov8l-seg.pt,2,MOTS20-11,38,117,117,380.7114240480587,1.8743890104815364,39.99606496654451,59.05027303379029,100.92072701081634,9.908767303002321,1080,1920,640,640,40.01368896570057,1.2071119854226708,11.001790990121663,6.385090993717313,0.0247700372710824,0.0968939857557416,0.00474101398140192,0.2917819656431675,False
yolov8l-seg.pt,2,MOTS20-11,76,96,96,312.19659198541194,1.884151017293334,40.391008951701224,49.540176056325436,91.81533602532,10.89142667543284,1080,1920,640,640,33.92991598229855,1.0144839761778712,9.068108978681266,5.123049020767212,0.026345951482653618,0.10384502820670605,0.0045889755710959435,0.24800002574920654,False
yolov8l-seg.pt,2,MOTS20-11,113,115,115,375.6551949772984,1.9009769894182682,40.85728107020259,57.563054957427084,100.32131301704794,9.967971609682447,1080,1920,640,640,38.949582958593965,1.1701349867507815,10.81748807337135,6.160242948681116,0.026026973500847816,0.10608904995024204,0.0052050454542040825,0.304223969578743,False
yolov8l-seg.pt,2,MOTS20-11,151,56,56,182.1566919097677,1.8752450123429298,38.6626849649474,29.351421049796045,69.88935102708638,14.308331459716076,1080,1920,640,640,19.990941043943167,0.6292650941759348,5.318011972121894,3.074037958867848,0.034100026823580265,0.1222540158778429,0.0074820127338171005,0.15423796139657497,False
yolov8l-seg.pt,2,MOTS20-11,188,99,99,323.7144579179585,2.290708012878895,39.18877395335585,50.985167035833,92.46464900206774,10.814943989866197,1080,1920,640,640,34.93358404375613,1.0489790001884103,9.323687059804797,5.270299967378378,0.024292967282235622,0.10212103370577097,0.004836940206587315,0.25525304954499006,False
yolov8l-seg.pt,2,MOTS20-11,226,100,100,325.83571993745863,1.8693800084292889,38.90400496311486,50.99818005692214,91.77156502846628,10.896621406530592,1080,1920,640,640,34.633832052350044,1.0648890165612102,9.433262050151825,5.413990002125502,0.0308438902720809,0.1224731095135212,0.004394911229610443,0.2684320788830519,False
yolov8l-seg.pt,2,MOTS20-11,263,62,62,204.17057804297656,1.8792380578815937,40.77598999720067,32.43446792475879,75.08969597984105,13.317406429085356,1080,1920,640,640,22.06529292743653,0.7089199498295784,5.878994008526206,3.4722229465842247,0.02345908433198929,0.09530899114906788,0.0047639477998018265,0.16407901421189308,False
yolov8l-seg.pt,2,MOTS20-11,301,66,66,220.39420600049198,1.8501980230212212,41.388427023775876,34.53795693349093,77.77658198028803,12.857340532828294,1080,1920,640,640,23.34929199423641,0.728996004909277,6.268813973292708,3.6958049749955535,0.028203008696436882,0.12982299085706472,0.006676069460809231,0.29029499273747206,False
yolov8l-seg.pt,2,MOTS20-11,338,133,133,462.198393070139,2.011170028708875,41.123941889964044,68.29978607129306,111.43489798996598,8.973849467606135,1080,1920,640,640,46.247008023783565,1.3784579932689667,12.535701971501112,7.376594003289938,0.02557598054409027,0.13301707804203033,0.009601004421710968,0.5480239633470774,False
yolov8l-seg.pt,2,MOTS20-11,376,143,143,496.54686299618334,2.0285900682210922,40.82392598502338,73.1927310116589,116.04524706490338,8.617328372274534,1080,1920,640,640,49.38555299304426,1.4790470013394952,13.457708060741425,8.078007958829403,0.0389759661629796,0.13680302072316408,0.010156072676181793,0.5484219873324037,False
yolov8l-seg.pt,2,MOTS20-11,413,73,73,241.70242401305586,1.8386360025033355,37.04060602467507,39.33076502289623,78.21000705007464,12.786087582881066,1080,1920,640,640,27.15778397396207,0.8538590045645833,6.926050060428679,4.030063981190324,0.025709974579513073,0.1030979910865426,0.005144975148141384,0.20057603251188993,False
yolov8l-seg.pt,2,MOTS20-11,450,136,136,446.44370407331735,2.1288360003381968,37.76284703053534,70.1287059346214,110.02038896549493,9.089224364709565,1080,1920,640,640,48.18617692217231,1.3826650101691484,12.793504050932825,7.228835951536894,0.024858047254383564,0.13008993119001389,0.008348026312887669,0.34957705065608025,False
yolov8l-seg.pt,2,MOTS20-11,488,96,96,317.86551990080625,1.8946740310639143,37.33751596882939,50.85514800157398,90.08733800146729,11.100339095197958,1080,1920,640,640,35.13265703804791,1.0336540872231126,9.040741948410869,5.219692946411669,0.027649104595184326,0.11079292744398117,0.0045030610635876656,0.2614769618958235,False
yolov8l-seg.pt,2,MOTS20-11,525,91,91,298.41038899030536,1.8422160064801574,36.22638899832964,48.7704670522362,86.839072057046,11.51555372843095,1080,1920,640,640,33.85349502786994,0.9862460428848863,8.572050952352583,4.956408985890448,0.023280968889594078,0.10124605614691973,0.004937988705933094,0.25073904544115067,False
yolov8l-seg.pt,2,MOTS20-11,563,43,43,140.68758091889322,1.8978449515998363,36.48457699455321,23.874010075815022,62.25643202196807,16.062597349734656,1080,1920,640,640,16.47993898950517,0.5312779685482383,4.106695065274835,2.4529959773644805,0.023894943296909332,0.09852705989032984,0.004517962224781513,0.1542540267109871,False
yolov8l-seg.pt,2,MOTS20-11,600,93,93,305.291960015893,1.8899189308285713,35.71008099243045,49.234644044190645,86.83464396744967,11.516140958381245,1080,1920,640,640,33.93822105135769,1.0171729372814298,8.773872046731412,5.065008997917175,0.025797984562814236,0.10518799535930157,0.005003996193408966,0.27459103148430586,False
yolov8l-seg.pt,2,MOTS20-11,638,59,59,193.080952973105,1.8618780886754394,42.54260193556547,30.96081200055778,75.36529202479869,13.268707293948433,1080,1920,640,640,21.02049207314849,0.6588209653273225,5.599430995061994,3.3467020839452744,0.022608903236687183,0.09553809650242329,0.004243920557200909,0.19044103100895882,False
yolov8l-seg.pt,2,MOTS20-11,675,69,69,242.26570595055819,1.8320480594411492,42.34955389983952,36.82857402600348,81.01017598528415,12.34412822633115,1080,1920,640,640,25.014979066327214,0.785607029683888,6.554945954121649,3.909726976417005,0.0278400257229805,0.172180007211864,0.011555035598576069,0.3155459417030215,False
yolov8l-seg.pt,2,MOTS20-11,713,71,71,233.7537530111149,1.9020719919353724,46.062470064498484,36.401883931830525,84.36642598826438,11.85305633474509,1080,1920,640,640,24.665937991812825,0.770617974922061,6.713603972457349,3.903646022081375,0.02498994581401348,0.09527208749204874,0.004946952685713768,0.20027800928801298,False
yolov8l-seg.pt,2,MOTS20-11,750,138,138,456.1756879556924,2.012810087762773,49.44368195720017,70.30788704287261,121.76437908783555,8.212582427564003,1080,1920,640,640,48.05899795610458,1.4267440419644117,12.958028935827315,7.370183011516929,0.022648018784821033,0.11158199049532413,0.0054460251703858376,0.33065397292375565,False
yolov8l-seg.pt,2,MOTS20-11,788,76,76,248.6919139046222,2.032720949500799,39.98967004008591,40.25047295726836,82.27286394685507,12.154675940854077,1080,1920,640,640,27.703836909495294,0.8335759630426764,7.176981074735522,4.180661984719336,0.02579099964350462,0.10161998216062784,0.005278969183564186,0.20070304162800312,False
yolov8l-seg.pt,2,MOTS20-11,825,47,47,154.899877961725,1.8416690872982144,39.645420969463885,25.552349048666656,67.03943910542876,14.916592581082938,1080,1920,640,640,17.555966041982174,0.5660110618919134,4.486305988393724,2.6426990516483784,0.0230009900406003,0.09631400462239981,0.0044209882616996765,0.15185994561761618,False
yolov8l-seg.pt,2,MOTS20-11,863,126,126,413.43427798710763,1.885081990621984,39.70749501604587,63.79470997489989,105.38728698156774,9.488810544813628,1080,1920,640,640,43.40939095709473,1.2934720143675804,11.862782994285226,6.701983977109194,0.027413014322519302,0.11500995606184006,0.005412031896412373,0.3451859811320901,False
yolov8l-seg.pt,2,MOTS20-11,900,131,131,430.88733800686896,2.2211349569261074,38.384894956834614,66.94007199257612,107.54610190633684,9.298337943209804,1080,1920,640,640,45.47835502307862,1.3387970393523574,12.301255948841572,7.300468045286834,0.046081957407295704,0.12797501403838396,0.005988054908812046,0.31583698000758886,False
yolov9c-seg.pt,2,MOTS20-02,1,126,126,415.2577589266002,2.3874829057604074,30.08430905174464,63.39584698434919,95.86763894185424,10.431048589884655,1080,1920,640,640,43.29754295758903,1.3238630490377545,11.856436030939221,6.443460937589407,0.02481904812157154,0.10319892317056656,0.004836008884012699,0.3143100766465068,False
yolov9c-seg.pt,2,MOTS20-02,26,144,144,476.29660298116505,1.8632329301908612,31.635889085009694,70.53237699437886,104.03149900957942,9.612473236667656,1080,1920,640,640,47.35761194024235,1.4416419435292482,13.529003015719354,7.616032031364739,0.03320700488984585,0.1660559792071581,0.007709022611379623,0.3583459183573723,False
yolov9c-seg.pt,2,MOTS20-02,51,137,137,460.2678030496463,1.864601974375546,30.679793911986053,69.26434207707644,101.80873796343803,9.822339614494819,1080,1920,640,640,47.17118409462273,1.4089549658820033,12.880009016953409,7.272252929396927,0.0264020636677742,0.1154670026153326,0.005187932401895523,0.36047003231942654,False
yolov9c-seg.pt,2,MOTS20-02,76,127,127,420.9796549985185,1.9520299974828959,31.080717919394374,63.611817080527544,96.64456499740481,10.34719334736364,1080,1920,640,640,43.12306200154126,1.313418964855373,11.952407076023519,6.721343961544335,0.02773595042526722,0.11241307947784662,0.004716916009783745,0.33169903326779604,False
yolov9c-seg.pt,2,MOTS20-02,101,127,127,417.6545809023082,1.9007929367944598,32.11885702330619,62.44751496706158,96.46716492716223,10.366221509205255,1080,1920,640,640,41.942729032598436,1.3000559993088245,11.95602398365736,6.747710052877665,0.026862951926887035,0.11946202721446753,0.005485024303197861,0.32146298326551914,False
yolov9c-seg.pt,2,MOTS20-02,126,120,120,401.9137569703162,1.8731099553406239,31.86384798027575,58.65444301161915,92.39140094723552,10.82351809527271,1080,1920,640,640,39.28327409084886,1.2296680361032486,11.286183958873153,6.377069978043437,0.028570997528731823,0.11243403423577547,0.004492001608014107,0.30853692442178726,False
yolov9c-seg.pt,2,MOTS20-02,151,132,132,436.9932690169662,1.9543239613994956,32.00698900036514,64.51725610531867,98.4785690670833,10.154493606815134,1080,1920,640,640,43.42148208525032,1.318640075623989,12.42514990735799,6.821146002039313,0.025510089471936226,0.13005896471440792,0.006934045813977718,0.34305499866604805,False
yolov9c-seg.pt,2,MOTS20-02,176,116,116,381.21069804765284,2.0882149692624807,31.352909980341792,57.59162805043161,91.03275300003588,10.98505721341423,1080,1920,640,640,38.94080105237663,1.2203369988128543,10.93642704654485,6.010678014717996,0.04222500137984753,0.10789092630147934,0.005529029294848442,0.3033500397577882,False
yolov9c-seg.pt,2,MOTS20-02,201,126,126,415.5027950182557,1.8743840046226978,31.464166007936,61.771845910698175,95.11039592325687,10.51409775233072,1080,1920,640,640,41.60733497701585,1.2918359134346247,11.863064020872116,6.504853023216128,0.02340704668313265,0.09987095836549997,0.005480949766933918,0.34138106275349855,False
yolov9c-seg.pt,2,MOTS20-02,226,120,120,394.12065397482365,1.8601469928398728,31.23073000460863,59.32863906491548,92.41951606236398,10.820225452438072,1080,1920,640,640,39.969544974155724,1.2363820569589734,11.286004912108183,6.330444011837244,0.02668006345629692,0.10856799781322479,0.004933914169669151,0.3343310672789812,False
yolov9c-seg.pt,2,MOTS20-02,251,129,129,427.0904689328745,2.137189032509923,31.001601950265467,64.60439402144402,97.74318500421941,10.230892311897057,1080,1920,640,640,43.78965205978602,1.3533839955925941,12.146461056545377,6.721651996485889,0.027201022021472454,0.16082997899502516,0.006826943717896938,0.36395108327269554,False
yolov9c-seg.pt,2,MOTS20-02,276,145,145,482.53857099916786,1.8802699632942677,31.64336900226772,70.64742501825094,104.17106398381293,9.599594760358686,1080,1920,640,640,47.4436430959031,1.456658006645739,13.653664966113865,7.504482986405492,0.029435032047331333,0.15064200852066278,0.007924041710793972,0.37453300319612026,False
yolov9c-seg.pt,2,MOTS20-02,300,134,134,445.8526460221037,1.8624430522322655,29.522381024435163,67.79518292751163,99.18000700417906,10.082677247218422,1080,1920,640,640,46.02317092940211,1.3758500572293997,12.6174739561975,7.177724968641996,0.036281999200582504,0.17455406486988068,0.008036964572966099,0.3544919891282916,False
yolov9c-seg.pt,2,MOTS20-02,325,138,138,460.79267805907875,1.875626971013844,30.841041007079184,68.00169800408185,100.71836598217487,9.928675770782261,1080,1920,640,640,45.28960294555873,1.4300899347290397,13.030238100327551,7.606622995808721,0.039019971154630184,0.15385192818939686,0.006058020517230034,0.4046850372105837,False
yolov9c-seg.pt,2,MOTS20-02,350,148,148,490.8633599989116,1.8886870238929987,29.70327192451805,73.88656109105796,105.478520039469,9.480603251029784,1080,1920,640,640,50.13844498898834,1.5238160267472267,13.933888985775411,7.730978075414896,0.02983096055686474,0.11304393410682678,0.004325062036514282,0.38195704109966755,False
yolov9c-seg.pt,2,MOTS20-02,375,143,143,473.05261401925236,1.8613209249451756,31.647967058233917,70.61851094476879,104.12779892794788,9.603583387870884,1080,1920,640,640,47.57057793904096,1.4382930239662528,13.438191032037139,7.591072004288435,0.02935994416475296,0.11771998833864927,0.005119014531373978,0.395819079130888,False
yolov9c-seg.pt,2,MOTS20-02,400,110,110,371.6016450198367,1.8369009485468268,32.09917095955461,54.99440908897668,88.93048099707812,11.244738460740539,1080,1920,640,640,37.06412704195827,1.1555829551070929,10.380279971286654,5.9144970728084445,0.02835993655025959,0.1159739913418889,0.004905974492430687,0.300685060210526,False
yolov9c-seg.pt,2,MOTS20-02,425,151,151,526.8440271029249,1.8426639726385474,32.887494075112045,73.9101649960503,108.64032304380089,9.204685442594151,1080,1920,640,640,49.82938792090863,1.5130810206755996,14.188580913469195,7.799831102602184,0.026650959625840187,0.1408460084348917,0.008263974450528622,0.3766829613596201,False
yolov9c-seg.pt,2,MOTS20-02,450,120,120,433.3869449328631,1.9250789191573858,30.51254607271403,59.476146940141916,91.91377193201333,10.879762400999915,1080,1920,640,640,40.16352293547243,1.27576501108706,11.300715967081487,6.232529995031655,0.0235589686781168,0.0990619882941246,0.005106092430651188,0.3384849987924099,False
yolov9c-seg.pt,2,MOTS20-02,475,155,155,511.15051098167896,1.9439629977568984,31.030891928821802,76.93057204596698,109.90542697254568,9.098731769176416,1080,1920,640,640,52.087432006374,1.574867987073958,14.592656982131302,8.121325052343309,0.02545793540775776,0.11258898302912712,0.004931003786623478,0.3829250345006585,False
yolov9c-seg.pt,2,MOTS20-02,500,98,98,324.4040079880506,2.063989988528192,29.867619974538684,49.177339067682624,81.1089490307495,12.329095765017081,1080,1920,640,640,33.13873300794512,1.048175967298448,9.256315999664366,5.260174977593124,0.028520007617771626,0.10961503721773624,0.00487093348056078,0.29199104756116867,False
yolov9c-seg.pt,2,MOTS20-02,525,117,117,386.33831101469696,1.8813469214364886,29.04638007748872,59.19440696015954,90.12213395908475,11.096053278698413,1080,1920,640,640,40.125931962393224,1.2614369625225663,11.016691103577614,6.1845979653298855,0.025128014385700226,0.10234792716801167,0.00477407593280077,0.43577898759394884,False
yolov9c-seg.pt,2,MOTS20-02,550,121,121,395.4785930691287,1.9074820447713137,28.995716013014317,61.09539594035596,91.99859399814159,10.869731335461502,1080,1920,640,640,41.52446601074189,1.2488859938457608,11.398451984860003,6.412485963664949,0.024090055376291275,0.10704994201660156,0.004825997166335583,0.3400780260562897,False
yolov9c-seg.pt,2,MOTS20-02,575,117,117,385.0186390336603,1.8289029831066728,31.565062003210187,58.83639003150165,92.23035501781851,10.842417334366807,1080,1920,640,640,39.753881050273776,1.2401570565998554,11.021612910553813,6.298071006312966,0.02600904554128647,0.11556094978004694,0.005559995770454407,0.33634400460869074,False
yolov9c-seg.pt,2,MOTS20-02,600,115,115,380.60640695039183,1.944608986377716,32.29884000029415,58.77594102639705,93.01939001306891,10.750446760180896,1080,1920,640,640,39.655083091929555,1.2435560347512364,10.869240039028227,6.262394948862493,0.031976960599422455,0.13182905968278646,0.00760203693062067,0.5237249424681067,False
yolov9c-seg.pt,2,MOTS20-05,1,17,17,8.173560025170445,1.000524964183569,32.65318099875003,3.6025729496032,37.2562789125368,26.841113207994006,480,640,640,640,2.754118060693145,0.08405791595578194,0.3260350786149502,0.25451299734413624,0.018013990484178066,0.07424794603139162,0.00454997643828392,0.06705604027956724,False
yolov9c-seg.pt,2,MOTS20-05,36,52,52,25.514335953630507,0.8247749647125602,36.48943896405399,6.615055026486516,43.929268955253065,22.76386618267227,480,640,640,640,4.717144998721778,0.15418499242514372,0.8088090689852834,0.6386259337887168,0.019000028260052204,0.11514103971421719,0.006450922228395939,0.1343650510534644,False
yolov9c-seg.pt,2,MOTS20-05,71,66,66,32.41910401266068,0.856081023812294,32.060559024102986,7.542909006588161,40.45954905450344,24.71604413219956,480,640,640,640,5.420594941824675,0.16588589642196894,1.0013910941779613,0.6495679263025522,0.01705100294202566,0.07889699190855026,0.0044050393626093864,0.16597902867943048,False
yolov9c-seg.pt,2,MOTS20-05,106,73,73,36.62004799116403,0.8451760513707995,30.799175961874425,8.074522018432617,39.71887403167784,25.176947342526596,480,640,640,640,5.687079043127596,0.21002604626119137,1.1411349987611175,0.710093998350203,0.018625985831022263,0.08543906733393669,0.00484089832752943,0.18876709509640932,False
yolov9c-seg.pt,2,MOTS20-05,140,72,72,35.89820198249072,0.9394589578732848,30.894318013451993,8.663940010592341,40.49771698191762,24.692749975177705,480,640,640,640,6.123785045929253,0.24937791749835014,1.1125990422442555,0.7669490296393633,0.02076698001474142,0.1423730282112956,0.00882195308804512,0.2106199972331524,False
yolov9c-seg.pt,2,MOTS20-05,175,37,37,18.150551011785865,1.9129159627482295,32.072102068923414,5.250931950286031,39.235949981957674,25.486830329324043,480,640,640,640,3.862936981022358,0.15037599951028824,0.6126089720055461,0.3870090004056692,0.027064001187682152,0.07586402352899313,0.00478699803352356,0.1105510164052248,False
yolov9c-seg.pt,2,MOTS20-05,210,39,39,18.94218602683395,0.8287070086225867,32.946110935881734,5.647376994602382,39.4221949391067,25.36642116312004,480,640,640,640,4.157545045018196,0.14350202400237322,0.6182650104165077,0.4164979327470064,0.017979065887629986,0.1510980073362589,0.01178099773824215,0.10890793055295944,False
yolov9c-seg.pt,2,MOTS20-05,245,51,51,24.584389990195632,0.8199739968404174,33.23397203348577,6.282408023253083,40.33635405357927,24.791531695494538,480,640,640,640,4.520197049714625,0.14993792865425348,0.7881070487201214,0.5701429909095168,0.016866950318217278,0.07704109884798527,0.015083933249115944,0.12380897533148527,False
yolov9c-seg.pt,2,MOTS20-05,280,54,54,27.009632089175284,0.8719309698790312,32.804443035274744,6.5259350230917335,40.20230902824551,24.874193153866255,480,640,640,640,4.677825956605375,0.1569160958752036,0.8312519639730453,0.5769550334662199,0.01990492455661297,0.08352496661245823,0.005024019628763199,0.15385309234261513,False
yolov9c-seg.pt,2,MOTS20-05,314,78,78,38.76357001718134,0.8989350171759725,31.614043982699513,8.458525990135968,40.971504990011454,24.40720691719263,480,640,640,640,6.025523063726723,0.188693986274302,1.1644059559330344,0.7642500568181276,0.019715982489287853,0.07995299529284239,0.004656030796468258,0.189439975656569,False
yolov9c-seg.pt,2,MOTS20-05,349,41,41,20.427893032319844,0.8494489593431354,30.34789499361068,5.4747279500588775,36.67207190301269,27.26870744158439,480,640,640,640,4.010583041235805,0.13948895502835512,0.6574069848284125,0.4298159619793296,0.017982092685997486,0.07388298399746418,0.004192930646240711,0.12027309276163578,False
yolov9c-seg.pt,2,MOTS20-05,384,75,75,37.86094707902521,0.8583539165556431,33.57424703426659,8.277648012153804,42.71024896297604,23.413583958896226,480,640,640,640,5.882582045160234,0.20548806060105562,1.1246700305491686,0.7323719328269362,0.01782400067895651,0.09254401084035635,0.005529029294848442,0.1785720232874155,False
yolov9c-seg.pt,2,MOTS20-05,419,31,31,15.880234073847532,0.9175970917567611,30.23274091538042,4.823222989216447,35.973560996353626,27.798193237009887,480,640,640,640,3.571922075934708,0.14581694267690182,0.51834003534168,0.36277598701417446,0.01798500306904316,0.09022105950862169,0.0052049290388822556,0.0853120582178235,False
yolov9c-seg.pt,2,MOTS20-05,454,34,34,16.441645100712776,0.8699760073795915,34.351706970483065,4.838761989958584,40.06044496782124,24.96227889638408,480,640,640,640,3.5654749954119325,0.1193720381706953,0.5453579360619187,0.3658570349216461,0.01609895844012499,0.10372896213084459,0.007524038664996624,0.09573099669069052,False
yolov9c-seg.pt,2,MOTS20-05,489,42,42,20.248087006621063,0.9456590050831437,34.3126670923084,5.507073947228491,40.76540004462004,24.530606811301826,480,640,640,640,4.017231985926628,0.136762042529881,0.6673099705949426,0.4444749793037772,0.019023078493773937,0.07495994213968515,0.004439032636582851,0.12184702791273594,False
yolov9c-seg.pt,2,MOTS20-05,524,52,52,25.50106798298657,0.9990759426727891,30.748950084671378,6.527054938487709,38.275080965831876,26.126659298061288,480,640,640,640,4.703935934230685,0.16602803952991962,0.8112130453810096,0.5798259517177939,0.01918396446853876,0.07823505438864231,0.004582921974360943,0.14292809646576643,False
yolov9c-seg.pt,2,MOTS20-05,558,55,55,27.089638984762132,0.8682770421728492,34.58769200369716,6.9216720294207335,42.37764107529074,23.5973493244548,480,640,640,640,4.940597922541201,0.18324004486203194,0.8802240481600165,0.6137479795143008,0.03023992758244276,0.08997006807476282,0.0058389268815517426,0.15007611364126205,False
yolov9c-seg.pt,2,MOTS20-05,593,60,60,28.945195022970438,0.8832400199025869,32.79907302930951,7.105304975993931,40.78761802520603,24.51724440936996,480,640,640,640,5.033585941419005,0.18114596605300903,0.9548460366204381,0.6126690423116088,0.018083956092596054,0.08678098674863577,0.004669069312512875,0.18330197781324387,False
yolov9c-seg.pt,2,MOTS20-05,628,34,34,16.358915949240327,0.8883209666237235,31.88612696249038,4.853955004364252,37.628402933478355,26.575669495403705,480,640,640,640,3.6086890613660216,0.11197698768228292,0.5487799644470215,0.37271599285304546,0.016722013242542744,0.07465598173439503,0.004439032636582851,0.09621097706258297,False
yolov9c-seg.pt,2,MOTS20-05,663,60,60,30.45376401860267,0.8237420115619898,33.72042393311858,6.794871995225549,41.33903793990612,24.19020978315179,480,640,640,640,4.819600027985871,0.16384606715291739,0.9179149055853486,0.5970060592517257,0.016403966583311558,0.08037104271352291,0.00452797394245863,0.16674899961799383,False
yolov9c-seg.pt,2,MOTS20-05,698,49,49,24.46834498550743,0.8462769910693169,31.794533017091453,6.144015002064407,38.78482501022518,25.783279922917313,480,640,640,640,4.446735023520887,0.1450569834560156,0.7632200140506029,0.5210069939494133,0.016512000001966953,0.07598602678626776,0.004697008989751339,0.1411900157108903,False
yolov9c-seg.pt,2,MOTS20-05,732,52,52,26.32543898653239,0.7996170315891504,32.47972601093352,6.449740962125361,39.72908400464803,25.170477121571867,480,640,640,640,4.6648719580844045,0.15072699170559645,0.8053340716287494,0.5370969884097576,0.016641919501125813,0.07645401638001204,0.004661036655306816,0.16426597721874714,False
yolov9c-seg.pt,2,MOTS20-05,767,59,59,29.208236024715006,0.9372989879921079,32.58694405667484,6.8677469389513135,40.39198998361826,24.75738383787402,480,640,640,640,4.903628956526518,0.15067204367369413,0.90136902872473,0.6380989216268063,0.0178460031747818,0.08113007061183453,0.005051959306001663,0.1490899594500661,False
yolov9c-seg.pt,2,MOTS20-05,802,55,55,28.634811053052545,0.8476549992337823,31.940352986566722,6.524438038468361,39.312446024268866,25.437236832901903,480,640,640,640,4.674625000916421,0.14700007159262896,0.8483919082209468,0.5681420443579555,0.01730595249682665,0.07829500827938318,0.004422035999596119,0.15620002523064613,False
yolov9c-seg.pt,2,MOTS20-05,837,60,60,28.97950995247811,0.9666719706729054,31.86513902619481,6.880257977172732,39.71206897404045,25.181261662636974,480,640,640,640,4.844435025006533,0.1488029956817627,0.9315609931945801,0.6227879785001278,0.03506906796246767,0.09285192936658859,0.005662092007696629,0.16881199553608894,False
yolov9c-seg.pt,2,MOTS20-09,1,72,72,236.4001020323485,2.1585070062428713,30.436572968028486,36.33593104314059,68.93101101741195,14.507258565341518,1080,1920,640,640,24.463155074045062,0.7770980009809136,6.806570920161903,3.938308102078736,0.02343393862247467,0.09650900028645992,0.004439032636582851,0.2046939916908741,False
yolov9c-seg.pt,2,MOTS20-09,23,62,62,212.3947039945051,1.8741629319265485,29.57034599967301,32.050566049292684,63.49507498089224,15.749252997983433,1080,1920,640,640,21.686015999875963,0.7067049155011773,5.889093037694693,3.4047990338876843,0.023589003831148148,0.10184501297771931,0.005219015292823315,0.202439958229661,False
yolov9c-seg.pt,2,MOTS20-09,45,71,71,236.81350599508733,1.92561699077487,30.094186076894403,36.383531987667084,68.40333505533636,14.619170237694235,1080,1920,640,640,24.597437935881317,0.7715820102021098,6.737548974342644,3.865289967507124,0.026366091333329678,0.14680891763418913,0.008337083272635937,0.2071169437840581,False
yolov9c-seg.pt,2,MOTS20-09,66,67,67,224.38567806966603,1.8673529848456383,29.353811987675726,34.011585055850446,65.23275002837181,15.329723176856227,1080,1920,640,640,22.914908011443913,0.7487890543416142,6.340485997498035,3.642659983597696,0.040158978663384914,0.10164105333387852,0.005319016054272652,0.19515794701874256,False
yolov9c-seg.pt,2,MOTS20-09,88,77,77,257.02754699159414,1.9370170775800943,29.846346005797386,39.514904958195984,71.29826804157346,14.025586139300154,1080,1920,640,640,26.81711793411523,0.842174980789423,7.285814033821225,4.180483054369688,0.02626690547913313,0.10520010255277157,0.005415990017354488,0.2281219931319356,False
yolov9c-seg.pt,2,MOTS20-09,110,67,67,224.03173195198178,1.9703099969774485,30.29353404417634,33.6311690043658,65.89501304551959,15.175655239785906,1080,1920,640,640,22.600363940000534,0.7201510015875101,6.337000988423824,3.6312059964984655,0.02371799200773239,0.10490999557077885,0.004717963747680187,0.18670700956135988,False
yolov9c-seg.pt,2,MOTS20-09,132,83,83,280.6560129392892,1.9129749853163958,38.1493279710412,43.45983802340925,83.52214097976685,11.972873159971426,1080,1920,640,640,29.775197035633028,0.9039780125021935,7.847337983548641,4.495245055295527,0.028142007067799568,0.11388689745217562,0.0048551009967923164,0.25753595400601625,False
yolov9c-seg.pt,2,MOTS20-09,154,60,60,203.99488601833582,1.9282320281490684,39.59397797007114,32.8721379628405,74.3943479610607,13.441881371464099,1080,1920,640,640,22.505335044115782,0.6772089982405305,5.694617982953787,3.507110057398677,0.03025203477591276,0.14051899779587984,0.007600989192724228,0.2795209875330329,False
yolov9c-seg.pt,2,MOTS20-09,176,103,103,343.5274859657511,1.87844003085047,43.16934698726982,55.3380639757961,100.38585099391639,9.961563209347124,1080,1920,640,640,38.38500299025327,1.1327120009809732,9.705348988063633,5.639425944536924,0.028123031370341778,0.14340796042233706,0.007966998964548111,0.2714779693633318,False
yolov9c-seg.pt,2,MOTS20-09,198,65,65,213.7222329620272,1.8512310925871134,38.742149947211146,33.44005695544183,74.03343799524009,13.507409990392368,1080,1920,640,640,22.702810005284846,0.7033779984340072,6.150414934381843,3.565932041965425,0.022480962797999382,0.09154807776212692,0.0047800131142139435,0.17656793352216482,False
yolov9c-seg.pt,2,MOTS20-09,219,64,64,213.6099300114438,2.2298789117485285,38.82773010991514,33.139211940579116,74.19682096224278,13.477666388279347,1080,1920,640,640,22.434769896790385,0.69988495670259,6.068499060347676,3.570173983462155,0.024060020223259926,0.09647791739553213,0.004870002157986164,0.20964699797332287,False
yolov9c-seg.pt,2,MOTS20-09,241,106,106,355.09549104608595,1.8892430234700441,38.812929997220635,53.71117196045816,94.41334498114884,10.591723026015721,1080,1920,640,640,36.37794905807823,1.106420997530222,9.981157956644893,5.77062601223588,0.02678600139915943,0.13597297947853804,0.00778702087700367,0.2786510158330202,False
yolov9c-seg.pt,2,MOTS20-09,263,74,74,246.6610580449924,1.9586309790611267,38.82474510464817,38.402529899030924,79.18590598274022,12.628509929759032,1080,1920,640,640,26.111561921425164,0.8130130590870976,7.028597989119589,4.061589017510414,0.023262924514710903,0.09779306128621101,0.004873028956353664,0.23248197976499796,False
yolov9c-seg.pt,2,MOTS20-09,285,80,80,265.41768794413656,1.9348710775375366,38.74418791383505,42.53322503063828,83.21228402201086,12.017456457936973,1080,1920,640,640,29.194541973993182,0.9052319219335914,7.574132992886007,4.447039100341499,0.025650952011346817,0.10740896686911583,0.00499701127409935,0.2439430681988597,False
yolov9c-seg.pt,2,MOTS20-09,307,88,88,293.61325094942003,1.8968760268762708,43.831157963722944,47.908421023748815,93.63645501434803,10.67960122846138,1080,1920,640,640,33.44901604577899,0.9734039194881916,8.307884098030627,4.740507923997939,0.027950038202106953,0.13978302013128996,0.0070160022005438805,0.24039496202021837,False
yolov9c-seg.pt,2,MOTS20-09,328,85,85,279.7184530645609,1.9566200207918882,46.92734102718532,48.25408605393022,97.13804710190743,10.29462738684566,1080,1920,640,640,34.20470701530576,0.9920949814841151,8.044702000916004,4.61234396789223,0.02447806764394045,0.1157920341938734,0.006310991011559963,0.23117591626942158,False
yolov9c-seg.pt,2,MOTS20-09,350,86,86,288.20514504332095,1.8953479593619704,45.60738103464246,48.01156301982701,95.51429201383144,10.469637359141917,1080,1920,640,640,33.810677006840706,0.9771330514922738,8.111131959594786,4.699312034063041,0.023336033336818218,0.1034359447658062,0.0056390417739748955,0.2501819981262088,False
yolov9c-seg.pt,2,MOTS20-09,372,81,81,263.7100770371035,1.8312520114704967,42.61932207737118,44.01008796412498,88.46066205296665,11.304459821940295,1080,1920,640,640,30.692526954226196,0.8800190407782793,7.669891929253936,4.4067720882594585,0.02287293318659067,0.09609898552298546,0.004810048267245293,0.21492200903594494,False
yolov9c-seg.pt,2,MOTS20-09,394,75,75,245.32801797613502,1.899059978313744,42.045951006002724,40.178926079533994,84.12393706385046,11.887223005753942,1080,1920,640,640,27.78526209294796,0.839747954159975,7.091594976373017,4.093874013051391,0.023221014998853207,0.1006369711831212,0.004726112820208073,0.2132889349013567,False
yolov9c-seg.pt,2,MOTS20-09,416,73,73,240.00757408794016,1.9110749708488584,42.044798959977925,39.11588608752936,83.07176001835614,12.03778516043277,1080,1920,640,640,26.77078009583056,0.8091760100796819,6.901663029566407,4.092898918315768,0.023853033781051636,0.13452803250402212,0.007811933755874634,0.3315610811114311,False
yolov9c-seg.pt,2,MOTS20-09,438,93,93,305.13700109440833,1.9384019542485476,42.06060210708529,49.68880792148411,93.68781198281795,10.673746977711433,1080,1920,640,640,34.39729497767985,1.0091500589624047,8.764741942286491,5.0648050382733345,0.026350957341492176,0.10948104318231344,0.004693982191383839,0.2649580128490925,False
yolov9c-seg.pt,2,MOTS20-09,460,57,57,198.34023294970393,2.180449082516134,39.63054995983839,31.76454594358802,73.57554498594254,13.591472549623132,1080,1920,640,640,21.471360931172967,0.6978820310905576,5.466606002300978,3.6518319975584745,0.032657990232110023,0.15167903620749712,0.010490999557077885,0.2417919458821416,False
yolov9c-seg.pt,2,MOTS20-09,481,104,104,338.4286109358072,1.8823320278897882,39.48730498086661,52.777404082007706,94.1470410907641,10.621682725386265,1080,1920,640,640,35.968618001788855,1.089415978640318,9.786849957890809,5.516876000910997,0.02322508953511715,0.0916880089789629,0.004589906893670559,0.2575460821390152,False
yolov9c-seg.pt,2,MOTS20-09,503,76,76,251.8343219999224,1.9646220607683063,37.48743701726198,39.71749695483595,79.16955603286624,12.631117946207285,1080,1920,640,640,27.107698959298432,0.8124560117721558,7.180692977271974,4.267468932084739,0.022521009668707848,0.09996304288506508,0.004883971996605396,0.19998103380203247,False
yolov9c-seg.pt,2,MOTS20-09,525,106,106,344.9392229085788,1.8483910243958235,37.458273000083864,53.82991605438292,93.13658007886261,10.736919899284025,1080,1920,640,640,36.55861807055771,1.1297819437459111,9.986401069909334,5.678951973095536,0.02275302540510893,0.09788095485419035,0.0051229726523160934,0.3181910142302513,False
yolov9c-seg.pt,2,MOTS20-11,1,109,109,356.38674593064934,1.8467720365151763,36.00029100198299,54.31001493707299,92.15707797557116,10.851038487408188,1080,1920,640,640,36.71343997120857,1.1459990637376904,10.269013000652194,5.746966926380992,0.024678069166839123,0.10543398093432188,0.005198991857469082,0.27746392879635096,False
yolov9c-seg.pt,2,MOTS20-11,38,102,102,335.07668296806514,1.8691180739551783,34.94896995835006,50.58212298899889,87.40021102130413,11.441619972247507,1080,1920,640,640,33.94170105457306,1.0497580515220761,9.612777037546039,5.509421927854419,0.02544501330703497,0.10454899165779352,0.005302019417285919,0.2959970152005553,False
yolov9c-seg.pt,2,MOTS20-11,76,99,99,328.16242100670934,1.9136570626869798,34.93562596850097,50.16506800893694,87.0143510401249,11.492357157716093,1080,1920,640,640,33.91458699479699,1.075931009836495,9.376463014632463,5.327974911779165,0.024672015570104122,0.1075579784810543,0.005287001840770245,0.29357802122831345,False
yolov9c-seg.pt,2,MOTS20-11,113,105,105,345.8996149711311,1.81742908898741,35.055039916187525,53.07212704792619,89.94459605310112,11.117955317845045,1080,1920,640,640,35.643027047626674,1.1458980152383447,9.932018932886422,5.7091061025857925,0.03952498082071543,0.14312693383544683,0.005705980584025383,0.38106704596430063,False
yolov9c-seg.pt,2,MOTS20-11,151,66,66,220.1358969323337,1.8177779857069254,35.55395209696144,33.854667912237346,71.22639799490571,14.039738469879138,1080,1920,640,640,22.87636697292328,0.7236760575324297,6.249030004255474,3.6099579883739352,0.025682966224849224,0.1367779914289713,0.008173054084181786,0.20259094890207052,False
yolov9c-seg.pt,2,MOTS20-11,188,99,99,327.68671307712793,2.269612974487245,35.46920698136091,51.3224380556494,89.06125801149756,11.228226754565974,1080,1920,640,640,34.75622006226331,1.0847870726138353,9.371521999128163,5.470355972647667,0.03813405055552721,0.14677399303764105,0.005902023985981941,0.37980591878294945,False
yolov9c-seg.pt,2,MOTS20-11,226,93,93,306.3415390206501,1.8916429253295064,35.39667301811278,47.89118701592088,85.17950295936316,11.739913538554845,1080,1920,640,640,32.40649797953665,1.0002380004152656,8.805268094874918,5.191105999983847,0.03823696170002222,0.1454559387639165,0.005631009116768837,0.2668640809133649,False
yolov9c-seg.pt,2,MOTS20-11,263,44,44,144.07551300246269,1.8989159725606441,35.53711506538093,23.463847930543125,60.8998789684847,16.420393881529613,1080,1920,640,640,16.031495993956923,0.5132220685482025,4.200257011689246,2.406985964626074,0.023478991352021694,0.10211998596787453,0.005098059773445129,0.15175295993685722,False
yolov9c-seg.pt,2,MOTS20-11,301,90,90,294.0692149568349,1.8473679665476084,35.572621040046215,45.06474896334112,82.48473796993494,12.123454891309619,1080,1920,640,640,30.41063097771257,0.9394260123372078,8.493924047797918,4.778936970978975,0.026152003556489944,0.10990805458277464,0.005018897354602814,0.26247999630868435,False
yolov9c-seg.pt,2,MOTS20-11,338,124,124,408.647479955107,1.8478099955245852,40.554897976107895,64.3494330579415,106.75214102957398,9.367493619851295,1080,1920,640,640,43.82079909555614,1.3510700082406402,11.703641968779266,6.681528058834374,0.029371934942901134,0.15442504081875086,0.008724047802388668,0.5501220002770424,False
yolov9c-seg.pt,2,MOTS20-11,376,120,120,395.14296990819275,1.835655071772635,34.93964392691851,58.60357196070254,95.37887095939368,10.484502384450924,1080,1920,640,640,39.28727901075035,1.2200199998915195,11.322562000714242,6.267481949180365,0.0270940363407135,0.10453606955707073,0.0055389245972037315,0.32296497374773026,False
yolov9c-seg.pt,2,MOTS20-11,413,91,91,303.5003449767828,1.8344869604334235,35.01428698655218,45.65153503790498,82.50030898489058,12.121166724153042,1080,1920,640,640,30.678250011987984,0.9583350038155913,8.600645931437612,4.965101019479334,0.028923037461936474,0.1250370405614376,0.01654098741710186,0.2545759780332446,False
yolov9c-seg.pt,2,MOTS20-11,450,111,110,361.7081210250035,1.8877231050282717,34.894120995886624,57.0195548934862,93.8013989944011,10.6608218077823,1080,1920,640,640,39.11013691686094,1.1513290228322148,10.363638983108103,5.9158060466870666,0.023480970412492752,0.10375503916293383,0.00501598697155714,0.31903793569654226,False
yolov9c-seg.pt,2,MOTS20-11,488,79,79,262.76260695885867,1.8757000798359513,33.84618693962693,40.38753698114306,76.10942400060594,13.138977375417248,1080,1920,640,640,27.285297052003443,0.8539150003343821,7.4698179960250854,4.379246034659445,0.02499797847121954,0.1198439858853817,0.005946960300207138,0.2241460606455803,False
yolov9c-seg.pt,2,MOTS20-11,525,67,67,220.31369002070278,1.9162889802828431,34.13426596671343,33.970819087699056,70.02137403469533,14.28135356933304,1080,1920,640,640,22.905857069417834,0.7215329678729177,6.349224946461618,3.6575939739122987,0.023178057745099068,0.09871204383671284,0.004587927833199501,0.18873601220548153,False
yolov9c-seg.pt,2,MOTS20-11,563,45,45,147.63653394766152,2.148533007130027,33.94220001064241,23.61643803305924,59.707171050831676,16.748406973571907,1080,1920,640,640,15.95581998117268,0.5083320429548621,4.288948024623096,2.4779989616945386,0.02194102853536606,0.1111599849537015,0.010440009646117687,0.2100369893014431,False
yolov9c-seg.pt,2,MOTS20-11,600,73,73,238.55259409174323,1.8801519181579351,33.85742206592113,37.58760401979089,73.32517800386995,13.637880291913127,1080,1920,640,640,25.60077398084104,0.7808590307831764,6.914093974046409,3.9363530231639743,0.021309941075742245,0.1073729945346713,0.005720066837966442,0.1992390025407076,False
yolov9c-seg.pt,2,MOTS20-11,638,59,59,196.63867901545018,1.8794320058077574,33.81200402509421,30.474450904875994,66.16588693577796,15.113528228989383,1080,1920,640,640,20.37179993931204,0.6881069857627153,5.6157809449359775,3.296736045740545,0.045313965529203415,0.15024596359580755,0.0078610610216856,0.26450795121490955,False
yolov9c-seg.pt,2,MOTS20-11,675,60,60,198.6114839091897,1.8293700413778424,41.505182976834476,32.499167951755226,75.83372096996754,13.186745780231862,1080,1920,640,640,22.38197100814432,0.6747560109943151,5.687816068530083,3.422916983254254,0.03471993841230869,0.09797303937375546,0.005102949216961861,0.17216603737324476,False
yolov9c-seg.pt,2,MOTS20-11,713,56,56,185.6479459675029,1.8115550046786666,42.17425792012364,30.80081206280738,74.78662498760968,13.37137489712466,1080,1920,640,640,21.409420995041728,0.6579470355063677,5.3252880461514,3.0900639249011874,0.023626023903489113,0.09999400936067104,0.004958943463861942,0.1676720567047596,False
yolov9c-seg.pt,2,MOTS20-11,750,165,165,544.8292269138619,1.8741890089586377,45.66080495715141,88.74388504773378,136.27887901384383,7.337894230098675,1080,1920,640,640,61.929246061481535,1.7853089375421405,15.48186899162829,8.968925103545189,0.027630943804979324,0.10477099567651749,0.005393987521529198,0.40816806722432375,False
yolov9c-seg.pt,2,MOTS20-11,788,102,102,350.7918450050056,1.8879210110753775,32.48233406338841,51.050230977125466,85.42048605158925,11.706793606817635,1080,1920,640,640,34.43688596598804,1.0495230089873075,9.611181914806366,5.487270071171224,0.026089954189956188,0.12384296860545874,0.005526002496480942,0.2787041012197733,False
yolov9c-seg.pt,2,MOTS20-11,825,68,68,222.63801307417452,1.8854619702324271,32.61099907103926,34.72413797862828,69.22059901989996,14.446566689093716,1080,1920,640,640,23.3119810000062,0.7317170966416597,6.432687980122864,3.8609589682891965,0.03591401036828756,0.12761098332703114,0.008336035534739494,0.19339402206242085,False
yolov9c-seg.pt,2,MOTS20-11,863,139,139,463.7175230309367,2.0132720237597823,32.42563002277166,68.48588096909225,102.92478301562369,9.71583296753905,1080,1920,640,640,46.100971987470984,1.4275199500843883,13.0727409850806,7.362333009950817,0.027492991648614407,0.11506699956953526,0.004664994776248932,0.34633208997547626,False
yolov9c-seg.pt,2,MOTS20-11,900,106,106,345.8656989969313,1.8585099605843425,31.362859066575766,52.62629291974008,85.84766194690019,11.64854088418314,1080,1920,640,640,35.35783395636827,1.0858799796551466,9.976504021324217,5.762423970736563,0.027664005756378174,0.10662805289030075,0.00501296017318964,0.28050795663148165,False
yolo26l-seg.pt,2,MOTS20-02,1,146,146,491.84811604209244,2.1991529501974583,30.07132897619158,96.42078704200685,128.6912689683959,7.770534924522198,1080,1920,640,640,48.721336061134934,1.4875950291752815,13.734666048549116,31.907212920486927,0.029746093787252903,0.15605497173964977,0.008472008630633354,0.35134993959218264,False
yolo26l-seg.pt,2,MOTS20-02,26,131,131,435.18493801821023,1.892823027446866,30.049668974243104,88.75662297941744,120.69911498110741,8.285064891789192,1080,1920,640,640,45.887678978033364,1.3863639906048775,12.326659983955324,28.627612977288663,0.0310470350086689,0.12936105486005545,0.005596899427473545,0.3307770239189267,False
yolo26l-seg.pt,2,MOTS20-02,51,129,129,426.5684230485931,1.8822619458660483,29.319877037778497,64.96702297590673,96.16916195955127,10.398343706276652,1080,1920,640,640,44.35661400202662,1.3256618985906243,12.107093003578484,6.69308309443295,0.024653971195220947,0.10324199683964252,0.004578963853418827,0.3057139692828059,False
yolo26l-seg.pt,2,MOTS20-02,76,131,131,431.60639505367726,1.9011200638487935,30.443717958405614,87.79053902253509,120.1353770447895,8.32394274358647,1080,1920,640,640,44.33894995599985,1.4043559785932302,12.34184403438121,29.204144957475364,0.027960981242358685,0.13298098929226398,0.006356043741106987,0.3031849628314376,False
yolo26l-seg.pt,2,MOTS20-02,101,116,116,388.2180009968579,1.8496110569685698,30.796939972788095,57.72219703067094,90.3687480604276,11.065772420918368,1080,1920,640,640,38.89749199151993,1.1950460029765964,10.918547050096095,6.231743958778679,0.024528009817004204,0.10344397742301226,0.004885019734501839,0.32278301659971476,False
yolo26l-seg.pt,2,MOTS20-02,126,120,120,358.7436940288171,1.9317709375172853,31.133057083934546,59.38741099089384,92.45223901234567,10.816395694499777,1080,1920,640,640,39.72141491249204,1.24061806127429,11.303379898890853,6.6259989980608225,0.02411799505352974,0.12733601033687592,0.009445007890462875,0.3050330560654402,False
yolo26l-seg.pt,2,MOTS20-02,151,121,121,356.94740898907185,1.8497270066291094,32.42723201401532,59.68117795418948,93.9581369748339,10.643037763380129,1080,1920,640,640,40.176469017751515,1.2238790513947606,11.38924597762525,6.443029036745429,0.023835920728743076,0.11001504026353359,0.005524023436009884,0.28582895174622536,False
yolo26l-seg.pt,2,MOTS20-02,176,117,117,345.8588480716571,1.8568249652162194,32.02739905100316,57.20232496969402,91.0865489859134,10.97856940605633,1080,1920,640,640,38.38518890552223,1.1873029870912433,11.005389969795942,6.191755062900484,0.021704938262701035,0.10596902575343847,0.005721929483115673,0.2774650929495692,False
yolo26l-seg.pt,2,MOTS20-02,201,119,119,398.27219990547746,1.906455960124731,32.18792995903641,58.4823990939185,92.57678501307964,10.801844110904431,1080,1920,640,640,38.88791601639241,1.2606759555637836,11.228990973904729,6.577252061106265,0.027696951292455196,0.14734803698956966,0.00680296216160059,0.31564803794026375,False
yolo26l-seg.pt,2,MOTS20-02,226,121,121,357.0888100657612,1.9100650679320097,32.8524059150368,60.03629509359598,94.79876607656479,10.548660508854557,1080,1920,640,640,40.46486807055771,1.2354330392554402,11.380375945009291,6.499586976133287,0.0235680490732193,0.11177698615938425,0.005687936209142208,0.2914880169555545,False
yolo26l-seg.pt,2,MOTS20-02,251,122,122,399.6220419649035,2.2079640766605735,32.66195801552385,60.485397931188345,95.35532002337277,10.487091855545003,1080,1920,640,640,40.76385498046875,1.2473250972107053,11.470937984995544,6.478584953583777,0.022795982658863068,0.098054064437747,0.004710978828370571,0.35537604708224535,False
yolo26l-seg.pt,2,MOTS20-02,276,113,113,370.2103740070015,1.8629429396241903,32.39402500912547,56.06098705902696,90.31795500777662,11.071995595049703,1080,1920,640,640,37.75639506056905,1.1556129902601242,10.626806993968785,6.043798988685012,0.027122092433273792,0.1367049990221858,0.008539995178580284,0.2815709449350834,False
yolo26l-seg.pt,2,MOTS20-02,300,125,125,409.3177989125252,1.9400599412620068,32.540968037210405,61.8447590386495,96.32578701712191,10.38143607196534,1080,1920,640,640,41.590246954001486,1.2776519870385528,11.760839959606528,6.741130957379937,0.02508109901100397,0.10861793998628855,0.005229027010500431,0.31159992795437574,False
yolo26l-seg.pt,2,MOTS20-02,325,111,111,370.997830061242,1.8538309959694743,31.814394053071737,54.58836001344025,88.25658506248146,11.330599289469987,1080,1920,640,640,36.66993195656687,1.1356370523571968,10.447705979458988,5.897897994145751,0.029048998840153217,0.10937300976365805,0.005153939127922058,0.2707230160012841,False
yolo26l-seg.pt,2,MOTS20-02,350,150,150,500.55941892787814,1.8674189923331141,32.19213103875518,98.75818097498268,132.81773100607097,7.529115219972332,1080,1920,640,640,49.38748595304787,1.5372639754787087,14.117883052676916,33.11588696669787,0.034081051126122475,0.1649910118430853,0.007933005690574646,0.3625069512054324,False
yolo26l-seg.pt,2,MOTS20-02,375,111,111,364.5017209928483,1.8428090261295438,30.43484198860824,55.46628893353045,87.74393994826823,11.396798463683949,1080,1920,640,640,37.48079901561141,1.1407099664211273,10.4401990538463,5.9263649163767695,0.026403111405670643,0.12323190458118916,0.005924026481807232,0.2913729986175895,False
yolo26l-seg.pt,2,MOTS20-02,400,124,124,410.44525895267725,1.8779559759423137,30.153408995829523,62.15692299883813,94.18828797060996,10.617031284314615,1080,1920,640,640,41.95522901136428,1.2800580589100718,11.669922969304025,6.566495983861387,0.025760033167898655,0.12385693844407797,0.00625301618129015,0.4990639863535762,False
yolo26l-seg.pt,2,MOTS20-02,425,133,133,440.4457239434123,1.9346599001437426,30.455394997261465,88.6041100602597,120.9941649576649,8.264861370380082,1080,1920,640,640,44.97868905309588,1.3902770588174462,12.513618916273117,29.074063058942556,0.0360079575330019,0.1319519942626357,0.005149981006979942,0.424919999204576,False
yolo26l-seg.pt,2,MOTS20-02,450,123,123,404.8254599329084,1.8643689109012485,31.247211038134992,63.08334995992482,96.19492990896106,10.39555827886564,1080,1920,640,640,42.896199971437454,1.3065380044281483,11.59163098782301,6.496184039860964,0.03404996823519468,0.19456108566373587,0.01250789500772953,0.5091690691187978,False
yolo26l-seg.pt,2,MOTS20-02,475,125,125,411.7737009655684,1.9572849851101637,32.36369299702346,63.428343972191215,97.74932195432484,10.230249990555109,1080,1920,640,640,43.16179093439132,1.3464499497786164,11.795385042205453,6.612836965359747,0.030771014280617237,0.12265704572200775,0.004875939339399338,0.31198898795992136,False
yolo26l-seg.pt,2,MOTS20-02,500,101,101,337.7991070738062,2.1593259880319238,32.11359994020313,50.59173807967454,84.8646640079096,11.783467379388876,1080,1920,640,640,33.96954003255814,1.0930730495601892,9.547995985485613,5.501959007233381,0.02756202593445778,0.11451891623437405,0.005492009222507477,0.2846630522981286,False
yolo26l-seg.pt,2,MOTS20-02,525,107,107,357.21895506139845,1.9554069731384516,31.651810044422746,54.64644299354404,88.25366001110524,11.330974827266845,1080,1920,640,640,37.01954090502113,1.1596400290727615,10.092484997585416,5.927228019572794,0.024699955247342587,0.09997806046158075,0.005296897143125534,0.27940806467086077,False
yolo26l-seg.pt,2,MOTS20-02,550,107,107,353.7742040352896,1.963105984032154,32.01698302291334,53.83655603509396,87.81664504203945,11.387362834474962,1080,1920,640,640,36.231303005479276,1.1402779491618276,10.089221992529929,5.909314029850066,0.026863068342208862,0.10727893095463514,0.005129026249051094,0.2885239664465189,False
yolo26l-seg.pt,2,MOTS20-02,575,106,106,351.7294239718467,1.9121119985356927,42.774387053214014,56.242538965307176,100.92903801705688,9.907951365106653,1080,1920,640,640,38.58889196999371,1.1516140075400472,9.997844928875566,6.023171008564532,0.04405505023896694,0.12387498281896114,0.006832997314631939,0.2814939944073558,False
yolo26l-seg.pt,2,MOTS20-02,600,109,109,366.001729038544,1.8005719175562263,38.22134097572416,54.864189005456865,94.88610189873725,10.538951226673882,1080,1920,640,640,37.08442102652043,1.125840935856104,10.266666999086738,5.917197093367577,0.025530927814543247,0.10136200580745935,0.0050370581448078156,0.3051039529964328,False
yolo26l-seg.pt,2,MOTS20-05,1,49,49,25.08991095237434,1.008749008178711,36.14841401576996,6.70501496642828,43.86217799037695,22.798685469275895,480,640,640,640,4.843177972361445,0.18128997180610895,0.7827969966456294,0.5120590794831514,0.02004194539040327,0.10164605919271708,0.006109010428190231,0.21961401216685772,False
yolo26l-seg.pt,2,MOTS20-05,36,61,61,30.628871987573802,0.8874170016497374,36.19463904760778,7.4889789102599025,44.57103495951742,22.436095569875615,480,640,640,640,5.406333948485553,0.17913896590471268,0.9393960935994983,0.657580909319222,0.018881983123719692,0.10419508907943964,0.007965951226651669,0.14935305807739496,False
yolo26l-seg.pt,2,MOTS20-05,71,48,48,23.9537040470168,0.8085629669949412,36.29557299427688,6.687460001558065,43.79159596282989,22.835431730983167,480,640,640,640,4.941064049489796,0.17920590471476316,0.7713660597801208,0.5467130104079843,0.017434940673410892,0.08261308539658785,0.004724948666989803,0.11984002776443958,False
yolo26l-seg.pt,2,MOTS20-05,106,73,73,36.406475002877414,0.8524629520252347,36.2262410344556,8.210320957005024,45.289024943485856,22.0804047172103,480,640,640,640,5.83940593060106,0.18582702614367008,1.1023610131815076,0.7591790053993464,0.018810969777405262,0.08477293886244297,0.00460201408714056,0.18663506489247084,False
yolo26l-seg.pt,2,MOTS20-05,140,73,73,35.67846794612706,0.8972000796347857,31.560269999317825,7.900469936430454,40.357940015383065,24.778271626818274,480,640,640,640,5.591569002717733,0.18231000285595655,1.0932929581031203,0.7232240168377757,0.018372084014117718,0.09883090388029814,0.005054054781794548,0.16686995513737202,False
yolo26l-seg.pt,2,MOTS20-05,175,30,30,14.962244080379605,1.6850740648806095,31.091426964849234,4.687168053351343,37.463669083081186,26.692527039526034,480,640,640,640,3.4156470792368054,0.1133499899879098,0.48451998736709356,0.40209293365478516,0.017798040062189102,0.12126704677939415,0.011920928955078125,0.09661202784627676,False
yolo26l-seg.pt,2,MOTS20-05,210,51,51,25.754241971299052,0.8326340466737747,34.22931500244886,6.248596007935703,41.310545057058334,24.206894356363367,480,640,640,640,4.478945047594607,0.1587469596415758,0.7941169897094369,0.5726129747927189,0.01713307574391365,0.07824599742889404,0.004784902557730675,0.12339104432612658,False
yolo26l-seg.pt,2,MOTS20-05,245,60,60,30.168169061653316,0.8572679944336414,32.48517005704343,7.164489012211561,40.506927063688636,24.68713557134833,480,640,640,640,5.172885954380035,0.16520603094249964,0.9194349404424429,0.6428330671042204,0.017552985809743404,0.08057896047830582,0.004911096766591072,0.1398269087076187,False
yolo26l-seg.pt,2,MOTS20-05,280,72,72,35.91522399801761,0.8702860213816166,30.9449810301885,8.71945102699101,40.53471807856113,24.67020982018132,480,640,640,640,6.166132050566375,0.22188399452716112,1.094452920369804,0.7795270066708326,0.01979200169444084,0.10592699982225895,0.006671994924545288,0.2919241087511182,False
yolo26l-seg.pt,2,MOTS20-05,314,73,73,35.80889001023024,0.8693600539118052,30.690841027535498,7.929546991363168,39.48974807281047,25.323028097222053,480,640,640,640,5.553914001211524,0.1841280609369278,1.1031919857487082,0.7838149322196841,0.01957407221198082,0.08890894241631031,0.004936009645462036,0.1703629968687892,False
yolo26l-seg.pt,2,MOTS20-05,349,52,52,25.452123023569584,0.8917959639802575,31.651699100621045,6.136024952866137,38.67952001746744,25.85347490218095,480,640,640,640,4.370261915028095,0.1446779351681471,0.8001760579645634,0.5642549367621541,0.01796707510948181,0.08127593901008368,0.004344037733972073,0.13123895041644573,False
yolo26l-seg.pt,2,MOTS20-05,384,71,71,35.81087710335851,0.8845269912853837,32.58169395849109,8.119593025185168,41.58581397496164,24.046661695791,480,640,640,640,5.772351054474711,0.20622194278985262,1.0743080638349056,0.7307039340957999,0.018786056898534298,0.11249398812651634,0.00796094536781311,0.17575605306774378,False
yolo26l-seg.pt,2,MOTS20-05,419,50,50,24.60426709149033,0.9626300306990743,30.596264987252653,6.051682983525097,37.610578001476824,26.588264608981383,480,640,640,640,4.221469978801906,0.15428790356963873,0.7947220001369715,0.5719111068174243,0.017570913769304752,0.12008100748062134,0.00918202567845583,0.13770197983831167,False
yolo26l-seg.pt,2,MOTS20-05,454,49,49,24.23458790872246,0.8155980613082647,31.785091967321932,6.7250949796289206,39.32578500825912,25.42860873063264,480,640,640,640,5.014188005588949,0.14480401296168566,0.7581349927932024,0.5459960084408522,0.016573001630604267,0.08216197602450848,0.004770001396536827,0.13664003927260637,False
yolo26l-seg.pt,2,MOTS20-05,489,47,47,23.346274043433368,0.8508700411766768,32.02324896119535,6.303823087364435,39.17794208973646,25.524566801122827,480,640,640,640,4.556530038826168,0.16891700215637684,0.7749439682811499,0.5474280333146453,0.01827103551477194,0.08529890328645706,0.0050331000238657,0.12163189239799976,False
yolo26l-seg.pt,2,MOTS20-05,524,32,32,16.020852024666965,1.8364319112151861,31.074114027433097,5.339257069863379,38.24980300851166,26.14392549361553,480,640,640,640,4.02446708176285,0.10470009874552488,0.520715955644846,0.4061840008944273,0.019278028048574924,0.11323101352900267,0.019699917174875736,0.10697299148887396,False
yolo26l-seg.pt,2,MOTS20-05,558,71,71,35.465139080770314,0.8144880412146449,32.62965800240636,8.215468027628958,41.65961407124996,24.004062982669772,480,640,640,640,5.909438012167811,0.1938709756359458,1.0661139385774732,0.7186910370364785,0.018863007426261902,0.0827109906822443,0.004439963959157467,0.19104010425508022,False
yolo26l-seg.pt,2,MOTS20-05,593,52,52,25.97559103742242,0.8820400107651949,31.58983401954174,6.312685902230442,38.78455993253738,25.783456141810547,480,640,640,640,4.490544903092086,0.15941099263727665,0.8119179401546717,0.577565049752593,0.019598985090851784,0.0899509759619832,0.0048549845814704895,0.13719801791012287,False
yolo26l-seg.pt,2,MOTS20-05,628,39,39,19.47888801805675,0.8448060834780335,31.51329990942031,5.440448061563075,37.79855405446142,26.45603846536475,480,640,640,640,3.9965800242498517,0.15321490354835987,0.6216519977897406,0.44546800199896097,0.016918056644499302,0.08024403359740973,0.004524947144091129,0.10214699432253838,False
yolo26l-seg.pt,2,MOTS20-05,663,70,70,35.798782017081976,0.8084079017862678,32.757295994088054,8.409317000769079,41.9750208966434,23.823692725784124,480,640,640,640,6.04892207775265,0.20554696675390005,1.0664811125025153,0.7347859209403396,0.019320985302329063,0.08803501259535551,0.004892004653811455,0.21088100038468838,False
yolo26l-seg.pt,2,MOTS20-05,698,68,68,34.20638502575457,0.9739540982991457,30.780075932852924,7.821829058229923,39.57585908938199,25.267929061034458,480,640,640,640,5.576767027378082,0.17058197408914566,1.0359310545027256,0.7087000412866473,0.021753949113190174,0.08565397001802921,0.004878034815192223,0.19482895731925964,False
yolo26l-seg.pt,2,MOTS20-05,732,71,71,35.74941400438547,0.9878290584310889,31.944021000526845,8.350556017830968,41.2824060767889,24.22339429877009,480,640,640,640,5.777149926871061,0.20979007240384817,1.106276991777122,0.7518560159951448,0.021289917640388012,0.10949105489999056,0.006621936336159706,0.3239280777052045,False
yolo26l-seg.pt,2,MOTS20-05,767,73,73,36.08722204808146,0.9838379919528961,32.10300102364272,7.958663976751268,41.04550299234688,24.363204909109154,480,640,640,640,5.561117897741497,0.1881459029391408,1.093266997486353,0.7727680495008826,0.01959793735295534,0.08727202657610178,0.0050229718908667564,0.20088208839297295,False
yolo26l-seg.pt,2,MOTS20-05,802,45,45,22.2235640976578,0.9027629857882857,31.474464922212064,5.782808060757816,38.160035968758166,26.205426033107138,480,640,640,640,4.194794106297195,0.13947405386716127,0.6963839987292886,0.4913849988952279,0.01624703872948885,0.10718090925365686,0.006647082045674324,0.11066999286413193,False
yolo26l-seg.pt,2,MOTS20-05,837,38,38,19.063352025114,0.8512829663231969,32.59198402520269,5.206334055401385,38.64960104692727,25.8734882873908,480,640,640,640,3.769397968426347,0.1381710171699524,0.6032040109857917,0.4702319856733084,0.017661950550973415,0.0795549713075161,0.004851026460528374,0.10322500020265579,False
yolo26l-seg.pt,2,MOTS20-09,1,67,67,219.48746091220528,2.1606929367408156,31.411124975420535,34.06432503834367,67.63614295050502,14.784994477461304,1080,1920,640,640,22.94755808543414,0.7227710448205471,6.3392119482159615,3.7087430246174335,0.021220999769866467,0.0940150348469615,0.004761968739330769,0.19565504044294357,False
yolo26l-seg.pt,2,MOTS20-09,23,51,51,168.25970890931785,1.9459240138530731,31.020883936434984,26.216221041977406,59.18302899226546,16.896735720145188,1080,1920,640,640,17.552774050273,0.5811640294268727,4.854821949265897,2.837359090335667,0.022258958779275417,0.11696096044033766,0.0066229840740561485,0.2164030447602272,False
yolo26l-seg.pt,2,MOTS20-09,45,64,64,211.2486370606348,1.7981519922614098,30.664029996842146,32.85862202756107,65.32080401666462,15.309058347550044,1080,1920,640,640,22.138037020340562,0.7038239855319262,6.08601700514555,3.607093938626349,0.023625092580914497,0.0996649032458663,0.0047800131142139435,0.17387501429766417,False
yolo26l-seg.pt,2,MOTS20-09,66,54,54,177.36797698307782,1.8544229678809643,30.743599985726178,27.48121798504144,60.07924093864858,16.644684326507637,1080,1920,640,640,18.356973072513938,0.6129239918664098,5.143638933077455,3.030827036127448,0.02377503551542759,0.09979296009987593,0.004766043275594711,0.17707992810755968,False
yolo26l-seg.pt,2,MOTS20-09,88,46,46,150.62840899918228,1.80545705370605,31.225768965668976,23.94432807341218,56.975554092787206,17.551387010145717,1080,1920,640,640,15.957821044139564,0.5566230975091457,4.394172923639417,2.7225890662521124,0.02353498712182045,0.10815903078764677,0.005032983608543873,0.15428499318659306,False
yolo26l-seg.pt,2,MOTS20-09,110,55,55,180.13112002518028,1.8805499421432614,30.668879044242203,28.035436989739537,60.584865976125,16.505772256623878,1080,1920,640,640,18.840029020793736,0.595786958001554,5.25364198256284,3.0295070027932525,0.024038017727434635,0.10000995825976133,0.005103065632283688,0.16401195898652077,False
yolo26l-seg.pt,2,MOTS20-09,132,73,73,240.19843607675284,1.8516939599066973,31.474076095037162,36.72731190454215,70.05308195948601,14.274889441385788,1080,1920,640,640,24.625071906484663,0.7853159913793206,6.904217065311968,4.052486969158053,0.02251099795103073,0.10013498831540346,0.0051209935918450356,0.20955398213118315,False
yolo26l-seg.pt,2,MOTS20-09,154,56,56,188.7305029667914,2.11979600135237,37.3917450197041,29.695069999434054,69.20661102049053,14.449486620634008,1080,1920,640,640,20.119976019486785,0.6403169827535748,5.332857952453196,3.209769958630204,0.033248099498450756,0.15309697482734919,0.007178983651101589,0.17387198749929667,False
yolo26l-seg.pt,2,MOTS20-09,176,73,73,246.10157299321145,1.8852510256692767,40.67645000759512,38.79796992987394,81.35967096313834,12.291101821848203,1080,1920,640,640,26.34891599882394,0.8749410044401884,6.961575010791421,4.16453299112618,0.03723008558154106,0.13304792810231447,0.005244975909590721,0.23352110292762518,False
yolo26l-seg.pt,2,MOTS20-09,198,54,54,179.1298579191789,1.911205006763339,41.59399995114654,30.190444085747004,73.69564904365689,13.569322110286398,1080,1920,640,640,20.894172019325197,0.643356004729867,5.16038597561419,3.0735700856894255,0.03399699926376343,0.1436229795217514,0.00615196768194437,0.19735796377062798,False
yolo26l-seg.pt,2,MOTS20-09,219,65,65,213.63208396360278,1.849557040259242,43.87633700389415,35.84570705424994,81.57160109840333,12.259168467144061,1080,1920,640,640,24.896619957871735,0.7514180615544319,6.161847035400569,3.6533359671011567,0.02723303623497486,0.1292679226025939,0.005887006409466267,0.19465305376797915,False
yolo26l-seg.pt,2,MOTS20-09,241,78,78,253.6704910453409,1.821559970267117,47.84871102310717,43.79846202209592,93.4687330154702,10.698764899642834,1080,1920,640,640,30.909009976312518,0.8993180235847831,7.369857048615813,4.235332948155701,0.02518401015549898,0.11194904800504446,0.005189911462366581,0.2131740329787135,False
yolo26l-seg.pt,2,MOTS20-09,263,85,85,279.05866398941725,1.8415760714560747,44.43056893069297,46.62615107372403,92.89829607587308,10.764460084211526,1080,1920,640,640,32.57835505064577,0.9778299136087298,8.0160410143435,4.644279018975794,0.02672604750841856,0.11694594286382198,0.005075009539723396,0.23510598111897707,False
yolo26l-seg.pt,2,MOTS20-09,285,71,71,232.58170404005796,1.8791089532896876,44.55420409794897,39.40594894811511,85.83926199935377,11.649680772040286,1080,1920,640,640,27.48649998102337,0.8157399715855718,6.7162030609324574,4.036349011585116,0.02710998523980379,0.1055840402841568,0.00467000063508749,0.1915280008688569,False
yolo26l-seg.pt,2,MOTS20-09,307,81,81,264.1607590485364,1.80938804987818,44.58126693498343,44.539836002513766,90.93049098737538,10.997411199933344,1080,1920,640,640,31.229106010869145,0.9016130352392793,7.643333054147661,4.394391900859773,0.02515106461942196,0.09783892892301083,0.005069072358310223,0.2200920134782791,False
yolo26l-seg.pt,2,MOTS20-09,328,96,96,317.5660780398175,1.822680002078414,42.7718359278515,51.32437008433044,95.91888601426035,10.425475540357391,1080,1920,640,640,35.52300110459328,1.060844981111586,9.051033994182944,5.2153399446979165,0.02948800101876259,0.11294602882117033,0.005317968316376209,0.2881950931623578,False
yolo26l-seg.pt,2,MOTS20-09,350,69,69,226.76140698604286,1.8297529313713312,39.6518490742892,35.642765928059816,77.12436793372035,12.96607060506981,1080,1920,640,640,24.261397891677916,0.7347459904849529,6.512513034977019,3.7969560362398624,0.025303917936980724,0.1020040363073349,0.004722969606518745,0.18390605691820383,False
yolo26l-seg.pt,2,MOTS20-09,372,62,62,228.87513390742242,1.8401880515739322,39.69831299036741,32.97601698432118,74.51451802626252,13.420203558822612,1080,1920,640,640,22.517835022881627,0.7076950278133154,5.916305002756417,3.4971929853782058,0.0249489676207304,0.10653410572558641,0.005143927410244942,0.17331098206341267,False
yolo26l-seg.pt,2,MOTS20-09,394,62,62,203.21037305984646,1.8720319494605064,39.67581503093243,32.408175989985466,73.9560229703784,13.521549156321317,1080,1920,640,640,22.030888008885086,0.691329943947494,5.8786539593711495,3.4392460947856307,0.02707389649003744,0.11432101018726826,0.0052050454542040825,0.19062100909650326,False
yolo26l-seg.pt,2,MOTS20-09,416,70,70,229.7898419201374,1.8341640243306756,39.69886794220656,36.075557000003755,77.60858896654099,12.8851717743654,1080,1920,640,640,24.49958596844226,0.7597899530082941,6.625702022574842,3.8457770133391023,0.024595996364951134,0.09950995445251465,0.00574102159589529,0.18378498498350382,False
yolo26l-seg.pt,2,MOTS20-09,438,75,75,247.97802790999413,1.8089789664372802,39.613954024389386,38.631559000350535,80.0544919911772,12.491491421995532,1080,1920,640,640,26.194053003564477,0.8256109431385994,7.083949982188642,4.131761030294001,0.024051987566053867,0.10494200978428125,0.005007954314351082,0.2306370297446847,False
yolo26l-seg.pt,2,MOTS20-09,460,51,51,169.59480196237564,1.8768220907077193,45.167522970587015,29.147553024813533,76.19189808610827,13.124755060831403,1080,1920,640,640,20.451375981792808,0.6201949436217546,4.857955034822226,2.845879993401468,0.042881001718342304,0.146517064422369,0.008212984539568424,0.15191896818578243,False
yolo26l-seg.pt,2,MOTS20-09,481,73,73,235.24990095756948,1.8264600075781345,46.92406696267426,41.38860199600458,90.13912896625698,11.09396120717279,1080,1920,640,640,29.262698022648692,0.8518330287188292,6.895872997120023,4.024996072985232,0.02587295603007078,0.10553596075624228,0.005298992618918419,0.19515701569616795,False
yolo26l-seg.pt,2,MOTS20-09,503,74,74,241.09075707383454,1.823756960220635,49.313266994431615,41.94000898860395,93.0770329432562,10.743788971116468,1080,1920,640,640,29.558090027421713,0.8653670083731413,6.998243974521756,4.120951984077692,0.024548964574933052,0.10320101864635944,0.004945090040564537,0.23177999537438154,False
yolo26l-seg.pt,2,MOTS20-09,525,79,79,257.00074597261846,1.8434410449117422,47.13756195269525,43.87181100901216,92.85281400661916,10.769732836839102,1080,1920,640,640,30.828987015411258,0.9001219877973199,7.456891005858779,4.337499965913594,0.02386805135756731,0.09679293725639582,0.004775007255375385,0.20263902842998505,False
yolo26l-seg.pt,2,MOTS20-11,1,117,117,350.20486603025347,1.948573044501245,44.45784795098007,63.282536109909415,109.68895710539073,9.116688009342505,1080,1920,640,640,44.269226025789976,1.2809650506824255,11.00107398815453,6.28923496697098,0.02591707743704319,0.10172300972044468,0.004626926966011524,0.2860500244423747,False
yolo26l-seg.pt,2,MOTS20-11,38,109,109,355.72243691422045,1.903548021800816,37.44878002908081,54.52799401246011,93.88032206334174,10.651859495382778,1080,1920,640,640,36.54257801827043,1.107627060264349,10.260024922899902,5.952634033747017,0.02628704532980919,0.12441992294043303,0.00649609137326479,0.47231989447027445,False
yolo26l-seg.pt,2,MOTS20-11,76,103,103,343.5214509954676,1.8530059605836868,35.420579952187836,51.76554201170802,89.03912792447954,11.231017456147724,1080,1920,640,640,34.921785001643,1.0994310723617673,9.719555033370852,5.590307991951704,0.024113920517265797,0.1268479973077774,0.005200039595365524,0.24994101841002703,False
yolo26l-seg.pt,2,MOTS20-11,113,82,82,277.0798970013857,1.8438691040500998,35.38796794600785,41.23744601383805,78.469283063896,12.743840149345058,1080,1920,640,640,27.721971040591598,0.8705520303919911,7.741702953353524,4.498618072830141,0.024328939616680145,0.10337203275412321,0.0053480034694075584,0.2398020587861538,False
yolo26l-seg.pt,2,MOTS20-11,151,83,83,270.370256039314,1.8820599652826786,35.47834209166467,42.36059891991317,79.72100097686052,12.543746161569844,1080,1920,640,640,28.693786007352173,0.8765109814703465,7.837701006792486,4.551663063466549,0.024428009055554867,0.12168195098638535,0.00831799115985632,0.22230506874620914,False
yolo26l-seg.pt,2,MOTS20-11,188,101,101,333.0397669924423,2.225878066383302,35.49050900619477,51.461900933645666,89.17828800622374,11.213491785469241,1080,1920,640,640,34.43541191518307,1.0614889906719327,9.541306993924081,5.734298028983176,0.025999965146183968,0.1369159435853362,0.008233007974922657,0.46765501610934734,False
yolo26l-seg.pt,2,MOTS20-11,226,78,78,255.68908697459847,1.8380869878455997,47.829573042690754,43.76721801236272,93.43487804289907,10.702641464795049,1080,1920,640,640,30.826964997686446,0.8924789726734161,7.366310921497643,4.314760095439851,0.023733009584248066,0.0960970064625144,0.00475090928375721,0.20354008302092552,False
yolo26l-seg.pt,2,MOTS20-11,263,94,94,304.054872947745,1.8408430041745305,44.54452404752374,51.09015398193151,97.47552103362978,10.258985942275626,1080,1920,640,640,35.64518690109253,1.0461310157552361,8.853044011630118,5.167327006347477,0.023960950784385204,0.09547104127705097,0.005770940333604813,0.23145601153373718,False
yolo26l-seg.pt,2,MOTS20-11,301,74,74,237.52069799229503,1.8439240520820022,44.5893129799515,40.767029975540936,87.20026700757444,11.46785479353105,1080,1920,640,640,28.159369016066194,0.8382060332223773,6.992865935899317,4.244512994773686,0.044075073674321175,0.13235898222774267,0.007075024768710136,0.3195489989593625,False
yolo26l-seg.pt,2,MOTS20-11,338,106,106,344.8443179950118,1.80527800694108,44.48204394429922,57.15459201019257,103.44191396143287,9.66726118749928,1080,1920,640,640,39.79257307946682,1.1612849775701761,9.97124204877764,5.792771931737661,0.027503003366291523,0.11012307368218899,0.005051959306001663,0.2700210316106677,False
yolo26l-seg.pt,2,MOTS20-11,376,132,132,437.04145692754537,1.8545360071584582,38.827195996418595,87.02826895751059,127.71000096108764,7.83024032945308,1080,1920,640,640,44.65608100872487,1.3779510045424104,12.432781048119068,27.963041909970343,0.04384701605886221,0.15680596698075533,0.005133100785315037,0.35206996835768223,False
yolo26l-seg.pt,2,MOTS20-11,413,77,77,257.92642100714147,1.8702959641814232,38.768047001212835,39.526278036646545,80.1646210020408,12.474330789570406,1080,1920,640,640,26.7146909609437,0.8247040677815676,7.279970915988088,4.320638021454215,0.028967042453587055,0.11457200162112713,0.004973029717803001,0.21285994444042444,False
yolo26l-seg.pt,2,MOTS20-11,450,102,102,336.1845640465617,1.8638420151546597,38.846033974550664,52.09726595785469,92.80714194756001,10.775032815524506,1080,1920,640,640,35.15606198925525,1.1077820090577006,9.648837032727897,5.656625027768314,0.0367029570043087,0.1779439626261592,0.008233007974922657,0.273855053819716,False
yolo26l-seg.pt,2,MOTS20-11,488,92,92,299.76941901259124,1.8471609801054,36.735406960360706,47.30075702536851,85.88332496583462,11.64370383188834,1080,1920,640,640,32.06201095599681,0.9956969879567623,8.699518046341836,4.933798918500543,0.023971078917384148,0.12278102803975344,0.009454903192818165,0.4103149985894561,False
yolo26l-seg.pt,2,MOTS20-11,525,75,75,246.76340096630156,1.8332790350541472,36.79386794101447,37.87493705749512,76.50208403356373,13.07153932644855,1080,1920,640,640,25.32875502947718,0.7975819753482938,7.085797027684748,4.128481028601527,0.0404679449275136,0.12492400128394365,0.006710994057357311,0.32469199504703283,False
yolo26l-seg.pt,2,MOTS20-11,563,43,43,141.49721199646592,2.468156977556646,36.78716695867479,22.966425050981343,62.22174898721278,16.07155080461513,1080,1920,640,640,15.575753059238195,0.5072510102763772,4.1119439993053675,2.4680590722709894,0.023360946215689182,0.11019199155271053,0.004690024070441723,0.14497304800897837,False
yolo26l-seg.pt,2,MOTS20-11,600,76,76,251.94358394946903,1.8894020467996597,36.81696695275605,38.22069603484124,76.92706503439695,12.999326044128459,1080,1920,640,640,25.750297005288303,0.7995120249688625,7.171508041210473,4.159078933298588,0.025172019377350807,0.10048504918813705,0.004674890078604221,0.1888530096039176,False
yolo26l-seg.pt,2,MOTS20-11,638,77,76,247.87686299532652,1.8253669841215014,36.837143008597195,40.270483936183155,78.93299392890185,12.668973394075747,1080,1920,640,640,27.362130000256002,0.8186030900105834,7.184428977780044,4.371647024527192,0.024709966965019703,0.13666495215147734,0.006349990144371986,0.33206900116056204,False
yolo26l-seg.pt,2,MOTS20-11,675,52,52,170.5717259319499,1.8512220121920109,41.061401017941535,28.750338940881193,71.66296197101474,13.954209713023953,1080,1920,640,640,19.93310998659581,0.6113660056143999,4.951296956278384,2.921162056736648,0.02381298691034317,0.09930296801030636,0.004893983714282513,0.17455604393035173,False
yolo26l-seg.pt,2,MOTS20-11,713,57,57,187.61798506602645,1.8455180106684566,42.78250294737518,31.493933056481183,76.12195401452482,13.136814641006065,1080,1920,640,640,21.67699404526502,0.6609609117731452,5.4627020144835114,3.332803025841713,0.027830014005303383,0.14101795386523008,0.008151051588356495,0.1616349909454584,False
yolo26l-seg.pt,2,MOTS20-11,750,145,145,483.9288060320541,1.9490100676193833,43.36856701411307,100.93556495849043,146.25314204022288,6.837459941373278,1080,1920,640,640,52.41651798132807,1.5317470533773303,13.638088013976812,32.481395988725126,0.0348859466612339,0.1580769894644618,0.006893067620694637,0.6190330022946,False
yolo26l-seg.pt,2,MOTS20-11,788,95,95,314.7201769752428,1.8737090285867453,40.5953039880842,50.098064937628806,92.56707795429975,10.802976847704956,1080,1920,640,640,34.330409951508045,1.052913023158908,8.978855912573636,5.266748019494116,0.04532397724688053,0.12515601702034473,0.005361041985452175,0.26522797998040915,False
yolo26l-seg.pt,2,MOTS20-11,825,62,62,204.8590499907732,1.846113009378314,39.98766699805856,32.71763399243355,74.55141399987042,13.413561813887771,1080,1920,640,640,22.377148969098926,0.7042379584163427,5.878463969565928,3.416719031520188,0.023428001441061497,0.125139020383358,0.007414026185870171,0.1637289533391595,False
yolo26l-seg.pt,2,MOTS20-11,863,125,125,410.6284820009023,1.8996389117091894,39.94835203047842,63.509438070468605,105.35742901265621,9.491499644319088,1080,1920,640,640,43.15745003987104,1.3201480032876134,11.746177915483713,6.7696659825742245,0.035310047678649426,0.11492299381643534,0.00485801137983799,0.3289689775556326,False
yolo26l-seg.pt,2,MOTS20-11,900,124,124,410.05491407122463,1.9519699271768332,34.381363075226545,61.23589491471648,97.56922791711986,10.249133065288264,1080,1920,640,640,41.08052293304354,1.3018290046602488,11.68316404800862,6.693987990729511,0.025094952434301376,0.1173950731754303,0.004766974598169327,0.3045400371775031,False
yolov8l-seg.pt,3,MOTS20-02,1,133,133,467.4632909009233,2.467095968313515,36.93843702785671,68.47873202059418,107.8842650167644,9.26919231312006,1080,1920,640,640,48.161842045374215,1.3856389559805393,12.51109503209591,5.565655999816954,0.026416964828968048,0.11339201591908932,0.007444992661476135,0.6597540341317654,False
yolov8l-seg.pt,3,MOTS20-02,26,146,146,481.36071395128965,2.1094349212944508,36.54775908216834,109.24459795933217,147.90179196279496,6.761243300226899,1080,1920,640,640,52.156034973450005,1.535453018732369,13.716391054913402,41.061497991904616,0.06412493530660868,0.20594499073922634,0.00687700230628252,0.43757096864283085,False
yolov8l-seg.pt,3,MOTS20-02,51,133,133,441.79065607022494,2.1235720487311482,37.22439403645694,67.97995092347264,107.32791700866073,9.317240358995376,1080,1920,640,640,48.48400491755456,1.410529948771,12.488514999859035,5.057040019892156,0.026113935746252537,0.10614900384098291,0.0061300816014409065,0.3748909803107381,False
yolov8l-seg.pt,3,MOTS20-02,76,135,135,468.8772279769182,2.3630199721083045,37.32387104537338,72.17224990017712,111.8591409176588,8.93981476879136,1080,1920,640,640,51.769132958725095,1.568328938446939,12.779304990544915,5.217164987698197,0.03114307764917612,0.12267392594367266,0.005832058377563953,0.6021609297022223,False
yolov8l-seg.pt,3,MOTS20-02,101,123,123,415.36467999685556,2.2474370198324323,36.37942799832672,65.5349789885804,104.16184400673956,9.600444476917069,1080,1920,640,640,47.03559202607721,1.344699994660914,11.594582931138575,4.74766397383064,0.02536410465836525,0.10959489736706018,0.007344991900026798,0.613248092122376,False
yolov8l-seg.pt,3,MOTS20-02,126,117,117,359.9670350085944,2.191897016018629,37.16009191703051,59.6765250666067,99.02851399965584,10.098101643769747,1080,1920,640,640,42.63074998743832,1.2680779909715056,11.009486974216998,4.2326400289312005,0.027609989047050476,0.09833998046815395,0.00546302180737257,0.37509994581341743,False
yolov8l-seg.pt,3,MOTS20-02,151,137,137,521.3341539492831,2.1589529933407903,38.466605939902365,71.81479805149138,112.44035698473454,8.893603923151588,1080,1920,640,640,51.57025600783527,1.4700070023536682,12.912031030282378,5.255245021544397,0.030745984986424446,0.1162129919975996,0.00606197863817215,0.41667697951197624,False
yolov8l-seg.pt,3,MOTS20-02,176,130,130,458.735694992356,2.2294800728559494,37.65672293957323,69.51691606082022,109.4031190732494,9.140507222014971,1080,1920,640,640,49.99811097513884,1.4012809842824936,12.276255059987307,5.006388993933797,0.030481023713946342,0.1441770000383258,0.010696938261389732,0.6067079957574606,False
yolov8l-seg.pt,3,MOTS20-02,201,132,132,462.7216840162873,2.2838899167254567,36.88282007351518,69.26739099435508,108.43410098459572,9.222191090439908,1080,1920,640,640,49.14203297812492,1.4497200027108192,12.460397905670106,5.31452801078558,0.04796299617737532,0.13835099525749683,0.008638016879558563,0.6448919884860516,False
yolov8l-seg.pt,3,MOTS20-02,226,104,104,354.14861096069217,2.305238973349333,36.077340017072856,56.37655593454838,94.75913492497057,10.55307227943555,1080,1920,640,640,40.44267791323364,1.2758310185745358,9.839293896220624,4.081147024407983,0.032486976124346256,0.14661799650639296,0.009977025911211967,0.48836099449545145,False
yolov8l-seg.pt,3,MOTS20-02,251,127,127,417.3764060251415,2.2879409370943904,38.81938604172319,64.5223290193826,105.62965599820018,9.467038309932951,1080,1920,640,640,45.194922015070915,1.3764990726485848,12.00057496316731,5.109720048494637,0.025886925868690014,0.12098404113203287,0.007433001883327961,0.6086529465392232,False
yolov8l-seg.pt,3,MOTS20-02,276,141,141,460.86972998455167,2.1589340176433325,40.066336980089545,104.89684902131557,147.12212001904845,6.797074429531917,1080,1920,640,640,50.033945008181036,1.4409329742193222,13.255063095130026,39.58657197654247,0.02926494926214218,0.11365197133272886,0.0056300777941942215,0.3948919475078583,False
yolov8l-seg.pt,3,MOTS20-02,300,144,144,473.747547948733,2.141169970855117,36.66480607353151,109.1992559377104,148.00523198209703,6.756517905535675,1080,1920,640,640,52.7519469615072,1.4724490465596318,13.544889050535858,40.7830229960382,0.038757920265197754,0.14853209722787142,0.005976995453238487,0.42513199150562286,False
yolov8l-seg.pt,3,MOTS20-02,325,132,132,432.00536898802966,2.21304502338171,37.59673493914306,66.64576206821948,106.45554203074425,9.393592676567284,1080,1920,640,640,47.31840605381876,1.3683970319107175,12.413072981871665,4.877884057350457,0.024377950467169285,0.08842104580253363,0.005707959644496441,0.5007409490644932,False
yolov8l-seg.pt,3,MOTS20-02,350,150,150,491.1400389391929,2.1028509363532066,35.83475900813937,114.00461406446993,151.9422240089625,6.581449011441439,1080,1920,640,640,54.87866804469377,1.5817160019651055,14.089823001995683,42.81550401356071,0.027655973099172115,0.10507903061807156,0.005959998816251755,0.46279304660856724,False
yolov8l-seg.pt,3,MOTS20-02,375,126,126,409.736882080324,2.1464170422405005,37.815222050994635,65.78717194497585,105.74881103821099,9.456371094694036,1080,1920,640,640,47.528256895020604,1.3325989712029696,11.838156031444669,4.526313976384699,0.024601002223789692,0.12385495938360691,0.00951508991420269,0.37885201163589954,False
yolov8l-seg.pt,3,MOTS20-02,400,119,119,354.2135109892115,2.1655700402334332,37.74626995436847,61.59896100871265,101.51080100331455,9.851168448245698,1080,1920,640,640,44.13657006807625,1.285817939788103,11.212637997232378,4.394489107653499,0.028965994715690613,0.1081159571185708,0.0058480072766542435,0.3938600420951843,False
yolov8l-seg.pt,3,MOTS20-02,425,137,137,455.4429999552667,2.1634079748764634,38.173998007550836,70.24414301849902,110.58154900092632,9.04309994781881,1080,1920,640,640,49.79533900041133,1.4993550721555948,12.921871966682374,5.28658798430115,0.04471302963793278,0.2040310064330697,0.010045012459158897,0.4425130318850279,False
yolov8l-seg.pt,3,MOTS20-02,450,123,123,407.01595100108534,2.144829952158034,38.346000015735626,64.00857004337013,104.49940001126379,9.569432933511694,1080,1920,640,640,45.83387996535748,1.3468209654092789,11.592322029173374,4.653287003748119,0.02802303060889244,0.10302197188138962,0.006109010428190231,0.4062999505549669,False
yolov8l-seg.pt,3,MOTS20-02,475,151,151,502.93948606122285,2.1529130171984434,37.545246072113514,113.5736369760707,153.27179606538266,6.524357550905322,1080,1920,640,640,54.08128094859421,1.5517559368163347,14.181929058395326,43.03029098082334,0.03421900328248739,0.15640095807611942,0.007937080226838589,0.47655391972512007,False
yolov8l-seg.pt,3,MOTS20-02,500,126,126,415.1348719606176,2.4372669868171215,37.569634965620935,66.37009000405669,106.37699195649475,9.400529020495075,1080,1920,640,640,47.93830798007548,1.3597740326076746,11.888921028003097,4.576063947752118,0.028274022042751312,0.11059397365897894,0.0055480049923062325,0.42103801388293505,False
yolov8l-seg.pt,3,MOTS20-02,525,108,108,355.73380696587265,2.154179965145886,35.80092405900359,56.98703194502741,94.94213596917689,10.532731224044207,1080,1920,640,640,41.10092599876225,1.1989880586043,10.169229935854673,3.9555110270157456,0.03205996472388506,0.11374510359019041,0.0051639508455991745,0.36872399505227804,False
yolov8l-seg.pt,3,MOTS20-02,550,115,115,378.0092700617388,2.1474810782819986,38.486267905682325,58.176223072223365,98.80997205618769,10.120436016633585,1080,1920,640,640,41.3931580260396,1.201302045956254,10.815816931426525,4.263711045496166,0.025777961127460003,0.09428104385733604,0.005763024091720581,0.35093200858682394,False
yolov8l-seg.pt,3,MOTS20-02,575,118,118,358.5414229892194,2.0941259572282434,37.96687303110957,60.24654698558152,100.30754597391933,9.96933969713512,1080,1920,640,640,42.899335036054254,1.2983198976144195,11.11920305993408,4.383758991025388,0.027894973754882812,0.09755906648933887,0.005975947715342045,0.37939101457595825,False
yolov8l-seg.pt,3,MOTS20-02,600,124,124,410.0480880588293,2.1819629473611712,38.659512996673584,62.74517206475139,103.58664800878614,9.653753830466458,1080,1920,640,640,44.281744048930705,1.317586051300168,11.677367961965501,4.671487025916576,0.031072995625436306,0.1327010104432702,0.008465955033898354,0.5736900493502617,False
yolov8l-seg.pt,3,MOTS20-05,1,22,22,11.495957965962589,1.165602938272059,37.67413005698472,4.81357192620635,43.65330492146313,22.907773003650117,480,640,640,640,3.657239954918623,0.1143419649451971,0.40431099478155375,0.32534298952668905,0.02256804145872593,0.10139797814190388,0.006678048521280289,0.15030789654701948,False
yolov8l-seg.pt,3,MOTS20-05,36,68,68,35.9150260919705,0.9132770355790854,44.47687102947384,9.566528024151921,54.95667608920485,18.19615142620371,480,640,640,640,7.1312489453703165,0.230391975492239,1.0956550249829888,0.5821250379085541,0.020709936507046223,0.10532001033425331,0.006958027370274067,0.34410692751407623,False
yolov8l-seg.pt,3,MOTS20-05,71,61,61,30.435357009992003,1.1457579676061869,38.79856807179749,9.404217009432614,49.34854304883629,20.264022769839027,480,640,640,640,7.1403639158234,0.2149819629266858,0.9697149507701397,0.5714120343327522,0.024741049855947495,0.10836799629032612,0.007307971827685833,0.31986203975975513,False
yolov8l-seg.pt,3,MOTS20-05,106,78,78,38.308667950332165,1.072373939678073,40.139749995432794,10.136948083527386,51.34907201863825,19.47454862742268,480,640,640,640,7.528207032009959,0.21879898849874735,1.198161975480616,0.6509319646283984,0.03662705421447754,0.1024090452119708,0.006732996553182602,0.34926494117826223,False
yolov8l-seg.pt,3,MOTS20-05,140,74,74,40.66832410171628,0.8841740200296044,39.69574102666229,10.518683935515583,51.09859898220748,19.570008178662587,480,640,640,640,7.839535945095122,0.2516000531613827,1.1511639459058642,0.7125780684873462,0.030221999622881413,0.1325639896094799,0.012740958482027054,0.3158979816362262,False
yolov8l-seg.pt,3,MOTS20-05,175,26,26,12.88071705494076,1.7660459270700812,41.86805500648916,5.091689992696047,48.725790926255286,20.52301216646157,480,640,640,640,3.806644002906978,0.13179995585232973,0.49723999109119177,0.3215030301362276,0.021763029508292675,0.11509901378303766,0.009184936061501503,0.15306903515011072,False
yolov8l-seg.pt,3,MOTS20-05,210,37,37,17.18343503307551,0.853613018989563,44.5161210373044,5.626332946121693,50.99606700241566,19.609355363672076,480,640,640,640,4.152377019636333,0.15345902647823095,0.5972080398350954,0.3896299749612808,0.01870095729827881,0.09682006202638149,0.006443005986511707,0.18163793720304966,False
yolov8l-seg.pt,3,MOTS20-05,245,65,65,31.921874964609742,0.7727949414402246,44.38094503711909,8.889499003998935,54.04323898255825,18.503702198951046,480,640,640,640,6.673435913398862,0.18248497508466244,1.007511978968978,0.5552039947360754,0.019346014596521854,0.11958403047174215,0.007536960765719414,0.2810220466926694,False
yolov8l-seg.pt,3,MOTS20-05,280,67,67,35.43646901380271,0.8995089447125793,39.96265400201082,9.190773009322584,50.052935956045985,19.978848011596174,480,640,640,640,6.8110700231045485,0.20733906421810389,1.0439699981361628,0.6313149351626635,0.018761027604341507,0.12061197776347399,0.012420001439750195,0.29653997626155615,False
yolov8l-seg.pt,3,MOTS20-05,314,77,77,44.16921897791326,0.9190330747514963,40.24611692875624,10.288355988450348,51.45350599195808,19.435021593208727,480,640,640,640,7.701553055085242,0.24315505288541317,1.1988440528512,0.6111449329182506,0.024982960894703865,0.13628508895635605,0.011505908332765102,0.32052502501755953,False
yolov8l-seg.pt,3,MOTS20-05,349,54,54,25.318835047073662,1.100066932849586,39.54951302148402,8.63541301805526,49.284992972388864,20.290152025794832,480,640,640,640,6.589583004824817,0.19227201119065285,0.8616989944130182,0.5184590118005872,0.025352928787469864,0.11141900904476643,0.007087015546858311,0.29052398167550564,False
yolov8l-seg.pt,3,MOTS20-05,384,73,73,33.35694700945169,0.8963929722085595,40.34433199558407,8.759713033214211,50.00043800100684,19.999824801132007,480,640,640,640,6.503280019387603,0.20091701298952103,1.1344690574333072,0.567051931284368,0.02052506897598505,0.08432695176452398,0.004922039806842804,0.21218496840447187,False
yolov8l-seg.pt,3,MOTS20-05,419,51,51,24.004476028494537,0.8808620041236281,39.1022739931941,7.12492607999593,47.10806207731366,21.227788958051423,480,640,640,640,5.364848067983985,0.1521599479019642,0.7993710460141301,0.45707798562943935,0.02429797314107418,0.08736003655940294,0.00554998405277729,0.20148500334471464,False
yolov8l-seg.pt,3,MOTS20-05,454,47,47,21.735174930654466,0.9480930166319013,41.665514931082726,6.49329402949661,49.10690197721124,20.36373625165897,480,640,640,640,4.887067014351487,0.14990102499723434,0.7614699425175786,0.42530009523034096,0.022514956071972847,0.08176802657544613,0.004960922524333,0.1374830026179552,False
yolov8l-seg.pt,3,MOTS20-05,489,43,43,20.11725294869393,0.8490260224789381,42.285662959329784,6.690897047519684,49.825586029328406,20.07000980201976,480,640,640,640,4.977391101419926,0.17687096260488033,0.704290927387774,0.42296701576560736,0.021019019186496735,0.10564003605395555,0.009709969162940979,0.22605503909289837,False
yolov8l-seg.pt,3,MOTS20-05,524,40,40,19.465961027890444,1.6321800649166107,39.048801991157234,7.038607960566878,47.71959001664072,20.95575422276849,480,640,640,640,5.462385946884751,0.1662020804360509,0.6892819656059146,0.3880220465362072,0.046915956772863865,0.09461503941565752,0.007301918230950832,0.15457009430974722,False
yolov8l-seg.pt,3,MOTS20-05,558,62,62,28.738033026456833,0.880303094163537,45.279804966412485,7.65206094365567,53.81216900423169,18.583157276588533,480,640,640,640,5.68175595253706,0.16114290338009596,0.9484849870204926,0.5256410222500563,0.021351035684347153,0.08096103556454182,0.0053299590945243835,0.20369503181427717,False
yolov8l-seg.pt,3,MOTS20-05,593,54,54,24.64587101712823,0.8558779954910278,42.95645002275705,7.06370803527534,50.87603605352342,19.655619375455352,480,640,640,640,5.2391140488907695,0.1594669884070754,0.8540520211681724,0.485752010717988,0.019974890165030956,0.1028840197250247,0.00680598895996809,0.1607640879228711,False
yolov8l-seg.pt,3,MOTS20-05,628,38,38,17.80219399370253,0.773959094658494,41.432668920606375,6.095123011618853,48.30175102688372,20.703183191918267,480,640,640,640,4.591603064909577,0.14804303646087646,0.6253129104152322,0.37171400617808104,0.01849199179559946,0.1375781139358878,0.009048962965607643,0.16724900342524052,False
yolov8l-seg.pt,3,MOTS20-05,663,62,62,28.377005946822464,0.7409920217469335,43.1639360031113,7.512721000239253,51.41764902509749,19.448574934102677,480,640,640,640,5.5797380628064275,0.18144096247851849,0.9551170514896512,0.5126789910718799,0.01830898690968752,0.0811930513009429,0.0052229734137654305,0.1556349452584982,False
yolov8l-seg.pt,3,MOTS20-05,698,56,56,25.8332050871104,0.8073160424828529,40.29889695812017,7.216406054794788,48.32261905539781,20.694242562754813,480,640,640,640,5.399152054451406,0.15817303210496902,0.873900018632412,0.46465196646749973,0.019761966541409492,0.10869605466723442,0.008195987902581692,0.16108201816678047,False
yolov8l-seg.pt,3,MOTS20-05,732,56,56,25.342574925161898,0.9228340350091457,41.47677798755467,7.243091939017177,49.64270396158099,20.143947049578735,480,640,640,640,5.426730029284954,0.16790395602583885,0.87312504183501,0.47565798740834,0.021187937818467617,0.08401600643992424,0.0052800169214606285,0.1656990498304367,False
yolov8l-seg.pt,3,MOTS20-05,767,61,61,27.98250992782414,0.8372630691155791,41.21567797847092,7.573034963570535,49.625976011157036,20.1507371819786,480,640,640,640,5.6759429862722754,0.17179897986352444,0.9420409332960844,0.49822707660496235,0.019012950360774994,0.08036999497562647,0.005187001079320908,0.15786406584084034,False
yolov8l-seg.pt,3,MOTS20-05,802,62,62,28.62129791174084,0.7926099933683872,40.8468620153144,7.618230069056153,49.25770207773894,20.301393646455352,480,640,640,640,5.69992302916944,0.16770500224083662,0.9571770206093788,0.49092096742242575,0.01796300057321787,0.10536902118474245,0.0077659497037529945,0.14968600589782,False
yolov8l-seg.pt,3,MOTS20-05,837,54,54,24.445472052320838,0.7840680191293359,41.18529497645795,6.941755069419742,48.91111806500703,20.4452492513239,480,640,640,640,5.192944081500173,0.15958095900714397,0.8480240358039737,0.4710869397968054,0.02510997001081705,0.08451903704553843,0.005827983841300011,0.13201800175011158,False
yolov8l-seg.pt,3,MOTS20-09,1,75,75,245.82888605073094,2.0911720348522067,37.94336097780615,40.00138002447784,80.0359130371362,12.494391105852767,1080,1920,640,640,28.763948939740658,0.8490959880873561,7.1014299755916,2.8841380262747407,0.022870022803544998,0.09788596071302891,0.006186077371239662,0.2514870138838887,False
yolov8l-seg.pt,3,MOTS20-09,23,54,54,178.39922197163105,2.176589914597571,36.91864502616227,29.58241105079651,68.67764599155635,14.560778628361057,1080,1920,640,640,21.25447103753686,0.6683889077976346,5.152736091986299,2.1435089875012636,0.02638797741383314,0.08949893526732922,0.006029033102095127,0.21555903367698193,False
yolov8l-seg.pt,3,MOTS20-09,45,94,94,314.6826319862157,2.0699420711025596,35.475795972160995,50.04635395016521,87.59209199342877,11.416555732851098,1080,1920,640,640,36.005483008921146,1.0788189247250557,8.881453075446188,3.6015459336340427,0.026945024728775024,0.09754998609423637,0.0052370596677064896,0.32228196505457163,False
yolov8l-seg.pt,3,MOTS20-09,66,76,76,250.81958808004856,2.1540269954130054,37.43132995441556,40.79580504912883,80.3811619989574,12.44072585082772,1080,1920,640,640,29.41006899345666,0.8608030620962381,7.182219997048378,2.9342359630391,0.027075991965830326,0.09218603372573853,0.005344976671040058,0.2563759917393327,False
yolov8l-seg.pt,3,MOTS20-09,88,74,74,246.99088104534894,2.162845921702683,37.06807305570692,39.50906591489911,78.73998489230871,12.700027836780542,1080,1920,640,640,28.432177961803973,0.840015010908246,7.00636301189661,2.8536809841170907,0.02394092734903097,0.08938508108258247,0.004893983714282513,0.2337839687243104,False
yolov8l-seg.pt,3,MOTS20-09,110,80,80,266.8145999778062,2.1395330550149083,45.80257798079401,41.532611940056086,89.474722975865,11.176340833932963,1080,1920,640,640,29.53733899630606,0.8653370896354318,7.554284995421767,3.145438968203962,0.024902052246034145,0.09192293509840965,0.005615060217678547,0.28075999580323696,False
yolov8l-seg.pt,3,MOTS20-09,132,69,69,227.9439721023664,2.1515459520742297,45.125977019779384,35.55085998959839,82.82838296145201,12.073156136168878,1080,1920,640,640,25.2192149637267,0.7546800188720226,6.52729906141758,2.6897930074483156,0.02284790389239788,0.08478807285428047,0.005156965926289558,0.2230439567938447,False
yolov8l-seg.pt,3,MOTS20-09,154,62,62,203.95840390119702,2.167163067497313,44.724703999236226,32.9189469339326,79.81081400066614,12.529630383066303,1080,1920,640,640,23.48462794907391,0.6968920351937413,5.893714027479291,2.455990994349122,0.02573896199464798,0.095319002866745,0.005349982529878616,0.2351350849494338,False
yolov8l-seg.pt,3,MOTS20-09,176,110,110,362.1939510339871,2.124082064256072,45.30462191905826,54.87807502504438,102.30677900835872,9.774523347258324,1080,1920,640,640,38.6871590744704,1.139076892286539,10.358156054280698,4.129273002035916,0.02547504846006632,0.08990895003080368,0.005171983502805233,0.40491006802767515,False
yolov8l-seg.pt,3,MOTS20-09,198,64,64,212.85588899627328,2.3302099434658885,41.84228100348264,33.40471105184406,77.57720199879259,12.890384987274535,1080,1920,640,640,23.751460015773773,0.7142559625208378,6.077176076360047,2.4542449973523617,0.024494947865605354,0.0860580476000905,0.005324953235685825,0.23704406339675188,False
yolov8l-seg.pt,3,MOTS20-09,219,81,81,271.4178290916607,2.170326071791351,41.7134219314903,41.80743102915585,85.6911790324375,11.669812590878934,1080,1920,640,640,29.769695014692843,0.8750869892537594,7.660689065232873,3.0841309344395995,0.025340006686747074,0.09402201976627111,0.0054049305617809296,0.2678630407899618,False
yolov8l-seg.pt,3,MOTS20-09,241,100,100,338.6602270184085,2.140630967915058,41.57764604315162,51.41562200151384,95.13389901258051,10.51150021579332,1080,1920,640,640,36.53673001099378,1.0931710712611675,9.445154923014343,3.8135090144351125,0.027438043616712093,0.09869004134088755,0.0058549921959638596,0.35385601222515106,False
yolov8l-seg.pt,3,MOTS20-09,263,79,79,264.3153700046241,2.1764140110462904,41.550107998773456,41.0699819913134,84.79650400113314,11.79293901062993,1080,1920,640,640,29.113839962519705,0.8849560981616378,7.474854937754571,3.156944992952049,0.027811038307845592,0.10346097405999899,0.006168964318931103,0.27287809643894434,False
yolov8l-seg.pt,3,MOTS20-09,285,66,66,220.13915097340941,2.1246880060061812,41.65363498032093,35.208913031965494,78.9872360182926,12.660273360728949,1080,1920,640,640,24.976544082164764,0.7770279189571738,6.298358086496592,2.7303589740768075,0.031401985324919224,0.12258498463779688,0.004981993697583675,0.23588503245264292,False
yolov8l-seg.pt,3,MOTS20-09,307,89,89,299.3960039457306,2.132573048584163,40.85094202309847,45.726157957687974,88.7096730293706,11.272727830581825,1080,1920,640,640,32.28797600604594,1.0037400061264634,8.438828052021563,3.483109991066158,0.032729003578424454,0.12574298307299614,0.005771988071501255,0.3147480310872197,False
yolov8l-seg.pt,3,MOTS20-09,328,84,84,295.1652839547023,2.12063395883888,41.02840006817132,43.53282693773508,86.68186096474528,11.53643898354598,1080,1920,640,640,30.93074692878872,0.9426570031791925,7.950276019982994,3.2596829114481807,0.027400092221796513,0.10425597429275513,0.005624955520033836,0.2835920313373208,False
yolov8l-seg.pt,3,MOTS20-09,350,72,72,252.1845509763807,2.14185006916523,41.92193690687418,37.9477710230276,82.01155799906701,12.19340327629645,1080,1920,640,640,27.16286398936063,0.8083069697022438,6.822484079748392,2.7535539120435715,0.027855043299496174,0.09254901669919491,0.005192938260734081,0.24982402101159096,False
yolov8l-seg.pt,3,MOTS20-09,372,92,92,309.14888600818813,2.1663550287485123,54.651958984322846,49.75247604306787,106.57079005613923,9.383434236278264,1080,1920,640,640,36.103330086916685,1.0395520366728306,8.667520014569163,3.4455369459465146,0.027060043066740036,0.1155149657279253,0.008109025657176971,0.31876994762569666,False
yolov8l-seg.pt,3,MOTS20-09,394,94,94,318.7748569762334,2.2072610445320606,46.49106890428811,47.679471084848046,96.37780103366822,10.375833327538404,1080,1920,640,640,33.731574076227844,1.0067739058285952,8.877404034137726,3.5547750303521752,0.05511404015123844,0.11281890328973532,0.007761991582810879,0.30680804047733545,False
yolov8l-seg.pt,3,MOTS20-09,416,67,67,229.2630000738427,2.1744329715147614,46.96652095299214,35.72715201880783,84.86810594331473,11.782989485684078,1080,1920,640,640,25.323053007014096,0.8072509663179517,6.396107957698405,2.719343057833612,0.03371399361640215,0.11859694495797157,0.005604000762104988,0.2764409873634577,False
yolov8l-seg.pt,3,MOTS20-09,438,109,109,374.0949439816177,2.247975906357169,46.717033023014665,55.61356106773019,104.57856999710202,9.562188505998035,1080,1920,640,640,39.70600198954344,1.1499749962240458,10.258113034069538,3.9359519723802805,0.02359796781092882,0.13358297292143106,0.008653034456074238,0.3657250199466944,False
yolov8l-seg.pt,3,MOTS20-09,460,57,57,187.64754896983504,2.0412129815667868,46.23024503234774,30.7589799631387,79.03043797705323,12.65335262712771,1080,1920,640,640,21.023734007030725,0.6520040333271027,5.444367998279631,3.294657915830612,0.02826808486133814,0.11555093806236982,0.006051035597920418,0.1684150192886591,False
yolov8l-seg.pt,3,MOTS20-09,481,104,104,342.02453203033656,1.860206015408039,49.006070010364056,54.3328559724614,105.1991319982335,9.505781853949061,1080,1920,640,640,37.17864793725312,1.1138368863612413,9.807947091758251,5.769533920101821,0.026675057597458363,0.11028093285858631,0.004936009645462036,0.2866260474547744,False
yolov8l-seg.pt,3,MOTS20-09,503,90,90,298.9003050606698,1.8337889341637492,46.3723010616377,47.08910593762994,95.29519593343139,10.493708420501612,1080,1920,640,640,32.164718955755234,0.9700470836833119,8.5029510082677,4.99706796836108,0.028598005883395672,0.12191000860184431,0.005626003257930279,0.26377500034868717,False
yolov8l-seg.pt,3,MOTS20-09,525,93,93,315.68695104215294,1.8497990677133203,46.58266098704189,48.55487099848688,96.98733105324209,10.310624997516848,1080,1920,640,640,33.12902897596359,0.9764430578798056,8.774506044574082,5.225070985034108,0.042367959395051,0.12068706564605236,0.005978974513709545,0.24752900935709476,False
yolov8l-seg.pt,3,MOTS20-11,1,114,114,372.4728000815958,1.9506850512698293,46.51788203045726,57.979040895588696,106.44760797731578,9.39429282631792,1080,1920,640,640,39.016059949062765,1.1799449566751719,10.737208998762071,6.3226030906662345,0.02926692832261324,0.13638706877827644,0.006430898793041706,0.5101420683786273,False
yolov8l-seg.pt,3,MOTS20-11,38,117,117,346.8753279885277,1.8408939940854907,46.12707905471325,59.73365297541022,107.70162602420896,9.284910886816341,1080,1920,640,640,40.28812702745199,1.2136449804529548,11.027597938664258,6.465819082222879,0.029242015443742275,0.1390039687976241,0.007092952728271484,0.5113630322739482,False
yolov8l-seg.pt,3,MOTS20-11,76,96,96,319.35349095147103,1.9618149381130934,39.689371013082564,50.44204997830093,92.09323592949659,10.858560782526586,1080,1920,640,640,34.459423972293735,1.0400600731372833,9.065333986654878,5.421543959528208,0.026826979592442513,0.15008402988314629,0.006634974852204323,0.24533597752451897,False
yolov8l-seg.pt,3,MOTS20-11,113,115,115,379.3616049224511,2.3923360276967287,39.50138797517866,60.07733196020126,101.97105596307665,9.806704368758291,1080,1920,640,640,41.08979902230203,1.2461240403354168,10.854374035261571,6.367558031342924,0.02917391248047352,0.12115505523979664,0.00466697383671999,0.31791802030056715,False
yolov8l-seg.pt,3,MOTS20-11,151,56,56,186.25535897444934,1.8917210400104523,40.599428000859916,30.083848047070205,72.57499708794057,13.778850018943576,1080,1920,640,640,20.604250021278858,0.637597986496985,5.316391936503351,3.186039044521749,0.02739601768553257,0.1199239632114768,0.005759997293353081,0.1645450247451663,False
yolov8l-seg.pt,3,MOTS20-11,188,99,99,322.29512103367597,1.9069400150328875,41.095179971307516,53.114123060368,96.1162430467084,10.404068743240854,1080,1920,640,640,36.79772198665887,1.096830004826188,9.338776930235326,5.447422037832439,0.02726004458963871,0.11155800893902779,0.004775007255375385,0.2610129304230213,False
yolov8l-seg.pt,3,MOTS20-11,226,100,100,329.29351297207177,1.8897849367931485,50.57181301526725,53.40728804003447,105.86888599209487,9.445645815850646,1080,1920,640,640,36.918760975822806,1.0834940476343036,9.425779921002686,5.5319530656561255,0.02725201193243265,0.11314393486827612,0.005186069756746292,0.2758619375526905,False
yolov8l-seg.pt,3,MOTS20-11,263,62,62,205.41519299149513,1.9322619773447514,43.86984498705715,33.0808850703761,78.882992034778,12.677003929555806,1080,1920,640,640,22.604210069403052,0.7045390084385872,5.887409090064466,3.5184839507564902,0.027784029953181744,0.10467297397553921,0.004717032425105572,0.1963549293577671,False
yolov8l-seg.pt,3,MOTS20-11,301,66,66,216.87460399698466,1.8887629266828299,44.270596001297235,35.758238984271884,81.91759791225195,12.207389199463277,1080,1920,640,640,24.66099604498595,0.7550480077043176,6.270422018133104,3.722006920725107,0.02405000850558281,0.11601799633353949,0.005786074325442314,0.1767809735611081,False
yolov8l-seg.pt,3,MOTS20-11,338,133,133,439.7515719756484,1.8627210520207882,44.34833594132215,67.46639602351934,113.67745301686227,8.796819188512833,1080,1920,640,640,45.674142078496516,1.3787240022793412,12.511774082668126,7.342151016928256,0.0278339721262455,0.13907800894230604,0.005650916136801243,0.3542780177667737,False
yolov8l-seg.pt,3,MOTS20-11,376,143,143,495.5558240180835,1.9017019076272845,39.206213084980845,99.91358499974012,141.02149999234825,7.091117312284009,1080,1920,640,640,52.1211699815467,1.5086970524862409,13.480006949976087,32.17174508608878,0.04732399247586727,0.17797190230339766,0.00601599458605051,0.3690130542963743,False
yolov8l-seg.pt,3,MOTS20-11,413,73,73,263.4619199670851,1.9784369505941868,37.048191064968705,39.677885943092406,78.7045139586553,12.705751547177021,1080,1920,640,640,27.344446978531778,0.8204199839383364,6.93144800607115,4.180644056759775,0.043413019739091396,0.12579699978232384,0.005465000867843628,0.2012409968301654,False
yolov8l-seg.pt,3,MOTS20-11,450,136,136,454.1136879706755,1.9323239102959633,35.872585023753345,72.15438899584115,109.95929792989045,9.094274143488942,1080,1920,640,640,49.93164597544819,1.4876109780743718,12.817622045986354,7.329949992708862,0.0403339508920908,0.1565080601722002,0.004973961040377617,0.35095796920359135,False
yolov8l-seg.pt,3,MOTS20-11,488,96,96,312.44548701215535,1.8276339396834373,38.37274806573987,51.82501394301653,92.02539594843984,10.86656557892217,1080,1920,640,640,36.120209959335625,1.0711050126701593,9.054520982317626,5.102333030663431,0.030305935069918633,0.13047107495367527,0.0060480087995529175,0.27660490013659,False
yolov8l-seg.pt,3,MOTS20-11,525,91,91,301.17821996100247,1.8484869506210089,36.18982306215912,49.88784797023982,87.92615798301995,11.373179756052997,1080,1920,640,640,35.11941200122237,0.9942100150510669,8.583787945099175,4.768738057464361,0.02625200431793928,0.130660948343575,0.00713602639734745,0.2339020138606429,False
yolov8l-seg.pt,3,MOTS20-11,563,43,43,142.40268303547055,2.24038097076118,36.34865104686469,23.56598002370447,62.15501204133034,16.088807115587784,1080,1920,640,640,15.975749935023487,0.5322110373526812,4.114690003916621,2.5760199641808867,0.02454302739351988,0.11389702558517456,0.005851965397596359,0.18950202502310276,False
yolov8l-seg.pt,3,MOTS20-11,600,93,93,306.7974209552631,1.817564945667982,38.23758603539318,50.44910195283592,90.50425293389708,11.049204513409824,1080,1920,640,640,34.930741996504366,1.0656289523467422,8.80323105957359,5.170315969735384,0.034918077290058136,0.1531809102743864,0.0053800176829099655,0.24874706286936998,False
yolov8l-seg.pt,3,MOTS20-11,638,59,59,195.86710806470364,1.8125330097973347,38.90920092817396,31.130825052969158,71.85255899094045,13.917388803453544,1080,1920,640,640,21.23239601496607,0.7054649759083986,5.615605972707272,3.267735941335559,0.02280808985233307,0.09782891720533371,0.005059991963207722,0.16206002328544855,False
yolov8l-seg.pt,3,MOTS20-11,675,69,69,230.0999539438635,1.9247069722041488,40.91481596697122,36.698397947475314,79.53792088665068,12.572619309789324,1080,1920,640,640,25.201624957844615,0.8003320544958115,6.561237038113177,3.7685499992221594,0.022864900529384613,0.1287920167669654,0.005009002052247524,0.18698908388614655,False
yolov8l-seg.pt,3,MOTS20-11,713,71,71,232.40118194371462,1.8885090248659253,41.29712795838714,38.849287084303796,82.03492406755686,12.189930220164362,1080,1920,640,640,27.036357088945806,0.7938070921227336,6.718592951074243,3.9124039467424154,0.025518005713820457,0.10400207247585058,0.005156965926289558,0.22061599884182215,False
yolov8l-seg.pt,3,MOTS20-11,750,138,138,456.39879698865116,1.820476958528161,40.77188496012241,72.4992830073461,115.09164492599666,8.688728018814874,1080,1920,640,640,49.601532984524965,1.4440640807151794,12.991548981517553,7.646008976735175,0.02812896855175495,0.13236503582447767,0.006276997737586498,0.5961810238659382,False
yolov8l-seg.pt,3,MOTS20-11,788,76,76,250.5811919691041,1.8783870618790388,41.46377800498158,39.83493591658771,83.17710098344833,12.022539715576203,1080,1920,640,640,27.11115393321961,0.8290589321404696,7.193212048150599,4.262036993168294,0.025075976736843586,0.1401860499754548,0.007492955774068832,0.2370739821344614,False
yolov8l-seg.pt,3,MOTS20-11,825,47,47,157.72040002048016,1.8644420197233558,41.889401036314666,26.026736944913864,69.78058000095189,14.330634683551768,1080,1920,640,640,17.99324993044138,0.5461560795083642,4.515392007306218,2.6817789766937494,0.026440946385264397,0.10042707435786724,0.005029025487601757,0.1345339696854353,False
yolov8l-seg.pt,3,MOTS20-11,863,126,126,423.82042307872325,1.87005999032408,40.94709700439125,64.94486494921148,107.76202194392681,9.279707098669165,1080,1920,640,640,44.4251470034942,1.3543349923565984,11.902072932571173,6.727301981300116,0.02782407682389021,0.11475791689008474,0.004941015504300594,0.3469940274953842,False
yolov8l-seg.pt,3,MOTS20-11,900,131,131,442.24864803254604,1.9499280024319887,40.448058978654444,67.19399301800877,109.5919799990952,9.12475529695016,1080,1920,640,640,45.448680059053004,1.3865240616723895,12.339100008830428,7.448717951774597,0.02857297658920288,0.18782098777592182,0.007844064384698868,0.32064493279904127,False
yolov9c-seg.pt,3,MOTS20-02,1,126,126,412.6372350146994,2.0012769382447004,29.274584027007222,65.00515306834131,96.28101403359324,10.38626368902899,1080,1920,640,640,44.223936973139644,1.3705900637432933,11.880723992362618,6.744207930751145,0.03126799128949642,0.15710701700299978,0.008480041287839413,0.5383939715102315,False
yolov9c-seg.pt,3,MOTS20-02,26,144,144,468.0838939966634,1.8766939174383879,30.065059079788625,75.3882999997586,107.33005299698561,9.317054935471663,1080,1920,640,640,50.81303894985467,1.4962820569053292,13.53505498263985,8.666467969305813,0.033825053833425045,0.14442193787544966,0.007180962711572647,0.6311010802164674,False
yolov9c-seg.pt,3,MOTS20-02,51,137,137,447.84946308936924,1.82224006857723,30.118901981040835,71.14456593990326,103.08570798952132,9.70066578096015,1080,1920,640,640,48.5670919297263,1.434713019989431,12.884154915809631,7.438209024257958,0.026536057703197002,0.13148400466889143,0.006746966391801834,0.5991490324959159,False
yolov9c-seg.pt,3,MOTS20-02,76,127,127,417.1039800858125,1.8935489933937788,30.61649901792407,63.53170098736882,96.04174899868667,10.412138579584536,1080,1920,640,640,43.01799403037876,1.319892005994916,11.942515964619815,6.661082967184484,0.04385807551443577,0.13441499322652817,0.005170004442334175,0.3710029413923621,False
yolov9c-seg.pt,3,MOTS20-02,101,127,127,454.24660097341985,1.8874399829655886,32.016412005759776,63.30949906259775,97.21335105132312,10.286652905032117,1080,1920,640,640,43.02125598769635,1.309053972363472,11.946536018513143,6.537575973197818,0.03150897100567818,0.1192950876429677,0.005765003152191639,0.3144859801977873,False
yolov9c-seg.pt,3,MOTS20-02,126,120,120,365.4076379025355,2.004818059504032,32.889979891479015,61.38579605612904,96.28059400711209,10.386308999362132,1080,1920,640,640,41.647864039987326,1.3130740262567997,11.335888062603772,6.569453980773687,0.03209302667528391,0.12962694745510817,0.006644986569881439,0.31036895234137774,False
yolov9c-seg.pt,3,MOTS20-02,151,132,132,459.41645093262196,1.92177202552557,31.498558935709298,68.70889104902744,102.12922201026231,9.791516867714085,1080,1920,640,640,46.560610993765295,1.4307539677247405,12.464830069802701,7.350847008638084,0.03374693915247917,0.16410998068749905,0.013918033801019192,0.6248910212889314,False
yolov9c-seg.pt,3,MOTS20-02,176,116,116,379.3066160287708,1.8693989841267467,31.519472016952932,59.528136043809354,92.91700704488903,10.762292413453343,1080,1920,640,640,40.68770899903029,1.259530894458294,10.92976809013635,6.161239929497242,0.028152018785476685,0.11867797002196312,0.005244044587016106,0.2993630478158593,False
yolov9c-seg.pt,3,MOTS20-02,201,126,126,412.02107700519264,1.9234040519222617,31.332505983300507,64.21131105162203,97.4672210868448,10.259859559440855,1080,1920,640,640,43.4702510247007,1.32594199385494,11.857800069265068,6.781936972402036,0.03366603050380945,0.1648899633437395,0.007743015885353088,0.5285800434648991,False
yolov9c-seg.pt,3,MOTS20-02,226,120,120,364.05547603499144,1.8294700421392918,31.678398023359478,61.24121299944818,94.74908106494695,10.554192069836935,1080,1920,640,640,41.61656799260527,1.376577070914209,11.304443934932351,6.459725089371204,0.029098941013216972,0.11944002471864223,0.006490037776529789,0.30270498245954514,False
yolov9c-seg.pt,3,MOTS20-02,251,129,129,421.3452209951356,2.177970949560404,31.671777018345892,65.552519983612,99.4022679515183,10.060132636890462,1080,1920,640,640,44.82824099250138,1.3617790536955,12.142578954808414,6.687861052341759,0.02612592652440071,0.14085101429373026,0.008592032827436924,0.32725196797400713,False
yolov9c-seg.pt,3,MOTS20-02,276,145,145,480.20815604832023,1.8088029464706779,32.314324053004384,72.16448499821126,106.28761199768633,9.40843416466792,1080,1920,640,640,48.83556393906474,1.4716590521857142,13.625800958834589,7.667995989322662,0.027640024200081825,0.10704598389565945,0.004442990757524967,0.38780306931585073,False
yolov9c-seg.pt,3,MOTS20-02,300,134,134,446.54498097952455,1.8585699144750834,29.82410800177604,69.83872805722058,101.5214059734717,9.850139390911385,1080,1920,640,640,48.110989038832486,1.4317160239443183,12.622337904758751,7.131582009606063,0.0246330164372921,0.10711699724197388,0.005171983502805233,0.3635800676420331,False
yolov9c-seg.pt,3,MOTS20-02,325,138,138,467.6207259763032,1.817889977246523,30.96425801049918,69.98952501453459,102.7716730022803,9.730307688752056,1080,1920,640,640,47.654984053224325,1.3993190368637443,12.964479974471033,7.455833023414016,0.028228037990629673,0.11433695908635855,0.005391077138483524,0.34095090813934803,False
yolov9c-seg.pt,3,MOTS20-02,350,148,148,500.22754794918,1.8746900605037808,31.209036009386182,78.86002096347511,111.94374703336507,8.933058134117557,1080,1920,640,640,51.336808945052326,1.5214569866657257,13.940167962573469,10.678175021894276,0.03698701038956642,0.25604094844311476,0.017462996765971184,0.993661000393331,False
yolov9c-seg.pt,3,MOTS20-02,375,143,143,496.89753097482026,1.9667180022224784,31.677547958679497,72.46663398109376,106.11089994199574,9.424102524308418,1080,1920,640,640,48.82311599794775,1.5273960307240486,13.475782005116343,7.8168309992179275,0.026477966457605362,0.14862604439258575,0.007598893716931343,0.5882310215383768,False
yolov9c-seg.pt,3,MOTS20-02,400,110,110,378.9426770526916,1.945975935086608,45.21240899339318,61.882385052740574,109.04076998122036,9.170881681890414,1080,1920,640,640,43.615233968012035,1.2560250470414758,10.368049959652126,5.921534961089492,0.04639208782464266,0.14749995898455381,0.0096210278570652,0.4783329786732793,False
yolov9c-seg.pt,3,MOTS20-02,425,151,151,492.24153195973486,1.874475972726941,51.527129020541906,84.73829203285277,138.13989702612162,7.239038261414836,1080,1920,640,640,60.381041024811566,1.6992370365187526,14.174273936077952,7.908491068519652,0.02803793177008629,0.12808805331587791,0.005975016392767429,0.3848129417747259,False
yolov9c-seg.pt,3,MOTS20-02,450,120,120,350.7450999459252,1.8491980154067278,35.430819960311055,61.54622498434037,98.82624296005815,10.118769772560942,1080,1920,640,640,42.0719850808382,1.3290500501170754,11.342257028445601,6.295399973168969,0.02841500099748373,0.11696293950080872,0.005244975909590721,0.3216690383851528,False
yolov9c-seg.pt,3,MOTS20-02,475,155,155,545.3444400336593,1.864908030256629,33.96216197870672,75.21421601995826,111.0412860289216,9.005659388162542,1080,1920,640,640,52.578371949493885,1.6385480994358659,14.611358987167478,5.6887599639594555,0.027453992515802383,0.11274998541921377,0.006222049705684185,0.5006099818274379,False
yolov9c-seg.pt,3,MOTS20-02,500,98,98,324.4095640257001,2.153226057998836,33.858749899081886,48.05174109060317,84.0637170476839,11.895738555466979,1080,1920,640,640,33.66060205735266,1.0592759354040027,9.264649008400738,3.578818985261023,0.0287200091406703,0.09232503361999989,0.005629030056297779,0.3285389393568039,False
yolov9c-seg.pt,3,MOTS20-02,525,117,117,351.1030909139663,2.1747020073235035,33.573511987924576,57.11146700195968,92.85968099720776,10.768936413103438,1080,1920,640,640,40.010771015658975,1.2020430294796824,11.011441005393863,4.324164008721709,0.027082976885139942,0.0942000187933445,0.005780952051281929,0.40793896187096834,False
yolov9c-seg.pt,3,MOTS20-02,550,121,121,382.58919306099415,2.2176119964569807,38.97637396585196,60.380346956662834,101.57433291897178,9.845006816807977,1080,1920,640,640,42.72926598787308,1.2632010038942099,11.368112987838686,4.484971985220909,0.02516398672014475,0.09723601397126913,0.005581066943705082,0.3811749629676342,False
yolov9c-seg.pt,3,MOTS20-02,575,117,117,367.94184299651533,2.111435984261334,43.39932696893811,62.59373005013913,108.10449300333858,9.250309327745676,1080,1920,640,640,44.83779310248792,1.3268700568005443,11.030972003936768,4.625207977369428,0.02534699160605669,0.1124959671869874,0.0070891110226511955,0.5723329959437251,False
yolov9c-seg.pt,3,MOTS20-02,600,115,115,383.0650399904698,2.1559459855780005,36.855485988780856,55.75742002110928,94.76885199546814,10.551990226153844,1080,1920,640,640,39.00086204521358,1.2079480802640319,10.846911929547787,4.146101069636643,0.0277769286185503,0.11596502736210823,0.006260932423174381,0.3733960911631584,False
yolov9c-seg.pt,3,MOTS20-05,1,17,17,8.835359942167997,1.0987439891323447,36.87329590320587,4.059065016917884,42.0311049092561,23.791903690349567,480,640,640,640,3.206548048183322,0.0915320124477148,0.32199802808463573,0.22741896100342274,0.021712039597332478,0.0800649868324399,0.00506499782204628,0.08095300290733576,False
yolov9c-seg.pt,3,MOTS20-05,36,52,52,25.57927498128265,0.9249059949070215,36.642749910242856,6.800395087338984,44.36805099248886,22.53874077473657,480,640,640,640,5.041530006565154,0.16826402861624956,0.8143469458445907,0.4624860594049096,0.022067921236157417,0.08473405614495277,0.005341949872672558,0.17932208720594645,False
yolov9c-seg.pt,3,MOTS20-05,71,66,66,32.30373305268586,0.9110689861699939,36.82404803112149,7.795993005856872,45.53111002314836,21.963005063825427,480,640,640,640,5.732674966566265,0.17031794413924217,1.0414340067654848,0.5178420105949044,0.02027896698564291,0.08184404578059912,0.005300040356814861,0.20290398970246315,False
yolov9c-seg.pt,3,MOTS20-05,106,73,73,35.99338000640273,0.8740120101720095,31.284990953281522,8.25671199709177,40.4157149605453,24.74285067024601,480,640,640,640,6.059329956769943,0.19055011216551065,1.0971189476549625,0.5763480439782143,0.020270003005862236,0.08179398719221354,0.0047049252316355705,0.20386208780109882,False
yolov9c-seg.pt,3,MOTS20-05,140,72,72,35.58143798727542,0.9376669768244028,30.648785992525518,9.669249062426388,41.25570203177631,24.23907364925633,480,640,640,640,7.177214021794498,0.21726195700466633,1.099333050660789,0.6043280009180307,0.023589935153722763,0.12756604701280594,0.008412054739892483,0.37067499943077564,False
yolov9c-seg.pt,3,MOTS20-05,175,37,37,18.3662970084697,1.6694910591468215,30.799092957749963,5.483770975843072,37.952354992739856,26.34882605285749,480,640,640,640,4.095758078619838,0.13957894407212734,0.5870920140296221,0.3714360063895583,0.02099794801324606,0.07830106187611818,0.004812958650290966,0.15450397040694952,False
yolov9c-seg.pt,3,MOTS20-05,210,39,39,20.787751069292426,0.8599410066381097,35.20062495954335,6.00814598146826,42.06871194764972,23.770635080161224,480,640,640,640,4.448893945664167,0.1705860486254096,0.6413370138034225,0.3916539717465639,0.020781997591257095,0.09688199497759342,0.011477037332952023,0.18706894479691982,False
yolov9c-seg.pt,3,MOTS20-05,245,51,51,25.589274941012263,0.8471149485558271,33.596466993913054,7.267202017828822,41.710783960297704,23.974615316553322,480,640,640,640,5.349024082534015,0.17951393965631723,0.8338140323758125,0.4729049978777766,0.022193067707121372,0.10414991993457079,0.007161055691540241,0.25093392468988895,False
yolov9c-seg.pt,3,MOTS20-05,280,54,54,26.8753319978714,0.8411190938204527,32.12202899158001,7.858790922909975,40.82193900831044,24.496631573439526,480,640,640,640,5.972619983367622,0.17138896510004997,0.8494800422340631,0.47376391012221575,0.020998064428567886,0.10012194979935884,0.007816008292138577,0.2183000324293971,False
yolov9c-seg.pt,3,MOTS20-05,314,78,78,38.00754202529788,0.8393160533159971,32.10843203123659,8.38504999410361,41.3327980786562,24.19386169058777,480,640,640,640,6.078601931221783,0.20248699001967907,1.1721350019797683,0.6092290859669447,0.0192329753190279,0.0787100289016962,0.00535591971129179,0.19602302927523851,False
yolov9c-seg.pt,3,MOTS20-05,349,41,41,19.77633498609066,0.9564830688759685,31.71793499495834,5.564236897043884,38.23865496087819,26.151547459582346,480,640,640,640,4.133629961870611,0.14023506082594395,0.6431839428842068,0.3842980368062854,0.017786980606615543,0.07451802957803011,0.004580942913889885,0.13592303730547428,False
yolov9c-seg.pt,3,MOTS20-05,384,75,75,36.211646045558155,0.7635690271854401,34.6281910315156,8.40101798530668,43.79277804400772,22.83481534318494,480,640,640,640,6.188689963892102,0.19389798399060965,1.1218769941478968,0.582045060582459,0.019170925952494144,0.07833808194845915,0.004636938683688641,0.18992798868566751,False
yolov9c-seg.pt,3,MOTS20-05,419,31,31,15.749936923384666,0.8320669876411557,31.580968061462045,4.981286940164864,37.394321989268064,26.74202784815817,480,640,640,640,3.6637599114328623,0.11014100164175034,0.5008389707654715,0.47876499593257904,0.019232043996453285,0.08107605390250683,0.005309004336595535,0.10016595479100943,False
yolov9c-seg.pt,3,MOTS20-05,454,34,34,17.16877392027527,0.8423950057476759,35.520115052349865,5.057186936028302,41.41969699412584,24.14310274026921,480,640,640,640,3.8337790174409747,0.11704792268574238,0.5511040799319744,0.34143298398703337,0.018734019249677658,0.0741099938750267,0.004833913408219814,0.09471701923757792,False
yolov9c-seg.pt,3,MOTS20-05,489,42,42,21.411299938336015,0.7781280437484384,34.40278396010399,6.296974956057966,41.47788695991039,24.10923200997509,480,640,640,640,4.784543998539448,0.1660590060055256,0.6734830094501376,0.4381299950182438,0.018156948499381542,0.07879897020757198,0.00527198426425457,0.11018908116966486,False
yolov9c-seg.pt,3,MOTS20-05,524,52,52,25.6577410036698,1.458593993447721,29.998134006746113,6.452216999605298,37.90894499979913,26.378998413311123,480,640,640,640,4.7549830051139,0.153722008690238,0.8008430013433099,0.47014898154884577,0.018794904462993145,0.07776101119816303,0.004634028300642967,0.1487260451540351,False
yolov9c-seg.pt,3,MOTS20-05,558,55,55,26.808344991877675,0.7668329635635018,33.08245202060789,6.601128028705716,40.45041301287711,24.721626443756136,480,640,640,640,4.8827859573066235,0.1542640384286642,0.8419340010732412,0.4616379737854004,0.0183499651029706,0.0788751058280468,0.00482192263007164,0.13738300185650587,False
yolov9c-seg.pt,3,MOTS20-05,593,60,60,29.51884106732905,0.7251970237120986,32.20346593298018,7.098780013620853,40.02744297031313,24.982859902933665,480,640,640,640,5.257194978184998,0.15659898053854704,0.9206129470840096,0.4773350665345788,0.016805017367005348,0.10376295540481806,0.007978989742696285,0.13746507465839386,False
yolov9c-seg.pt,3,MOTS20-05,628,34,34,16.645572963170707,0.7483509834855795,32.11744001600891,5.058759939856827,37.92455093935132,26.368143464617237,480,640,640,640,3.842049976810813,0.11802499648183584,0.5504690343514085,0.33298705238848925,0.017059966921806335,0.07382698822766542,0.004775007255375385,0.09811297059059143,False
yolov9c-seg.pt,3,MOTS20-05,663,60,60,30.18602402880788,0.7230810588225722,34.31905200704932,7.149068987928331,42.191202053800225,23.701623829651673,480,640,640,640,5.253582028672099,0.15992193948477507,0.9168360847979784,0.5386749980971217,0.018525985069572926,0.08355104364454746,0.0045798951759934425,0.15180802438408136,False
yolov9c-seg.pt,3,MOTS20-05,698,49,49,24.776405072771013,1.031921012327075,31.601074035279453,6.635206984356046,39.26820203196257,25.465897297412404,480,640,640,640,4.951045964844525,0.14805200044065714,0.7663179421797395,0.42099400889128447,0.03479002043604851,0.08569203782826662,0.004607019945979118,0.19200996030122042,False
yolov9c-seg.pt,3,MOTS20-05,732,52,52,25.350534939207137,0.8631690870970488,31.807425897568464,6.976375007070601,39.646969991736114,25.222608441664942,480,640,640,640,5.276348092593253,0.1524980179965496,0.814722036011517,0.4426579689607024,0.019359984435141087,0.08245499338954687,0.005212030373513699,0.16033893916755915,False
yolov9c-seg.pt,3,MOTS20-05,767,59,59,29.138830956071615,0.8126129396259785,32.70204400178045,6.939437007531524,40.45409394893795,24.71937701193412,480,640,640,640,5.094363004900515,0.18759106751531363,0.9054279653355479,0.4664070438593626,0.018761958926916122,0.07951795123517513,0.005110050551593304,0.1594950444996357,False
yolov9c-seg.pt,3,MOTS20-05,802,55,55,27.085664914920926,0.8417890639975667,31.18034196086228,6.911081960424781,38.93321298528463,25.68501090259272,480,640,640,640,5.173412966541946,0.15993008855730295,0.850801938213408,0.44714100658893585,0.018100952729582787,0.07727101910859346,0.004597008228302002,0.14526699669659138,False
yolov9c-seg.pt,3,MOTS20-05,837,60,60,28.884861967526376,0.7766709895804524,32.673085923306644,7.074722088873386,40.52447900176048,24.676443093976793,480,640,640,640,5.2229390712454915,0.15737395733594894,0.9185030357912183,0.5049790488556027,0.018385937437415123,0.07786799687892199,0.005134963430464268,0.1465100795030594,False
yolov9c-seg.pt,3,MOTS20-09,1,72,72,237.29995195753872,2.3533269995823503,30.349639942869544,35.78153997659683,68.48450691904873,14.601842737687193,1080,1920,640,640,25.048471987247467,0.7961549563333392,6.822666036896408,2.7086930349469185,0.024724984541535378,0.09165192022919655,0.005843001417815685,0.25435409042984247,False
yolov9c-seg.pt,3,MOTS20-09,23,62,62,202.97758595552295,2.075377036817372,29.23269395250827,30.915930052287877,62.22400104161352,16.070969131850433,1080,1920,640,640,21.632074029184878,0.6917830323800445,5.887298961170018,2.358117955736816,0.0213750172406435,0.08254800923168659,0.005449983291327953,0.212762039154768,False
yolov9c-seg.pt,3,MOTS20-09,45,71,71,232.2575889993459,2.0869559375569224,29.84555799048394,35.583939985372126,67.51645391341299,14.81120441074198,1080,1920,640,640,24.997622007504106,0.7772349053993821,6.723462021909654,2.674733055755496,0.03224797546863556,0.11184299364686012,0.008326023817062378,0.23437500931322575,False
yolov9c-seg.pt,3,MOTS20-09,66,67,67,221.98371298145503,2.0803859224542975,29.279799084179103,32.90153096895665,64.26171597559005,15.561364722657766,1080,1920,640,640,22.878986899740994,0.7727040210738778,6.349568022415042,2.4962209863588214,0.022919964976608753,0.08184404578059912,0.005087931640446186,0.26071304455399513,False
yolov9c-seg.pt,3,MOTS20-09,88,77,77,254.12515900097787,2.1159480093047023,29.78905290365219,39.5609320839867,71.4659329969436,13.992680960909967,1080,1920,640,640,27.73175504989922,0.9427230106666684,7.34358502086252,3.047256963327527,0.027064001187682152,0.10919803753495216,0.005778972990810871,0.30405703000724316,False
yolov9c-seg.pt,3,MOTS20-09,110,67,67,219.7720669209957,2.129061962477863,30.03478201571852,32.788109965622425,64.95195394381881,15.395995644179779,1080,1920,640,640,22.789043025113642,0.756841036491096,6.352717988193035,2.5470859836786985,0.021395040675997734,0.08079805411398411,0.005081994459033012,0.21146598737686872,False
yolov9c-seg.pt,3,MOTS20-09,132,83,83,271.40179509297013,2.191373030655086,37.8315569832921,42.188078048639,82.21100806258619,12.16382116660962,1080,1920,640,640,29.833993990905583,0.8919710526242852,7.8398039331659675,3.0951040098443627,0.023144064471125603,0.08700997568666935,0.00575394369661808,0.36686507519334555,False
yolov9c-seg.pt,3,MOTS20-09,154,60,60,197.45377695653588,2.1524379262700677,40.52091296762228,31.143491039983928,73.81684193387628,13.547043923875544,1080,1920,640,640,22.112591075710952,0.6759839598089457,5.692108068615198,2.3067709989845753,0.02190493978559971,0.09613996371626854,0.005934038199484348,0.20808097906410694,False
yolov9c-seg.pt,3,MOTS20-09,176,103,103,338.5276390472427,2.174333087168634,43.96031494252384,54.174185963347554,100.30883399304003,9.969211685477129,1080,1920,640,640,38.91473601106554,1.1530061019584537,9.716706932522357,3.7045780336484313,0.024934997782111168,0.09126495569944382,0.005749054253101349,0.5046839360147715,False
yolov9c-seg.pt,3,MOTS20-09,198,65,65,214.82831495814025,2.170950989238918,38.92296098638326,33.302301075309515,74.39621305093169,13.441544387688113,1080,1920,640,640,23.54095398914069,0.7167579606175423,6.162465084344149,2.517268992960453,0.0245789997279644,0.08660496678203344,0.006232992745935917,0.22178003564476967,False
yolov9c-seg.pt,3,MOTS20-09,219,64,64,215.52699198946357,2.1375479409471154,38.94346905872226,34.91412301082164,75.99514001049101,13.158736201577515,1080,1920,640,640,23.76923698466271,0.7542509119957685,6.095709046348929,3.7601060466840863,0.05380494985729456,0.1360990572720766,0.008736969903111458,0.29699294827878475,False
yolov9c-seg.pt,3,MOTS20-09,241,106,106,364.07624394632876,1.9936009775847197,38.51554496213794,55.90639403089881,96.41553997062147,10.371772022484212,1080,1920,640,640,38.00631209742278,1.1555820237845182,10.009887046180665,5.992020945996046,0.032056006602942944,0.17030001617968082,0.013299984857439995,0.4620359977707267,False
yolov9c-seg.pt,3,MOTS20-09,263,74,74,256.70934503432363,1.92312803119421,38.529725978150964,39.42542104050517,79.87827504985034,12.519048506942859,1080,1920,640,640,26.638858020305634,0.8281361078843474,7.022596895694733,4.322010092437267,0.029588001780211926,0.16131694428622723,0.011980067938566208,0.3471659729257226,False
yolov9c-seg.pt,3,MOTS20-09,285,80,80,276.27628901973367,2.03665008302778,38.64421299658716,44.51096593402326,85.1918290136382,11.738214938898798,1080,1920,640,640,30.52011295221746,0.9516049176454544,7.603603997267783,4.726065089926124,0.04355190321803093,0.18499605357646942,0.008890987373888493,0.40870404336601496,False
yolov9c-seg.pt,3,MOTS20-09,307,88,88,319.57025500014424,2.0477770594879985,43.916624039411545,50.93156697694212,96.89596807584167,10.320346861257299,1080,1920,640,640,35.60875100083649,1.0742240119725466,8.375964942388237,5.128244054503739,0.057949917390942574,0.18782902043312788,0.008759088814258575,0.4249259363859892,False
yolov9c-seg.pt,3,MOTS20-09,328,85,85,286.92253096960485,1.8951980164274573,46.95444391109049,48.138936050236225,96.98857797775418,10.310492439938292,1080,1920,640,640,33.97847106680274,0.9998960886150599,8.041352964937687,4.663447034545243,0.02906098961830139,0.14041492249816656,0.008333008736371994,0.2512780483812094,False
yolov9c-seg.pt,3,MOTS20-09,350,86,86,281.76170005463064,1.8891519866883755,49.89464906975627,50.16288999468088,101.94669105112553,9.809048137702746,1080,1920,640,640,35.64654290676117,1.0333399986848235,8.136174990795553,4.839619970880449,0.03591109998524189,0.1716099213808775,0.0093020498752594,0.25886797811836004,False
yolov9c-seg.pt,3,MOTS20-09,372,81,81,270.21635696291924,1.9070070702582598,53.35684400051832,48.29436098225415,103.55821205303073,9.656404645996725,1080,1920,640,640,34.84851191751659,0.9624790400266647,7.666212972253561,4.407788976095617,0.028359005227684975,0.12583599891513586,0.005575013346970081,0.2240319736301899,False
yolov9c-seg.pt,3,MOTS20-09,394,75,75,250.18858397379518,1.873734057880938,56.35416193399578,45.343518955633044,103.57141494750977,9.655173683847057,1080,1920,640,640,32.83446002751589,0.9371880441904068,7.105038966983557,4.104513092897832,0.023418921045958996,0.09818398393690586,0.004592002369463444,0.2131740329787135,False
yolov9c-seg.pt,3,MOTS20-09,416,73,73,241.15446105133742,1.8290189327672124,52.43223800789565,43.077801004983485,97.33905794564635,10.27336837961176,1080,1920,640,640,30.77090997248888,0.9094079723581672,6.931936019100249,4.0765960002318025,0.027715926989912987,0.10597007349133492,0.0051889801397919655,0.22021995391696692,False
yolov9c-seg.pt,3,MOTS20-09,438,93,93,310.5787319364026,1.8756130011752248,47.65704402234405,52.24464402999729,101.77730105351657,9.825373532691536,1080,1920,640,640,36.91768099088222,1.05418695602566,8.770599961280823,5.06750401109457,0.02686202060431242,0.1087370328605175,0.004858942702412605,0.2677510492503643,False
yolov9c-seg.pt,3,MOTS20-09,460,57,57,184.79818396735936,1.82440597563982,42.117543052881956,31.095079029910266,75.03702805843204,13.326753815746681,1080,1920,640,640,21.46982797421515,0.6653930759057403,5.408725002780557,3.1968989642336965,0.02497097011655569,0.10315305553376675,0.005367910489439964,0.1902010990306735,False
yolov9c-seg.pt,3,MOTS20-09,481,104,104,340.0208220118657,1.9720320124179125,42.18847001902759,54.83858706429601,98.99908909574151,10.101103041795719,1080,1920,640,640,37.81241399701685,1.1171740479767323,9.779618005268276,5.67996792960912,0.029589049518108368,0.11252798140048981,0.00459898728877306,0.2796079497784376,False
yolov9c-seg.pt,3,MOTS20-09,503,76,76,281.21133800596,1.8206300446763635,40.596802020445466,39.75773591082543,82.17516797594726,12.169126326491973,1080,1920,640,640,27.262032963335514,0.8344149682670832,7.1731890784576535,4.094659932889044,0.02782407682389021,0.13058900367468596,0.0070569803938269615,0.20736793521791697,False
yolov9c-seg.pt,3,MOTS20-09,525,106,106,358.82568603847176,1.8778450321406126,40.45860399492085,55.35606504417956,97.69251407124102,10.236198848058745,1080,1920,640,640,37.71584702190012,1.1482039699330926,9.991053026169538,5.823204992339015,0.02865504939109087,0.1236629905179143,0.023497967049479485,0.45468402095139027,False
yolov9c-seg.pt,3,MOTS20-11,1,109,109,374.1135649615899,1.985326991416514,37.33266599010676,55.02036795951426,94.33836094103754,10.600141766561013,1080,1920,640,640,37.07047295756638,1.1161729926243424,10.267078061588109,5.86039898917079,0.026313005946576595,0.15723693650215864,0.010170973837375641,0.46072201803326607,False
yolov9c-seg.pt,3,MOTS20-11,38,102,102,350.2843009773642,1.986420014873147,35.57698801159859,52.61249397881329,90.17590200528502,11.089437175148989,1080,1920,640,640,35.77736101578921,1.0905589442700148,9.630682994611561,5.6089990539476275,0.027726986445486546,0.13176794163882732,0.007221009582281113,0.2991770161315799,False
yolov9c-seg.pt,3,MOTS20-11,76,99,99,341.26837202347815,1.95346400141716,35.50508804619312,50.38574896752834,87.84430101513863,11.383777757280637,1080,1920,640,640,33.82864804007113,1.0444809449836612,9.356842958368361,5.529034999199212,0.026272027753293514,0.12192805297672749,0.006619025953114033,0.4316149279475212,False
yolov9c-seg.pt,3,MOTS20-11,113,105,105,343.0854929611087,1.861437107436359,35.647407989017665,52.482626982964575,89.9914720794186,11.112164040582506,1080,1920,640,640,35.35385092254728,1.0880500776693225,9.891195921227336,5.686806049197912,0.02516200765967369,0.12902903836220503,0.007392955012619495,0.2783569507300854,False
yolov9c-seg.pt,3,MOTS20-11,151,66,66,219.99761904589832,1.824710052460432,36.16313589736819,34.003108041360974,71.9909539911896,13.890634094422225,1080,1920,640,640,22.98147208057344,0.718611991032958,6.2497350154444575,3.7062569754198194,0.02545909956097603,0.10371394455432892,0.0054299598559737206,0.18972903490066528,False
yolov9c-seg.pt,3,MOTS20-11,188,99,99,321.48052495904267,1.967963995411992,36.10362601466477,50.04741600714624,88.119006017223,11.348289605134088,1080,1920,640,640,33.86673401109874,1.0290719801560044,9.338972973637283,5.381937022320926,0.02674502320587635,0.1044049859046936,0.004668952897191048,0.2707709791138768,False
yolov9c-seg.pt,3,MOTS20-11,226,93,93,310.0691440049559,1.9026469672098756,36.029816954396665,47.28706902824342,85.21953294984996,11.734398973865305,1080,1920,640,640,32.09168103057891,0.9626549435779452,8.772850036621094,4.981776000931859,0.02383498940616846,0.09286799468100071,0.005510984919965267,0.3229440189898014,False
yolov9c-seg.pt,3,MOTS20-11,263,44,44,144.26513202488422,1.7948049353435636,36.01396596059203,23.49927299655974,61.308043892495334,16.311073335719477,1080,1920,640,640,15.877539059147239,0.5070000188425183,4.203869961202145,2.5858550798147917,0.04242302384227514,0.1284639583900571,0.006183981895446777,0.12689398135989904,False
yolov9c-seg.pt,3,MOTS20-11,301,90,90,294.1344080027193,1.857656054198742,35.90765094850212,46.26888607162982,84.03419307433069,11.89991791931019,1080,1920,640,640,31.548138009384274,0.9514959529042244,8.49229993764311,4.840520094148815,0.025314977392554283,0.12912903912365437,0.006984919309616089,0.2523859729990363,False
yolov9c-seg.pt,3,MOTS20-11,338,124,124,404.98152491636574,1.8016729736700654,40.585750015452504,63.22384194936603,105.6112649384886,9.46868689227832,1080,1920,640,640,43.1049969047308,1.3030200498178601,11.667152983136475,6.658239988610148,0.02702604979276657,0.10545796249061823,0.004875008016824722,0.3286669962108135,False
yolov9c-seg.pt,3,MOTS20-11,376,120,120,369.20698801986873,1.8420880660414696,34.36037094797939,60.045634978450835,96.2480939924717,10.389816135769065,1080,1920,640,640,40.6502450350672,1.2407639296725392,11.281886021606624,6.374401971697807,0.02587307244539261,0.12272002641111612,0.004936940968036652,0.32064097467809916,False
yolov9c-seg.pt,3,MOTS20-11,413,91,91,301.6606600722298,1.9048260292038321,34.616425982676446,46.54175997711718,83.06301198899746,12.039052955754364,1080,1920,640,640,31.664976966567338,0.9543868945911527,8.59284307807684,4.8591779777780175,0.027116970159113407,0.10500603821128607,0.004890956915915012,0.2969910856336355,False
yolov9c-seg.pt,3,MOTS20-11,450,111,110,359.8649420309812,1.834118040278554,34.35727104078978,59.39368391409516,95.5850729951635,10.46188456696161,1080,1920,640,640,41.276037925854325,1.1874649208039045,10.373393073678017,6.0057679656893015,0.03655906766653061,0.1395680010318756,0.005003996193408966,0.32676197588443756,False
yolov9c-seg.pt,3,MOTS20-11,488,79,79,262.3398039722815,1.8328229198232293,33.89500000048429,40.66856997087598,76.3963928911835,13.089623242086404,1080,1920,640,640,27.45288598816842,0.867435010150075,7.4875568971037865,4.4346340000629425,0.03289803862571716,0.12974801938980818,0.0049800146371126175,0.2325120149180293,False
yolov9c-seg.pt,3,MOTS20-11,525,67,67,221.49655502289534,1.856980030424893,34.080874058417976,34.422611934132874,70.36046602297574,14.212526671916253,1080,1920,640,640,23.183399927802384,0.7386599900200963,6.340599036775529,3.744640969671309,0.0296630896627903,0.11360493954271078,0.0044299522414803505,0.2262151101604104,False
yolov9c-seg.pt,3,MOTS20-11,563,45,45,148.70154100935906,2.170259947888553,34.40937295090407,24.565485073253512,61.14511797204614,16.35453545869635,1080,1920,640,640,16.73801604192704,0.529279001057148,4.316808073781431,2.6466239942237735,0.02948299515992403,0.11989893391728401,0.005063018761575222,0.15601597260683775,False
yolov9c-seg.pt,3,MOTS20-11,600,73,73,240.54300400894135,1.8316030036658049,33.917188993655145,37.445797002874315,73.19458900019526,13.662212106926814,1080,1920,640,640,25.28502407949418,0.780802103690803,6.908811978064477,4.065645975060761,0.03158603794872761,0.12270291335880756,0.005167094059288502,0.2223709598183632,False
yolov9c-seg.pt,3,MOTS20-11,638,59,59,191.77616492379457,1.8412150675430894,33.886427991092205,30.376898939721286,66.10454199835658,15.127553565454866,1080,1920,640,640,20.536332041956484,0.6517110159620643,5.595188937149942,3.2686080085113645,0.02428807783871889,0.10422198101878166,0.004770001396536827,0.1706019975244999,False
yolov9c-seg.pt,3,MOTS20-11,675,60,60,207.5268329354003,1.8250220455229282,42.15144889894873,32.47199999168515,76.44847093615681,13.08070636017186,1080,1920,640,640,22.320594056509435,0.6764949066564441,5.693883984349668,3.443045075982809,0.026789959520101547,0.1114080660045147,0.005446956492960453,0.1726170303300023,False
yolov9c-seg.pt,3,MOTS20-11,713,56,56,183.10958903748542,2.176207024604082,42.10977698676288,30.54529696237296,74.83128097373992,13.363395454247586,1080,1920,640,640,21.039987914264202,0.6431780057027936,5.314497044309974,3.1918908935040236,0.02814503386616707,0.1092660240828991,0.004154047928750515,0.18266192637383938,False
yolov9c-seg.pt,3,MOTS20-11,750,165,165,543.6458949698135,1.8552320543676615,44.832123909145594,88.58252805657685,135.2698840200901,7.392628501488781,1080,1920,640,640,62.00178700964898,1.800419995561242,15.482375980354846,8.64855304826051,0.026638037525117397,0.11131796054542065,0.004683970473706722,0.46390003990381956,False
yolov9c-seg.pt,3,MOTS20-11,788,102,102,339.43552093114704,1.9377260468900204,34.07178202178329,51.43563891761005,87.44514698628336,11.435740397998988,1080,1920,640,640,34.748049918562174,1.0618050582706928,9.623631951399148,5.536930053494871,0.0294150086119771,0.11648295912891626,0.00506197102367878,0.2889990573748946,False
yolov9c-seg.pt,3,MOTS20-11,825,68,68,222.22184692509472,1.882461947388947,33.44739298336208,34.9208430852741,70.25069801602513,14.234734006086127,1080,1920,640,640,23.551544058136642,0.732733984477818,6.430331035517156,3.829794004559517,0.02946401946246624,0.11667492799460888,0.00494800042361021,0.2031250623986125,False
yolov9c-seg.pt,3,MOTS20-11,863,139,139,462.4980309745297,1.8078170251101255,33.48477103281766,69.28195396903902,104.57454202696681,9.562556819442044,1080,1920,640,640,46.93887592293322,1.3961689546704292,13.05447902996093,7.3606399819254875,0.027104048058390617,0.11926400475203991,0.005270005203783512,0.3553489223122597,False
yolov9c-seg.pt,3,MOTS20-11,900,106,106,356.87668703030795,1.955066923983395,32.10085805039853,53.90954704489559,87.96547201927751,11.368096788940681,1080,1920,640,640,36.23145504388958,1.1108500184491277,9.981496958062053,5.859998986124992,0.027457019314169884,0.17051002942025661,0.00968296080827713,0.48614502884447575,False
yolo26l-seg.pt,3,MOTS20-02,1,146,146,481.714577996172,2.032083924859762,30.474467086605728,73.6208789749071,106.12742998637259,9.42263465843285,1080,1920,640,640,50.043608993291855,1.4997409889474511,13.718692003749311,7.806247100234032,0.029099988751113415,0.11570891365408897,0.005227047950029373,0.3678400535136461,False
yolo26l-seg.pt,3,MOTS20-02,26,131,131,435.7932379934937,1.8549939850345254,29.95262702461332,66.22761802282184,98.03523903246969,10.20041374784424,1080,1920,640,640,44.851692975498736,1.3963190140202641,12.338357977569103,7.091214996762574,0.030460068956017494,0.13433396816253662,0.006007030606269836,0.34121889621019363,False
yolo26l-seg.pt,3,MOTS20-02,51,129,129,428.2760290661827,1.939292997121811,30.543182976543903,65.41070598177612,97.89318195544183,10.215216014279434,1080,1920,640,640,44.57752197049558,1.3846959918737411,12.143029016442597,6.803028983995318,0.040687969885766506,0.1182149862870574,0.005615991540253162,0.30986499041318893,False
yolo26l-seg.pt,3,MOTS20-02,76,131,131,433.0624029971659,1.985633047297597,30.292183975689113,67.21717794425786,99.49499496724457,10.050756827810453,1080,1920,640,640,46.0300570121035,1.3691189233213663,12.319002067670226,6.921470980159938,0.03095704596489668,0.13655389193445444,0.006165006197988987,0.36578101571649313,False
yolo26l-seg.pt,3,MOTS20-02,101,116,116,380.32585999462754,1.8507270142436028,31.685393070802093,58.90607298351824,92.44219306856394,10.817571141549019,1080,1920,640,640,39.91314594168216,1.275769085623324,10.945643996819854,6.3024439150467515,0.029593007639050484,0.11699006427079439,0.005016918294131756,0.2914629876613617,False
yolo26l-seg.pt,3,MOTS20-02,126,120,120,395.098245004192,1.8993229605257511,32.79009601101279,61.04781199246645,95.737230964005,10.44525718919087,1080,1920,640,640,41.2823089864105,1.2616210151463747,11.294023017399013,6.681412924081087,0.029103015549480915,0.11916400399059057,0.005115987733006477,0.33974298276007175,False
yolo26l-seg.pt,3,MOTS20-02,151,121,121,398.3260759850964,1.8858839757740498,33.048284938558936,61.03005900513381,95.9642279194668,10.420549632715227,1080,1920,640,640,41.26922402065247,1.256185001693666,11.40253699850291,6.613255012780428,0.02371496520936489,0.1047070836648345,0.005075940862298012,0.3201999934390187,False
yolo26l-seg.pt,3,MOTS20-02,176,117,117,396.36479306500405,1.853961031883955,32.433799002319574,58.563550002872944,92.85131003707647,10.769907280798622,1080,1920,640,640,39.41087203565985,1.225098967552185,11.035594041459262,6.442680023610592,0.025909976102411747,0.11076102964580059,0.005657901056110859,0.28313801158219576,False
yolo26l-seg.pt,3,MOTS20-02,201,119,119,394.1103760153055,1.9075149903073907,32.9945090925321,59.528629994019866,94.43065407685935,10.589781568028494,1080,1920,640,640,40.21793499123305,1.2394380755722523,11.207588948309422,6.391561008058488,0.03823800943791866,0.11234905105084181,0.004943925887346268,0.29138196259737015,False
yolo26l-seg.pt,3,MOTS20-02,226,121,121,403.1111020594835,1.8933570245280862,32.71063789725304,59.96094306465238,94.5649379864335,10.574743888093726,1080,1920,640,640,40.2471300913021,1.2529660016298294,11.385256075300276,6.591665907762945,0.030024093575775623,0.12388289906084538,0.005112029612064362,0.29953906778246164,False
yolo26l-seg.pt,3,MOTS20-02,251,122,122,398.7546020653099,2.1817239467054605,32.47834101784974,61.266057076863945,95.92612204141915,10.424689111983682,1080,1920,640,640,41.33627703413367,1.2853429652750492,11.497620027512312,6.624605040997267,0.026662019081413746,0.13159599620848894,0.010020914487540722,0.31862908508628607,False
yolo26l-seg.pt,3,MOTS20-02,276,113,113,390.52692404948175,1.8524740589782596,32.43520902469754,57.22784192766994,91.51552501134574,10.927107721624543,1080,1920,640,640,38.78583898767829,1.1793799931183457,10.650850948877633,6.131708039902151,0.029845978133380413,0.12707803398370743,0.005095964297652245,0.29146706219762564,False
yolo26l-seg.pt,3,MOTS20-02,300,125,125,421.64877196773887,1.8604680662974715,33.83031999692321,62.773687997832894,98.46447606105357,10.155946997371348,1080,1920,640,640,41.75987502094358,1.2802330311387777,11.786171002313495,7.168537937104702,0.030944007448852062,0.1396980369463563,0.006185960955917835,0.5509729962795973,False
yolo26l-seg.pt,3,MOTS20-02,325,111,111,373.2200580416247,1.8277340568602085,32.29007392656058,56.90480407793075,91.02261206135154,10.986281071850309,1080,1920,640,640,38.552128011360765,1.2031609658151865,10.465850005857646,5.957321031019092,0.0283470144495368,0.137432012706995,0.007033930160105228,0.5064361030235887,False
yolo26l-seg.pt,3,MOTS20-02,350,150,150,505.46249106992036,1.9366720225661993,33.836995949968696,74.16864996775985,109.94231794029474,9.0956787043826,1080,1920,640,640,49.75438094697893,1.5407649334520102,14.134705998003483,8.124027051962912,0.032139942049980164,0.14094403013586998,0.00544404610991478,0.3988259704783559,False
yolo26l-seg.pt,3,MOTS20-02,375,111,111,373.93933697603643,1.939004985615611,32.20879298169166,55.55784609168768,89.70564405899495,11.147570595918687,1080,1920,640,640,37.34243509825319,1.1548439506441355,10.457318043336272,5.888344952836633,0.0236990163102746,0.1557020004838705,0.009502982720732689,0.4930420545861125,False
yolo26l-seg.pt,3,MOTS20-02,400,124,124,418.52478100918233,1.8587689846754074,31.3017750158906,63.560648006387055,96.72119200695306,10.33899582139261,1080,1920,640,640,43.495333986356854,1.3074990129098296,11.677528964355588,6.577469990588725,0.02597097773104906,0.13247306924313307,0.006075948476791382,0.3074120031669736,False
yolo26l-seg.pt,3,MOTS20-02,425,133,133,446.3729039998725,1.8789289752021432,31.923513975925744,68.17083398345858,101.97327693458647,9.806490779358569,1080,1920,640,640,46.495388029143214,1.4089009491726756,12.525498983450234,7.083671051077545,0.027816975489258766,0.1306410413235426,0.006057904101908207,0.45569706708192825,False
yolo26l-seg.pt,3,MOTS20-02,450,123,123,417.4093659967184,1.907984958961606,32.00981207191944,62.25859094411135,96.1763879749924,10.397562448072163,1080,1920,640,640,42.280833004042506,1.3130130246281624,11.588274035602808,6.564659997820854,0.028982991352677345,0.12150895781815052,0.0054710544645786285,0.3267340362071991,False
yolo26l-seg.pt,3,MOTS20-02,475,125,125,414.19157199561596,1.8511260859668255,32.302030944265425,63.86913906317204,98.0222960934043,10.201760618289454,1080,1920,640,640,43.667680001817644,1.3413080014288425,11.761925998143852,6.591130048036575,0.02795399632304907,0.11210294906049967,0.005066045559942722,0.32764498610049486,False
yolo26l-seg.pt,3,MOTS20-02,500,101,101,340.35791794303805,1.9306869944557548,33.00900396425277,51.80301005020738,86.7427010089159,11.528347496318041,1080,1920,640,640,34.82962294947356,1.0493730660527945,9.525813977234066,5.696394015103579,0.028225942514836788,0.14772196300327778,0.007794005796313286,0.4664360312744975,False
yolo26l-seg.pt,3,MOTS20-02,525,107,107,356.7586879944429,1.8753920448943973,32.83147804904729,54.1235109558329,88.83038104977459,11.257409775599939,1080,1920,640,640,36.4050529897213,1.1348150437697768,10.107653914019465,5.937973037362099,0.04782702308148146,0.13851094990968704,0.006341026164591312,0.3057830035686493,False
yolo26l-seg.pt,3,MOTS20-02,550,107,107,355.8731160592288,1.8528110813349485,32.43563394062221,55.84602104499936,90.13446606695652,11.094535127740686,1080,1920,640,640,37.65576099976897,1.1771389981731772,10.112115065567195,6.148814922198653,0.042831990867853165,0.22622104734182358,0.014108954928815365,0.420329044573009,False
yolo26l-seg.pt,3,MOTS20-02,575,106,106,343.7097759451717,1.8577870214357972,33.14907196909189,53.04080294445157,88.04766193497926,11.357485003275523,1080,1920,640,640,35.59279802720994,1.1030660243704915,9.99042100738734,5.8551899855956435,0.031708041206002235,0.12414203956723213,0.005192938260734081,0.30960002914071083,False
yolo26l-seg.pt,3,MOTS20-02,600,109,109,353.8001551060006,1.8571700202301145,39.242550963535905,56.270011933520436,97.36973291728646,10.270131898682305,1080,1920,640,640,38.578882929868996,1.155307050794363,10.26890694629401,5.769217968918383,0.04424608778208494,0.12769794557243586,0.005402951501309872,0.29747001826763153,False
yolo26l-seg.pt,3,MOTS20-05,1,49,49,24.034813977777958,0.9735260391607881,44.4920250447467,6.789951934479177,52.25550301838666,19.13674048163194,480,640,640,640,4.987053922377527,0.18661702051758766,0.7799039594829082,0.5507080350071192,0.02098002005368471,0.0874359393492341,0.005695037543773651,0.14964200090616941,False
yolo26l-seg.pt,3,MOTS20-05,36,61,61,29.28492403589189,0.8946090238168836,44.487681007012725,7.583392900414765,52.96568293124437,18.880149271333224,480,640,640,640,5.51989593077451,0.16373698599636555,0.9460980072617531,0.6575690349563956,0.021543004550039768,0.0871740048751235,0.005032983608543873,0.16225897707045078,False
yolo26l-seg.pt,3,MOTS20-05,71,48,48,23.073417018167675,0.9038459975272417,38.81807497236878,6.112660048529506,45.834581018425524,21.817587895000056,480,640,640,640,4.390403046272695,0.15563995111733675,0.7480359636247158,0.5650760140269995,0.0187320401892066,0.08353602606803179,0.004980945959687233,0.12574403081089258,False
yolo26l-seg.pt,3,MOTS20-05,106,73,73,35.08093603886664,0.8506380254402757,33.97960006259382,8.115426986478269,42.94566507451236,23.285237247227677,480,640,640,640,5.765451933257282,0.18813891801983118,1.0987420100718737,0.7483920780941844,0.020241946913301945,0.08411705493927002,0.005109002813696861,0.18264201935380697,False
yolo26l-seg.pt,3,MOTS20-05,140,73,73,34.93775299284607,0.9135350119322538,34.01160391513258,8.141055004671216,43.06619393173605,23.22006912394194,480,640,640,640,5.776022095233202,0.191753963008523,1.097833039239049,0.7649429608136415,0.02009700983762741,0.0865269685164094,0.004610046744346619,0.17924595158547163,False
yolo26l-seg.pt,3,MOTS20-05,175,30,30,14.443110907450318,1.6067450633272529,31.21961490251124,4.642005078494549,37.46836504433304,26.689181628736332,480,640,640,640,3.430919023230672,0.11508504394441843,0.4915120080113411,0.3449439536780119,0.018128077499568462,0.0886089401319623,0.004908069968223572,0.11827494017779827,False
yolo26l-seg.pt,3,MOTS20-05,210,51,51,24.722521076910198,0.8479880634695292,34.4043179647997,6.450188928283751,41.70249495655298,23.9793806351834,480,640,640,640,4.640302038751543,0.15457102563232183,0.7942670490592718,0.5434349877759814,0.019056955352425575,0.08528400212526321,0.004942994564771652,0.17737504094839096,False
yolo26l-seg.pt,3,MOTS20-05,245,60,60,28.998511959798634,0.8763149380683899,32.23236196208745,6.872265017591417,39.98094191774726,25.011916979277245,480,640,640,640,4.906156100332737,0.16209704335778952,0.9148570243269205,0.618209014646709,0.018524006009101868,0.08365896064788103,0.0046959612518548965,0.14370004646480083,False
yolo26l-seg.pt,3,MOTS20-05,280,72,72,34.44318496622145,0.8566989563405514,32.168309087865055,8.00209294538945,41.027100989595056,24.37413260697146,480,640,640,640,5.714865983463824,0.18683995585888624,1.0848779929801822,0.7259700214490294,0.01791201066225767,0.08162797894328833,0.004569999873638153,0.16468600369989872,False
yolo26l-seg.pt,3,MOTS20-05,314,73,73,35.44182004407048,0.8402779931202531,32.19099098350853,7.76509998831898,40.79636896494776,24.511985389170295,480,640,640,640,5.441381013952196,0.1875550951808691,1.0942249791696668,0.7432380225509405,0.018293969333171844,0.08419703226536512,0.004751957021653652,0.17000501975417137,False
yolo26l-seg.pt,3,MOTS20-05,349,52,52,24.910773034207523,0.9012749651446939,32.21588104497641,6.2489439733326435,39.36609998345375,25.402567194116696,480,640,640,640,4.445784026756883,0.14029897283762693,0.7970220176503062,0.6044149631634355,0.01849199179559946,0.08224707562476397,0.004708999767899513,0.13532594311982393,False
yolo26l-seg.pt,3,MOTS20-05,384,71,71,33.839230076409876,0.8537459652870893,33.03140797652304,7.9851680202409625,41.870321962051094,23.883265118103076,480,640,640,640,5.666505079716444,0.21413702052086592,1.0766859631985426,0.6904620677232742,0.019197002984583378,0.08192600216716528,0.004581990651786327,0.2020669635385275,False
yolo26l-seg.pt,3,MOTS20-05,419,50,50,24.233968928456306,0.8574241073802114,32.15350199025124,6.183310993947089,39.19423709157854,25.51395496392669,480,640,640,640,4.408906912431121,0.14098803512752056,0.773017993196845,0.5347479600459337,0.01863599754869938,0.09730609599500895,0.004650908522307873,0.15913508832454681,False
yolo26l-seg.pt,3,MOTS20-05,454,49,49,23.78211496397853,0.8995570242404938,33.09057804290205,6.193852983415127,40.18398805055767,24.88553397790795,480,640,640,640,4.477581009268761,0.14278292655944824,0.7603070698678493,0.5580319557338953,0.018857070244848728,0.08135696407407522,0.004636938683688641,0.13010308612138033,False
yolo26l-seg.pt,3,MOTS20-05,489,47,47,23.399515077471733,0.8386659901589155,31.811614986509085,6.096419063396752,38.74670004006475,25.80864948411046,480,640,640,640,4.42807306535542,0.15053199604153633,0.7300849538296461,0.5244700005277991,0.018600025214254856,0.08311704732477665,0.00473798718303442,0.13382895849645138,False
yolo26l-seg.pt,3,MOTS20-05,524,32,32,24.14045191835612,1.788049004971981,39.20589201152325,5.760480999015272,46.7544220155105,21.388351238055215,480,640,640,640,4.287197021767497,0.1439159968867898,0.5330820567905903,0.44181698467582464,0.02237700391560793,0.12354599311947823,0.00793894287198782,0.14479306992143393,False
yolo26l-seg.pt,3,MOTS20-05,558,71,71,34.663403988815844,0.8968509500846267,33.974129939451814,7.833217037841678,42.70419792737812,23.416901581914253,480,640,640,640,5.550081026740372,0.1831629779189825,1.0635469807311893,0.7244730368256569,0.0183529919013381,0.0799690606072545,0.0054069096222519875,0.18744508270174265,False
yolo26l-seg.pt,3,MOTS20-05,593,52,52,26.09381207730621,0.9001309517771006,34.01458903681487,6.284595932811499,41.19931592140347,24.272247672939873,480,640,640,640,4.507876932621002,0.14885899145156145,0.7968290010467172,0.5707620875909925,0.018042977899312973,0.07927604019641876,0.005033914931118488,0.13736006803810596,False
yolo26l-seg.pt,3,MOTS20-05,628,39,39,19.344429951161146,0.8658471051603556,33.903703908436,5.6613890919834375,40.43094010557979,24.73353321462817,480,640,640,640,4.150821012444794,0.16372499521821737,0.6409940542653203,0.4626369336619973,0.018401071429252625,0.07786194328218699,0.005276990123093128,0.11707807425409555,False
yolo26l-seg.pt,3,MOTS20-05,663,70,70,33.82476500701159,0.8266790537163615,34.61986791808158,7.858343073166907,43.30489004496485,23.09208033923347,480,640,640,640,5.592564004473388,0.20235194824635983,1.0653460631147027,0.6740059470757842,0.016762991435825825,0.07356808055192232,0.0046869972720742226,0.19896193407475948,False
yolo26l-seg.pt,3,MOTS20-05,698,68,68,32.34768798574805,0.8468920132145286,32.124995021149516,7.4728489853441715,40.444736019708216,24.7250964751683,480,640,640,640,5.255191936157644,0.17730507533997297,1.0391899850219488,0.6806920282542706,0.016353907994925976,0.11327210813760757,0.008189002983272076,0.16008992679417133,False
yolo26l-seg.pt,3,MOTS20-05,732,71,71,34.36426701955497,0.8772070286795497,31.867110985331237,7.750952034257352,40.49527004826814,24.694242038837,480,640,640,640,5.508019006811082,0.18809607718139887,1.0722270235419273,0.680312979966402,0.018063001334667206,0.0799249392002821,0.004613073542714119,0.1786999637261033,False
yolo26l-seg.pt,3,MOTS20-05,767,73,73,34.801003988832235,0.9029069915413857,30.616877018474042,8.514484041370451,40.03426805138588,24.978600800605438,480,640,640,640,6.173416040837765,0.1927770208567381,1.0967929847538471,0.7310779765248299,0.018802005797624588,0.08103810250759125,0.004475004971027374,0.1772239338606596,False
yolo26l-seg.pt,3,MOTS20-05,802,45,45,21.670722984708846,0.8344709640368819,31.590571044944227,5.628154962323606,38.053196971304715,26.279000966832918,480,640,640,640,4.034069017507136,0.14110002666711807,0.7046579848974943,0.5020499229431152,0.017578015103936195,0.07840001489967108,0.0048300717025995255,0.12531597167253494,False
yolo26l-seg.pt,3,MOTS20-05,837,38,38,18.331879982724786,0.8837369969114661,33.58024300541729,5.247686058282852,39.711666060611606,25.181517150998094,480,640,640,640,3.8056239718571305,0.13769709039479494,0.6139719625934958,0.42575900442898273,0.04416494630277157,0.08680799510329962,0.006357091479003429,0.10675296653062105,False
yolo26l-seg.pt,3,MOTS20-09,1,67,67,217.92116202414036,1.9641139078885317,30.400690040551126,34.39707204233855,66.76187599077821,14.978608452197024,1080,1920,640,640,23.27975002117455,0.7458209292963147,6.343170069158077,3.6936720134690404,0.025938963517546654,0.09703997056931257,0.004727975465357304,0.18432899378240108,False
yolo26l-seg.pt,3,MOTS20-09,23,51,51,166.49627895094454,1.8857999239116907,29.061433975584805,25.93291108496487,56.88014498446137,17.580827198544977,1080,1920,640,640,17.417736002244055,0.5465690046548843,4.8351900186389685,2.85092496778816,0.02282101195305586,0.0913150142878294,0.004714936949312687,0.14285300858318806,False
yolo26l-seg.pt,3,MOTS20-09,45,64,64,207.32345595024526,1.8190719420090318,30.246798996813595,32.57776808459312,64.64363902341574,15.469426150928351,1080,1920,640,640,22.012777044437826,0.7002600468695164,6.057608989067376,3.4664799459278584,0.03486697096377611,0.10824110358953476,0.0055729178711771965,0.1718450803309679,False
yolo26l-seg.pt,3,MOTS20-09,66,54,54,175.8463210426271,1.8282349919900298,30.141272000037134,27.479015989229083,59.44852298125625,16.821275783677482,1080,1920,640,640,18.425307935103774,0.6003519520163536,5.121688009239733,3.008814062923193,0.03398791886866093,0.10221009142696857,0.005380949005484581,0.15947700012475252,False
yolo26l-seg.pt,3,MOTS20-09,88,46,46,151.82718797586858,1.8504990730434656,30.05036001559347,24.135896936058998,56.03675602469593,17.84542987390795,1080,1920,640,640,16.140562016516924,0.5402900278568268,4.385511972941458,2.6763180503621697,0.02536794636398554,0.1217980170622468,0.0064050545915961266,0.21053396631032228,False
yolo26l-seg.pt,3,MOTS20-09,110,55,55,180.4226019885391,1.8889959901571274,29.929911950603127,27.962045976892114,59.78095391765237,16.727735749708668,1080,1920,640,640,18.765800050459802,0.6068600341677666,5.207818932831287,3.0665870290249586,0.022199004888534546,0.1075259642675519,0.00487698707729578,0.15903008170425892,False
yolo26l-seg.pt,3,MOTS20-09,132,73,73,236.4052350167185,1.8361139809712768,30.087696039117873,37.1742689749226,69.09807899501175,14.472182360846688,1080,1920,640,640,25.090006995014846,0.7987419376149774,6.900207023136318,3.999446053057909,0.02329493872821331,0.10410498362034559,0.004986068233847618,0.2221899339929223,False
yolo26l-seg.pt,3,MOTS20-09,154,56,56,181.05458898935467,1.8074349500238895,41.87782504595816,30.074332957156003,73.75959295313805,13.557558548829487,1080,1920,640,640,20.693946979008615,0.6371790077537298,5.316047929227352,3.117030020803213,0.02363603562116623,0.10193104390054941,0.004645902663469315,0.15942903701215982,False
yolo26l-seg.pt,3,MOTS20-09,176,73,73,236.3512059673667,1.8074599793180823,42.1968309674412,39.02574104722589,83.03003199398518,12.043834935200815,1080,1920,640,640,26.89427195582539,0.8186110062524676,6.904178997501731,4.049803013913333,0.02486200537532568,0.11439307127147913,0.005116919055581093,0.19298598635941744,False
yolo26l-seg.pt,3,MOTS20-09,198,54,54,175.43301300611347,1.8414300866425037,45.797516009770334,30.40405490901321,78.04300100542605,12.813448830990925,1080,1920,640,640,21.289370954036713,0.6379119586199522,5.12853404507041,3.020850010216236,0.02630299422889948,0.11271005496382713,0.004952889867126942,0.16169308219105005,False
yolo26l-seg.pt,3,MOTS20-09,219,65,65,217.1554770320654,2.107576932758093,49.38193305861205,37.445775931701064,88.9352859230712,11.244130938815415,1080,1920,640,640,26.551233953796327,0.7831879192963243,6.169222062453628,3.581253928132355,0.02629007212817669,0.10567100252956152,0.005034962669014931,0.19988196436315775,False
yolo26l-seg.pt,3,MOTS20-09,241,78,78,257.88957299664617,1.87159504275769,47.816145000979304,43.67750894743949,93.36524899117649,10.710623179449833,1080,1920,640,640,30.668907915242016,0.9072090033441782,7.361188996583223,4.359517013654113,0.026341993361711502,0.10982598178088665,0.005365931428968906,0.21678907796740532,False
yolo26l-seg.pt,3,MOTS20-09,263,85,85,280.1706671016291,1.840461976826191,47.82174900174141,48.1583810178563,97.8205919964239,10.222796443887374,1080,1920,640,640,34.05637200921774,0.9967599762603641,8.024101029150188,4.6892339596524835,0.024343025870621204,0.11200597509741783,0.005454057827591896,0.22369693033397198,False
yolo26l-seg.pt,3,MOTS20-09,285,71,71,232.06782096531242,1.8710490548983216,43.336929054930806,38.655211916193366,83.8631900260225,11.924182703874049,1080,1920,640,640,26.779103907756507,0.8177219424396753,6.714234012179077,3.9787970017641783,0.02659996971487999,0.1056160544976592,0.004924950189888477,0.20620808936655521,False
yolo26l-seg.pt,3,MOTS20-09,307,81,81,265.75400098226964,2.02621694188565,43.40059100650251,44.15211104787886,89.57891899626702,11.163340786035524,1080,1920,640,640,30.702307005412877,0.8906390285119414,7.64807197265327,4.510106053203344,0.027736998163163662,0.1170129980891943,0.005144975148141384,0.21842599380761385,False
yolo26l-seg.pt,3,MOTS20-09,328,96,96,312.9643480060622,1.83670106343925,43.291214969940484,51.44583806395531,96.57375409733504,10.354780233479554,1080,1920,640,640,35.64844001084566,1.050274004228413,9.048116975463927,5.265027051791549,0.025904038920998573,0.11899799574166536,0.005471985787153244,0.26098499074578285,False
yolo26l-seg.pt,3,MOTS20-09,350,69,69,226.36477602645755,1.9078230252489448,43.30381494946778,37.76981309056282,82.98145106527954,12.050885916821624,1080,1920,640,640,26.052536093629897,0.7799689192324877,6.539895082823932,4.017708939500153,0.026174006052315235,0.13498298358172178,0.00713602639734745,0.18984696362167597,False
yolo26l-seg.pt,3,MOTS20-09,372,62,62,206.05412195436656,1.8918199930340052,43.28963998705149,34.88699602894485,80.06845600903034,12.489312893547208,1080,1920,640,640,24.206570931710303,0.7776400307193398,5.913208005949855,3.6041559651494026,0.03850599750876427,0.13006897643208504,0.005817040801048279,0.17935095820575953,False
yolo26l-seg.pt,3,MOTS20-09,394,62,62,203.76658800523728,1.8509470392018557,48.39703196194023,35.71018495131284,85.95816395245492,11.633566307362251,1080,1920,640,640,25.19411698449403,0.7357669528573751,5.879011005163193,3.542012069374323,0.02629694063216448,0.11401402298361063,0.005575013346970081,0.1901410287246108,False
yolo26l-seg.pt,3,MOTS20-09,416,70,70,234.75951293949038,1.9102200167253613,49.23624498769641,40.60216702055186,91.74863202497363,10.899345068467111,1080,1920,640,640,28.548149042762816,0.8443190017715096,6.643956992775202,4.031032091006637,0.04434294532984495,0.19125803373754025,0.008479924872517586,0.2553811063989997,False
yolo26l-seg.pt,3,MOTS20-09,438,75,75,248.5938840545714,2.2292910143733025,47.15863603632897,42.529983911663294,91.91791096236557,10.879272489226123,1080,1920,640,640,29.75639794021845,0.9024878963828087,7.105796015821397,4.297828068956733,0.037365942262113094,0.17166405450552702,0.007813912816345692,0.22305711172521114,False
yolo26l-seg.pt,3,MOTS20-09,460,51,51,172.40168794523925,1.9057709723711014,45.16225296538323,29.42358097061515,76.49160490836948,13.073330088941342,1080,1920,640,640,20.534369978122413,0.6334560457617044,4.869056981988251,2.992343041114509,0.034965923987329006,0.15982799232006073,0.007393071427941322,0.1662729773670435,False
yolo26l-seg.pt,3,MOTS20-09,481,73,73,239.7825369844213,1.8789460882544518,45.23310193326324,40.491521009244025,87.60356903076172,11.415060037666423,1080,1920,640,640,28.14604702871293,0.8378020720556378,6.899929023347795,4.187142010778189,0.02901093102991581,0.11875201016664505,0.005295034497976303,0.23362901993095875,False
yolo26l-seg.pt,3,MOTS20-09,503,74,74,240.52239395678043,1.93399703130126,45.23614596109837,40.872045094147325,88.04218808654696,11.35819113238057,1080,1920,640,640,28.515630052424967,0.8507469901815057,6.995061994530261,4.1154270293191075,0.026531051844358444,0.11228991206735373,0.005486072041094303,0.2251319820061326,False
yolo26l-seg.pt,3,MOTS20-09,525,79,79,258.1384810619056,1.8457530532032251,44.56917196512222,43.07030898053199,89.48523399885744,11.175028050021842,1080,1920,640,640,29.947674949653447,0.8939660619944334,7.458339910954237,4.353357013314962,0.029009999707341194,0.1360380556434393,0.006909947842359543,0.22233498748391867,False
yolo26l-seg.pt,3,MOTS20-11,1,117,117,379.57399198785424,1.9042020430788398,44.473221991211176,66.18172093294561,112.55914496723562,8.88421816184803,1080,1920,640,640,46.814113040454686,1.4413170283660293,11.138011934235692,6.275419029407203,0.0297309597954154,0.11861405801028013,0.004951027221977711,0.30531699303537607,False
yolo26l-seg.pt,3,MOTS20-11,38,109,109,355.54369899909943,1.8415739759802818,44.52821705490351,58.999279979616404,105.36907101050019,9.490450949314608,1080,1920,640,640,41.08454298693687,1.218855963088572,10.260893031954765,5.979060893878341,0.02763606607913971,0.11157302651554346,0.004427973181009293,0.2848550211638212,False
yolo26l-seg.pt,3,MOTS20-11,76,103,103,341.4602590491995,1.8506610067561269,38.46380300819874,52.27344098966569,92.58790500462055,10.800546787942718,1080,1920,640,640,35.06323299370706,1.0882560163736343,9.716166998259723,5.895047914236784,0.028092064894735813,0.14321599155664444,0.005563022568821907,0.29788294341415167,False
yolo26l-seg.pt,3,MOTS20-11,113,82,82,268.6768969288096,1.879124902188778,36.83341108262539,42.241805931553245,80.95434191636741,12.352641950114096,1080,1920,640,640,28.493814985267818,0.9062179597094655,7.776696002110839,4.675938980653882,0.027577043510973454,0.11085195001214743,0.005444977432489395,0.2179240109398961,False
yolo26l-seg.pt,3,MOTS20-11,151,83,83,272.7869580266997,1.805000938475132,36.81011905428022,41.98762495070696,80.60274494346231,12.406525369594252,1080,1920,640,640,28.35445001255721,0.8759369375184178,7.8418750781565905,4.526078002527356,0.027608009986579418,0.10602199472486973,0.004561967216432095,0.22803503088653088,False
yolo26l-seg.pt,3,MOTS20-11,188,101,101,336.5546870045364,2.289236057549715,36.69988294132054,50.4649099893868,89.45402898825705,11.178926330207815,1080,1920,640,640,33.96327397786081,1.051987987011671,9.533702046610415,5.457810941152275,0.040399027056992054,0.1146090216934681,0.006211921572685242,0.27281499933451414,False
yolo26l-seg.pt,3,MOTS20-11,226,78,78,258.7010689312592,1.8468559719622135,36.73714096657932,40.30180105473846,78.88579799328,12.67655301002579,1080,1920,640,640,27.54471602384001,0.8282030466943979,7.361421943642199,4.184356075711548,0.02737890463322401,0.11032004840672016,0.005436013452708721,0.2175889676436782,False
yolo26l-seg.pt,3,MOTS20-11,263,94,94,310.1378090213984,1.8887961050495505,48.86965698096901,53.11643495224416,103.87488803826272,9.62696585176242,1080,1920,640,640,37.41771401837468,1.0952859884127975,8.863914059475064,5.3031409624964,0.02782105002552271,0.11677492875605822,0.005501089617609978,0.2598869614303112,False
yolo26l-seg.pt,3,MOTS20-11,301,74,74,242.3953260295093,1.8805579748004675,51.77978100255132,43.424881994724274,97.08522097207606,10.300228912159792,1080,1920,640,640,31.030932092107832,0.8847899734973907,7.002316997386515,4.141367971897125,0.02454302739351988,0.10995299089699984,0.005407026037573814,0.2029819879680872,False
yolo26l-seg.pt,3,MOTS20-11,338,106,106,349.39781099092215,1.862000091932714,54.47913892567158,61.97502708528191,118.3161661028862,8.451930390733022,1080,1920,640,640,44.65766705106944,1.2508479412645102,9.986359043978155,5.629113991744816,0.030605937354266644,0.11751404963433743,0.0057480065152049065,0.27393794152885675,False
yolo26l-seg.pt,3,MOTS20-11,376,132,132,447.7438230533153,1.8179540056735277,42.71430301014334,69.14721801877022,113.67947503458709,8.796662719420098,1080,1920,640,640,47.62024607043713,1.4148280024528503,12.403146945871413,7.198901032097638,0.028731999918818474,0.1128490548580885,0.00475090928375721,0.3347010351717472,False
yolo26l-seg.pt,3,MOTS20-11,413,77,77,278.8390109781176,1.9238010281696916,42.862635920755565,42.10367705672979,86.89011400565505,11.508789134917205,1080,1920,640,640,29.069031006656587,0.9135849541053176,7.304451079107821,4.407176980748773,0.02676097210496664,0.10718405246734619,0.005119014531373978,0.23604591842740774,False
yolo26l-seg.pt,3,MOTS20-11,450,102,102,344.3275250028819,1.9353969255462289,42.752465000376105,54.32467407081276,99.0125359967351,10.09973121012651,1080,1920,640,640,37.33147098682821,1.1123049771413207,9.621077915653586,5.786414025351405,0.028489972464740276,0.11476303916424513,0.006331014446914196,0.27851597405970097,False
yolo26l-seg.pt,3,MOTS20-11,488,92,92,309.17364498600364,1.922145951539278,39.61096901912242,48.40423900168389,89.93735397234559,11.118850575785066,1080,1920,640,640,32.169839018024504,1.0020430199801922,8.697696030139923,5.902610952034593,0.025382032617926598,0.1599220559000969,0.01078099012374878,0.4036239115521312,False
yolo26l-seg.pt,3,MOTS20-11,525,75,75,249.94672101456672,1.9519170746207237,39.10074499435723,39.21736893244088,80.27003100141883,12.45794959244907,1080,1920,640,640,26.790407951921225,0.8061040425673127,7.105574011802673,4.148770007304847,0.02598995342850685,0.10637205559760332,0.005267909727990627,0.20651309750974178,False
yolo26l-seg.pt,3,MOTS20-11,563,43,43,143.79198790993541,2.1473029628396034,39.02168304193765,23.845472955144942,65.0144589599222,15.381193906673046,1080,1920,640,640,16.434527933597565,0.5150489741936326,4.125257954001427,2.4617480812594295,0.025843968614935875,0.09941798634827137,0.004686065949499607,0.14840089716017246,False
yolo26l-seg.pt,3,MOTS20-11,600,76,76,254.28959995042533,1.9157020142301917,39.07830792013556,39.82387005817145,80.8178799925372,12.373499528722368,1080,1920,640,640,26.924772071652114,0.8545690216124058,7.199040963314474,4.293350037187338,0.025246059522032738,0.14929089229553938,0.01054699532687664,0.33161300234496593,False
yolo26l-seg.pt,3,MOTS20-11,638,77,76,253.64293390884995,1.958506996743381,39.02135801035911,42.13849094230682,83.1183559494093,12.031036809831255,1080,1920,640,640,29.401488951407373,0.862846034578979,7.189108990132809,4.280837951228023,0.03883300814777613,0.11765200179070234,0.005036010406911373,0.21392398048192263,False
yolo26l-seg.pt,3,MOTS20-11,675,52,52,170.9493970265612,1.8073199316859245,43.98886603303254,29.580940026789904,75.37712599150836,13.26662414951527,1080,1920,640,640,20.607889047823846,0.6169159896671772,4.947244073264301,2.9487829888239503,0.02675794530659914,0.1270360080525279,0.006424961611628532,0.2529420889914036,False
yolo26l-seg.pt,3,MOTS20-11,713,57,57,188.5423690546304,1.871783984825015,44.448619009926915,31.96889499668032,78.28929799143225,12.773137908446147,1080,1920,640,640,22.312370012514293,0.6914190016686916,5.431122030131519,3.1599029898643494,0.027289963327348232,0.11081504635512829,0.0061820028349757195,0.19668089225888252,False
yolo26l-seg.pt,3,MOTS20-11,750,145,145,480.35214305855334,1.8496200209483504,48.63327101338655,80.54499700665474,131.02788804098964,7.631963049630843,1080,1920,640,640,56.40012491494417,1.6613659681752324,13.650506967678666,8.21870903018862,0.03752601332962513,0.14066696166992188,0.004983972758054733,0.38958305958658457,False
yolo26l-seg.pt,3,MOTS20-11,788,95,95,311.10982899554074,1.9354610703885555,35.24226101581007,48.25733101461083,85.43505310080945,11.704797547442801,1080,1920,640,640,32.39717299584299,1.0278300615027547,8.975000935606658,5.332600092515349,0.03890192601829767,0.1645640004426241,0.006066984497010708,0.27886906173080206,False
yolo26l-seg.pt,3,MOTS20-11,825,62,62,201.9469590159133,1.8448790069669485,35.13770492281765,31.587256002239883,68.56983993202448,14.5836712028398,1080,1920,640,640,21.291161072440445,0.6666500121355057,5.873164045624435,3.4231949830427766,0.024974928237497807,0.09755499195307493,0.00479002483189106,0.18308102153241634,False
yolo26l-seg.pt,3,MOTS20-11,863,125,125,406.6379629075527,1.904002041555941,35.22783296648413,62.17215408105403,99.3039890890941,10.070088917604453,1080,1920,640,640,41.922223987057805,1.2737959623336792,11.762256035581231,6.700680940411985,0.03023305907845497,0.11328398250043392,0.005360925570130348,0.3320100950077176,False
yolo26l-seg.pt,3,MOTS20-11,900,124,124,404.12491001188755,1.8608520040288568,34.32732506189495,62.089166953228414,98.27734401915222,10.175285158348608,1080,1920,640,640,42.2893789364025,1.2829770566895604,11.657079914584756,6.40079309232533,0.023102969862520695,0.11461402755230665,0.006580958142876625,0.29291294049471617,False
yolo11l-seg.pt,3,MOTS20-02,1,144,144,479.0150369517505,1.8867070320993662,29.310071957297623,94.79853801894933,125.99531700834632,7.936802920490742,1080,1920,640,640,48.97192004136741,1.482162973843515,13.540104031562805,30.224496964365244,0.028823036700487137,0.11684594210237265,0.004915054887533188,0.395621987991035,False
yolo11l-seg.pt,3,MOTS20-02,26,144,144,472.6929849712178,1.8644749652594328,29.577721026726067,95.26637895032763,126.70857494231313,7.892125694376028,1080,1920,640,640,48.66047797258943,1.4778770273551345,13.534929952584207,30.992223997600377,0.03036297857761383,0.1347530633211136,0.0055229756981134415,0.39785902481526136,False
yolo11l-seg.pt,3,MOTS20-02,51,127,127,416.98295599780977,1.8357089720666409,29.753458919003606,64.20077010989189,95.78993800096214,10.439509836512848,1080,1920,640,640,43.156083091162145,1.3150459853932261,11.949067935347557,7.008319022133946,0.02455397043377161,0.12892100494354963,0.006037065759301186,0.5684189964085817,False
yolo11l-seg.pt,3,MOTS20-02,76,139,139,454.7898470191285,1.870253006927669,30.725567019544542,91.76664601545781,124.36246604193002,8.041011342303555,1080,1920,640,640,46.77418700885028,1.4436140190809965,13.071937020868063,29.93173699360341,0.03286392893642187,0.12848107144236565,0.005277921445667744,0.35167508758604527,False
yolo11l-seg.pt,3,MOTS20-02,101,135,135,444.62107098661363,1.8729850417003036,29.70892796292901,88.49134598858654,120.07325899321586,8.328249007187354,1080,1920,640,640,45.32445804215968,1.3740159338340163,12.692708056420088,28.592040995135903,0.02832501195371151,0.11476397048681974,0.005163019523024559,0.3366109449416399,False
yolo11l-seg.pt,3,MOTS20-02,126,125,125,411.53931408189237,1.9234279170632362,30.43449902907014,61.68959604110569,94.04752298723906,10.632922252887894,1080,1920,640,640,41.53621499426663,1.2785890139639378,11.759885936044157,6.58854900393635,0.023822998628020287,0.10215502697974443,0.004649045877158642,0.3629149869084358,False
yolo11l-seg.pt,3,MOTS20-02,151,128,128,429.17201900854707,1.9714919617399573,43.16618503071368,69.23132797237486,114.36900496482849,8.7436277014697,1080,1920,640,640,48.28595800790936,1.428358955308795,12.041087029501796,6.862535024993122,0.039328006096184254,0.14774594455957413,0.006047077476978302,0.3693959442898631,False
yolo11l-seg.pt,3,MOTS20-02,176,120,120,354.8044600756839,1.9069639965891838,34.88855401519686,59.75580704398453,96.55132505577058,10.357185667026048,1080,1920,640,640,40.39531899616122,1.2677699560299516,11.295852018520236,6.246809032745659,0.028932932764291763,0.11183100286871195,0.004956964403390884,0.3696810454130173,False
yolo11l-seg.pt,3,MOTS20-02,201,121,121,358.80680300761014,1.8625210504978895,33.19531702436507,61.15562794730067,96.21346602216363,10.393555510926516,1080,1920,640,640,41.2952050101012,1.2732710456475616,11.41150901094079,6.5797040006145835,0.03901601303368807,0.1738379942253232,0.005198991857469082,0.3455339465290308,False
yolo11l-seg.pt,3,MOTS20-02,226,114,114,401.18984901346266,1.9292430952191353,32.359665958210826,60.70182495750487,94.99073401093483,10.527342592014136,1080,1920,640,640,41.256612981669605,1.4224379556253552,10.934317950159311,6.323822075501084,0.0283409608528018,0.14603498857468367,0.007273978553712368,0.502687063999474,False
yolo11l-seg.pt,3,MOTS20-02,251,130,130,447.82734103500843,1.9777689594775438,32.556697027757764,86.29835199099034,120.83281797822565,8.275897365732233,1080,1920,640,640,43.155336985364556,1.3377810828387737,12.302318005822599,28.674413915723562,0.030599068850278854,0.1506010303273797,0.007920898497104645,0.5840359954163432,False
yolo11l-seg.pt,3,MOTS20-02,276,135,135,460.4158129077405,1.9323509186506271,31.67514002416283,91.53828304260969,125.14577398542315,7.9906813322875685,1080,1920,640,640,46.060916036367416,1.426836010068655,12.750496971420944,30.747018987312913,0.029468093998730183,0.1263509038835764,0.005263020284473896,0.3593279980123043,False
yolo11l-seg.pt,3,MOTS20-02,300,136,136,478.9846519706771,2.080462989397347,29.91516306065023,92.30928693432361,124.30491298437119,8.044734322976677,1080,1920,640,640,46.91236303187907,1.480255974456668,12.826200923882425,30.26715700980276,0.028496026061475277,0.13911898713558912,0.006500049494206905,0.5968459881842136,False
yolo11l-seg.pt,3,MOTS20-02,325,135,135,457.0684899808839,1.962505979463458,30.349361011758447,89.9124409770593,122.22430796828121,8.1816785598779,1080,1920,640,640,45.68369104526937,1.4261219184845686,12.712103081867099,29.496186994947493,0.03489293158054352,0.1401000190526247,0.006812042556703091,0.3791250055655837,False
yolo11l-seg.pt,3,MOTS20-02,350,154,154,513.7043870054185,1.9764689495787024,29.259733040817082,106.39364900998771,137.6298510003835,7.265865600604433,1080,1920,640,640,53.015023935586214,1.5886039473116398,14.463667990639806,36.21220006607473,0.04154699854552746,0.19663595594465733,0.03692600876092911,0.7610459579154849,False
yolo11l-seg.pt,3,MOTS20-02,375,133,133,441.61496101878583,1.9908479880541563,29.117802972905338,90.49813193269074,121.60678289365023,8.223225515919932,1080,1920,640,640,46.73398204613477,1.4093940844759345,12.512274901382625,29.231815016828477,0.040646991692483425,0.14073506463319063,0.007236027158796787,0.39103091694414616,False
yolo11l-seg.pt,3,MOTS20-02,400,118,118,351.387373986654,1.936196000315249,28.351297019980848,60.56573998648673,90.85323300678283,11.006762961592605,1080,1920,640,640,41.11762996762991,1.250467961654067,11.100679053924978,6.481420015916228,0.029835966415703297,0.133765977807343,0.007736030966043472,0.4052210133522749,False
yolo11l-seg.pt,3,MOTS20-02,425,140,140,460.7031149789691,1.9525140523910522,30.593785922974348,94.71488511189818,127.26118508726358,7.857855475055457,1080,1920,640,640,48.48430503625423,1.5024279709905386,13.178653083741665,30.895891948603094,0.03678002394735813,0.15951204113662243,0.00787700992077589,0.4071759758517146,False
yolo11l-seg.pt,3,MOTS20-02,450,120,120,361.34777206461877,1.9445871002972126,30.801081913523376,60.19600899890065,92.94167801272124,10.759435609319715,1080,1920,640,640,40.42506904806942,1.2623150832951069,11.301920982077718,6.6329879919067025,0.030588009394705296,0.12643099762499332,0.006573973223567009,0.36974193062633276,False
yolo11l-seg.pt,3,MOTS20-02,475,141,141,476.11107397824526,2.089555957354605,30.717026093043387,94.86655599903315,127.67313804943115,7.83250114532965,1080,1920,640,640,47.50267893541604,1.4413469471037388,13.266145018860698,31.743054976686835,0.0355130759999156,0.1691640354692936,0.009594950824975967,0.6481159944087267,False
yolo11l-seg.pt,3,MOTS20-02,500,105,105,358.81029604934156,2.257642103359103,29.321144917048514,55.00362499151379,86.5824120119214,11.549689789911506,1080,1920,640,640,36.881109001114964,1.1299509787932038,9.90855903364718,6.349114002659917,0.02730789128690958,0.15255308244377375,0.011203926987946033,0.496896100230515,False
yolo11l-seg.pt,3,MOTS20-02,525,98,98,325.292433029972,1.992356963455677,30.414931010454893,50.50918506458402,82.91647303849459,12.060329670990017,1080,1920,640,640,33.95155200269073,1.0739350691437721,9.284249972552061,5.500126979313791,0.030494993552565575,0.15502504538744688,0.009507988579571247,0.4495949251577258,False
yolo11l-seg.pt,3,MOTS20-02,550,115,115,375.31120399944484,1.9012729171663523,29.654998099431396,58.530872920528054,90.0871439371258,11.100363007377906,1080,1920,640,640,39.65782793238759,1.2151619885116816,10.832533007487655,6.3118800753727555,0.02876599319279194,0.11703697964549065,0.007027992978692055,0.3336779773235321,False
yolo11l-seg.pt,3,MOTS20-02,575,107,107,353.155252058059,1.925296033732593,44.398380909115076,59.09085809253156,105.41453503537923,9.486357831625211,1080,1920,640,640,41.45529307425022,1.212173025123775,10.066337999887764,5.862873047590256,0.04464795347303152,0.12341898400336504,0.00654999166727066,0.29351108241826296,False
yolo11l-seg.pt,3,MOTS20-02,600,101,101,360.07475294172764,1.9313310040161014,38.238037028349936,52.74345201905817,92.9128200514242,10.762777401940149,1080,1920,640,640,36.203338066115975,1.072840066626668,9.524344000965357,5.405041971243918,0.032442971132695675,0.1360450405627489,0.007038004696369171,0.3245279658585787,False
yolo11l-seg.pt,3,MOTS20-05,1,33,33,18.592165899462998,1.0662829736247659,36.390276974998415,6.2192140612751245,43.675774009898305,22.895988054461693,480,640,640,640,4.660718026570976,0.1367590157315135,0.5535728996619582,0.4855700535699725,0.02400903031229973,0.10591500904411077,0.00863091554492712,0.19453302957117558,False
yolo11l-seg.pt,3,MOTS20-05,36,69,69,39.02846609707922,1.1343079386278987,36.408753017894924,8.541475981473923,46.084536937996745,21.699252427021765,480,640,640,640,6.197142996825278,0.19302405416965485,1.0445138905197382,0.7148931035771966,0.023262924514710903,0.09265902917832136,0.005217967554926872,0.20796607714146376,False
yolo11l-seg.pt,3,MOTS20-05,71,69,69,38.68655697442591,1.0590238962322474,36.41340206377208,9.64936800301075,47.12179396301508,21.221602912335623,480,640,640,640,7.137035019695759,0.21647196263074875,1.0653809877112508,0.7656579837203026,0.02814305480569601,0.12283201795071363,0.00886793714016676,0.2557520056143403,False
yolo11l-seg.pt,3,MOTS20-05,106,76,76,46.04418599046767,1.0585269192233682,35.01444205176085,10.268450947478414,46.341419918462634,21.578967622474497,480,640,640,640,7.390426937490702,0.26208104100078344,1.1652319226413965,0.923563027754426,0.024185050278902054,0.11370796710252762,0.006441026926040649,0.3370349295437336,False
yolo11l-seg.pt,3,MOTS20-05,140,74,74,51.80143297184259,1.1368179693818092,38.00813702400774,9.684951975941658,48.829906969331205,20.479252615166235,480,640,640,640,6.913264049217105,0.26080000679939985,1.1491309851408005,0.8575000101700425,0.025016022846102715,0.12371595948934555,0.010384013876318932,0.2966090105473995,False
yolo11l-seg.pt,3,MOTS20-05,175,29,29,14.230426982976496,1.760140061378479,35.00290494412184,5.15143305528909,41.914478060789406,23.858104556370236,480,640,640,640,3.914155997335911,0.11290202382951975,0.49008603673428297,0.378649914637208,0.022785039618611336,0.0920130405575037,0.006909947842359543,0.10927405674010515,False
yolo11l-seg.pt,3,MOTS20-05,210,44,44,21.425317972898483,0.906934030354023,35.170283052138984,6.338017992675304,42.41523507516831,23.576434227649553,480,640,640,640,4.6377499820664525,0.15096506103873253,0.696978997439146,0.5210699746385217,0.0216140178963542,0.13588194269686937,0.009665032848715782,0.13891898561269045,False
yolo11l-seg.pt,3,MOTS20-05,245,54,54,26.803963934071362,0.9050490334630013,34.30758696049452,7.567185093648732,42.77982108760625,23.37550682954376,480,640,640,640,5.448918091133237,0.17047906294465065,0.8414949988946319,0.5946049932390451,0.028413021937012672,0.18354994244873524,0.016813050024211407,0.24821795523166656,False
yolo11l-seg.pt,3,MOTS20-05,280,57,57,28.27520400751382,0.9712069295346737,33.889379003085196,7.474541082046926,42.335127014666796,23.621046410314417,480,640,640,640,5.47315611038357,0.16279099509119987,0.8747319225221872,0.6322230910882354,0.022028922103345394,0.09843497537076473,0.007110065780580044,0.1790629466995597,False
yolo11l-seg.pt,3,MOTS20-05,314,81,81,42.79440094251186,0.9070689557120204,33.76675001345575,10.746105923317373,45.41992489248514,22.016769124280366,480,640,640,640,7.8766189981251955,0.22611895110458136,1.2329360470175743,0.8385810069739819,0.04177098162472248,0.12169196270406246,0.008220085874199867,0.3550508990883827,False
yolo11l-seg.pt,3,MOTS20-05,349,75,75,36.59861395135522,0.9719270747154951,29.100402956828475,9.229443036019802,39.30177306756377,25.444144677159922,480,640,640,640,6.661980994977057,0.20469410810619593,1.1617589043453336,0.759500078856945,0.02598995342850685,0.1447830582037568,0.010422896593809128,0.2335479948669672,False
yolo11l-seg.pt,3,MOTS20-05,384,88,88,43.506297981366515,1.0547550627961755,30.132928979583085,10.742107988335192,41.92979203071445,23.849390888165605,480,640,640,640,7.681180024519563,0.2395340707153082,1.3287069741636515,0.9650749852880836,0.03273703623563051,0.12368801981210709,0.007019960321485996,0.30922703444957733,False
yolo11l-seg.pt,3,MOTS20-05,419,56,56,27.357532060705125,1.0712179355323315,30.24578106123954,7.5299059972167015,38.84690499398857,25.742076496306375,480,640,640,640,5.548098008148372,0.16868789680302143,0.8646560600027442,0.6213319720700383,0.022551976144313812,0.09621807839721441,0.0069820089265704155,0.17630599904805422,False
yolo11l-seg.pt,3,MOTS20-05,454,60,60,29.160641017369926,1.065553049556911,31.53169504366815,7.637494010850787,40.23474210407585,24.854142159362773,480,640,640,640,5.536610959097743,0.17995701637119055,0.9288659784942865,0.6271600723266602,0.02329493872821331,0.1000560587272048,0.006763963028788567,0.19953399896621704,False
yolo11l-seg.pt,3,MOTS20-05,489,47,47,23.568084929138422,0.9678159840404987,30.691308085806668,7.203835994005203,38.86296006385237,25.731441927145706,480,640,640,640,5.442360998131335,0.15961600001901388,0.7434239378198981,0.5215590354055166,0.02254103310406208,0.09844196029007435,0.006858957931399345,0.1743769971653819,False
yolo11l-seg.pt,3,MOTS20-05,524,48,48,23.7169029423967,1.8416129751130939,33.37028797250241,6.72626297455281,41.938163922168314,23.844629961766273,480,640,640,640,4.958671983331442,0.1547670690342784,0.7502639200538397,0.5470140604302287,0.021473970264196396,0.1077170018106699,0.006692018359899521,0.15437696129083633,False
yolo11l-seg.pt,3,MOTS20-05,558,60,60,29.81040603481233,0.8916649967432022,31.062189023941755,7.765630027279258,39.719484047964215,25.17656067214836,480,640,640,640,5.664056981913745,0.16483303625136614,0.9202850051224232,0.688683008775115,0.023065018467605114,0.09660294745117426,0.0066569773480296135,0.17687806393951178,False
yolo11l-seg.pt,3,MOTS20-05,593,73,73,35.87709693238139,0.8635279955342412,30.939253978431225,8.523243945091963,40.32602591905743,24.797881199779127,480,640,640,640,6.130789988674223,0.18891901709139347,1.1057190131396055,0.7490330608561635,0.023167929612100124,0.09809108451008797,0.006853952072560787,0.19621301908046007,False
yolo11l-seg.pt,3,MOTS20-05,628,42,42,20.51846799440682,0.988655025139451,31.067818985320628,6.0361570212990046,38.09263103175908,26.251796552626335,480,640,640,640,4.453536006622016,0.1571140019223094,0.6595029262825847,0.492560095153749,0.022066989913582802,0.0931069953367114,0.006545917131006718,0.12727000284940004,False
yolo11l-seg.pt,3,MOTS20-05,663,86,86,41.72789095900953,0.8558910340070724,31.96285094600171,9.665230987593532,42.48397296760231,23.538288209593443,480,640,640,640,6.9524249993264675,0.21495099645107985,1.2905769981443882,0.8357679471373558,0.022222986444830894,0.10107201524078846,0.006691087037324905,0.21661492064595222,False
yolo11l-seg.pt,3,MOTS20-05,698,89,89,43.25646499637514,0.8635059930384159,30.1532190060243,9.697291068732738,40.714016067795455,24.56156617747651,480,640,640,640,6.937011028639972,0.22539799101650715,1.3327429769560695,0.8427059510722756,0.021092011593282223,0.10144698899239302,0.006746035069227219,0.20548095926642418,False
yolo11l-seg.pt,3,MOTS20-05,732,62,62,30.216871993616223,0.9065000340342522,29.30161403492093,8.015281986445189,38.22339605540037,26.1619872433788,480,640,640,640,5.843787919729948,0.17408898565918207,0.9595690062269568,0.6470950320363045,0.04379299934953451,0.11093693319708109,0.01799105666577816,0.19011995755136013,False
yolo11l-seg.pt,3,MOTS20-05,767,74,74,37.02608507592231,0.9837039979174733,30.93108197208494,9.07498796004802,40.98977393005043,24.396328745469848,480,640,640,640,6.545627024024725,0.22073904983699322,1.131113967858255,0.7607970619574189,0.036829966120421886,0.11512998025864363,0.008331960998475552,0.2273570280522108,False
yolo11l-seg.pt,3,MOTS20-05,802,59,59,29.505696962587535,0.9866809705272317,30.386350001208484,7.721052039414644,39.09408301115036,25.57931847934076,480,640,640,640,5.6480000494048,0.16241299454122782,0.9100070456042886,0.6720649544149637,0.021943007595837116,0.09897002018988132,0.006544985808432102,0.17616595141589642,False
yolo11l-seg.pt,3,MOTS20-05,837,73,73,35.725041991099715,0.8870350429788232,30.91006400063634,8.814244996756315,40.61134404037148,24.62366177799746,480,640,640,640,6.390490918420255,0.20209408830851316,1.1096809757873416,0.7559149526059628,0.022361986339092255,0.09975105058401823,0.006678048521280289,0.2024179557338357,False
yolo11l-seg.pt,3,MOTS20-09,1,79,79,262.50851491931826,2.243045950308442,29.203491052612662,41.42924991901964,72.87578692194074,13.721978756416414,1080,1920,640,640,27.751831919886172,0.8671919349581003,7.4656360084190965,4.849647055380046,0.029995921067893505,0.14588108751922846,0.009730923920869827,0.28010003734380007,False
yolo11l-seg.pt,3,MOTS20-09,23,68,68,225.55720107629895,1.9348649075254798,29.217584989964962,35.4326160158962,66.58506591338664,15.018382670083897,1080,1920,640,640,23.858928005211055,0.748355989344418,6.447458988986909,3.9361389353871346,0.030472991056740284,0.1201750710606575,0.006632995791733265,0.24863192811608315,False
yolo11l-seg.pt,3,MOTS20-09,45,77,77,255.80942200031132,1.8960150191560388,29.230179963633418,39.919189061038196,71.04538404382765,14.075509809097568,1080,1920,640,640,26.954665081575513,0.8429520530626178,7.29325192514807,4.39207605086267,0.029686023481190205,0.12758595403283834,0.006955000571906567,0.24329801090061665,False
yolo11l-seg.pt,3,MOTS20-09,66,69,69,229.12816295865923,1.9717300310730934,28.340957942418754,35.57493002153933,65.88761799503118,15.17735851484893,1080,1920,640,640,23.984352010302246,0.7613900816068053,6.562780006788671,3.8412249414250255,0.03221805673092604,0.12690993025898933,0.006988062523305416,0.2322379732504487,False
yolo11l-seg.pt,3,MOTS20-09,88,72,72,237.49965499155223,1.9410880049690604,28.516358928754926,37.330663995817304,67.78811092954129,14.751849347732913,1080,1920,640,640,25.234507047571242,0.7972780149430037,6.821595947258174,4.0138320764526725,0.055487966164946556,0.1416750019416213,0.007775961421430111,0.2326990943402052,False
yolo11l-seg.pt,3,MOTS20-09,110,59,59,194.60201601032168,1.925518037751317,39.29248999338597,31.887058983556926,73.10506701469421,13.678942388480387,1080,1920,640,640,21.84257807675749,0.670964946039021,5.609633051790297,3.3979519503191113,0.029172981157898903,0.12228905688971281,0.006946036592125893,0.18266297411173582,False
yolo11l-seg.pt,3,MOTS20-09,132,64,64,212.25297497585416,1.9302760483697057,39.277112926356494,35.063924035057425,76.27131300978363,13.111089353761695,1080,1920,640,640,24.33320297859609,0.7364900084212422,6.066386005841196,3.531272988766432,0.03119697794318199,0.13523094821721315,0.007477006874978542,0.1974060432985425,False
yolo11l-seg.pt,3,MOTS20-09,154,71,71,234.25262095406651,1.8633130239322782,42.419231962412596,39.1848289873451,83.46737397368997,11.980729144722025,1080,1920,640,640,27.407679008319974,0.7953479653224349,6.74065703060478,3.8437789771705866,0.03126193769276142,0.12563809286803007,0.006043934263288975,0.20958902314305305,False
yolo11l-seg.pt,3,MOTS20-09,176,100,100,327.9065230162814,1.9058630568906665,43.87377295643091,55.873421020805836,101.65305703412741,9.837382457315332,1080,1920,640,640,39.090081001631916,1.1397670023143291,9.439301094971597,5.706109921447933,0.05080597475171089,0.12594403233379126,0.007190043106675148,0.28255500365048647,False
yolo11l-seg.pt,3,MOTS20-09,198,60,60,199.18030698318034,1.9531110301613808,49.35345100238919,35.78559693414718,87.09215896669775,11.482089913311018,1080,1920,640,640,25.528188911266625,0.7335729897022247,5.703250062651932,3.4305689623579383,0.02862699329853058,0.11359003838151693,0.006224028766155243,0.20751799456775188,False
yolo11l-seg.pt,3,MOTS20-09,219,69,68,223.880285047926,1.9461120245978236,52.25511104799807,42.797456961125135,96.99868003372103,10.30941864005114,1080,1920,640,640,31.396145932376385,0.8557669352740049,6.467713043093681,3.6662250058725476,0.030211987905204296,0.1422589411959052,0.00887399073690176,0.20092003978788853,False
yolo11l-seg.pt,3,MOTS20-09,241,77,77,253.6175010027364,1.8797559896484017,50.0873300479725,45.28023593593389,97.24732197355479,10.28305951984917,1080,1920,640,640,32.330583897419274,0.9229779243469238,7.292235037311912,4.281089990399778,0.032800016924738884,0.12752099428325891,0.007095979526638985,0.25219505187124014,False
yolo11l-seg.pt,3,MOTS20-09,263,76,76,250.43350807391107,1.903650932945311,50.1380090136081,44.58231304306537,96.62397298961878,10.349398488379684,1080,1920,640,640,31.90706903114915,0.9199969936162233,7.194724050350487,4.135105991736054,0.028101960197091103,0.11386896949261427,0.006590038537979126,0.2436729846522212,False
yolo11l-seg.pt,3,MOTS20-09,285,65,65,216.43103298265487,1.9629360176622868,45.612843008711934,37.275953916832805,84.85173294320703,11.78526313268487,1080,1920,640,640,26.33147791493684,0.7701079593971372,6.165286060422659,3.6129889776930213,0.02857798244804144,0.12398604303598404,0.006368034519255161,0.21118600852787495,False
yolo11l-seg.pt,3,MOTS20-09,307,96,96,321.04276097379625,1.9682759884744883,45.66098900977522,54.913889965973794,102.5431549642235,9.751991738004278,1080,1920,640,640,38.79292798228562,1.15206406917423,9.117721929214895,5.350920022465289,0.029638991691172123,0.14739506877958775,0.008650007657706738,0.2783419331535697,False
yolo11l-seg.pt,3,MOTS20-09,328,83,83,281.75709897186607,1.932690036483109,45.6004049628973,47.43684607092291,94.96994107030332,10.529647472980223,1080,1920,640,640,33.5646050516516,0.9603400249034166,7.849026937037706,4.608252085745335,0.0288989394903183,0.1197929959744215,0.006837071850895882,0.26390491984784603,False
yolo11l-seg.pt,3,MOTS20-09,350,71,71,235.23767793085426,1.9154000328853726,45.67758797202259,40.93935003038496,88.53233803529292,11.295307705545465,1080,1920,640,640,28.65641296375543,0.842066016048193,6.744516082108021,4.112931899726391,0.031078001484274864,0.1636110246181488,0.00991998240351677,0.33123407047241926,False
yolo11l-seg.pt,3,MOTS20-09,372,67,67,223.97238097619265,1.919638947583735,45.64089106861502,39.00556999724358,86.56610001344234,11.55186614442277,1080,1920,640,640,27.76092803105712,0.8140269201248884,6.356526981107891,3.6695291055366397,0.028001959435641766,0.11104298755526543,0.006763963028788567,0.22430508397519588,False
yolo11l-seg.pt,3,MOTS20-09,394,64,64,215.92214505653828,2.015356905758381,49.25218899734318,38.100892095826566,89.36843799892813,11.189632742736242,1080,1920,640,640,27.12814509868622,0.8151859510689974,6.095714052207768,3.6411690525710583,0.032172887586057186,0.13487401884049177,0.006619025953114033,0.21026504691690207,False
yolo11l-seg.pt,3,MOTS20-09,416,81,80,266.08592097181827,1.9722080323845148,48.42050594743341,49.37940195668489,99.77211593650281,10.022840456109222,1080,1920,640,640,35.931525053456426,0.9551250841468573,7.568948902189732,4.335308098234236,0.03828189801424742,0.1325980992987752,0.008179922588169575,0.36534108221530914,False
yolo11l-seg.pt,3,MOTS20-09,438,85,85,279.54612800385803,2.119398908689618,48.50821301806718,50.31595297623426,100.94356490299106,9.906525502254866,1080,1920,640,640,35.7143230503425,1.055522938258946,8.08041705749929,4.782045958563685,0.032498035579919815,0.19840896129608154,0.01617602538317442,0.3956099972128868,False
yolo11l-seg.pt,3,MOTS20-09,460,62,62,207.09879195783287,1.9591109594330192,47.03114100266248,36.42710507847369,85.41735704056919,11.707222450409553,1080,1920,640,640,25.85351699963212,0.7857700111344457,5.897548981010914,3.442624001763761,0.0299820676445961,0.15114294365048409,0.009042094461619854,0.2030369359999895,False
yolo11l-seg.pt,3,MOTS20-09,481,99,99,335.6540879467502,1.96866097394377,47.0406370004639,57.819628971628845,106.82892694603652,9.360760503614712,1080,1920,640,640,40.945658925920725,1.178460894152522,9.383236058056355,5.721437046304345,0.06707990542054176,0.18398102838546038,0.00827200710773468,0.2952780341729522,False
yolo11l-seg.pt,3,MOTS20-09,503,69,69,227.56216092966497,2.074257005006075,40.635299985297024,38.138095987960696,80.8476529782638,12.368942859341308,1080,1920,640,640,26.331068016588688,0.7839830359444022,6.574112921953201,3.9563190657645464,0.044711981900036335,0.1681699650362134,0.007700989954173565,0.2381230005994439,False
yolo11l-seg.pt,3,MOTS20-09,525,89,88,294.86000002361834,1.9767279736697674,39.918944938108325,49.16212800890207,91.05780092068017,10.982035475149386,1080,1920,640,640,34.4820290338248,0.9843979496508837,8.31231102347374,4.899387015029788,0.03421597648411989,0.14015007764101028,0.006827991455793381,0.2617589198052883,False
yolo11l-seg.pt,3,MOTS20-11,1,120,119,353.3803940517828,1.9624290289357305,39.33321300428361,64.45746205281466,105.753104086034,9.455987213259137,1080,1920,640,640,44.50516600627452,1.2873240048065782,11.22356008272618,6.846438976936042,0.035624951124191284,0.16842898912727833,0.0070229871198534966,0.3414720995351672,False
yolo11l-seg.pt,3,MOTS20-11,38,90,90,298.86214598082006,1.9186229910701513,33.835530979558825,46.032730024307966,81.78688399493694,12.226899365207574,1080,1920,640,640,31.184316030703485,0.9475400438532233,8.502006996423006,4.94847702793777,0.030659022741019726,0.12541189789772034,0.006424030289053917,0.2623769687488675,False
yolo11l-seg.pt,3,MOTS20-11,76,96,96,331.21412992477417,1.9414059352129698,33.77322806045413,49.14720798842609,84.86184198409319,11.783859230718132,1080,1920,640,640,33.04878098424524,1.0363630717620254,9.087636019103229,5.404451978392899,0.03547396045178175,0.14542497228831053,0.007290043868124485,0.33563701435923576,False
yolo11l-seg.pt,3,MOTS20-11,113,91,91,305.08220090996474,1.9461269257590175,33.80097902845591,47.2742160782218,83.02132203243673,12.045098482162166,1080,1920,640,640,32.28476003278047,0.9636349277570844,8.58926901128143,4.996898001991212,0.029052025638520718,0.11915003415197134,0.006577000021934509,0.25901198387145996,False
yolo11l-seg.pt,3,MOTS20-11,151,57,57,192.7678759675473,1.9271379569545388,33.93714700359851,29.783181962557137,65.64746692311019,15.232880214117833,1080,1920,640,640,20.066007040441036,0.6251629674807191,5.414196057245135,3.3134729601442814,0.029071001335978508,0.11996598914265633,0.0070410314947366714,0.18199800979346037,False
yolo11l-seg.pt,3,MOTS20-11,188,98,98,326.05491601862013,2.3206810001283884,42.553791077807546,55.567382951267064,100.441855029203,9.956008874081972,1080,1920,640,640,38.41457690577954,1.1465830029919744,9.298521094024181,5.927305901423097,0.029651098884642124,0.16904599033296108,0.01402897760272026,0.5147689953446388,False
yolo11l-seg.pt,3,MOTS20-11,226,68,68,227.8643649769947,2.07581405993551,38.422247976996005,36.1576450522989,76.65570708923042,13.045343105842838,1080,1920,640,640,24.799217004328966,0.7471080170944333,6.441822974011302,3.747279988601804,0.028147944249212742,0.12181105557829142,0.006900983862578869,0.21094398107379675,False
yolo11l-seg.pt,3,MOTS20-11,263,45,45,152.20305300317705,2.0186520414426923,38.38155698031187,24.959255009889603,65.35946403164417,15.300003064833032,1080,1920,640,640,17.182009993121028,0.5194699624553323,4.294976009987295,2.5962290819734335,0.02793991006910801,0.11662510223686695,0.007155002094805241,0.17698598094284534,False
yolo11l-seg.pt,3,MOTS20-11,301,87,86,283.09306292794645,1.9035849254578352,38.39116799645126,47.15000302530825,87.44475594721735,11.435791536814529,1080,1920,640,640,32.959231990389526,0.9602190693840384,8.123679901473224,4.604320041835308,0.030413968488574028,0.15992100816220045,0.010063988156616688,0.2688980894163251,False
yolo11l-seg.pt,3,MOTS20-11,338,109,109,360.18778709694743,1.904709031805396,38.2683880161494,56.43440200947225,96.60749905742705,10.351163312959414,1080,1920,640,640,38.4001019410789,1.162333064712584,10.275323991663754,5.9619080275297165,0.04332698881626129,0.19515794701874256,0.00915501732379198,0.35079196095466614,False
yolo11l-seg.pt,3,MOTS20-11,376,119,119,351.19147901423275,1.9523600349202752,35.618571913801134,59.789781109429896,97.3607130581513,10.271083361958567,1080,1920,640,640,40.428803069517016,1.240651006810367,11.205560993403196,6.300005945377052,0.046560075134038925,0.15635101590305567,0.007403898052871227,0.3596270689740777,False
yolo11l-seg.pt,3,MOTS20-11,413,64,64,209.72412906121463,1.8997440347447991,33.360037952661514,33.1526689697057,68.41245095711201,14.617222245507667,1080,1920,640,640,22.357936017215252,0.7005759980529547,6.090243929065764,3.6238080356270075,0.02935202792286873,0.1279639545828104,0.0072909751906991005,0.19025709480047226,False
yolo11l-seg.pt,3,MOTS20-11,450,91,91,298.83985908236355,1.9218620145693421,33.32613699603826,47.157651046290994,82.4056500568986,12.135090243321065,1080,1920,640,640,32.23224205430597,0.9573420975357294,8.588414988480508,4.934269934892654,0.02757797483354807,0.12984010390937328,0.007191905751824379,0.2545850584283471,False
yolo11l-seg.pt,3,MOTS20-11,488,87,87,283.7797859683633,1.9609970040619373,33.42963196337223,44.551779981702566,79.94240894913673,12.509005084350772,1080,1920,640,640,30.165240983478725,0.9343760320916772,8.230309002101421,4.73440601490438,0.031188013963401318,0.13545900583267212,0.007034977898001671,0.2766739344224334,False
yolo11l-seg.pt,3,MOTS20-11,525,65,65,213.04499392863363,1.9322489388287067,33.14651211258024,34.13213696330786,69.2108980147168,14.448591604567287,1080,1920,640,640,23.28744693659246,0.7204149151220918,6.1668920097872615,3.5434210440143943,0.03223400563001633,0.13137201312929392,0.0076749129220843315,0.2119180280715227,False
yolo11l-seg.pt,3,MOTS20-11,563,36,36,122.74977110791951,2.391116926446557,33.46759604755789,20.06289700511843,55.92160997912288,17.88217471516518,1080,1920,640,640,13.53810599539429,0.44466392137110233,3.462403081357479,2.2786419140174985,0.02899800892919302,0.142372096888721,0.0089230015873909,0.1332559622824192,False
yolo11l-seg.pt,3,MOTS20-11,600,65,65,219.14568403735757,2.0222230814397335,40.53542099427432,36.350819980725646,78.9084640564397,12.672911733331226,1080,1920,640,640,24.823125917464495,0.7329999934881926,6.1680449871346354,3.9947599871084094,0.02972607035189867,0.18210092093795538,0.012073083780705929,0.3663089592009783,False
yolo11l-seg.pt,3,MOTS20-11,638,47,47,157.0900740334764,1.9377759890630841,43.701425078324974,27.68559195101261,73.32479301840067,13.637951896421345,1080,1920,640,640,19.414932001382113,0.5870299646630883,4.491790081374347,2.8106779791414738,0.033261021599173546,0.14474894851446152,0.007873051799833775,0.16779790166765451,False
yolo11l-seg.pt,3,MOTS20-11,675,38,38,126.91686092875898,1.9244439899921417,44.305747956968844,22.90681900922209,69.13701095618308,14.464032884409328,1080,1920,640,640,16.184758045710623,0.4819529131054878,3.650902071967721,2.270277007482946,0.028633978217840195,0.1168189337477088,0.007090042345225811,0.14048500452190638,False
yolo11l-seg.pt,3,MOTS20-11,713,54,54,178.01232391502708,1.9568910356611013,44.92759902495891,31.25487396027893,78.13936402089894,12.797647031431467,1080,1920,640,640,22.015744005329907,0.6412070943042636,5.141461966559291,3.099218010902405,0.03025401383638382,0.1165859866887331,0.006923917680978775,0.17690809909254313,False
yolo11l-seg.pt,3,MOTS20-11,750,124,124,407.3572310153395,1.9034850411117077,45.00175197608769,68.73356702271849,115.63880403991789,8.647616241817975,1080,1920,640,640,48.486085957847536,1.3779110740870237,11.653561959974468,6.6762990318238735,0.03489700611680746,0.13327994383871555,0.006363028660416603,0.33814599737524986,False
yolo11l-seg.pt,3,MOTS20-11,788,110,110,358.6789050605148,1.9677240634337068,50.96799100283533,63.751099980436265,116.6868150467053,8.569948537885262,1080,1920,640,640,45.78975692857057,1.285815960727632,10.356381069868803,5.801013903692365,0.02923200372606516,0.14925503637641668,0.008897040970623493,0.3041470190510154,False
yolo11l-seg.pt,3,MOTS20-11,825,54,54,176.0435129981488,1.9694509683176875,40.28822807595134,29.96695798356086,72.22463702782989,13.845690904817923,1080,1920,640,640,20.63029201235622,0.6243219831958413,5.143632995896041,3.1929799588397145,0.028811045922338963,0.11614197865128517,0.006922055035829544,0.17061596736311913,False
yolo11l-seg.pt,3,MOTS20-11,863,116,116,376.13086705096066,1.916734967380762,39.55611295532435,60.7636560453102,102.23650396801531,9.781242131605458,1080,1920,640,640,41.660586022771895,1.2303239200264215,10.893187019973993,6.4547499641776085,0.03186508547514677,0.11784001253545284,0.006326008588075638,0.3324919380247593,False
yolo11l-seg.pt,3,MOTS20-11,900,105,105,348.54157990776,1.9584549590945244,35.53049801848829,54.387303069233894,91.8762560468167,10.884204940724155,1080,1920,640,640,36.771537037566304,1.113870064727962,9.899559896439314,6.087574060074985,0.029932940378785133,0.11950510088354349,0.007221009582281113,0.32103597186505795,False
